estado;titulo;sku_legacy;handle;ps_product_ids;ids_vivos;que_hace_falta;tamano;admin
ESPERA_CODIGO;Alabama State Silhouette Awards;PS6488;p-5806-alabama-state-silhouette-awards;CD900AL;CD900AL;la unión alcanzaría ids de otro producto (CD900*);;https://admin.shopify.com/store/trophy-partner/products?query=PS6488
ESPERA_CODIGO;Alaska State Silhouette Awards;PS6487;p-5805-alaska-state-silhouette-awards;CD900AK;CD900AK;la unión alcanzaría ids de otro producto (CD900*);;https://admin.shopify.com/store/trophy-partner/products?query=PS6487
ESPERA_CODIGO;Arizona State Silhouette Awards;PS6490;p-5808-arizona-state-silhouette-awards;CD900AZ;CD900AZ;la unión alcanzaría ids de otro producto (CD900*);;https://admin.shopify.com/store/trophy-partner/products?query=PS6490
ESPERA_CODIGO;Arkansas State Silhouette Awards;PS6489;p-5807-arkansas-state-silhouette-awards;CD900AR;CD900AR;la unión alcanzaría ids de otro producto (CD900*);;https://admin.shopify.com/store/trophy-partner/products?query=PS6489
ESPERA_CODIGO;Blue  Accent Clear Center Crystal;PS10044;p-8712-blue-accent-clear-center-crystal;GM809ABL GM809BBL GM809CBL;GM809ABL GM809BBL GM809CBL;la unión alcanzaría ids de otro producto (GM809A* GM809B* GM809C*);;https://admin.shopify.com/store/trophy-partner/products?query=PS10044
ESPERA_CODIGO;Blue Diamond Carve Lucite Octagon Plaque;PS10084;p-8715-blue-diamond-carve-lucite-octagon-plaque;C1407LB;C1407LB;la unión alcanzaría ids de otro producto (C1407L*);;https://admin.shopify.com/store/trophy-partner/products?query=PS10084
ESPERA_CODIGO;California State Silhouette Awards;PS6491;p-5809-california-state-silhouette-awards;CD900CA;CD900CA;la unión alcanzaría ids de otro producto (CD900*);;https://admin.shopify.com/store/trophy-partner/products?query=PS6491
ESPERA_CODIGO;Carved Clear Crystal on Black Base with Compass Medallion;PS6228;p-5546-carved-clear-crystal-on-black-base-with-compass-medallion;GI583M;GI583M;la unión alcanzaría ids de otro producto (GI583M);;https://admin.shopify.com/store/trophy-partner/products?query=PS6228
ESPERA_CODIGO;Choice of Digi Medium;PS8349;p-7912-choice-of-digi-medium;DCC3001CEB;DCC3001CEB;la unión alcanzaría ids de otro producto (DCC3001C*);;https://admin.shopify.com/store/trophy-partner/products?query=PS8349
ESPERA_CODIGO;Clear and Black Crescent Curved Glass Award Trophy;PS6999;p-6317-clear-and-black-crescent-curved-glass-award-trophy;GI586BK;GI586BK;la unión alcanzaría ids de otro producto (GI586*);;https://admin.shopify.com/store/trophy-partner/products?query=PS6999
ESPERA_CODIGO;Clear Star Power Sculptured Lucite Award;PS6292;p-5610-clear-star-power-sculptured-lucite-award;CA21AXC CA21BXC;CA21AXC CA21BXC;la unión alcanzaría ids de otro producto (CA21AX* CA21BX*);;https://admin.shopify.com/store/trophy-partner/products?query=PS6292
ESPERA_CODIGO;Clear Star Power Sculptured Lucite Large;PS6291;p-5609-clear-star-power-sculptured-lucite-large;CA21CXC;CA21CXC;la unión alcanzaría ids de otro producto (CA21CX*);;https://admin.shopify.com/store/trophy-partner/products?query=PS6291
ESPERA_CODIGO;Colorado State Silhouette Awards;PS6492;p-5810-colorado-state-silhouette-awards;CD900CO;CD900CO;la unión alcanzaría ids de otro producto (CD900*);;https://admin.shopify.com/store/trophy-partner/products?query=PS6492
ESPERA_CODIGO;Connecticut State Silhouette Awards;PS6493;p-5811-connecticut-state-silhouette-awards;CD900CT;CD900CT;la unión alcanzaría ids de otro producto (CD900*);;https://admin.shopify.com/store/trophy-partner/products?query=PS6493
ESPERA_CODIGO;Cork Beverage Holder;PS6299;p-5617-cork-beverage-holder;CM289CK;CM289CK;la unión alcanzaría ids de otro producto (CM289*);;https://admin.shopify.com/store/trophy-partner/products?query=PS6299
ESPERA_CODIGO;Cork Flask;PS6302;p-5620-cork-flask;CM286CK;CM286CK;la unión alcanzaría ids de otro producto (CM286*);;https://admin.shopify.com/store/trophy-partner/products?query=PS6302
ESPERA_CODIGO;Deco Clear Glass with Black Glass Accents;PS6363;p-5681-deco-clear-glass-with-black-glass-accents;GI602BK;GI602BK;la unión alcanzaría ids de otro producto (GI602*);;https://admin.shopify.com/store/trophy-partner/products?query=PS6363
ESPERA_CODIGO;Deco Clear Glass with Blue Glass Accents;PS10408;p-8750-deco-clear-glass-with-blue-glass-accents;GI602BL;GI602BL;la unión alcanzaría ids de otro producto (GI602*);;https://admin.shopify.com/store/trophy-partner/products?query=PS10408
ESPERA_CODIGO;Delaware State Silhouette Awards;PS6494;p-5812-delaware-state-silhouette-awards;CD900DE;CD900DE;la unión alcanzaría ids de otro producto (CD900*);;https://admin.shopify.com/store/trophy-partner/products?query=PS6494
ESPERA_CODIGO;Florida State Silhouette Awards;PS6495;p-5813-florida-state-silhouette-awards;CD900FL;CD900FL;la unión alcanzaría ids de otro producto (CD900*);;https://admin.shopify.com/store/trophy-partner/products?query=PS6495
ESPERA_CODIGO;Freestanding Lucite Block;PS6435;p-5753-freestanding-lucite-block;CD549B C0812A CD549C C0813A C0812B C0813B C0812C;C0813A C0813B;la unión alcanzaría ids de otro producto (C0813A C0813B);;https://admin.shopify.com/store/trophy-partner/products?query=PS6435
ESPERA_CODIGO;Frosted Acrylic AK State Cutout on Black Plaque;PS8630;p-7997-frosted-acrylic-ak-state-cutout-on-black-plaque;CD953AK;CD953AK;la unión alcanzaría ids de otro producto (CD953*);;https://admin.shopify.com/store/trophy-partner/products?query=PS8630
ESPERA_CODIGO;Frosted Acrylic AL State Cutout on Black Plaque;PS8631;p-7998-frosted-acrylic-al-state-cutout-on-black-plaque;CD953AL;CD953AL;la unión alcanzaría ids de otro producto (CD953*);;https://admin.shopify.com/store/trophy-partner/products?query=PS8631
ESPERA_CODIGO;Frosted Acrylic AR State Cutout on Black Plaque;PS8632;p-7999-frosted-acrylic-ar-state-cutout-on-black-plaque;CD953AR;CD953AR;la unión alcanzaría ids de otro producto (CD953*);;https://admin.shopify.com/store/trophy-partner/products?query=PS8632
ESPERA_CODIGO;Frosted Acrylic AZ State Cutout on Black Plaque;PS8633;p-8000-frosted-acrylic-az-state-cutout-on-black-plaque;CD953AZ;CD953AZ;la unión alcanzaría ids de otro producto (CD953*);;https://admin.shopify.com/store/trophy-partner/products?query=PS8633
ESPERA_CODIGO;Frosted Acrylic CO State Cutout on Black Plaque;PS8635;p-8002-frosted-acrylic-co-state-cutout-on-black-plaque;CD953CO;CD953CO;la unión alcanzaría ids de otro producto (CD953*);;https://admin.shopify.com/store/trophy-partner/products?query=PS8635
ESPERA_CODIGO;Frosted Acrylic CT State Cutout on Black Plaque;PS8636;p-8003-frosted-acrylic-ct-state-cutout-on-black-plaque;CD953CT;CD953CT;la unión alcanzaría ids de otro producto (CD953*);;https://admin.shopify.com/store/trophy-partner/products?query=PS8636
ESPERA_CODIGO;Frosted Acrylic GA State Cutout on Black Plaque;PS8640;p-8006-frosted-acrylic-ga-state-cutout-on-black-plaque;CD953GA;CD953GA;la unión alcanzaría ids de otro producto (CD953*);;https://admin.shopify.com/store/trophy-partner/products?query=PS8640
ESPERA_CODIGO;Frosted Acrylic IA State Cutout on Black Plaque;PS8642;p-8008-frosted-acrylic-ia-state-cutout-on-black-plaque;CD953IA;CD953IA;la unión alcanzaría ids de otro producto (CD953*);;https://admin.shopify.com/store/trophy-partner/products?query=PS8642
ESPERA_CODIGO;Frosted Acrylic IL State Cutout on Black Plaque;PS8644;p-8010-frosted-acrylic-il-state-cutout-on-black-plaque;CD953IL;CD953IL;la unión alcanzaría ids de otro producto (CD953*);;https://admin.shopify.com/store/trophy-partner/products?query=PS8644
ESPERA_CODIGO;Frosted Acrylic IN State Cutout on Black Plaque;PS8645;p-8011-frosted-acrylic-in-state-cutout-on-black-plaque;CD953IN;CD953IN;la unión alcanzaría ids de otro producto (CD953*);;https://admin.shopify.com/store/trophy-partner/products?query=PS8645
ESPERA_CODIGO;Frosted Acrylic KS State Cutout on Black Plaque;PS8646;p-8012-frosted-acrylic-ks-state-cutout-on-black-plaque;CD953KS;CD953KS;la unión alcanzaría ids de otro producto (CD953*);;https://admin.shopify.com/store/trophy-partner/products?query=PS8646
ESPERA_CODIGO;Frosted Acrylic KY State Cutout on Black Plaque;PS8647;p-8013-frosted-acrylic-ky-state-cutout-on-black-plaque;CD953KY;CD953KY;la unión alcanzaría ids de otro producto (CD953*);;https://admin.shopify.com/store/trophy-partner/products?query=PS8647
ESPERA_CODIGO;Frosted Acrylic LA State Cutout on Black Plaque;PS8648;p-8014-frosted-acrylic-la-state-cutout-on-black-plaque;CD953LA;CD953LA;la unión alcanzaría ids de otro producto (CD953*);;https://admin.shopify.com/store/trophy-partner/products?query=PS8648
ESPERA_CODIGO;Frosted Acrylic ME State Cutout on Black Plaque;PS8651;p-8017-frosted-acrylic-me-state-cutout-on-black-plaque;CD953ME;CD953ME;la unión alcanzaría ids de otro producto (CD953*);;https://admin.shopify.com/store/trophy-partner/products?query=PS8651
ESPERA_CODIGO;Frosted Acrylic MN State Cutout on Black Plaque;PS8653;p-8019-frosted-acrylic-mn-state-cutout-on-black-plaque;CD953MN;CD953MN;la unión alcanzaría ids de otro producto (CD953*);;https://admin.shopify.com/store/trophy-partner/products?query=PS8653
ESPERA_CODIGO;Frosted Acrylic MO State Cutout on Black Plaque;PS8654;p-8020-frosted-acrylic-mo-state-cutout-on-black-plaque;CD953MO;CD953MO;la unión alcanzaría ids de otro producto (CD953*);;https://admin.shopify.com/store/trophy-partner/products?query=PS8654
ESPERA_CODIGO;Frosted Acrylic MS State Cutout on Black Plaque;PS8655;p-8021-frosted-acrylic-ms-state-cutout-on-black-plaque;CD953MS;CD953MS;la unión alcanzaría ids de otro producto (CD953*);;https://admin.shopify.com/store/trophy-partner/products?query=PS8655
ESPERA_CODIGO;Frosted Acrylic MT State Cutout on Black Plaque;PS8656;p-8022-frosted-acrylic-mt-state-cutout-on-black-plaque;CD953MT;CD953MT;la unión alcanzaría ids de otro producto (CD953*);;https://admin.shopify.com/store/trophy-partner/products?query=PS8656
ESPERA_CODIGO;Frosted Acrylic ND State Cutout on Black Plaque;PS8658;p-8024-frosted-acrylic-nd-state-cutout-on-black-plaque;CD953ND;CD953ND;la unión alcanzaría ids de otro producto (CD953*);;https://admin.shopify.com/store/trophy-partner/products?query=PS8658
ESPERA_CODIGO;Frosted Acrylic NE State Cutout on Black Plaque;PS8659;p-8025-frosted-acrylic-ne-state-cutout-on-black-plaque;CD953NE;CD953NE;la unión alcanzaría ids de otro producto (CD953*);;https://admin.shopify.com/store/trophy-partner/products?query=PS8659
ESPERA_CODIGO;Frosted Acrylic NH State Cutout on Black Plaque;PS8660;p-8026-frosted-acrylic-nh-state-cutout-on-black-plaque;CD953NH;CD953NH;la unión alcanzaría ids de otro producto (CD953*);;https://admin.shopify.com/store/trophy-partner/products?query=PS8660
ESPERA_CODIGO;Frosted Acrylic NJ State Cutout on Black Plaque;PS8661;p-8027-frosted-acrylic-nj-state-cutout-on-black-plaque;CD953NJ;CD953NJ;la unión alcanzaría ids de otro producto (CD953*);;https://admin.shopify.com/store/trophy-partner/products?query=PS8661
ESPERA_CODIGO;Frosted Acrylic NM State Cutout on Black Plaque;PS8662;p-8028-frosted-acrylic-nm-state-cutout-on-black-plaque;CD953NM;CD953NM;la unión alcanzaría ids de otro producto (CD953*);;https://admin.shopify.com/store/trophy-partner/products?query=PS8662
ESPERA_CODIGO;Frosted Acrylic NV State Cutout on Black Plaque;PS8663;p-8029-frosted-acrylic-nv-state-cutout-on-black-plaque;CD953NV;CD953NV;la unión alcanzaría ids de otro producto (CD953*);;https://admin.shopify.com/store/trophy-partner/products?query=PS8663
ESPERA_CODIGO;Frosted Acrylic NY State Cutout on Black Plaque;PS8664;p-8030-frosted-acrylic-ny-state-cutout-on-black-plaque;CD953NY;CD953NY;la unión alcanzaría ids de otro producto (CD953*);;https://admin.shopify.com/store/trophy-partner/products?query=PS8664
ESPERA_CODIGO;Frosted Acrylic OH State Cutout on Black Plaque;PS8665;p-8031-frosted-acrylic-oh-state-cutout-on-black-plaque;CD953OH;CD953OH;la unión alcanzaría ids de otro producto (CD953*);;https://admin.shopify.com/store/trophy-partner/products?query=PS8665
ESPERA_CODIGO;Frosted Acrylic OK State Cutout on Black Plaque;PS8666;p-8032-frosted-acrylic-ok-state-cutout-on-black-plaque;CD953OK;CD953OK;la unión alcanzaría ids de otro producto (CD953*);;https://admin.shopify.com/store/trophy-partner/products?query=PS8666
ESPERA_CODIGO;Frosted Acrylic OR State Cutout on Black Plaque;PS8667;p-8033-frosted-acrylic-or-state-cutout-on-black-plaque;CD953OR;CD953OR;la unión alcanzaría ids de otro producto (CD953*);;https://admin.shopify.com/store/trophy-partner/products?query=PS8667
ESPERA_CODIGO;Frosted Acrylic PA State Cutout on Black Plaque;PS8668;p-8034-frosted-acrylic-pa-state-cutout-on-black-plaque;CD953PA;CD953PA;la unión alcanzaría ids de otro producto (CD953*);;https://admin.shopify.com/store/trophy-partner/products?query=PS8668
ESPERA_CODIGO;Frosted Acrylic RI State Cutout on Black Plaque;PS8669;p-8035-frosted-acrylic-ri-state-cutout-on-black-plaque;CD953RI;CD953RI;la unión alcanzaría ids de otro producto (CD953*);;https://admin.shopify.com/store/trophy-partner/products?query=PS8669
ESPERA_CODIGO;Frosted Acrylic SC State Cutout on Black Plaque;PS8670;p-8036-frosted-acrylic-sc-state-cutout-on-black-plaque;CD953SC;CD953SC;la unión alcanzaría ids de otro producto (CD953*);;https://admin.shopify.com/store/trophy-partner/products?query=PS8670
ESPERA_CODIGO;Frosted Acrylic SD State Cutout on Black Plaque;PS8671;p-8037-frosted-acrylic-sd-state-cutout-on-black-plaque;CD953SD;CD953SD;la unión alcanzaría ids de otro producto (CD953*);;https://admin.shopify.com/store/trophy-partner/products?query=PS8671
ESPERA_CODIGO;Frosted Acrylic TX State Cutout on Black Plaque;PS8673;p-8039-frosted-acrylic-tx-state-cutout-on-black-plaque;CD953TX;CD953TX;la unión alcanzaría ids de otro producto (CD953*);;https://admin.shopify.com/store/trophy-partner/products?query=PS8673
ESPERA_CODIGO;Frosted Acrylic UT State Cutout on Black Plaque;PS8674;p-8040-frosted-acrylic-ut-state-cutout-on-black-plaque;CD953UT;CD953UT;la unión alcanzaría ids de otro producto (CD953*);;https://admin.shopify.com/store/trophy-partner/products?query=PS8674
ESPERA_CODIGO;Frosted Acrylic VA State Cutout on Black Plaque;PS8675;p-8041-frosted-acrylic-va-state-cutout-on-black-plaque;CD953VA;CD953VA;la unión alcanzaría ids de otro producto (CD953*);;https://admin.shopify.com/store/trophy-partner/products?query=PS8675
ESPERA_CODIGO;Frosted Acrylic VT State Cutout on Black Plaque;PS8676;p-8042-frosted-acrylic-vt-state-cutout-on-black-plaque;CD953VT;CD953VT;la unión alcanzaría ids de otro producto (CD953*);;https://admin.shopify.com/store/trophy-partner/products?query=PS8676
ESPERA_CODIGO;Frosted Acrylic WA State Cutout on Black Plaque;PS8677;p-8043-frosted-acrylic-wa-state-cutout-on-black-plaque;CD953WA;CD953WA;la unión alcanzaría ids de otro producto (CD953*);;https://admin.shopify.com/store/trophy-partner/products?query=PS8677
ESPERA_CODIGO;Frosted Acrylic WI State Cutout on Black Plaque;PS8678;p-8044-frosted-acrylic-wi-state-cutout-on-black-plaque;CD953WI;CD953WI;la unión alcanzaría ids de otro producto (CD953*);;https://admin.shopify.com/store/trophy-partner/products?query=PS8678
ESPERA_CODIGO;Frosted Acrylic WV State Cutout on Black Plaque;PS8679;p-8045-frosted-acrylic-wv-state-cutout-on-black-plaque;CD953WV;CD953WV;la unión alcanzaría ids de otro producto (CD953*);;https://admin.shopify.com/store/trophy-partner/products?query=PS8679
ESPERA_CODIGO;Frosted Acrylic WY State Cutout on Black Plaque;PS8680;p-8046-frosted-acrylic-wy-state-cutout-on-black-plaque;CD953WY;CD953WY;la unión alcanzaría ids de otro producto (CD953*);;https://admin.shopify.com/store/trophy-partner/products?query=PS8680
ESPERA_CODIGO;Frosted Lucite Oval Cutout on Risers Award;PS6526;p-5844-frosted-lucite-oval-cutout-on-risers-award;CD900OVAL;CD900OVAL;la unión alcanzaría ids de otro producto (CD900*);;https://admin.shopify.com/store/trophy-partner/products?query=PS6526
ESPERA_CODIGO;Frosted Lucite Star Cutout on Risers Award;PS8003;p-7115-frosted-lucite-star-cutout-on-risers-award;CD900STAR;CD900STAR;la unión alcanzaría ids de otro producto (CD900*);;https://admin.shopify.com/store/trophy-partner/products?query=PS8003
ESPERA_CODIGO;Georgia State Silhouette Awards;PS6496;p-5814-georgia-state-silhouette-awards;CD900GA;CD900GA;la unión alcanzaría ids de otro producto (CD900*);;https://admin.shopify.com/store/trophy-partner/products?query=PS6496
ESPERA_CODIGO;Gold Spectrum Chisel Carved Tower Trophy Award;PS6580;p-5898-gold-spectrum-chisel-carved-tower-trophy-award;C609LGO;C609LGO;la unión alcanzaría ids de otro producto (C609L*);;https://admin.shopify.com/store/trophy-partner/products?query=PS6580
ESPERA_CODIGO;Gold Star Power Sculptured Lucite Award;PS6583;p-5901-gold-star-power-sculptured-lucite-award;CA21AXG CA21BXG;CA21AXG CA21BXG;la unión alcanzaría ids de otro producto (CA21AX* CA21BX*);;https://admin.shopify.com/store/trophy-partner/products?query=PS6583
ESPERA_CODIGO;Gold Star Power Sculptured Lucite Small;PS6582;p-5900-gold-star-power-sculptured-lucite-small;CA21CXG;CA21CXG;la unión alcanzaría ids de otro producto (CA21CX*);;https://admin.shopify.com/store/trophy-partner/products?query=PS6582
ESPERA_CODIGO;Green Diamond Carved Octagon Plaque;PS6593;p-5911-green-diamond-carved-octagon-plaque;C1407LG;C1407LG;la unión alcanzaría ids de otro producto (C1407L*);;https://admin.shopify.com/store/trophy-partner/products?query=PS6593
ESPERA_CODIGO;Hawaii State Silhouette Awards;PS6497;p-5815-hawaii-state-silhouette-awards;CD900HI;CD900HI;la unión alcanzaría ids de otro producto (CD900*);;https://admin.shopify.com/store/trophy-partner/products?query=PS6497
ESPERA_CODIGO;Idaho State Sillhouette Awards;PS6499;p-5817-idaho-state-sillhouette-awards;CD900ID;CD900ID;la unión alcanzaría ids de otro producto (CD900*);;https://admin.shopify.com/store/trophy-partner/products?query=PS6499
ESPERA_CODIGO;Illinois State Shaped Award Award;PS6531;p-5849-illinois-state-shaped-award-award;CD900IL;CD900IL;la unión alcanzaría ids de otro producto (CD900*);;https://admin.shopify.com/store/trophy-partner/products?query=PS6531
ESPERA_CODIGO;Indiana State Silhouette Awards;PS6500;p-5818-indiana-state-silhouette-awards;CD900IN;CD900IN;la unión alcanzaría ids de otro producto (CD900*);;https://admin.shopify.com/store/trophy-partner/products?query=PS6500
ESPERA_CODIGO;Iowa State Silhouette Awards;PS6498;p-5816-iowa-state-silhouette-awards;CD900IA;CD900IA;la unión alcanzaría ids de otro producto (CD900*);;https://admin.shopify.com/store/trophy-partner/products?query=PS6498
ESPERA_CODIGO;Journal with Phone Pouch Large;PS10823;p-8774-journal-with-phone-pouch-large;CM721GR CM721RW;CM721GR CM721RW;la unión alcanzaría ids de otro producto (CM721*);;https://admin.shopify.com/store/trophy-partner/products?query=PS10823
ESPERA_CODIGO;Journal with Phone Pouch Small;PS10822;p-8773-journal-with-phone-pouch-small;CM721BS;CM721BS;la unión alcanzaría ids de otro producto (CM721*);;https://admin.shopify.com/store/trophy-partner/products?query=PS10822
ESPERA_CODIGO;Kansas State Silhouette Awards;PS6501;p-5819-kansas-state-silhouette-awards;CD900KS;CD900KS;la unión alcanzaría ids de otro producto (CD900*);;https://admin.shopify.com/store/trophy-partner/products?query=PS6501
ESPERA_CODIGO;Kentucky State Silhouette Awards;PS6502;p-5820-kentucky-state-silhouette-awards;CD900KY;CD900KY;la unión alcanzaría ids de otro producto (CD900*);;https://admin.shopify.com/store/trophy-partner/products?query=PS6502
ESPERA_CODIGO;Large Rectangular Custom Digi Color Lucite Award;PS6360;p-5678-large-rectangular-custom-digi-color-lucite-award;DCCD424ACU DCCD424BCU;DCCD424ACU DCCD424BCU;la unión alcanzaría ids de otro producto (DCCD424** DCCD424B);;https://admin.shopify.com/store/trophy-partner/products?query=PS6360
ESPERA_CODIGO;Leatherette Beverage Holder;PS8908;p-8077-leatherette-beverage-holder;CM289BB CM289BV CM289WM;CM289BB CM289BV;la unión alcanzaría ids de otro producto (CM289*);;https://admin.shopify.com/store/trophy-partner/products?query=PS8908
ESPERA_CODIGO;Leatherette Beverage Holder Large;PS10853;p-8781-leatherette-beverage-holder-large;CM289BL CM289BS CM289DB CM289GR CM289LB CM289PK CM289RS CM289RW CM289TL;CM289BL CM289BS CM289DB CM289GR CM289LB CM289PK CM289RS CM289RW CM289TL;la unión alcanzaría ids de otro producto (CM289*);;https://admin.shopify.com/store/trophy-partner/products?query=PS10853
ESPERA_CODIGO;Leatherette Flask;PS8976;p-8082-leatherette-flask;CM286BB CM286BV CM286WM;CM286BB CM286BV;la unión alcanzaría ids de otro producto (CM286*);;https://admin.shopify.com/store/trophy-partner/products?query=PS8976
ESPERA_CODIGO;Leatherette Flask;PS10878;p-8793-leatherette-flask;CM286BL CM286BS CM286DB CM286GR CM286LB CM286PK CM286RS CM286RW CM286TL;CM286BL CM286BS CM286DB CM286GR CM286LB CM286PK CM286RS CM286RW CM286TL;la unión alcanzaría ids de otro producto (CM286*);;https://admin.shopify.com/store/trophy-partner/products?query=PS10878
ESPERA_CODIGO;Leatherette Frame  Holds Large;PS10880;p-8795-leatherette-frame-holds-large;CM722ABB;CM722ABB;la unión alcanzaría ids de otro producto (CM722A);;https://admin.shopify.com/store/trophy-partner/products?query=PS10880
ESPERA_CODIGO;Leatherette Frame  Holds Small;PS10879;p-8794-leatherette-frame-holds-small;CM722ABS CM722ABV CM722AGR CM722ALB CM722ARW CM722ATL CM722BBB CM722BBS CM722BBV CM722BGR CM722BLB CM722BRW CM722BTL;CM722ABS CM722ABV CM722AGR CM722ALB CM722ARW CM722ATL CM722BBB CM722BBS CM722BBV CM722BGR CM722BLB CM722BRW CM722BTL;la unión alcanzaría ids de otro producto (CM722A CM722B);;https://admin.shopify.com/store/trophy-partner/products?query=PS10879
ESPERA_CODIGO;Leatherette Journal;PS8997;p-8085-leatherette-journal;CM415BB CM415BV CM415WM;CM415BB CM415BV CM415WM;la unión alcanzaría ids de otro producto (CM415*);;https://admin.shopify.com/store/trophy-partner/products?query=PS8997
ESPERA_CODIGO;Leatherette Journal;PS10889;p-8797-leatherette-journal;CM415BS CM415CK CM415DB CM415GR CM415LB CM415PK CM415RS CM415RW CM415TL;CM415BS CM415CK CM415DB CM415GR CM415LB CM415PK CM415RS CM415RW CM415TL;la unión alcanzaría ids de otro producto (CM415*);;https://admin.shopify.com/store/trophy-partner/products?query=PS10889
ESPERA_CODIGO;Leatherette Pen Large;PS10914;p-8808-leatherette-pen-large;CM356BL CM356BS CM356DB CM356GR CM356LB CM356PK CM356RS CM356RW CM356TL;CM356BL CM356BS CM356DB CM356GR CM356LB CM356PK CM356RS CM356RW CM356TL;la unión alcanzaría ids de otro producto (CM356*);;https://admin.shopify.com/store/trophy-partner/products?query=PS10914
ESPERA_CODIGO;Leatherette Wine Bag Large;PS10950;p-8825-leatherette-wine-bag-large;CM288BS;CM288BS;la unión alcanzaría ids de otro producto (CM288*);;https://admin.shopify.com/store/trophy-partner/products?query=PS10950
ESPERA_CODIGO;Leatherette Wine Bag Small;PS10949;p-8824-leatherette-wine-bag-small;CM288DB CM288GR CM288LB CM288PK CM288RS CM288RW CM288TL;CM288DB CM288RW CM288TL;la unión alcanzaría ids de otro producto (CM288*);;https://admin.shopify.com/store/trophy-partner/products?query=PS10949
ESPERA_CODIGO;Louisiana State Silhouette Awards;PS6503;p-5821-louisiana-state-silhouette-awards;CD900LA;CD900LA;la unión alcanzaría ids de otro producto (CD900*);;https://admin.shopify.com/store/trophy-partner/products?query=PS6503
ESPERA_CODIGO;Lucite Riser Plaque with Choice Of Plate;PS6572;p-5890-lucite-riser-plaque-with-choice-of-plate;C6801GO C6802GO;C6801GO C6802GO;la unión alcanzaría ids de otro producto (C6801* C6802*);;https://admin.shopify.com/store/trophy-partner/products?query=PS6572
ESPERA_CODIGO;Maine State Silhouette Awards;PS6506;p-5824-maine-state-silhouette-awards;CD900ME;CD900ME;la unión alcanzaría ids de otro producto (CD900*);;https://admin.shopify.com/store/trophy-partner/products?query=PS6506
ESPERA_CODIGO;Maryland State Silhouette Awards;PS6505;p-5823-maryland-state-silhouette-awards;CD900MD;CD900MD;la unión alcanzaría ids de otro producto (CD900*);;https://admin.shopify.com/store/trophy-partner/products?query=PS6505
ESPERA_CODIGO;Massachusetts State Silhouette Awards;PS6504;p-5822-massachusetts-state-silhouette-awards;CD900MA;CD900MA;la unión alcanzaría ids de otro producto (CD900*);;https://admin.shopify.com/store/trophy-partner/products?query=PS6504
ESPERA_CODIGO;Michigan State Silhouette Awards;PS6507;p-5825-michigan-state-silhouette-awards;CD900MI;CD900MI;la unión alcanzaría ids de otro producto (CD900*);;https://admin.shopify.com/store/trophy-partner/products?query=PS6507
ESPERA_CODIGO;Minnesota State Silhouette Awards;PS6508;p-5826-minnesota-state-silhouette-awards;CD900MN;CD900MN;la unión alcanzaría ids de otro producto (CD900*);;https://admin.shopify.com/store/trophy-partner/products?query=PS6508
ESPERA_CODIGO;Mississippi State Silhouette Awards;PS6510;p-5828-mississippi-state-silhouette-awards;CD900MS;CD900MS;la unión alcanzaría ids de otro producto (CD900*);;https://admin.shopify.com/store/trophy-partner/products?query=PS6510
ESPERA_CODIGO;Missouri State Silhouette Awards;PS6509;p-5827-missouri-state-silhouette-awards;CD900MO;CD900MO;la unión alcanzaría ids de otro producto (CD900*);;https://admin.shopify.com/store/trophy-partner/products?query=PS6509
ESPERA_CODIGO;Montana State Silhouette Awards;PS6511;p-5829-montana-state-silhouette-awards;CD900MT;CD900MT;la unión alcanzaría ids de otro producto (CD900*);;https://admin.shopify.com/store/trophy-partner/products?query=PS6511
ESPERA_CODIGO;Nebraska State Silhouette Awards;PS6514;p-5832-nebraska-state-silhouette-awards;CD900NE;CD900NE;la unión alcanzaría ids de otro producto (CD900*);;https://admin.shopify.com/store/trophy-partner/products?query=PS6514
ESPERA_CODIGO;Nevada State Silhouette  Awards;PS6518;p-5836-nevada-state-silhouette-awards;CD900NV;CD900NV;la unión alcanzaría ids de otro producto (CD900*);;https://admin.shopify.com/store/trophy-partner/products?query=PS6518
ESPERA_CODIGO;New Hampshire State Silhouette Awards;PS6515;p-5833-new-hampshire-state-silhouette-awards;CD900NH;CD900NH;la unión alcanzaría ids de otro producto (CD900*);;https://admin.shopify.com/store/trophy-partner/products?query=PS6515
ESPERA_CODIGO;New Jersey State Silhouette Awards;PS6516;p-5834-new-jersey-state-silhouette-awards;CD900NJ;CD900NJ;la unión alcanzaría ids de otro producto (CD900*);;https://admin.shopify.com/store/trophy-partner/products?query=PS6516
ESPERA_CODIGO;New Mexico State Silhouette Awards;PS6517;p-5835-new-mexico-state-silhouette-awards;CD900NM;CD900NM;la unión alcanzaría ids de otro producto (CD900*);;https://admin.shopify.com/store/trophy-partner/products?query=PS6517
ESPERA_CODIGO;New York State Silhouette Awards;PS6519;p-5837-new-york-state-silhouette-awards;CD900NY;CD900NY;la unión alcanzaría ids de otro producto (CD900*);;https://admin.shopify.com/store/trophy-partner/products?query=PS6519
ESPERA_CODIGO;North Carolina State Silhouette Awards;PS6512;p-5830-north-carolina-state-silhouette-awards;CD900NC;CD900NC;la unión alcanzaría ids de otro producto (CD900*);;https://admin.shopify.com/store/trophy-partner/products?query=PS6512
ESPERA_CODIGO;North Dakota State Silhouette Awards;PS6513;p-5831-north-dakota-state-silhouette-awards;CD900ND;CD900ND;la unión alcanzaría ids de otro producto (CD900*);;https://admin.shopify.com/store/trophy-partner/products?query=PS6513
ESPERA_CODIGO;Ohio State Silhouette Awards;PS6520;p-5838-ohio-state-silhouette-awards;CD900OH;CD900OH;la unión alcanzaría ids de otro producto (CD900*);;https://admin.shopify.com/store/trophy-partner/products?query=PS6520
ESPERA_CODIGO;Oklahoma State Silhouette Awards;PS6521;p-5839-oklahoma-state-silhouette-awards;CD900OK;CD900OK;la unión alcanzaría ids de otro producto (CD900*);;https://admin.shopify.com/store/trophy-partner/products?query=PS6521
ESPERA_CODIGO;Oregon State Silhouette Awards;PS6525;p-5843-oregon-state-silhouette-awards;CD900OR;CD900OR;la unión alcanzaría ids de otro producto (CD900*);;https://admin.shopify.com/store/trophy-partner/products?query=PS6525
ESPERA_CODIGO;Pennsylvania State Silhouette Awards;PS6527;p-5845-pennsylvania-state-silhouette-awards;CD900PA;CD900PA;la unión alcanzaría ids de otro producto (CD900*);;https://admin.shopify.com/store/trophy-partner/products?query=PS6527
ESPERA_CODIGO;Polar Camel Ringneck Tumblers Personalized;PS6850;p-6168-polar-camel-ringneck-tumblers-personalized;CM711 CM710;CM711;la unión alcanzaría ids de otro producto (CM711);;https://admin.shopify.com/store/trophy-partner/products?query=PS6850
ESPERA_CODIGO;Polar Camel Stemless Wine Tumblers Personalized;PS8002;p-6356-polar-camel-stemless-wine-tumblers-personalized;CM712 CM713;CM712;la unión alcanzaría ids de otro producto (CM712);;https://admin.shopify.com/store/trophy-partner/products?query=PS8002
ESPERA_CODIGO;Rectangular Digi Color Lucite Ribbon Award;PS9350;p-8160-rectangular-digi-color-lucite-ribbon-award;DCCD424ARB DCCD424BRB;DCCD424ARB DCCD424BRB;la unión alcanzaría ids de otro producto (DCCD424** DCCD425**);;https://admin.shopify.com/store/trophy-partner/products?query=PS9350
ESPERA_CODIGO;Red Accent Clear Center Crystal;PS9323;p-8151-red-accent-clear-center-crystal;GM809ARE GM809BRE GM809CRE;GM809ARE GM809BRE GM809CRE;la unión alcanzaría ids de otro producto (GM809A* GM809B* GM809C*);;https://admin.shopify.com/store/trophy-partner/products?query=PS9323
ESPERA_CODIGO;Red Diamond Carve Lucite Octagon Plaque;PS6882;p-6200-red-diamond-carve-lucite-octagon-plaque;C1407LR;C1407LR;la unión alcanzaría ids de otro producto (C1407L*);;https://admin.shopify.com/store/trophy-partner/products?query=PS6882
ESPERA_CODIGO;Rhode Island State Silhouette Awards;PS6528;p-5846-rhode-island-state-silhouette-awards;CD900RI;CD900RI;la unión alcanzaría ids de otro producto (CD900*);;https://admin.shopify.com/store/trophy-partner/products?query=PS6528
ESPERA_CODIGO;Silver Lucite Riser Plaque;PS6923;p-6241-silver-lucite-riser-plaque;C6801S C6802S;C6801S C6802S;la unión alcanzaría ids de otro producto (C6801* C6802*);;https://admin.shopify.com/store/trophy-partner/products?query=PS6923
ESPERA_CODIGO;Slide-in Certificate Ebony Plaque in Gift Box;PS6949;p-6267-slide-in-certificate-ebony-plaque-in-gift-box;CD120G;CD120G;la unión alcanzaría ids de otro producto (CD120*);;https://admin.shopify.com/store/trophy-partner/products?query=PS6949
ESPERA_CODIGO;Slide-in Certificate Rosewood Plaque in Gift Box;PS6950;p-6268-slide-in-certificate-rosewood-plaque-in-gift-box;CD121G;CD121G;la unión alcanzaría ids de otro producto (CD121*);;https://admin.shopify.com/store/trophy-partner/products?query=PS6950
ESPERA_CODIGO;Slide-in Certificate Rosewood Plaque in Mailer Box;PS6951;p-6269-slide-in-certificate-rosewood-plaque-in-mailer-box;CD121M;CD121M;la unión alcanzaría ids de otro producto (CD121*);;https://admin.shopify.com/store/trophy-partner/products?query=PS6951
ESPERA_CODIGO;South Carolina State Silhouette Awards;PS6529;p-5847-south-carolina-state-silhouette-awards;CD900SC;CD900SC;la unión alcanzaría ids de otro producto (CD900*);;https://admin.shopify.com/store/trophy-partner/products?query=PS6529
ESPERA_CODIGO;South Dakota State Silhouette Awards;PS6530;p-5848-south-dakota-state-silhouette-awards;CD900SD;CD900SD;la unión alcanzaría ids de otro producto (CD900*);;https://admin.shopify.com/store/trophy-partner/products?query=PS6530
ESPERA_CODIGO;Tennessee State Silhouette Awards;PS6532;p-5850-tennessee-state-silhouette-awards;CD900TN;CD900TN;la unión alcanzaría ids de otro producto (CD900*);;https://admin.shopify.com/store/trophy-partner/products?query=PS6532
ESPERA_CODIGO;Texas State Silhouette Awards;PS6533;p-5851-texas-state-silhouette-awards;CD900TX;CD900TX;la unión alcanzaría ids de otro producto (CD900*);;https://admin.shopify.com/store/trophy-partner/products?query=PS6533
ESPERA_CODIGO;Two-Tone Clear and Blue Crescent Curved Glass (Includes Silver Color;PS11481;p-8896-two-tone-clear-and-blue-crescent-curved-glass-includes-silver-color;GI586BL;GI586BL;la unión alcanzaría ids de otro producto (GI586*);;https://admin.shopify.com/store/trophy-partner/products?query=PS11481
ESPERA_CODIGO;Utah State Silhouette Awards;PS6534;p-5852-utah-state-silhouette-awards;CD900UT;CD900UT;la unión alcanzaría ids de otro producto (CD900*);;https://admin.shopify.com/store/trophy-partner/products?query=PS6534
ESPERA_CODIGO;Vermont State Silhouette Awards;PS6536;p-5854-vermont-state-silhouette-awards;CD900VT;CD900VT;la unión alcanzaría ids de otro producto (CD900*);;https://admin.shopify.com/store/trophy-partner/products?query=PS6536
ESPERA_CODIGO;Virginia State Silhouette Awards;PS6535;p-5853-virginia-state-silhouette-awards;CD900VA;CD900VA;la unión alcanzaría ids de otro producto (CD900*);;https://admin.shopify.com/store/trophy-partner/products?query=PS6535
ESPERA_CODIGO;Walnut Finish Plaque w/ Choice Of Plate & Board;PS7009;p-6327-walnut-finish-plaque-w-choice-of-plate-board;DCC3001CWN DCC3001DWN DCC3001EWN;DCC3001CWN DCC3001DWN DCC3001EWN;la unión alcanzaría ids de otro producto (DCC3001C* DCC3001D* DCC3001E*);;https://admin.shopify.com/store/trophy-partner/products?query=PS7009
ESPERA_CODIGO;Washington State Silhouette Awards;PS6537;p-5855-washington-state-silhouette-awards;CD900WA;CD900WA;la unión alcanzaría ids de otro producto (CD900*);;https://admin.shopify.com/store/trophy-partner/products?query=PS6537
ESPERA_CODIGO;West Virginia State Silhouette Awards;PS6539;p-5857-west-virginia-state-silhouette-awards;CD900WV;CD900WV;la unión alcanzaría ids de otro producto (CD900*);;https://admin.shopify.com/store/trophy-partner/products?query=PS6539
ESPERA_CODIGO;Wisconsin State Silhouette Awards;PS6538;p-5856-wisconsin-state-silhouette-awards;CD900WI;CD900WI;la unión alcanzaría ids de otro producto (CD900*);;https://admin.shopify.com/store/trophy-partner/products?query=PS6538
ESPERA_CODIGO;Wyoming State Silhouette Awards;PS6540;p-5858-wyoming-state-silhouette-awards;CD900WY;CD900WY;la unión alcanzaría ids de otro producto (CD900*);;https://admin.shopify.com/store/trophy-partner/products?query=PS6540
FUSION;3 Tier Glass Tower Award Amber;PS6019;p-5337-3-tier-glass-tower-award-amber;GI603AM;;1 producto(s) PaceSetter repartidos entre varios de la tienda;;https://admin.shopify.com/store/trophy-partner/products?query=PS6019
FUSION;3 Tier Glass Tower Blue Award;PS6020;p-5338-3-tier-glass-tower-blue-award;GI603BL;;1 producto(s) PaceSetter repartidos entre varios de la tienda;;https://admin.shopify.com/store/trophy-partner/products?query=PS6020
FUSION;6 oz Powder Coated Green Stainless Steel Lasered Flask;PS9785;p-8695-6-oz-powder-coated-green-stainless-steel-lasered-flask;CM254GR;;1 producto(s) PaceSetter repartidos entre varios de la tienda;;https://admin.shopify.com/store/trophy-partner/products?query=PS9785
FUSION;6 oz. Matte Black Stainless Steel Lasered Flask;PS9784;p-8694-6-oz-matte-black-stainless-steel-lasered-flask;CM254BK;;1 producto(s) PaceSetter repartidos entre varios de la tienda;;https://admin.shopify.com/store/trophy-partner/products?query=PS9784
FUSION;7-Piece Black/Silver Leatherette Manicure Gift Set;PS9786;p-8696-7-piece-blacksilver-leatherette-manicure-gift-set;CM293BS;;1 producto(s) PaceSetter repartidos entre varios de la tienda;;https://admin.shopify.com/store/trophy-partner/products?query=PS9786
FUSION;7-Piece Dark Brown Leatherette Manicure Gift Set;PS9787;p-8697-7-piece-dark-brown-leatherette-manicure-gift-set;CM293DB;;1 producto(s) PaceSetter repartidos entre varios de la tienda;;https://admin.shopify.com/store/trophy-partner/products?query=PS9787
FUSION;7-Piece Light Brown Leatherette Manicure Gift Set;PS9789;p-8698-7-piece-light-brown-leatherette-manicure-gift-set;CM293LB;;1 producto(s) PaceSetter repartidos entre varios de la tienda;;https://admin.shopify.com/store/trophy-partner/products?query=PS9789
FUSION;7-Piece Pink Leatherette Manicure Gift Set;PS9790;p-8699-7-piece-pink-leatherette-manicure-gift-set;CM293PK;;1 producto(s) PaceSetter repartidos entre varios de la tienda;;https://admin.shopify.com/store/trophy-partner/products?query=PS9790
FUSION;7-Piece Rawhide Leatherette Manicure Gift Set;PS9791;p-8700-7-piece-rawhide-leatherette-manicure-gift-set;CM293RW;;1 producto(s) PaceSetter repartidos entre varios de la tienda;;https://admin.shopify.com/store/trophy-partner/products?query=PS9791
FUSION;Angular Clear/Black Glass Award;PS8097;p-7837-angular-clearblack-glass-award;GI672BK;;1 producto(s) PaceSetter repartidos entre varios de la tienda;;https://admin.shopify.com/store/trophy-partner/products?query=PS8097
FUSION;Angular Clear/Blue Glass Award;PS8098;p-7838-angular-clearblue-glass-award;GI672B;;1 producto(s) PaceSetter repartidos entre varios de la tienda;;https://admin.shopify.com/store/trophy-partner/products?query=PS8098
FUSION;Anniversary Freestanding 1 Year Award;PS6059-1;p-7628-anniversary-freestanding-1-year-award;CD904Y1;;1 producto(s) PaceSetter repartidos entre varios de la tienda;;https://admin.shopify.com/store/trophy-partner/products?query=PS6059-1
FUSION;Anniversary Freestanding 3 Year Award;PS6059-3;p-7627-anniversary-freestanding-3-year-award;CD904Y3;;1 producto(s) PaceSetter repartidos entre varios de la tienda;;https://admin.shopify.com/store/trophy-partner/products?query=PS6059-3
FUSION;Anniversary Freestanding 5 Year Award;PS6059;p-5377-anniversary-freestanding-5-year-award;CD904Y5;;1 producto(s) PaceSetter repartidos entre varios de la tienda;;https://admin.shopify.com/store/trophy-partner/products?query=PS6059
FUSION;Black Certificate Frame with Silver Metallized Accent;PS10012;p-8709-black-certificate-frame-with-silver-metallized-accent;C4802BS;;1 producto(s) PaceSetter repartidos entre varios de la tienda;;https://admin.shopify.com/store/trophy-partner/products?query=PS10012
FUSION;Black Chisel Carve Tower Award on Base;PS6112;p-5430-black-chisel-carve-tower-award-on-base;C701LBK C701BLBK;;2 producto(s) PaceSetter repartidos entre varios de la tienda;;https://admin.shopify.com/store/trophy-partner/products?query=PS6112
FUSION;Black Curved Beveled;PS6115;p-5433-black-curved-beveled;GI515BK;;1 producto(s) PaceSetter repartidos entre varios de la tienda;;https://admin.shopify.com/store/trophy-partner/products?query=PS6115
FUSION;Black Walnut Cutting & Charcuterie Board;PS8222;p-7882-black-walnut-cutting-charcuterie-board;CM750A CM750C CM750D CM750B;;1 producto(s) PaceSetter repartidos entre varios de la tienda;;https://admin.shopify.com/store/trophy-partner/products?query=PS8222
FUSION;Black Walnut Cutting & Charcuterie Board Large;PS8221;p-7881-black-walnut-cutting-charcuterie-board-large;CM750E CM750F;;1 producto(s) PaceSetter repartidos entre varios de la tienda;;https://admin.shopify.com/store/trophy-partner/products?query=PS8221
FUSION;Black/Silver Leatherette Oval Keychain;PS10040;p-8710-blacksilver-leatherette-oval-keychain;CM291BS;;1 producto(s) PaceSetter repartidos entre varios de la tienda;;https://admin.shopify.com/store/trophy-partner/products?query=PS10040
FUSION;Black/Silver Leatherette Phone Easel;PS10041;p-8711-blacksilver-leatherette-phone-easel;CM296BS;;1 producto(s) PaceSetter repartidos entre varios de la tienda;;https://admin.shopify.com/store/trophy-partner/products?query=PS10041
FUSION;Blue Acrylic Color Drops Award;PS8232;p-7888-blue-acrylic-color-drops-award;CD1101AB CD1101BB CD1101CB;;3 producto(s) PaceSetter repartidos entre varios de la tienda;;https://admin.shopify.com/store/trophy-partner/products?query=PS8232
FUSION;Blue Arched Brilliance Award on Clear Base;PS6155;p-5473-blue-arched-brilliance-award-on-clear-base;CD636B;;1 producto(s) PaceSetter repartidos entre varios de la tienda;;https://admin.shopify.com/store/trophy-partner/products?query=PS6155
FUSION;Blue Cascade Carved Acrylic Award;PS10062;p-8714-blue-cascade-carved-acrylic-award;CD1217BL;;1 producto(s) PaceSetter repartidos entre varios de la tienda;;https://admin.shopify.com/store/trophy-partner/products?query=PS10062
FUSION;Blue Chisel Carve Tower Award;PS6160;p-5478-blue-chisel-carve-tower-award;C701LBL;;1 producto(s) PaceSetter repartidos entre varios de la tienda;;https://admin.shopify.com/store/trophy-partner/products?query=PS6160
FUSION;Blue Chisel Carved Tower Award On Base;PS6161;p-5479-blue-chisel-carved-tower-award-on-base;C609LBBL C610LBBL C701BLBL C612LBBL;;4 producto(s) PaceSetter repartidos entre varios de la tienda;;https://admin.shopify.com/store/trophy-partner/products?query=PS6161
FUSION;Blue Curved Beveled;PS6166;p-5484-blue-curved-beveled;GI515B;;1 producto(s) PaceSetter repartidos entre varios de la tienda;;https://admin.shopify.com/store/trophy-partner/products?query=PS6166
FUSION;Blue Deco Lucite Peak on Marble Base Award;PS6167;p-5485-blue-deco-lucite-peak-on-marble-base-award;CF845AB CD854BB;;1 producto(s) PaceSetter repartidos entre varios de la tienda;;https://admin.shopify.com/store/trophy-partner/products?query=PS6167
FUSION;Blue Designs Deco Lucite Tablet;PS6170;p-5488-blue-designs-deco-lucite-tablet;CD852AB CD852BB;;1 producto(s) PaceSetter repartidos entre varios de la tienda;;https://admin.shopify.com/store/trophy-partner/products?query=PS6170
FUSION;Blue Gemstone Brilliance Lucite Peak Award;PS6175;p-5493-blue-gemstone-brilliance-lucite-peak-award;CD603AB CD603BB CD603CB;;1 producto(s) PaceSetter repartidos entre varios de la tienda;;https://admin.shopify.com/store/trophy-partner/products?query=PS6175
FUSION;Blue Halley Collection Plaque;PS10093;p-8716-blue-halley-collection-plaque;C750ALB C750BLB C750CLB;;1 producto(s) PaceSetter repartidos entre varios de la tienda;;https://admin.shopify.com/store/trophy-partner/products?query=PS10093
FUSION;Blue Lucite Rising Tide Wave Monument Award;PS6186;p-5504-blue-lucite-rising-tide-wave-monument-award;CD848B;;1 producto(s) PaceSetter repartidos entre varios de la tienda;;https://admin.shopify.com/store/trophy-partner/products?query=PS6186
FUSION;Blue Marble Florentine Plate on Ebony Board;PS10096;p-8718-blue-marble-florentine-plate-on-ebony-board;CD414ABEF;;1 producto(s) PaceSetter repartidos entre varios de la tienda;;https://admin.shopify.com/store/trophy-partner/products?query=PS10096
FUSION;Blue Marble Florentine Plate on Ebony Finish Board;PS8278;p-7896-blue-marble-florentine-plate-on-ebony-finish-board;CD414BBEF;;1 producto(s) PaceSetter repartidos entre varios de la tienda;;https://admin.shopify.com/store/trophy-partner/products?query=PS8278
FUSION;Blue Optic Crystal Gemstone Award;PS6191;p-5509-blue-optic-crystal-gemstone-award;GI513AB GI513BB GI513CB;;3 producto(s) PaceSetter repartidos entre varios de la tienda;;https://admin.shopify.com/store/trophy-partner/products?query=PS6191
FUSION;Blue Plaque w/ Marble Mist Large;PS6193;p-5511-blue-plaque-w-marble-mist-large;C023AB;;1 producto(s) PaceSetter repartidos entre varios de la tienda;;https://admin.shopify.com/store/trophy-partner/products?query=PS6193
FUSION;Blue Plaque w/ Marble Mist Small;PS6192;p-5510-blue-plaque-w-marble-mist-small;C023BB;;1 producto(s) PaceSetter repartidos entre varios de la tienda;;https://admin.shopify.com/store/trophy-partner/products?query=PS6192
FUSION;Blue Spectrum Chisel Carved Tower Large;PS10107;p-8720-blue-spectrum-chisel-carved-tower-large;C609LBL;;repunte a C609LGO, pero ya lo reclama otro producto;;https://admin.shopify.com/store/trophy-partner/products?query=PS10107
FUSION;Blue Spectrum Chisel Carved Tower Small;PS10106;p-8719-blue-spectrum-chisel-carved-tower-small;C612LBL;;1 producto(s) PaceSetter repartidos entre varios de la tienda;;https://admin.shopify.com/store/trophy-partner/products?query=PS10106
FUSION;Blue Teardrop Art Glass;PS8297;p-7898-blue-teardrop-art-glass;GM805B;;1 producto(s) PaceSetter repartidos entre varios de la tienda;;https://admin.shopify.com/store/trophy-partner/products?query=PS8297
FUSION;Blue Vibrant Gemstone Award;PS6205;p-5523-blue-vibrant-gemstone-award;GI512AB GI512BB;;1 producto(s) PaceSetter repartidos entre varios de la tienda;;https://admin.shopify.com/store/trophy-partner/products?query=PS6205
FUSION;Bronze Cascade Metal Stars Award;PS6212;p-5530-bronze-cascade-metal-stars-award;CD476BZ CD477BZ CD478BZ;;3 producto(s) PaceSetter repartidos entre varios de la tienda;;https://admin.shopify.com/store/trophy-partner/products?query=PS6212
FUSION;Carved Clear Crystal Award on Black Base with Logo Medallion;PS6227;p-5545-carved-clear-crystal-award-on-black-base-with-logo-medallion;GI583YL;;1 producto(s) PaceSetter repartidos entre varios de la tienda;;https://admin.shopify.com/store/trophy-partner/products?query=PS6227
FUSION;Carved Clear Crystal on Black Base w/Digi;PS6226;p-5544-carved-clear-crystal-on-black-base-wdigi;GI583YD;;1 producto(s) PaceSetter repartidos entre varios de la tienda;;https://admin.shopify.com/store/trophy-partner/products?query=PS6226
FUSION;Carved Clear Crystal on Black Base with Star Medallion Includes Silver Color;PS6230;p-5548-carved-clear-crystal-on-black-base-with-star-medallion-includes-silver-color;GI583MS;;repunte a GI583M, pero ya lo reclama otro producto;;https://admin.shopify.com/store/trophy-partner/products?query=PS6230
FUSION;Chisel Carved Reflective Blue Bottom Award;PS10156;p-8727-chisel-carved-reflective-blue-bottom-award;GI638SBL;;1 producto(s) PaceSetter repartidos entre varios de la tienda;;https://admin.shopify.com/store/trophy-partner/products?query=PS10156
FUSION;Chisel Carved Reflective Green Bottom Award;PS10158;p-8728-chisel-carved-reflective-green-bottom-award;GI638SGR;;1 producto(s) PaceSetter repartidos entre varios de la tienda;;https://admin.shopify.com/store/trophy-partner/products?query=PS10158
FUSION;Chisel Carved with Reflective Black Bottom Award;PS6247;p-5565-chisel-carved-with-reflective-black-bottom-award;GI638SBK;;1 producto(s) PaceSetter repartidos entre varios de la tienda;;https://admin.shopify.com/store/trophy-partner/products?query=PS6247
FUSION;Chisel Carved with Reflective Gold Bottom Award;PS6249;p-5567-chisel-carved-with-reflective-gold-bottom-award;GI638SGO;;1 producto(s) PaceSetter repartidos entre varios de la tienda;;https://admin.shopify.com/store/trophy-partner/products?query=PS6249
FUSION;Chisel Carved with Reflective Red Bottom Award;PS6251;p-5569-chisel-carved-with-reflective-red-bottom-award;GI638SRE;;1 producto(s) PaceSetter repartidos entre varios de la tienda;;https://admin.shopify.com/store/trophy-partner/products?query=PS6251
FUSION;Choice of Digi Large;PS10162;p-8730-choice-of-digi-large;DCC3001BWN DCCD520DGA DCCD520DRW DCCD520DWN;;2 producto(s) PaceSetter repartidos entre varios de la tienda;;https://admin.shopify.com/store/trophy-partner/products?query=PS10162
FUSION;Choice of Digi Small;PS10160;p-8729-choice-of-digi-small;DCCD520EGA DCCD520ERW DCCD520EWN;;1 producto(s) PaceSetter repartidos entre varios de la tienda;;https://admin.shopify.com/store/trophy-partner/products?query=PS10160
FUSION;Circle Cutout Alder Wood and Silver Backer Digi;PS6256;p-5574-circle-cutout-alder-wood-and-silver-backer-digi;CD947AA CD947BA;;1 producto(s) PaceSetter repartidos entre varios de la tienda;;https://admin.shopify.com/store/trophy-partner/products?query=PS6256
FUSION;Circle Cutout Mahogany Wood and Silver Backer Digi;PS6257;p-5575-circle-cutout-mahogany-wood-and-silver-backer-digi;CD947AM CD947BM;;1 producto(s) PaceSetter repartidos entre varios de la tienda;;https://admin.shopify.com/store/trophy-partner/products?query=PS6257
FUSION;Clear Acrylic Perpetual Plate;PS8361;p-7917-clear-acrylic-perpetual-plate;CD1222PLT;;repunte a CD1222, pero ya lo reclama otro producto;;https://admin.shopify.com/store/trophy-partner/products?query=PS8361
FUSION;Clear Crystal Chisel Carve Award;PS6275;p-5593-clear-crystal-chisel-carve-award;GI638CLR;;1 producto(s) PaceSetter repartidos entre varios de la tienda;;https://admin.shopify.com/store/trophy-partner/products?query=PS6275
FUSION;Clear Crystal with Black Crystal Accents;PS8396;p-7930-clear-crystal-with-black-crystal-accents;GI673BK;;1 producto(s) PaceSetter repartidos entre varios de la tienda;;https://admin.shopify.com/store/trophy-partner/products?query=PS8396
FUSION;Clear Crystal with Blue & Black Crystal Accents;PS8397;p-7931-clear-crystal-with-blue-black-crystal-accents;GI673B;;1 producto(s) PaceSetter repartidos entre varios de la tienda;;https://admin.shopify.com/store/trophy-partner/products?query=PS8397
FUSION;Clear Crystal with Red & Black Crystal Accents;PS8398;p-7932-clear-crystal-with-red-black-crystal-accents;GI673R;;1 producto(s) PaceSetter repartidos entre varios de la tienda;;https://admin.shopify.com/store/trophy-partner/products?query=PS8398
FUSION;Clear Glass with Bold Black Crystal Accent;PS6282;p-5600-clear-glass-with-bold-black-crystal-accent;GI595BK;;1 producto(s) PaceSetter repartidos entre varios de la tienda;;https://admin.shopify.com/store/trophy-partner/products?query=PS6282
FUSION;Clear Glass with Bold Blue Crystal Accent;PS10226;p-8733-clear-glass-with-bold-blue-crystal-accent;GI595BL;;1 producto(s) PaceSetter repartidos entre varios de la tienda;;https://admin.shopify.com/store/trophy-partner/products?query=PS10226
FUSION;Clear Glass with Bold Green Crystal Accent;PS10227;p-8734-clear-glass-with-bold-green-crystal-accent;GI595GR;;1 producto(s) PaceSetter repartidos entre varios de la tienda;;https://admin.shopify.com/store/trophy-partner/products?query=PS10227
FUSION;Clear Glass with Bold Red Crystal Accent;PS6285;p-5603-clear-glass-with-bold-red-crystal-accent;GI595RE;;1 producto(s) PaceSetter repartidos entre varios de la tienda;;https://admin.shopify.com/store/trophy-partner/products?query=PS6285
FUSION;Cork Bottle Opener;PS6300;p-5618-cork-bottle-opener;CM332CK;;1 producto(s) PaceSetter repartidos entre varios de la tienda;;https://admin.shopify.com/store/trophy-partner/products?query=PS6300
FUSION;Cork Leatherette Oval Keychain;PS6696;p-6014-cork-leatherette-oval-keychain;CM291CK CM291RG CM291TL;;1 producto(s) PaceSetter repartidos entre varios de la tienda;;https://admin.shopify.com/store/trophy-partner/products?query=PS6696
FUSION;Cork Round;PS6306;p-5624-cork-round;CM282CK;;1 producto(s) PaceSetter repartidos entre varios de la tienda;;https://admin.shopify.com/store/trophy-partner/products?query=PS6306
FUSION;Cork Round Coaster;PS6305;p-5623-cork-round-coaster;CM240CK;;1 producto(s) PaceSetter repartidos entre varios de la tienda;;https://admin.shopify.com/store/trophy-partner/products?query=PS6305
FUSION;Cork Square Coaster;PS6307;p-5625-cork-square-coaster;CM241CK;;1 producto(s) PaceSetter repartidos entre varios de la tienda;;https://admin.shopify.com/store/trophy-partner/products?query=PS6307
FUSION;Cork Square Coasters Set;PS6308;p-5626-cork-square-coasters-set;CM283CK;;1 producto(s) PaceSetter repartidos entre varios de la tienda;;https://admin.shopify.com/store/trophy-partner/products?query=PS6308
FUSION;Crystal Tablet with Globe Large;PS8482;p-7959-crystal-tablet-with-globe-large;GM755A;;1 producto(s) PaceSetter repartidos entre varios de la tienda;;https://admin.shopify.com/store/trophy-partner/products?query=PS8482
FUSION;Crystal Tablet with Globe Small;PS8481;p-7958-crystal-tablet-with-globe-small;GM755B GM755C GM755D;;1 producto(s) PaceSetter repartidos entre varios de la tienda;;https://admin.shopify.com/store/trophy-partner/products?query=PS8481
FUSION;Crystal Tapered Monolith;PS6317;p-5635-crystal-tapered-monolith;GM722A;;1 producto(s) PaceSetter repartidos entre varios de la tienda;;https://admin.shopify.com/store/trophy-partner/products?query=PS6317
FUSION;Crystal Tapered Monolith;PS6347;p-5665-crystal-tapered-monolith;GM722B GM722C;;1 producto(s) PaceSetter repartidos entre varios de la tienda;;https://admin.shopify.com/store/trophy-partner/products?query=PS6347
FUSION;Crystal Towers w/ Black Jewel cut Pillar;PS6350;p-5668-crystal-towers-w-black-jewel-cut-pillar;GI608B;;1 producto(s) PaceSetter repartidos entre varios de la tienda;;https://admin.shopify.com/store/trophy-partner/products?query=PS6350
FUSION;Crystal Towers w/ White Jewel cut Pillar;PS6351;p-5669-crystal-towers-w-white-jewel-cut-pillar;GI608W;;1 producto(s) PaceSetter repartidos entre varios de la tienda;;https://admin.shopify.com/store/trophy-partner/products?query=PS6351
FUSION;Dark Brown Leatherette Oval Keychain;PS10404;p-8748-dark-brown-leatherette-oval-keychain;CM291DB;;1 producto(s) PaceSetter repartidos entre varios de la tienda;;https://admin.shopify.com/store/trophy-partner/products?query=PS10404
FUSION;Dark Brown Leatherette Phone Easel;PS10405;p-8749-dark-brown-leatherette-phone-easel;CM296DB;;1 producto(s) PaceSetter repartidos entre varios de la tienda;;https://admin.shopify.com/store/trophy-partner/products?query=PS10405
FUSION;Diamond Tower;PS8543;p-7976-diamond-tower;GI674A GI674B;;1 producto(s) PaceSetter repartidos entre varios de la tienda;;https://admin.shopify.com/store/trophy-partner/products?query=PS8543
FUSION;Diamond Tower. Large;PS8544;p-7977-diamond-tower-large;GI674C;;1 producto(s) PaceSetter repartidos entre varios de la tienda;;https://admin.shopify.com/store/trophy-partner/products?query=PS8544
FUSION;Digi-color Mahogany Plaque;PS6378;p-5696-digi-color-mahogany-plaque;CD547AMH CD547BMH CD547CMH;;3 producto(s) PaceSetter repartidos entre varios de la tienda;;https://admin.shopify.com/store/trophy-partner/products?query=PS6378
FUSION;Ebony Finish Certificate/Overlay Plaque;PS6390;p-5708-ebony-finish-certificateoverlay-plaque;C3501AEBG C3501BEBG C3501CEBG;;3 producto(s) PaceSetter repartidos entre varios de la tienda;;https://admin.shopify.com/store/trophy-partner/products?query=PS6390
FUSION;Ebony Finish Plaque with choice of plate and board;PS6393;p-5711-ebony-finish-plaque-with-choice-of-plate-and-board;DCCD520EEB;;1 producto(s) PaceSetter repartidos entre varios de la tienda;;https://admin.shopify.com/store/trophy-partner/products?query=PS6393
FUSION;Ebony Finish Plaque with Marble Mist Large;PS6395;p-5713-ebony-finish-plaque-with-marble-mist-large;C021ABEF C021AGEF C021AREF;;1 producto(s) PaceSetter repartidos entre varios de la tienda;;https://admin.shopify.com/store/trophy-partner/products?query=PS6395
FUSION;Ebony Finish Plaque with Marble Mist Small;PS6394;p-5712-ebony-finish-plaque-with-marble-mist-small;C021BBEF C021BGEF C021BREF;;1 producto(s) PaceSetter repartidos entre varios de la tienda;;https://admin.shopify.com/store/trophy-partner/products?query=PS6394
FUSION;Ebony Piano Finish Plaque;PS8579;p-7984-ebony-piano-finish-plaque;DCCD520DEB;;1 producto(s) PaceSetter repartidos entre varios de la tienda;;https://admin.shopify.com/store/trophy-partner/products?query=PS8579
FUSION;Extra-Large Digi;PS8591;p-7985-extra-large-digi;CD547CEB;;1 producto(s) PaceSetter repartidos entre varios de la tienda;;https://admin.shopify.com/store/trophy-partner/products?query=PS8591
FUSION;Florence Series Faceted Oval Crystal Large;PS6412;p-5730-florence-series-faceted-oval-crystal-large;GM413A GM413B;;1 producto(s) PaceSetter repartidos entre varios de la tienda;;https://admin.shopify.com/store/trophy-partner/products?query=PS6412
FUSION;Florence Series Faceted Oval Crystal Small;PS6411;p-5729-florence-series-faceted-oval-crystal-small;GM413C;;1 producto(s) PaceSetter repartidos entre varios de la tienda;;https://admin.shopify.com/store/trophy-partner/products?query=PS6411
FUSION;Florentine Edge Plate on Ebony Board Medium;PS6416;p-5734-florentine-edge-plate-on-ebony-board-medium;C071ASEF;;1 producto(s) PaceSetter repartidos entre varios de la tienda;;https://admin.shopify.com/store/trophy-partner/products?query=PS6416
FUSION;Florentine Gold Edge Plate on Ebony Board;PS6419;p-5737-florentine-gold-edge-plate-on-ebony-board;C071AGOEF;;1 producto(s) PaceSetter repartidos entre varios de la tienda;;https://admin.shopify.com/store/trophy-partner/products?query=PS6419
FUSION;Florentine Gold Edge Plate on Ebony Board Large;PS6418;p-5736-florentine-gold-edge-plate-on-ebony-board-large;C071BGOEF;;1 producto(s) PaceSetter repartidos entre varios de la tienda;;https://admin.shopify.com/store/trophy-partner/products?query=PS6418
FUSION;Frosted Acrylic CA State Cutout on Black Plaque;PS8634;p-8001-frosted-acrylic-ca-state-cutout-on-black-plaque;CD953CA;;1 producto(s) PaceSetter repartidos entre varios de la tienda;;https://admin.shopify.com/store/trophy-partner/products?query=PS8634
FUSION;Frosted Acrylic DE State Cutout on Black Plaque;PS8637;p-8004-frosted-acrylic-de-state-cutout-on-black-plaque;CD953DE;;1 producto(s) PaceSetter repartidos entre varios de la tienda;;https://admin.shopify.com/store/trophy-partner/products?query=PS8637
FUSION;Frosted Acrylic FL State Cutout on Black Plaque;PS8639;p-8005-frosted-acrylic-fl-state-cutout-on-black-plaque;CD953FL;;1 producto(s) PaceSetter repartidos entre varios de la tienda;;https://admin.shopify.com/store/trophy-partner/products?query=PS8639
FUSION;Frosted Acrylic HI State Cutout on Black Plaque;PS8641;p-8007-frosted-acrylic-hi-state-cutout-on-black-plaque;CD953HI;;1 producto(s) PaceSetter repartidos entre varios de la tienda;;https://admin.shopify.com/store/trophy-partner/products?query=PS8641
FUSION;Frosted Acrylic ID State Cutout on Black Plaque;PS8643;p-8009-frosted-acrylic-id-state-cutout-on-black-plaque;CD953ID;;1 producto(s) PaceSetter repartidos entre varios de la tienda;;https://admin.shopify.com/store/trophy-partner/products?query=PS8643
FUSION;Frosted Acrylic MA State Cutout on Black Plaque;PS8649;p-8015-frosted-acrylic-ma-state-cutout-on-black-plaque;CD953MA;;1 producto(s) PaceSetter repartidos entre varios de la tienda;;https://admin.shopify.com/store/trophy-partner/products?query=PS8649
FUSION;Frosted Acrylic MD State Cutout on Black Plaque;PS8650;p-8016-frosted-acrylic-md-state-cutout-on-black-plaque;CD953MD;;1 producto(s) PaceSetter repartidos entre varios de la tienda;;https://admin.shopify.com/store/trophy-partner/products?query=PS8650
FUSION;Frosted Acrylic MI State Cutout on Black Plaque;PS8652;p-8018-frosted-acrylic-mi-state-cutout-on-black-plaque;CD953MI;;1 producto(s) PaceSetter repartidos entre varios de la tienda;;https://admin.shopify.com/store/trophy-partner/products?query=PS8652
FUSION;Frosted Acrylic NC State Cutout on Black Plaque;PS8657;p-8023-frosted-acrylic-nc-state-cutout-on-black-plaque;CD953NC;;1 producto(s) PaceSetter repartidos entre varios de la tienda;;https://admin.shopify.com/store/trophy-partner/products?query=PS8657
FUSION;Frosted Acrylic TN State Cutout on Black Plaque;PS8672;p-8038-frosted-acrylic-tn-state-cutout-on-black-plaque;CD953TN;;1 producto(s) PaceSetter repartidos entre varios de la tienda;;https://admin.shopify.com/store/trophy-partner/products?query=PS8672
FUSION;Frosted Lucite on Black Piano Plaque and Black Plate;PS6522;p-5840-frosted-lucite-on-black-piano-plaque-and-black-plate;CD945BK;;1 producto(s) PaceSetter repartidos entre varios de la tienda;;https://admin.shopify.com/store/trophy-partner/products?query=PS6522
FUSION;Frosted Lucite on Black Piano Plaque and Blue Plate;PS10646;p-8755-frosted-lucite-on-black-piano-plaque-and-blue-plate;CD945BL;;1 producto(s) PaceSetter repartidos entre varios de la tienda;;https://admin.shopify.com/store/trophy-partner/products?query=PS10646
FUSION;Genuine Walnut Certificate Plaque;PS6551;p-5869-genuine-walnut-certificate-plaque;C3501AWG;;1 producto(s) PaceSetter repartidos entre varios de la tienda;;https://admin.shopify.com/store/trophy-partner/products?query=PS6551
FUSION;Genuine Walnut Elliptical Plaque with Black/Silver Florentine Large;PS10682;p-8757-genuine-walnut-elliptical-plaque-with-blacksilver-florentine-large;C072AS;;1 producto(s) PaceSetter repartidos entre varios de la tienda;;https://admin.shopify.com/store/trophy-partner/products?query=PS10682
FUSION;Genuine Walnut Elliptical Plaque with Black/Silver Florentine Small;PS10681;p-8756-genuine-walnut-elliptical-plaque-with-blacksilver-florentine-small;C072BS;;1 producto(s) PaceSetter repartidos entre varios de la tienda;;https://admin.shopify.com/store/trophy-partner/products?query=PS10681
FUSION;Genuine Walnut Elliptical Plaque with Marble Mist;PS10683;p-8758-genuine-walnut-elliptical-plaque-with-marble-mist;C023BGR;;1 producto(s) PaceSetter repartidos entre varios de la tienda;;https://admin.shopify.com/store/trophy-partner/products?query=PS10683
FUSION;Gold Cascade Metal Stars Award;PS6563;p-5881-gold-cascade-metal-stars-award;CD476GO CD477GO CD478GO;;3 producto(s) PaceSetter repartidos entre varios de la tienda;;https://admin.shopify.com/store/trophy-partner/products?query=PS6563
FUSION;Gold Chisel Carve Tower Award;PS6564;p-5882-gold-chisel-carve-tower-award;C701LGO;;1 producto(s) PaceSetter repartidos entre varios de la tienda;;https://admin.shopify.com/store/trophy-partner/products?query=PS6564
FUSION;Gold Chisel Carved Tower on Base Award;PS6565;p-5883-gold-chisel-carved-tower-on-base-award;C610LBGO C701BLGO C612LBGO;;3 producto(s) PaceSetter repartidos entre varios de la tienda;;https://admin.shopify.com/store/trophy-partner/products?query=PS6565
FUSION;Gold Chisel Carved Tower On Base Large;PS10703;p-8760-gold-chisel-carved-tower-on-base-large;C609LBGO;;1 producto(s) PaceSetter repartidos entre varios de la tienda;;https://admin.shopify.com/store/trophy-partner/products?query=PS10703
FUSION;Gold Lucite Rising Tide Wave Monument Trophy;PS6573;p-5891-gold-lucite-rising-tide-wave-monument-trophy;CD848G;;1 producto(s) PaceSetter repartidos entre varios de la tienda;;https://admin.shopify.com/store/trophy-partner/products?query=PS6573
FUSION;Gold Metal Trophy Cup;PS8784;p-8053-gold-metal-trophy-cup;CM401AG CM401BG CM401CG DA01;;1 producto(s) PaceSetter repartidos entre varios de la tienda;;https://admin.shopify.com/store/trophy-partner/products?query=PS8784
FUSION;Gold Plaque w/ Black with Gold Florentine Plate;PS6578;p-5896-gold-plaque-w-black-with-gold-florentine-plate;C072AGO C072BGO;;1 producto(s) PaceSetter repartidos entre varios de la tienda;;https://admin.shopify.com/store/trophy-partner/products?query=PS6578
FUSION;Gold Spectrum Chisel Carved Tower Award;PS6579;p-5897-gold-spectrum-chisel-carved-tower-award;C612LGO;;1 producto(s) PaceSetter repartidos entre varios de la tienda;;https://admin.shopify.com/store/trophy-partner/products?query=PS6579
FUSION;Gold Star Self-Standing Plaque;PS6581;p-5899-gold-star-self-standing-plaque;C0642G;;1 producto(s) PaceSetter repartidos entre varios de la tienda;;https://admin.shopify.com/store/trophy-partner/products?query=PS6581
FUSION;Golf Bag Tag with Tees;PS10734;p-8761-golf-bag-tag-with-tees;CM723BB;;1 producto(s) PaceSetter repartidos entre varios de la tienda;;https://admin.shopify.com/store/trophy-partner/products?query=PS10734
FUSION;Golf Course Silhouette Award;PS8800;p-8057-golf-course-silhouette-award;CD1053BD CD1053BT CD1053CD CD1053CF CD1053CT;;1 producto(s) PaceSetter repartidos entre varios de la tienda;;https://admin.shopify.com/store/trophy-partner/products?query=PS8800
FUSION;Golf Course Silhouette Award Trophy;PS8801;p-8058-golf-course-silhouette-award-trophy;CD1053AF CD1053AT;;1 producto(s) PaceSetter repartidos entre varios de la tienda;;https://admin.shopify.com/store/trophy-partner/products?query=PS8801
FUSION;Green Acrylic Color Drops Award;PS8805;p-8061-green-acrylic-color-drops-award;CD1101AG CD1101BG CD1101CG;;3 producto(s) PaceSetter repartidos entre varios de la tienda;;https://admin.shopify.com/store/trophy-partner/products?query=PS8805
FUSION;Green Arched Brilliance Award on Clear Base;PS10752;p-8763-green-arched-brilliance-award-on-clear-base;CD636GR;;1 producto(s) PaceSetter repartidos entre varios de la tienda;;https://admin.shopify.com/store/trophy-partner/products?query=PS10752
FUSION;Green Chisel Carve Tower Award;PS6591;p-5909-green-chisel-carve-tower-award;C701LGR;;1 producto(s) PaceSetter repartidos entre varios de la tienda;;https://admin.shopify.com/store/trophy-partner/products?query=PS6591
FUSION;Green Chisel Carve Tower Award on Base;PS6590;p-5908-green-chisel-carve-tower-award-on-base;C701BLGR;;1 producto(s) PaceSetter repartidos entre varios de la tienda;;https://admin.shopify.com/store/trophy-partner/products?query=PS6590
FUSION;Green Curved Beveled;PS10761;p-8765-green-curved-beveled;GI515GR;;1 producto(s) PaceSetter repartidos entre varios de la tienda;;https://admin.shopify.com/store/trophy-partner/products?query=PS10761
FUSION;Green Gemstone Brilliance Lucite Peak Award;PS6595;p-5913-green-gemstone-brilliance-lucite-peak-award;CD603AGR CD603BGR CD603CGR;;1 producto(s) PaceSetter repartidos entre varios de la tienda;;https://admin.shopify.com/store/trophy-partner/products?query=PS6595
FUSION;Green Marble Florentine Plate on Ebony Board;PS10766;p-8766-green-marble-florentine-plate-on-ebony-board;CD414AGREF CD414BGREF;;1 producto(s) PaceSetter repartidos entre varios de la tienda;;https://admin.shopify.com/store/trophy-partner/products?query=PS10766
FUSION;Green Marble Florentine Plate on Walnut Finish Board;PS10767;p-8767-green-marble-florentine-plate-on-walnut-finish-board;CD414AGRWF CD414BGRWF;;1 producto(s) PaceSetter repartidos entre varios de la tienda;;https://admin.shopify.com/store/trophy-partner/products?query=PS10767
FUSION;Green Optic Crystal Gemstone Award;PS10768;p-8768-green-optic-crystal-gemstone-award;GI513AGR GI513BGR GI513CGR;;3 producto(s) PaceSetter repartidos entre varios de la tienda;;https://admin.shopify.com/store/trophy-partner/products?query=PS10768
FUSION;Green Teardrop Art Glass;PS8823;p-8067-green-teardrop-art-glass;GM805G;;1 producto(s) PaceSetter repartidos entre varios de la tienda;;https://admin.shopify.com/store/trophy-partner/products?query=PS8823
FUSION;Green Vibrant Gemstone Award;PS10770;p-8769-green-vibrant-gemstone-award;GI512AGR GI512BGR;;1 producto(s) PaceSetter repartidos entre varios de la tienda;;https://admin.shopify.com/store/trophy-partner/products?query=PS10770
FUSION;Grey Leatherette Oval Keychain;PS10771;p-8770-grey-leatherette-oval-keychain;CM291GR;;1 producto(s) PaceSetter repartidos entre varios de la tienda;;https://admin.shopify.com/store/trophy-partner/products?query=PS10771
FUSION;Grey Leatherette Phone Easel;PS10772;p-8771-grey-leatherette-phone-easel;CM296GR;;1 producto(s) PaceSetter repartidos entre varios de la tienda;;https://admin.shopify.com/store/trophy-partner/products?query=PS10772
FUSION;Large Digi Large;PS10827;p-8775-large-digi-large;CD547BEB;;1 producto(s) PaceSetter repartidos entre varios de la tienda;;https://admin.shopify.com/store/trophy-partner/products?query=PS10827
FUSION;Large Gold Halley Plaque;PS10828;p-8776-large-gold-halley-plaque;C750CLGO;;1 producto(s) PaceSetter repartidos entre varios de la tienda;;https://admin.shopify.com/store/trophy-partner/products?query=PS10828
FUSION;Large Green Halley Plaque;PS10829;p-8777-large-green-halley-plaque;C750CLGN;;1 producto(s) PaceSetter repartidos entre varios de la tienda;;https://admin.shopify.com/store/trophy-partner/products?query=PS10829
FUSION;Large Leatherette Notepad and Pen;PS10904;p-8805-large-leatherette-notepad-and-pen;CM244BL CM244BS CM244BV CM244DB CM244GR CM244LB CM244PK CM244RS CM244RW CM244TL CM244WM;;1 producto(s) PaceSetter repartidos entre varios de la tienda;;https://admin.shopify.com/store/trophy-partner/products?query=PS10904
FUSION;Large Red Halley Plaque;PS10830;p-8778-large-red-halley-plaque;C750CLR;;1 producto(s) PaceSetter repartidos entre varios de la tienda;;https://admin.shopify.com/store/trophy-partner/products?query=PS10830
FUSION;Layered Acrylic Plaque w/Black Back and Circle;PS6650;p-5968-layered-acrylic-plaque-wblack-back-and-circle;CD961BK;;1 producto(s) PaceSetter repartidos entre varios de la tienda;;https://admin.shopify.com/store/trophy-partner/products?query=PS6650
FUSION;Layered Acrylic Plaque w/Blue Back and Circle;PS10847;p-8779-layered-acrylic-plaque-wblue-back-and-circle;CD961BL;;1 producto(s) PaceSetter repartidos entre varios de la tienda;;https://admin.shopify.com/store/trophy-partner/products?query=PS10847
FUSION;Layered Acrylic Plaque w/Green and Circle;PS10848;p-8780-layered-acrylic-plaque-wgreen-and-circle;CD961GR;;1 producto(s) PaceSetter repartidos entre varios de la tienda;;https://admin.shopify.com/store/trophy-partner/products?query=PS10848
FUSION;Layered Acrylic Plaque with Orange Back and Circle Award;PS6653;p-5971-layered-acrylic-plaque-with-orange-back-and-circle-award;CD961OR;;1 producto(s) PaceSetter repartidos entre varios de la tienda;;https://admin.shopify.com/store/trophy-partner/products?query=PS6653
FUSION;Leatherette Bottle Opener;PS10860;p-8784-leatherette-bottle-opener;CM332BS CM332DB CM332GR CM332LB CM332PK CM332RD CM332RS CM332RW CM332TL CM333BS CM333DB CM333GR CM333LB CM333PK CM333RW;;2 producto(s) PaceSetter repartidos entre varios de la tienda;;https://admin.shopify.com/store/trophy-partner/products?query=PS10860
FUSION;Leatherette Cigar Case with Cutter;PS8947;p-8080-leatherette-cigar-case-with-cutter;CM372BB;;1 producto(s) PaceSetter repartidos entre varios de la tienda;;https://admin.shopify.com/store/trophy-partner/products?query=PS8947
FUSION;Leatherette Cigar Case with Cutter;PS10866;p-8787-leatherette-cigar-case-with-cutter;CM372BS CM372BV CM372DB CM372GR CM372LB CM372RV CM372RW;;1 producto(s) PaceSetter repartidos entre varios de la tienda;;https://admin.shopify.com/store/trophy-partner/products?query=PS10866
FUSION;Leatherette Golf Bag Tag with Tees;PS10735;p-8762-leatherette-golf-bag-tag-with-tees;CM723BS CM723GR CM723PK CM723RW CM723TL;;1 producto(s) PaceSetter repartidos entre varios de la tienda;;https://admin.shopify.com/store/trophy-partner/products?query=PS10735
FUSION;Leatherette Hard Business Card Case;PS8987;p-8084-leatherette-hard-business-card-case;CM243BB CM243BV CM243WM;;1 producto(s) PaceSetter repartidos entre varios de la tienda;;https://admin.shopify.com/store/trophy-partner/products?query=PS8987
FUSION;Leatherette Hard Business Card Case;PS10885;p-8796-leatherette-hard-business-card-case;CM243BS CM243DB CM243GR CM243LB CM243PK CM243RS CM243RW CM243TL;;1 producto(s) PaceSetter repartidos entre varios de la tienda;;https://admin.shopify.com/store/trophy-partner/products?query=PS10885
FUSION;Leatherette Money Clip Large;PS9014;p-8088-leatherette-money-clip-large;CM455BV;;1 producto(s) PaceSetter repartidos entre varios de la tienda;;https://admin.shopify.com/store/trophy-partner/products?query=PS9014
FUSION;Leatherette Money Clip Large;PS10897;p-8800-leatherette-money-clip-large;CM455DB CM455GR CM455LB CM455RW;;1 producto(s) PaceSetter repartidos entre varios de la tienda;;https://admin.shopify.com/store/trophy-partner/products?query=PS10897
FUSION;Leatherette Money Clip Small;PS10894;p-8799-leatherette-money-clip-small;CM455BS;;1 producto(s) PaceSetter repartidos entre varios de la tienda;;https://admin.shopify.com/store/trophy-partner/products?query=PS10894
FUSION;Leatherette Notepad and Pen Small;PS10905;p-8806-leatherette-notepad-and-pen-small;CM244BB;;1 producto(s) PaceSetter repartidos entre varios de la tienda;;https://admin.shopify.com/store/trophy-partner/products?query=PS10905
FUSION;Leatherette Oval Keychain;PS9044;p-8091-leatherette-oval-keychain;CM291BB CM291BV CM291WM;;1 producto(s) PaceSetter repartidos entre varios de la tienda;;https://admin.shopify.com/store/trophy-partner/products?query=PS9044
FUSION;Leatherette Portfolio;PS9082;p-8096-leatherette-portfolio;CM237ABB CM237ABV CM237AWM CM237BBB CM237BBV CM237BWM;;2 producto(s) PaceSetter repartidos entre varios de la tienda;;https://admin.shopify.com/store/trophy-partner/products?query=PS9082
FUSION;Leatherette Portfolio Small;PS10927;p-8815-leatherette-portfolio-small;CM237ABS CM237ACK CM237ATL CM237BBS CM237BCK CM237BTL;;2 producto(s) PaceSetter repartidos entre varios de la tienda;;https://admin.shopify.com/store/trophy-partner/products?query=PS10927
FUSION;Leatherette Portfolio with Notepad (lrg);PS10920;p-8813-leatherette-portfolio-with-notepad-lrg;CM237BBL CM237BDB CM237BGR CM237BLB CM237BPK CM237BRS CM237BRW;;1 producto(s) PaceSetter repartidos entre varios de la tienda;;https://admin.shopify.com/store/trophy-partner/products?query=PS10920
FUSION;Leatherette Portfolio with Notepad (sml);PS10921;p-8814-leatherette-portfolio-with-notepad-sml;CM237ABL CM237ADB CM237AGR CM237ALB CM237APK CM237ARS CM237ARW;;1 producto(s) PaceSetter repartidos entre varios de la tienda;;https://admin.shopify.com/store/trophy-partner/products?query=PS10921
FUSION;Leatherette Round Coaster;PS9099;p-8098-leatherette-round-coaster;CM240BB CM240BV CM240WM;;1 producto(s) PaceSetter repartidos entre varios de la tienda;;https://admin.shopify.com/store/trophy-partner/products?query=PS9099
FUSION;Leatherette Round Coaster;PS10936;p-8817-leatherette-round-coaster;CM240BS CM240DB CM240GR CM240LB CM240PK CM240RS CM240RW CM240TL;;1 producto(s) PaceSetter repartidos entre varios de la tienda;;https://admin.shopify.com/store/trophy-partner/products?query=PS10936
FUSION;Leatherette Set of 6 Round Coasters;PS10937;p-8818-leatherette-set-of-6-round-coasters;CM282DB CM282GR CM282LB CM282PK CM282RW CM282TL;;1 producto(s) PaceSetter repartidos entre varios de la tienda;;https://admin.shopify.com/store/trophy-partner/products?query=PS10937
FUSION;Leatherette Slim Large;PS10941;p-8820-leatherette-slim-large;CM292BS;;1 producto(s) PaceSetter repartidos entre varios de la tienda;;https://admin.shopify.com/store/trophy-partner/products?query=PS10941
FUSION;Leatherette Slim Small;PS10940;p-8819-leatherette-slim-small;CM292DB CM292GR CM292LB CM292RW;;1 producto(s) PaceSetter repartidos entre varios de la tienda;;https://admin.shopify.com/store/trophy-partner/products?query=PS10940
FUSION;Leatherette Square Coaster;PS10946;p-8821-leatherette-square-coaster;CM241BS CM241DB CM241GR CM241LB CM241PK CM241RS CM241RW CM241TL;;1 producto(s) PaceSetter repartidos entre varios de la tienda;;https://admin.shopify.com/store/trophy-partner/products?query=PS10946
FUSION;Leatherette Square Coasters Set;PS10947;p-8822-leatherette-square-coasters-set;CM283DB CM283GR CM283LB CM283PK CM283RW CM283TL;;1 producto(s) PaceSetter repartidos entre varios de la tienda;;https://admin.shopify.com/store/trophy-partner/products?query=PS10947
FUSION;Light & Dark Blue Art Glass on Clear Base Large;PS9146;p-8106-light-dark-blue-art-glass-on-clear-base-large;GM742A GM742B;;1 producto(s) PaceSetter repartidos entre varios de la tienda;;https://admin.shopify.com/store/trophy-partner/products?query=PS9146
FUSION;Light & Dark Blue Art Glass on Clear Base Small;PS9145;p-8105-light-dark-blue-art-glass-on-clear-base-small;GM742C;;1 producto(s) PaceSetter repartidos entre varios de la tienda;;https://admin.shopify.com/store/trophy-partner/products?query=PS9145
FUSION;Light Brown Leatherette Oval Keychain;PS10958;p-8829-light-brown-leatherette-oval-keychain;CM291LB;;1 producto(s) PaceSetter repartidos entre varios de la tienda;;https://admin.shopify.com/store/trophy-partner/products?query=PS10958
FUSION;Light Brown Leatherette Phone Easel;PS10959;p-8830-light-brown-leatherette-phone-easel;CM296LB;;1 producto(s) PaceSetter repartidos entre varios de la tienda;;https://admin.shopify.com/store/trophy-partner/products?query=PS10959
FUSION;Lucite Square & Rectangular Block Awards;PS6753;p-6071-lucite-square-rectangular-block-awards;CD549A;;1 producto(s) PaceSetter repartidos entre varios de la tienda;;https://admin.shopify.com/store/trophy-partner/products?query=PS6753
FUSION;Medium Blue Chisel Carve Tower Award;PS10984;p-8832-medium-blue-chisel-carve-tower-award;C610LBL;;1 producto(s) PaceSetter repartidos entre varios de la tienda;;https://admin.shopify.com/store/trophy-partner/products?query=PS10984
FUSION;Medium Digi;PS6763;p-6081-medium-digi;CD547AEB;;1 producto(s) PaceSetter repartidos entre varios de la tienda;;https://admin.shopify.com/store/trophy-partner/products?query=PS6763
FUSION;Medium Gold Chisel Carve Tower Award;PS6764;p-6082-medium-gold-chisel-carve-tower-award;C610LGO;;1 producto(s) PaceSetter repartidos entre varios de la tienda;;https://admin.shopify.com/store/trophy-partner/products?query=PS6764
FUSION;Medium Gold Halley Plaque;PS10987;p-8833-medium-gold-halley-plaque;C750BLGO;;1 producto(s) PaceSetter repartidos entre varios de la tienda;;https://admin.shopify.com/store/trophy-partner/products?query=PS10987
FUSION;Medium Green Halley Plaque;PS10988;p-8834-medium-green-halley-plaque;C750BLGN;;1 producto(s) PaceSetter repartidos entre varios de la tienda;;https://admin.shopify.com/store/trophy-partner/products?query=PS10988
FUSION;Medium Red Halley Plaque;PS10989;p-8835-medium-red-halley-plaque;C750BLR;;1 producto(s) PaceSetter repartidos entre varios de la tienda;;https://admin.shopify.com/store/trophy-partner/products?query=PS10989
FUSION;Optic Clear Crystal Cube Award Trophy;PS6785;p-6103-optic-clear-crystal-cube-award-trophy;GM453A GM453B GM453C;;1 producto(s) PaceSetter repartidos entre varios de la tienda;;https://admin.shopify.com/store/trophy-partner/products?query=PS6785
FUSION;Optic Clear Crystal Cube X Large Award Trophy;PS6784;p-6102-optic-clear-crystal-cube-x-large-award-trophy;GM453D;;1 producto(s) PaceSetter repartidos entre varios de la tienda;;https://admin.shopify.com/store/trophy-partner/products?query=PS6784
FUSION;Optic Clear Crystal Cube XX Large Award;PS6783;p-6101-optic-clear-crystal-cube-xx-large-award;GM453E;;1 producto(s) PaceSetter repartidos entre varios de la tienda;;https://admin.shopify.com/store/trophy-partner/products?query=PS6783
FUSION;Optic Crystal Wedge Award Large;PS9242;p-8123-optic-crystal-wedge-award-large;GI29D;;1 producto(s) PaceSetter repartidos entre varios de la tienda;;https://admin.shopify.com/store/trophy-partner/products?query=PS9242
FUSION;Optic Crystal Wedge Award Trophy;PS6825;p-6143-optic-crystal-wedge-award-trophy;GI29A GI29B GI29C;;1 producto(s) PaceSetter repartidos entre varios de la tienda;;https://admin.shopify.com/store/trophy-partner/products?query=PS6825
FUSION;Pink Leatherette Oval Keychain;PS11148;p-8843-pink-leatherette-oval-keychain;CM291PK;;1 producto(s) PaceSetter repartidos entre varios de la tienda;;https://admin.shopify.com/store/trophy-partner/products?query=PS11148
FUSION;Plaque w/ Green Marble Mist;PS11160;p-8845-plaque-w-green-marble-mist;C023AGR;;1 producto(s) PaceSetter repartidos entre varios de la tienda;;https://admin.shopify.com/store/trophy-partner/products?query=PS11160
FUSION;Polar Camel Medium;PS11166;p-8850-polar-camel-medium;CM712BL CM712DB CM712GR CM712GY CM712LB CM712LP CM712MR CM712OR CM712PK CM712PU CM712RD CM712TL CM712WH CM713BK CM731BK;;3 producto(s) PaceSetter repartidos entre varios de la tienda;;https://admin.shopify.com/store/trophy-partner/products?query=PS11166
FUSION;Polar Camel Small;PS11164;p-8848-polar-camel-small;CM713BL CM713DB CM713GR CM713GY CM713LB CM713LP CM713MR CM713OR CM713PK CM713PU CM713RD CM713TL CM713WH CM711BL CM711CR CM711DB CM711GR CM711GY CM711LB CM711LP CM711MR CM711OG CM711OR CM711PK CM711PU CM711RD CM711TL CM711WH CM711YW CM712BK CM726BL CM726CR CM726DB CM726GR CM726GY CM726LB CM726LP CM726MR CM726OR CM726PK CM726PU CM726RD CM726TL CM726WH CM726YW CM731BL CM731CR CM731DB CM731GR CM731GY;;5 producto(s) PaceSetter repartidos entre varios de la tienda;;https://admin.shopify.com/store/trophy-partner/products?query=PS11164
FUSION;Polar Camel stainless steel beverage holder. Large;PS11163;p-8847-polar-camel-stainless-steel-beverage-holder-large;CM727BL CM727CR CM727DB CM727GR CM727GY CM727LB CM727LP CM727MR CM727OR CM727PK CM727PU CM727RD CM727TL CM727WH CM727YW CM737BL CM737CR CM737DB CM737GR CM737GY CM737LB CM737LP CM737MR CM737OR CM737PK CM737PU CM737RD CM737TL CM737WH CM737YW;;2 producto(s) PaceSetter repartidos entre varios de la tienda;;https://admin.shopify.com/store/trophy-partner/products?query=PS11163
FUSION;Polar Camel stainless steel beverage holder. Small;PS11162;p-8846-polar-camel-stainless-steel-beverage-holder-small;CM727BK CM737BK;;2 producto(s) PaceSetter repartidos entre varios de la tienda;;https://admin.shopify.com/store/trophy-partner/products?query=PS11162
FUSION;Powder Coated Tumbler Large;PS11173;p-8854-powder-coated-tumbler-large;CM816BK;;1 producto(s) PaceSetter repartidos entre varios de la tienda;;https://admin.shopify.com/store/trophy-partner/products?query=PS11173
FUSION;Powder Coated Tumbler Small;PS11172;p-8853-powder-coated-tumbler-small;CM816BL CM816DB CM816MR CM816PK CM816PU CM816RD CM816TL CM816WH;;1 producto(s) PaceSetter repartidos entre varios de la tienda;;https://admin.shopify.com/store/trophy-partner/products?query=PS11172
FUSION;Premium Black Glass Tablet with Metal Stand;PS6851;p-6169-premium-black-glass-tablet-with-metal-stand;GM699B GM699C;;1 producto(s) PaceSetter repartidos entre varios de la tienda;;https://admin.shopify.com/store/trophy-partner/products?query=PS6851
FUSION;Premium Black Glass Tablet with Metal Stand Small;PS6852;p-6170-premium-black-glass-tablet-with-metal-stand-small;GM699A;;1 producto(s) PaceSetter repartidos entre varios de la tienda;;https://admin.shopify.com/store/trophy-partner/products?query=PS6852
FUSION;Premium Blue Glass Tablet with Metal Stand;PS6853;p-6171-premium-blue-glass-tablet-with-metal-stand;GM698B GM698C;;1 producto(s) PaceSetter repartidos entre varios de la tienda;;https://admin.shopify.com/store/trophy-partner/products?query=PS6853
FUSION;Premium Blue Glass Tablet with Metal Stand Small;PS6854;p-6172-premium-blue-glass-tablet-with-metal-stand-small;GM698A;;1 producto(s) PaceSetter repartidos entre varios de la tienda;;https://admin.shopify.com/store/trophy-partner/products?query=PS6854
FUSION;Purple Chisel Carve Tower Award;PS9309;p-8147-purple-chisel-carve-tower-award;C701LPU;;1 producto(s) PaceSetter repartidos entre varios de la tienda;;https://admin.shopify.com/store/trophy-partner/products?query=PS9309
FUSION;Purple Chisel Carve Tower Award on Base;PS6864;p-6182-purple-chisel-carve-tower-award-on-base;C701BLPU;;1 producto(s) PaceSetter repartidos entre varios de la tienda;;https://admin.shopify.com/store/trophy-partner/products?query=PS6864
FUSION;Rawhide Leatherette Oval Keychain;PS11203;p-8856-rawhide-leatherette-oval-keychain;CM291RW;;1 producto(s) PaceSetter repartidos entre varios de la tienda;;https://admin.shopify.com/store/trophy-partner/products?query=PS11203
FUSION;Rawhide Leatherette Phone Easel;PS11204;p-8857-rawhide-leatherette-phone-easel;CM296RW;;1 producto(s) PaceSetter repartidos entre varios de la tienda;;https://admin.shopify.com/store/trophy-partner/products?query=PS11204
FUSION;Rectangle Etched Edge Crystal with Layered Base;PS6872;p-6190-rectangle-etched-edge-crystal-with-layered-base;GM731A GM731B;;1 producto(s) PaceSetter repartidos entre varios de la tienda;;https://admin.shopify.com/store/trophy-partner/products?query=PS6872
FUSION;Rectangle Etched Edge Crystal with Layered Base Large;PS6871;p-6189-rectangle-etched-edge-crystal-with-layered-base-large;GM731C;;1 producto(s) PaceSetter repartidos entre varios de la tienda;;https://admin.shopify.com/store/trophy-partner/products?query=PS6871
FUSION;Red Acrylic Color Drops Award;PS9325;p-8153-red-acrylic-color-drops-award;CD1101AR CD1101BR;;2 producto(s) PaceSetter repartidos entre varios de la tienda;;https://admin.shopify.com/store/trophy-partner/products?query=PS9325
FUSION;Red Arched Brilliance Award on Clear Base;PS6874;p-6192-red-arched-brilliance-award-on-clear-base;CD636R;;1 producto(s) PaceSetter repartidos entre varios de la tienda;;https://admin.shopify.com/store/trophy-partner/products?query=PS6874
FUSION;Red Cascade Carved Acrylic Award;PS9330;p-8154-red-cascade-carved-acrylic-award;CD1217RD;;1 producto(s) PaceSetter repartidos entre varios de la tienda;;https://admin.shopify.com/store/trophy-partner/products?query=PS9330
FUSION;Red Chisel Carve Tower Award on Base;PS6878;p-6196-red-chisel-carve-tower-award-on-base;C701BLRE;;1 producto(s) PaceSetter repartidos entre varios de la tienda;;https://admin.shopify.com/store/trophy-partner/products?query=PS6878
FUSION;Red Deco Lucite Peak On Marble Base Award Trophy;PS6880;p-6198-red-deco-lucite-peak-on-marble-base-award-trophy;CD854AR CD854BR;;1 producto(s) PaceSetter repartidos entre varios de la tienda;;https://admin.shopify.com/store/trophy-partner/products?query=PS6880
FUSION;Red Designs Deco Lucite Tablet Award Trophy;PS6881;p-6199-red-designs-deco-lucite-tablet-award-trophy;CD852AR CD852BR;;1 producto(s) PaceSetter repartidos entre varios de la tienda;;https://admin.shopify.com/store/trophy-partner/products?query=PS6881
FUSION;Red Marble Florentine Plate on Ebony Board;PS9339;p-8156-red-marble-florentine-plate-on-ebony-board;CD414AREF CD414BREF;;1 producto(s) PaceSetter repartidos entre varios de la tienda;;https://admin.shopify.com/store/trophy-partner/products?query=PS9339
FUSION;Red Marble Florentine Plate on Walnut Finish Board;PS11238;p-8858-red-marble-florentine-plate-on-walnut-finish-board;CD414ARWF CD414BRWF;;1 producto(s) PaceSetter repartidos entre varios de la tienda;;https://admin.shopify.com/store/trophy-partner/products?query=PS11238
FUSION;Red Plaque w/ Marble Mist Small;PS6887;p-6205-red-plaque-w-marble-mist-small;C023BR;;1 producto(s) PaceSetter repartidos entre varios de la tienda;;https://admin.shopify.com/store/trophy-partner/products?query=PS6887
FUSION;Red Plaque with Marble Mist Large;PS6888;p-6206-red-plaque-with-marble-mist-large;C023AR;;1 producto(s) PaceSetter repartidos entre varios de la tienda;;https://admin.shopify.com/store/trophy-partner/products?query=PS6888
FUSION;Red Spectrum Chisel Carved Tower Award;PS6890;p-6208-red-spectrum-chisel-carved-tower-award;C701LRE;;1 producto(s) PaceSetter repartidos entre varios de la tienda;;https://admin.shopify.com/store/trophy-partner/products?query=PS6890
FUSION;Red Teardrop Art Glass;PS9346;p-8158-red-teardrop-art-glass;GM805R;;1 producto(s) PaceSetter repartidos entre varios de la tienda;;https://admin.shopify.com/store/trophy-partner/products?query=PS9346
FUSION;Rose Leatherette Oval Keychain;PS11251;p-8859-rose-leatherette-oval-keychain;CM291RS;;1 producto(s) PaceSetter repartidos entre varios de la tienda;;https://admin.shopify.com/store/trophy-partner/products?query=PS11251
FUSION;Silver Metal Trophy Cup;PS6928;p-6246-silver-metal-trophy-cup;CM401AS CM401BS CM401CS;;1 producto(s) PaceSetter repartidos entre varios de la tienda;;https://admin.shopify.com/store/trophy-partner/products?query=PS6928
FUSION;Silver Star Self-Standing Plaque;PS6931;p-6249-silver-star-self-standing-plaque;C0642S;;1 producto(s) PaceSetter repartidos entre varios de la tienda;;https://admin.shopify.com/store/trophy-partner/products?query=PS6931
FUSION;Simplicity Plate on Ebony Board;PS11328;p-8873-simplicity-plate-on-ebony-board;C076BB C076BGO C076BR C076BS;;1 producto(s) PaceSetter repartidos entre varios de la tienda;;https://admin.shopify.com/store/trophy-partner/products?query=PS11328
FUSION;Simplicity Plate on Ebony Board Plaque;PS6938;p-6256-simplicity-plate-on-ebony-board-plaque;C076AB C076AGO C076AR C076AS;;1 producto(s) PaceSetter repartidos entre varios de la tienda;;https://admin.shopify.com/store/trophy-partner/products?query=PS6938
FUSION;Simplicity Plate on Walnut Finish Board;PS11333;p-8874-simplicity-plate-on-walnut-finish-board;C075BB C075BGO C075BR C075BS;;1 producto(s) PaceSetter repartidos entre varios de la tienda;;https://admin.shopify.com/store/trophy-partner/products?query=PS11333
FUSION;Simplicity Plate on Walnut Finish Board Plaque;PS6940;p-6258-simplicity-plate-on-walnut-finish-board-plaque;C075AB C075AGO C075AR C075AS;;1 producto(s) PaceSetter repartidos entre varios de la tienda;;https://admin.shopify.com/store/trophy-partner/products?query=PS6940
FUSION;Slide-in Certificate Ebony Plaque Ebony in Mailer Box;PS6948;p-6266-slide-in-certificate-ebony-plaque-ebony-in-mailer-box;CD120M;;repunte a CD120G, pero ya lo reclama otro producto;;https://admin.shopify.com/store/trophy-partner/products?query=PS6948
FUSION;Slide-in Certificate Walnut Plaque in Gift Box;PS6952;p-6270-slide-in-certificate-walnut-plaque-in-gift-box;C4801AAG C4801AG C4801BG C4801CG;;4 producto(s) PaceSetter repartidos entre varios de la tienda;;https://admin.shopify.com/store/trophy-partner/products?query=PS6952
FUSION;Slide-in Certificate Walnut Plaque in Mailer Box;PS6953;p-6271-slide-in-certificate-walnut-plaque-in-mailer-box;C4801AAM C4801AM C4801BM C4801CM;;4 producto(s) PaceSetter repartidos entre varios de la tienda;;https://admin.shopify.com/store/trophy-partner/products?query=PS6953
FUSION;Small Gold Halley Plaque;PS11360;p-8876-small-gold-halley-plaque;C750ALGO;;1 producto(s) PaceSetter repartidos entre varios de la tienda;;https://admin.shopify.com/store/trophy-partner/products?query=PS11360
FUSION;Small Green Halley Plaque;PS11361;p-8877-small-green-halley-plaque;C750ALGN;;1 producto(s) PaceSetter repartidos entre varios de la tienda;;https://admin.shopify.com/store/trophy-partner/products?query=PS11361
FUSION;Small Red Halley Plaque;PS11362;p-8878-small-red-halley-plaque;C750ALR;;1 producto(s) PaceSetter repartidos entre varios de la tienda;;https://admin.shopify.com/store/trophy-partner/products?query=PS11362
FUSION;Tahoe Stemless Cocktail Tumbler;PS11414;p-8884-tahoe-stemless-cocktail-tumbler;CM745BK CM745BL CM745DB CM745LB CM745LP CM745PU;;1 producto(s) PaceSetter repartidos entre varios de la tienda;;https://admin.shopify.com/store/trophy-partner/products?query=PS11414
FUSION;Tahoe Stemless Cocktail Tumblers;PS11415;p-8885-tahoe-stemless-cocktail-tumblers;CM745PK CM745RD CM745TL;;1 producto(s) PaceSetter repartidos entre varios de la tienda;;https://admin.shopify.com/store/trophy-partner/products?query=PS11415
FUSION;Tahoe Travel Mug;PS11416;p-8886-tahoe-travel-mug;CM747LB CM746LB;;2 producto(s) PaceSetter repartidos entre varios de la tienda;;https://admin.shopify.com/store/trophy-partner/products?query=PS11416
FUSION;Tahoe Travel Tumbler;PS11417;p-8887-tahoe-travel-tumbler;CM747BK CM747BL CM747DB CM747LP CM747OR CM747PK CM747PU CM747RD CM746BK CM746BL CM746DB CM746LP CM746OR CM746PK CM746PU CM746RD;;2 producto(s) PaceSetter repartidos entre varios de la tienda;;https://admin.shopify.com/store/trophy-partner/products?query=PS11417
FUSION;Teal Chisel Carve Tower Award;PS11425;p-8891-teal-chisel-carve-tower-award;C701LTE;;1 producto(s) PaceSetter repartidos entre varios de la tienda;;https://admin.shopify.com/store/trophy-partner/products?query=PS11425
FUSION;Teal Chisel Carve Tower Award on Base;PS11424;p-8890-teal-chisel-carve-tower-award-on-base;C701BLTE;;1 producto(s) PaceSetter repartidos entre varios de la tienda;;https://admin.shopify.com/store/trophy-partner/products?query=PS11424
FUSION;Walnut Certificate Frame with Gold Metallized Accent;PS7003;p-6321-walnut-certificate-frame-with-gold-metallized-accent;C4802WG;;1 producto(s) PaceSetter repartidos entre varios de la tienda;;https://admin.shopify.com/store/trophy-partner/products?query=PS7003
FUSION;Walnut Double Row Challenge Coin Display;PS9544;p-8218-walnut-double-row-challenge-coin-display;CM754B;;1 producto(s) PaceSetter repartidos entre varios de la tienda;;https://admin.shopify.com/store/trophy-partner/products?query=PS9544
FUSION;Walnut Finish  Digi;PS7004;p-6322-walnut-finish-digi;CD547CWN;;1 producto(s) PaceSetter repartidos entre varios de la tienda;;https://admin.shopify.com/store/trophy-partner/products?query=PS7004
FUSION;Walnut Finish Certificate/Overlay Plaque in Gift Box;PS7006;p-6324-walnut-finish-certificateoverlay-plaque-in-gift-box;C3501AWNG C3501BWNG C3501CWNG;;2 producto(s) PaceSetter repartidos entre varios de la tienda;;https://admin.shopify.com/store/trophy-partner/products?query=PS7006
FUSION;Walnut Finish Certificate/Overlay Plaque in Mailer Box;PS7007;p-6325-walnut-finish-certificateoverlay-plaque-in-mailer-box;C3501AWNM C3501BWNM C3501CWNM C3501AWM C3501BWM;;2 producto(s) PaceSetter repartidos entre varios de la tienda;;https://admin.shopify.com/store/trophy-partner/products?query=PS7007
FUSION;Walnut Finish Digi;PS7008;p-6326-walnut-finish-digi;CD547AWN CD547BWN;;2 producto(s) PaceSetter repartidos entre varios de la tienda;;https://admin.shopify.com/store/trophy-partner/products?query=PS7008
FUSION;Walnut Finish Plaque with Black Florentine;PS9563;p-8219-walnut-finish-plaque-with-black-florentine;C071ASWF;;1 producto(s) PaceSetter repartidos entre varios de la tienda;;https://admin.shopify.com/store/trophy-partner/products?query=PS9563
FUSION;Walnut Finish Plaque with Black Florentine;PS11512;p-8898-walnut-finish-plaque-with-black-florentine;C071BSWF;;1 producto(s) PaceSetter repartidos entre varios de la tienda;;https://admin.shopify.com/store/trophy-partner/products?query=PS11512
FUSION;Walnut Finish Plaque with Black Florentine Plate;PS7011;p-6329-walnut-finish-plaque-with-black-florentine-plate;C071AGOWF C071BGOWF;;2 producto(s) PaceSetter repartidos entre varios de la tienda;;https://admin.shopify.com/store/trophy-partner/products?query=PS7011
FUSION;Walnut Finish Plaque with Marble Mist Plate;PS11513;p-8899-walnut-finish-plaque-with-marble-mist-plate;C021ABWF C021AGWF C021ARWF C021BBWF C021BGWF C021BRWF;;2 producto(s) PaceSetter repartidos entre varios de la tienda;;https://admin.shopify.com/store/trophy-partner/products?query=PS11513
FUSION;Walnut Quadruple Row Challenge Coin Display;PS9574;p-8220-walnut-quadruple-row-challenge-coin-display;CM754D;;1 producto(s) PaceSetter repartidos entre varios de la tienda;;https://admin.shopify.com/store/trophy-partner/products?query=PS9574
FUSION;Walnut Triple Row Challenge Coin Display;PS9576;p-8222-walnut-triple-row-challenge-coin-display;CM754C;;1 producto(s) PaceSetter repartidos entre varios de la tienda;;https://admin.shopify.com/store/trophy-partner/products?query=PS9576
LISTO;2-Layer Multi-Dimensional Digi-Color Award;PS6016;p-5334-2-layer-multi-dimensional-digi-color-award;DCC0501A DCC0501B;DCC0501A DCC0501B;;2 variantes;https://admin.shopify.com/store/trophy-partner/products?query=PS6016
LISTO;2-Tone Bamboo Cutting Board;PS6018;p-5336-2-tone-bamboo-cutting-board;CM419A CM419B;CM419A CM419B;;2 variantes;https://admin.shopify.com/store/trophy-partner/products?query=PS6018
LISTO;Aquus Lucite Peak Award;PS6064;p-5382-aquus-lucite-peak-award;CDUS02A CDUS02B;CDUS02A CDUS02B;;2 variantes;https://admin.shopify.com/store/trophy-partner/products?query=PS6064
LISTO;Aquus Series Lucite Tablet Award;PS6066;p-5384-aquus-series-lucite-tablet-award;CDUS01A CDUS01B;CDUS01A CDUS01B;;2 variantes;https://admin.shopify.com/store/trophy-partner/products?query=PS6066
LISTO;Ashbourne Series Diamond On Base;PS6077;p-5395-ashbourne-series-diamond-on-base;GM410A GM410B GM410C;GM410A GM410B GM410C;;3 variantes;https://admin.shopify.com/store/trophy-partner/products?query=PS6077
LISTO;Avignon Crescents Beveled Jade Glass Plaque Award Trophy;PS6079;p-5397-avignon-crescents-beveled-jade-glass-plaque-award-trophy;GM456A GM456B;GM456A GM456B;;2 variantes;https://admin.shopify.com/store/trophy-partner/products?query=PS6079
LISTO;Bamboo Cutting Board with Handle Cutout;PS6082;p-5400-bamboo-cutting-board-with-handle-cutout;CM418 CM417A CM417B;CM418;arrastra 2 id(s) muerto(s): CM417A CM417B;1 variantes;https://admin.shopify.com/store/trophy-partner/products?query=PS6082
LISTO;Beveled Crystal Circle Award Trophy;PS8174;p-7864-beveled-crystal-circle-award-trophy;GM757B GM757C;GM757B GM757C;;2 variantes;https://admin.shopify.com/store/trophy-partner/products?query=PS8174
LISTO;Beveled Jade Glass Award Plaque;PS6078;p-5396-beveled-jade-glass-award-plaque;GM456C GM456D;GM456C GM456D;;2 variantes;https://admin.shopify.com/store/trophy-partner/products?query=PS6078
LISTO;Beveled Jade Glass Crescent Plaque;PS6104;p-5422-beveled-jade-glass-crescent-plaque;GM665A GM665B GM665C GM665D;GM665A GM665B GM665C GM665D;;4 variantes;https://admin.shopify.com/store/trophy-partner/products?query=PS6104
LISTO;Beveled Jade Glass Crescent Plaque Small;PS8188;p-7869-beveled-jade-glass-crescent-plaque-small;GM823C GM823D GM823E;GM823C GM823D GM823E;;3 variantes;https://admin.shopify.com/store/trophy-partner/products?query=PS8188
LISTO;Black Diamond Carve Lucite Award;PS8213;p-7878-black-diamond-carve-lucite-award;CD1103A CD1103B;CD1103A CD1103B;;2 variantes;https://admin.shopify.com/store/trophy-partner/products?query=PS8213
LISTO;Blue Award with Clear Lucite Base;PS6157;p-5475-blue-award-with-clear-lucite-base;C0613 C0614;C0613 C0614;;2 variantes;https://admin.shopify.com/store/trophy-partner/products?query=PS6157
LISTO;Blue Steel Contoured Lucite;PS10113;p-8722-blue-steel-contoured-lucite;EP25PKG EP25;EP25;arrastra 1 id(s) muerto(s): EP25PKG;1 variantes;https://admin.shopify.com/store/trophy-partner/products?query=PS10113
LISTO;Bold Clear Crystal Facet Oval;PS10120;p-8723-bold-clear-crystal-facet-oval;GI647A GI647B GI647C;GI647A GI647B GI647C;;3 variantes;https://admin.shopify.com/store/trophy-partner/products?query=PS10120
LISTO;Bold Clear Crystal Wedge Award;PS6208;p-5526-bold-clear-crystal-wedge-award;GI635A GI635B;GI635A GI635B;;2 variantes;https://admin.shopify.com/store/trophy-partner/products?query=PS6208
LISTO;Bronze Resin Eagle with Crystal Tablet Trophy;PS6213;p-5531-bronze-resin-eagle-with-crystal-tablet-trophy;GM549 RFB806;GM549;arrastra 1 id(s) muerto(s): RFB806;1 variantes;https://admin.shopify.com/store/trophy-partner/products?query=PS6213
LISTO;Carved Flame with Blue Accent Award;PS8335;p-7909-carved-flame-with-blue-accent-award;GM822A GM822B;GM822A GM822B;;2 variantes;https://admin.shopify.com/store/trophy-partner/products?query=PS8335
LISTO;Clear Beveled Arrowhead Award on Base;PS6268;p-5586-clear-beveled-arrowhead-award-on-base;GM716A GM716B GM716C;GM716A GM716B GM716C;;3 variantes;https://admin.shopify.com/store/trophy-partner/products?query=PS6268
LISTO;Clear Crystal Star Award on Base;PS6277;p-5595-clear-crystal-star-award-on-base;GM711A GM711B GM711C;GM711A GM711B GM711C;;3 variantes;https://admin.shopify.com/store/trophy-partner/products?query=PS6277
LISTO;Clear Crystal Wave Small;PS8394;p-7928-clear-crystal-wave-small;GM817B GM817C;GM817B GM817C;;2 variantes;https://admin.shopify.com/store/trophy-partner/products?query=PS8394
LISTO;Clear Monolith with Blue Insert;PS8412;p-7934-clear-monolith-with-blue-insert;GM748A GM748B;GM748A GM748B;;2 variantes;https://admin.shopify.com/store/trophy-partner/products?query=PS8412
LISTO;Clear Star Award with Blue Triangle Base;PS8418;p-7935-clear-star-award-with-blue-triangle-base;GM746A GM746B;GM746A GM746B;;2 variantes;https://admin.shopify.com/store/trophy-partner/products?query=PS8418
LISTO;Clear Swoop  with Black & Clear Base Large;PS8420;p-7937-clear-swoop-with-black-clear-base-large;GM811A GM811B;GM811A GM811B;;2 variantes;https://admin.shopify.com/store/trophy-partner/products?query=PS8420
LISTO;Clear Swoop with Black Accent;PS8421;p-7938-clear-swoop-with-black-accent;GM812A GM812B GM812C;GM812A GM812B GM812C;;3 variantes;https://admin.shopify.com/store/trophy-partner/products?query=PS8421
LISTO;Cobalt and Clear Optic Crystal Ribbon Award;PS6294;p-5612-cobalt-and-clear-optic-crystal-ribbon-award;GM714A GM714B GM714C;GM714A GM714B GM714C;;3 variantes;https://admin.shopify.com/store/trophy-partner/products?query=PS6294
LISTO;Crimson Border Beveled Lucite;PS10294;p-8736-crimson-border-beveled-lucite;EP23PKG EP23;EP23;arrastra 1 id(s) muerto(s): EP23PKG;1 variantes;https://admin.shopify.com/store/trophy-partner/products?query=PS10294
LISTO;Crystal Column Sports Award with Ball;PS8464;p-7951-crystal-column-sports-award-with-ball;GM833B GM833L GM833M GM833A GM833D GM833H GM833J GM833G GM833F GM833K GM833C GM833I GM833E;GM833B GM833L GM833M GM833A GM833D GM833H GM833J GM833G GM833K GM833C GM833I GM833E;"arrastra 1 id(s) muerto(s): GM833F; agrupa artículos PaceSetter distintos";12 variantes;https://admin.shopify.com/store/trophy-partner/products?query=PS8464
LISTO;Crystal Octagon;PS8474;p-7956-crystal-octagon;GM756A GM756B GM756C;GM756A GM756B GM756C;;3 variantes;https://admin.shopify.com/store/trophy-partner/products?query=PS8474
LISTO;Crystal Reaching Arch Award on Glass Base;PS6330;p-5648-crystal-reaching-arch-award-on-glass-base;GI524A GI524B;GI524A GI524B;;2 variantes;https://admin.shopify.com/store/trophy-partner/products?query=PS6330
LISTO;Crystal Sports Tower;PS8501;p-7964-crystal-sports-tower;GM832G GM832E GM832Q GM832B GM832L GM832J GM832K GM806C GM832C GM832M GM806D GM832I GM832D GM832N GM832A GM832H GM832O GM832P GM806E;GM832G GM832E GM832Q GM832B GM832L GM832J GM832K GM806C GM832C GM832M GM806D GM832I GM832D GM832N GM832A GM832H GM832O GM832P GM806E;agrupa artículos PaceSetter distintos;19 variantes;https://admin.shopify.com/store/trophy-partner/products?query=PS8501
LISTO;Crystal Tablet with Subsurface Star Streams Award;PS6339;p-5657-crystal-tablet-with-subsurface-star-streams-award;GI658 GI657 GI657B;GI657 GI657B;arrastra 1 id(s) muerto(s): GI658;2 variantes;https://admin.shopify.com/store/trophy-partner/products?query=PS6339
LISTO;Crystal Tower Award;PS8502;p-7965-crystal-tower-award;GM806A GM806B;GM806A GM806B;;2 variantes;https://admin.shopify.com/store/trophy-partner/products?query=PS8502
LISTO;Crystal with Metal Stars Topped Tower Award;PS6355;p-5673-crystal-with-metal-stars-topped-tower-award;GM562B GM562C;GM562B GM562C;;2 variantes;https://admin.shopify.com/store/trophy-partner/products?query=PS6355
LISTO;Custom Lasercut Lucite Awards on Black Base;PS6000;p-5318-custom-lasercut-lucite-awards-on-black-base;CD561B CD561C CD561D CD561E;CD561B CD561C CD561D CD561E;;4 variantes;https://admin.shopify.com/store/trophy-partner/products?query=PS6000
LISTO;Custom Layered Lasercut Awards;PS6655;p-5973-custom-layered-lasercut-awards;CD571B CD571C;CD571B CD571C;;2 variantes;https://admin.shopify.com/store/trophy-partner/products?query=PS6655
LISTO;Deep Beveled Back On Base;PS6365;p-5683-deep-beveled-back-on-base;GM411A GM411B GM411C;GM411A GM411B GM411C;;3 variantes;https://admin.shopify.com/store/trophy-partner/products?query=PS6365
LISTO;Diamond Bevel Glass and Marble Pillar Base Award;PS6367;p-5685-diamond-bevel-glass-and-marble-pillar-base-award;GM726A GM726B;GM726A GM726B;;2 variantes;https://admin.shopify.com/store/trophy-partner/products?query=PS6367
LISTO;Diamond Columns;PS8541;p-7974-diamond-columns;GM818A GM818B GM818C;GM818A GM818B GM818C;;3 variantes;https://admin.shopify.com/store/trophy-partner/products?query=PS8541
LISTO;Diamond Glass Award On Chrome Base;PS6353;p-5671-diamond-glass-award-on-chrome-base;GI27A GI27B;GI27A GI27B;;2 variantes;https://admin.shopify.com/store/trophy-partner/products?query=PS6353
LISTO;Ebony Finish 12-Plt Layered Blue and Silver Border Plaque with Easy Perpetual Plate Release Program;PS10982;p-8831-ebony-finish-12-plt-layered-blue-and-silver-border-plaque-with-easy-perpetual-plate-release-program;EP9 EP9PK;EP9 EP9PK;;2 variantes;https://admin.shopify.com/store/trophy-partner/products?query=PS10982
LISTO;Ebony Plaque with Raised Starphire Glass;PS6389;p-5707-ebony-plaque-with-raised-starphire-glass;G0655A G0655B;G0655A G0655B;;2 variantes;https://admin.shopify.com/store/trophy-partner/products?query=PS6389
LISTO;Etched Premium Standing Jade Tablet Large;PS6402;p-5720-etched-premium-standing-jade-tablet-large;GM446A GM446B;GM446A GM446B;;2 variantes;https://admin.shopify.com/store/trophy-partner/products?query=PS6402
LISTO;Faceted Circle Wedge on Slant Side Base Large;PS8593;p-7987-faceted-circle-wedge-on-slant-side-base-large;GM815A GM815B;GM815A GM815B;;2 variantes;https://admin.shopify.com/store/trophy-partner/products?query=PS8593
LISTO;Faceted Edge Circle Award on Slant Base;PS8597;p-7990-faceted-edge-circle-award-on-slant-base;GM814A GM814B GM814C;GM814A GM814B GM814C;;3 variantes;https://admin.shopify.com/store/trophy-partner/products?query=PS8597
LISTO;Florence Series Faceted Crystal Circle Award;PS6410;p-5728-florence-series-faceted-crystal-circle-award;GM615A GM615B GM615C;GM615A GM615B GM615C;;3 variantes;https://admin.shopify.com/store/trophy-partner/products?query=PS6410
LISTO;Glass Droplets Indigo Stream Art Glass Award;PS6555;p-5873-glass-droplets-indigo-stream-art-glass-award;GM435B GM435C;GM435B GM435C;;2 variantes;https://admin.shopify.com/store/trophy-partner/products?query=PS6555
LISTO;Glass Shield w/ Diamond On Base;PS6557;p-5875-glass-shield-w-diamond-on-base;GM617A GM617B GM617C;GM617A GM617B GM617C;;3 variantes;https://admin.shopify.com/store/trophy-partner/products?query=PS6557
LISTO;Gold Finish Plastic Cup on Marble Base;PS8775;p-8052-gold-finish-plastic-cup-on-marble-base;CM715AB CM715AK CM715AR CM715BB CM715BK CM715BR;CM715BR;arrastra 5 id(s) muerto(s): CM715AB CM715AK CM715AR CM715BB CM715BK;1 variantes;https://admin.shopify.com/store/trophy-partner/products?query=PS8775
LISTO;Grooved Brilliance Plaque;PS6603;p-5921-grooved-brilliance-plaque;CD959G CD959S;CD959G CD959S;;2 variantes;https://admin.shopify.com/store/trophy-partner/products?query=PS6603
LISTO;Highflying Bronze Eagle with Flag and Glass Award;PS6608;p-5926-highflying-bronze-eagle-with-flag-and-glass-award;CD446 RFB805;CD446;arrastra 1 id(s) muerto(s): RFB805;1 variantes;https://admin.shopify.com/store/trophy-partner/products?query=PS6608
LISTO;Jade Faceted Circle Award Trophy;PS6614;p-5932-jade-faceted-circle-award-trophy;GM663A GM663B GM663C;GM663A GM663B GM663C;;3 variantes;https://admin.shopify.com/store/trophy-partner/products?query=PS6614
LISTO;Jade Faceted Flame Award Trophy;PS6616;p-5934-jade-faceted-flame-award-trophy;GM662A GM662B GM662C;GM662A GM662B GM662C;;3 variantes;https://admin.shopify.com/store/trophy-partner/products?query=PS6616
LISTO;Jade Glass Circle On Base;PS6618;p-5936-jade-glass-circle-on-base;GI496A GI496B;GI496A GI496B;;2 variantes;https://admin.shopify.com/store/trophy-partner/products?query=PS6618
LISTO;Jade Glass Slant Peak On Base Award Trophy;PS6626;p-5944-jade-glass-slant-peak-on-base-award-trophy;GI527A GI527B GI527C;GI527A GI527B GI527C;;3 variantes;https://admin.shopify.com/store/trophy-partner/products?query=PS6626
LISTO;Jade Glass Star Crescent Award Trophy;PS6628;p-5946-jade-glass-star-crescent-award-trophy;GM668A GM668B;GM668A GM668B;;2 variantes;https://admin.shopify.com/store/trophy-partner/products?query=PS6628
LISTO;Laser Carved Alder Wood Plaque;PS6640;p-5958-laser-carved-alder-wood-plaque;CD83A CD83B;CD83A CD83B;;2 variantes;https://admin.shopify.com/store/trophy-partner/products?query=PS6640
LISTO;Laser Etched Premium Flame On Base;PS6641;p-5959-laser-etched-premium-flame-on-base;GM442A GM442B GM442C;GM442A GM442B GM442C;;3 variantes;https://admin.shopify.com/store/trophy-partner/products?query=PS6641
LISTO;Laser Etched Premium Octagon On Base Small;PS6642;p-5960-laser-etched-premium-octagon-on-base-small;GM444B GM444C;GM444B GM444C;;2 variantes;https://admin.shopify.com/store/trophy-partner/products?query=PS6642
LISTO;Leatherette Certificate Holder;PS10864;p-8786-leatherette-certificate-holder;CM326BL CM326BS CM326DB CM326GR CM326LB CM326PK CM326RS CM326RW;CM326BS CM326DB CM326GR CM326RS CM326RW;arrastra 3 id(s) muerto(s): CM326BL CM326LB CM326PK;5 variantes;https://admin.shopify.com/store/trophy-partner/products?query=PS10864
LISTO;Leatherette Flask Gift Set;PS10874;p-8792-leatherette-flask-gift-set;CM450BS CM450DB CM450GR CM450LB CM450PK CM450RW CM450TL;CM450BS CM450DB CM450GR CM450PK CM450RW;arrastra 2 id(s) muerto(s): CM450LB CM450TL;5 variantes;https://admin.shopify.com/store/trophy-partner/products?query=PS10874
LISTO;Leatherette on Steel Shot Glass;PS10906;p-8807-leatherette-on-steel-shot-glass;CM373BS CM373BV CM373DB CM373GR CM373LB CM373PK CM373RV CM373RW CM373TL;CM373BS CM373BV CM373DB CM373GR CM373LB CM373PK CM373RW CM373TL;arrastra 1 id(s) muerto(s): CM373RV;8 variantes;https://admin.shopify.com/store/trophy-partner/products?query=PS10906
LISTO;Modern Flame Clear Crystal Award;PS9176;p-8113-modern-flame-clear-crystal-award;GM816A GM816B GM816C;GM816A GM816B GM816C;;3 variantes;https://admin.shopify.com/store/trophy-partner/products?query=PS9176
LISTO;Octagon Tower;PS11021;p-8836-octagon-tower;GI23A GI23B GI23C;GI23A GI23B GI23C;;3 variantes;https://admin.shopify.com/store/trophy-partner/products?query=PS11021
LISTO;Optic Crystal Circular Wedge Award;PS11046;p-8838-optic-crystal-circular-wedge-award;GI30A GI30B GI30C;GI30A GI30B GI30C;;3 variantes;https://admin.shopify.com/store/trophy-partner/products?query=PS11046
LISTO;Optic Crystal Globe On Base Award Trophy;PS6801;p-6119-optic-crystal-globe-on-base-award-trophy;G0713A G0713B;G0713A G0713B;;2 variantes;https://admin.shopify.com/store/trophy-partner/products?query=PS6801
LISTO;Optic Crystal Obelisk;PS6805;p-6123-optic-crystal-obelisk;GI26A GI26B;GI26A GI26B;;2 variantes;https://admin.shopify.com/store/trophy-partner/products?query=PS6805
LISTO;Optic Crystal Palace Award Trophy;PS6807;p-6125-optic-crystal-palace-award-trophy;GM713A GM713B GM713C;GM713A GM713B GM713C;;3 variantes;https://admin.shopify.com/store/trophy-partner/products?query=PS6807
LISTO;Optic Crystal Pyramid Award Trophy;PS6403;p-5721-optic-crystal-pyramid-award-trophy;GNS180A GNS180B GNS180C;GNS180A GNS180B GNS180C;;3 variantes;https://admin.shopify.com/store/trophy-partner/products?query=PS6403
LISTO;Optic Crystal Rectangle Award;PS11079;p-8840-optic-crystal-rectangle-award;GI491A GI491B;GI491A GI491B;;2 variantes;https://admin.shopify.com/store/trophy-partner/products?query=PS11079
LISTO;Optic Crystal Triangle Front Pillar;PS6821;p-6139-optic-crystal-triangle-front-pillar;GM631A GM631B;GM631A GM631B;;2 variantes;https://admin.shopify.com/store/trophy-partner/products?query=PS6821
LISTO;Optic Crystal With Blue Glass Pillars;PS6828;p-6146-optic-crystal-with-blue-glass-pillars;GM422B GM422C;GM422B GM422C;;2 variantes;https://admin.shopify.com/store/trophy-partner/products?query=PS6828
LISTO;Phone Holder;PS9267;p-8133-phone-holder;PH04 PH07MR PH13E;PH04;arrastra 2 id(s) muerto(s): PH07MR PH13E;1 variantes;https://admin.shopify.com/store/trophy-partner/products?query=PS9267
LISTO;Portable Wine Rack;PS9285;p-8142-portable-wine-rack;CM756A CM756B;CM756A CM756B;;2 variantes;https://admin.shopify.com/store/trophy-partner/products?query=PS9285
LISTO;Promo Glass Award with Mirror and Texture Accent on Clear Base;PS6863;p-6181-promo-glass-award-with-mirror-and-texture-accent-on-clear-base;GM728A GM729A GM728B GM729B;GM728A GM729A GM728B GM729B;;4 variantes;https://admin.shopify.com/store/trophy-partner/products?query=PS6863
LISTO;Promo Glass Clear Leaf Award on Black and Clear Base;PS6862;p-6180-promo-glass-clear-leaf-award-on-black-and-clear-base;GM715A GM715B GM715C;GM715A GM715C;arrastra 1 id(s) muerto(s): GM715B;3 variantes;https://admin.shopify.com/store/trophy-partner/products?query=PS6862
LISTO;Puzzle Piece Awards;PS9311;p-8149-puzzle-piece-awards;CD1050A CD1050B CD1050C;CD1050A CD1050B CD1050C;agrupa artículos PaceSetter distintos;3 variantes;https://admin.shopify.com/store/trophy-partner/products?query=PS9311
LISTO;Raised Lucite Silver Swirl Perpetual Plaque;PS11202;p-8855-raised-lucite-silver-swirl-perpetual-plaque;EP10 EP10PKG;EP10 EP10PKG;;2 variantes;https://admin.shopify.com/store/trophy-partner/products?query=PS11202
LISTO;Rectangle Bevel Glass Award and Marble Pillar Base;PS6870;p-6188-rectangle-bevel-glass-award-and-marble-pillar-base;GM725A GM725B;GM725A GM725B;;2 variantes;https://admin.shopify.com/store/trophy-partner/products?query=PS6870
LISTO;Rosewood Plaque w/ Raised Starphire Glass;PS6897;p-6215-rosewood-plaque-w-raised-starphire-glass;G0656A G0656B;G0656A G0656B;;2 variantes;https://admin.shopify.com/store/trophy-partner/products?query=PS6897
LISTO;Round Crystal Plate with Crystal Stand;PS6914;p-6232-round-crystal-plate-with-crystal-stand;GM730A GM730B GM730C;GM730A GM730B GM730C;;3 variantes;https://admin.shopify.com/store/trophy-partner/products?query=PS6914
LISTO;Scroll Border Photo Plaque;PS11514;p-8900-scroll-border-photo-plaque;EP2 EP2PK;EP2 EP2PK;;2 variantes;https://admin.shopify.com/store/trophy-partner/products?query=PS11514
LISTO;Silver Star Cutout Trophy Cup;PS6932;p-6250-silver-star-cutout-trophy-cup;CM400A CM400B CM400C;CM400A CM400B CM400C;;3 variantes;https://admin.shopify.com/store/trophy-partner/products?query=PS6932
LISTO;Soaring Excellence Gold Eagle Award Trophy;PS6962;p-6280-soaring-excellence-gold-eagle-award-trophy;CBE109A CBE109B CBE109C AE700 AE710 AE720;CBE109A CBE109B CBE109C;arrastra 3 id(s) muerto(s): AE700 AE710 AE720;3 variantes;https://admin.shopify.com/store/trophy-partner/products?query=PS6962
LISTO;Star Tower Award;PS9482;p-8193-star-tower-award;GM744B GM744C;GM744B GM744C;;2 variantes;https://admin.shopify.com/store/trophy-partner/products?query=PS9482
LISTO;Sweeping Ribbon Award;PS11402;p-8882-sweeping-ribbon-award;CD1022ABL CD1022AGO CD1022AGR CD1022ARD CD1022BBL CD1022BGO CD1022BGR CD1022BRD CD1022CBL CD1022CGO CD1022CGR CD1022CRD;CD1022ABL CD1022AGO CD1022AGR CD1022ARD CD1022BBL CD1022BGO CD1022BGR CD1022BRD CD1022CBL CD1022CGO CD1022CGR CD1022CRD;;12 variantes;https://admin.shopify.com/store/trophy-partner/products?query=PS11402
LISTO;Sweeping Ribbon Award Clear;PS6984;p-6302-sweeping-ribbon-award-clear;CD1022ACL CD1022BCL CD1022CCL;CD1022ACL CD1022BCL CD1022CCL;;3 variantes;https://admin.shopify.com/store/trophy-partner/products?query=PS6984
LISTO;Two-Tone Wood Alder Plaque;PS9538;p-8213-two-tone-wood-alder-plaque;CD1038A CD1037A CD1039A CD1038B CD1037B CD1039B;CD1038A CD1038B;arrastra 4 id(s) muerto(s): CD1037A CD1039A CD1037B CD1039B;2 variantes;https://admin.shopify.com/store/trophy-partner/products?query=PS9538
LISTO;Windermere Plaque;PS9598;p-8226-windermere-plaque;CD1093A CD1094A CD1093B CD1094B;CD1093A;arrastra 3 id(s) muerto(s): CD1094A CD1093B CD1094B;1 variantes;https://admin.shopify.com/store/trophy-partner/products?query=PS9598
NO_IMPORTABLE;1 Year Anniversary Service Award Freestanding;PS8013;p-7794-1-year-anniversary-service-award-freestanding;CD929AY1G CD929AY1S;;ningún servicio lo sirve como producto;;https://admin.shopify.com/store/trophy-partner/products?query=PS8013
NO_IMPORTABLE;1-Year Anniversary Freestanding Trophy;PS8030;p-7803-1-year-anniversary-freestanding-trophy;CD1235AY1 CD1236AY1B CD1236AY1G CD1236AY1R;;ningún servicio lo sirve como producto;;https://admin.shopify.com/store/trophy-partner/products?query=PS8030
NO_IMPORTABLE;10 Year Anniversary Freestanding Service Award;PS8014;p-7795-10-year-anniversary-freestanding-service-award;CD929BY10G CD929BY10S;;ningún servicio lo sirve como producto;;https://admin.shopify.com/store/trophy-partner/products?query=PS8014
NO_IMPORTABLE;10-Year Anniversary Freestanding Trophy;PS8015;p-7796-10-year-anniversary-freestanding-trophy;CD1235BY10 CD1236BY10B CD1236BY10G CD1236BY10R;;ningún servicio lo sirve como producto;;https://admin.shopify.com/store/trophy-partner/products?query=PS8015
NO_IMPORTABLE;11 oz. Black Coffee Mug;PS6007;p-5325-11-oz-black-coffee-mug;CM701-02 CM701-05 CM701-89;;ningún servicio lo sirve como producto;;https://admin.shopify.com/store/trophy-partner/products?query=PS6007
NO_IMPORTABLE;11 oz. Black Mug;PS6003;p-5321-11-oz-black-mug;CM700-05;;ningún servicio lo sirve como producto;;https://admin.shopify.com/store/trophy-partner/products?query=PS6003
NO_IMPORTABLE;11 oz. Blue Mug;PS6004;p-5322-11-oz-blue-mug;CM700-14;;ningún servicio lo sirve como producto;;https://admin.shopify.com/store/trophy-partner/products?query=PS6004
NO_IMPORTABLE;11 oz. Green Mug;PS6005;p-5323-11-oz-green-mug;CM700-67;;ningún servicio lo sirve como producto;;https://admin.shopify.com/store/trophy-partner/products?query=PS6005
NO_IMPORTABLE;11 oz. Grey Mug;PS6006;p-5324-11-oz-grey-mug;CM700-08;;ningún servicio lo sirve como producto;;https://admin.shopify.com/store/trophy-partner/products?query=PS6006
NO_IMPORTABLE;14 oz. Ceramic Mug;PS6010;p-5328-14-oz-ceramic-mug;CM702-06;;ningún servicio lo sirve como producto;;https://admin.shopify.com/store/trophy-partner/products?query=PS6010
NO_IMPORTABLE;15 Year Anniversary Freestanding Award;PS8027;p-7800-15-year-anniversary-freestanding-award;CD929BY15G CD929BY15S;;ningún servicio lo sirve como producto;;https://admin.shopify.com/store/trophy-partner/products?query=PS8027
NO_IMPORTABLE;15-Year Anniversary Freestanding Trophy;PS8028;p-7801-15-year-anniversary-freestanding-trophy;CD1235BY15 CD1236BY15B CD1236BY15G CD1236BY15R;;ningún servicio lo sirve como producto;;https://admin.shopify.com/store/trophy-partner/products?query=PS8028
NO_IMPORTABLE;16 oz. Pilsner Glass;PS9621;p-8658-16-oz-pilsner-glass;G0993;;ningún servicio lo sirve como producto;;https://admin.shopify.com/store/trophy-partner/products?query=PS9621
NO_IMPORTABLE;2 Year Anniversary Freestanding;PS8031;p-7804-2-year-anniversary-freestanding;CD929AY2G CD929AY2S;;ningún servicio lo sirve como producto;;https://admin.shopify.com/store/trophy-partner/products?query=PS8031
NO_IMPORTABLE;2-Year Anniversary Freestanding Trophy;PS8041;p-7810-2-year-anniversary-freestanding-trophy;CD1235AY2 CD1236AY2B CD1236AY2G CD1236AY2R;;ningún servicio lo sirve como producto;;https://admin.shopify.com/store/trophy-partner/products?query=PS8041
NO_IMPORTABLE;20 Year Anniversary Freestanding Award;PS8033;p-7806-20-year-anniversary-freestanding-award;CD929BY20G CD929BY20S;;ningún servicio lo sirve como producto;;https://admin.shopify.com/store/trophy-partner/products?query=PS8033
NO_IMPORTABLE;20-Year Anniversary Freestanding Award Trophy;PS8034;p-7807-20-year-anniversary-freestanding-award-trophy;CD1235BY20 CD1236BY20B CD1236BY20G CD1236BY20R;;ningún servicio lo sirve como producto;;https://admin.shopify.com/store/trophy-partner/products?query=PS8034
NO_IMPORTABLE;25 Year Anniversary Freestanding Award;PS8035;p-7808-25-year-anniversary-freestanding-award;CD929BY25G CD929BY25S;;ningún servicio lo sirve como producto;;https://admin.shopify.com/store/trophy-partner/products?query=PS8035
NO_IMPORTABLE;25-Year Anniversary Freestanding Trophy;PS8036;p-7809-25-year-anniversary-freestanding-trophy;CD1235BY25 CD1236BY25B CD1236BY25G CD1236BY25R;;ningún servicio lo sirve como producto;;https://admin.shopify.com/store/trophy-partner/products?query=PS8036
NO_IMPORTABLE;3 Year Anniversary Freestanding Award;PS8044;p-7811-3-year-anniversary-freestanding-award;CD929AY3G CD929AY3S;;ningún servicio lo sirve como producto;;https://admin.shopify.com/store/trophy-partner/products?query=PS8044
NO_IMPORTABLE;3-Layer Multi-Dimensional Digi-Color Award;PS6030;p-5348-3-layer-multi-dimensional-digi-color-award;DCC0500A DCC0500B;;DCC0500: sin partes en Product Data (sin stock, con precio);;https://admin.shopify.com/store/trophy-partner/products?query=PS6030
NO_IMPORTABLE;3-Year Anniversary Freestanding Trophy;PS8057;p-7818-3-year-anniversary-freestanding-trophy;CD1235AY3 CD1236AY3B CD1236AY3G CD1236AY3R;;ningún servicio lo sirve como producto;;https://admin.shopify.com/store/trophy-partner/products?query=PS8057
NO_IMPORTABLE;30 Year Anniversary Freestanding Award;PS8051;p-7814-30-year-anniversary-freestanding-award;CD929BY30G CD929BY30S;;ningún servicio lo sirve como producto;;https://admin.shopify.com/store/trophy-partner/products?query=PS8051
NO_IMPORTABLE;30-Year Anniversary Freestanding Trophy;PS8052;p-7815-30-year-anniversary-freestanding-trophy;CD1235BY30 CD1236BY30B CD1236BY30G CD1236BY30R;;ningún servicio lo sirve como producto;;https://admin.shopify.com/store/trophy-partner/products?query=PS8052
NO_IMPORTABLE;35 Year Anniversary Freestanding Award;PS8053;p-7816-35-year-anniversary-freestanding-award;CD929BY35G CD929BY35S;;ningún servicio lo sirve como producto;;https://admin.shopify.com/store/trophy-partner/products?query=PS8053
NO_IMPORTABLE;35-Year Anniversary Freestanding Trophy;PS8054;p-7817-35-year-anniversary-freestanding-trophy;CD1235BY35 CD1236BY35B CD1236BY35G CD1236BY35R;;ningún servicio lo sirve como producto;;https://admin.shopify.com/store/trophy-partner/products?query=PS8054
NO_IMPORTABLE;3D Etched Crystal Cube;PS6025;p-5343-3d-etched-crystal-cube;GNS137;;ningún servicio lo sirve como producto;;https://admin.shopify.com/store/trophy-partner/products?query=PS6025
NO_IMPORTABLE;3D Etched Crystal Diamond Cube;PS6026;p-5344-3d-etched-crystal-diamond-cube;GNS142;;ningún servicio lo sirve como producto;;https://admin.shopify.com/store/trophy-partner/products?query=PS6026
NO_IMPORTABLE;4 Year Anniversary Freestanding;PS8058;p-7819-4-year-anniversary-freestanding;CD929AY4G CD929AY4S;;ningún servicio lo sirve como producto;;https://admin.shopify.com/store/trophy-partner/products?query=PS8058
NO_IMPORTABLE;4-Year Anniversary Freestanding Trophy;PS8063;p-7824-4-year-anniversary-freestanding-trophy;CD1235AY4 CD1236AY4B CD1236AY4G CD1236AY4R;;ningún servicio lo sirve como producto;;https://admin.shopify.com/store/trophy-partner/products?query=PS8063
NO_IMPORTABLE;40 Year Anniversary Freestanding Award;PS8059;p-7820-40-year-anniversary-freestanding-award;CD929BY40G CD929BY40S;;ningún servicio lo sirve como producto;;https://admin.shopify.com/store/trophy-partner/products?query=PS8059
NO_IMPORTABLE;40-Year Anniversary Freestanding Trophy;PS8060;p-7821-40-year-anniversary-freestanding-trophy;CD1235BY40 CD1236BY40B CD1236BY40G CD1236BY40R;;ningún servicio lo sirve como producto;;https://admin.shopify.com/store/trophy-partner/products?query=PS8060
NO_IMPORTABLE;45 Year Anniversary Freestanding Award;PS8061;p-7822-45-year-anniversary-freestanding-award;CD929BY45G CD929BY45S;;ningún servicio lo sirve como producto;;https://admin.shopify.com/store/trophy-partner/products?query=PS8061
NO_IMPORTABLE;45-Year Anniversary Freestanding Trophy;PS8062;p-7823-45-year-anniversary-freestanding-trophy;CD1235BY45 CD1236BY45B CD1236BY45G CD1236BY45R;;ningún servicio lo sirve como producto;;https://admin.shopify.com/store/trophy-partner/products?query=PS8062
NO_IMPORTABLE;5 Year Anniversary Freestanding Award;PS8064;p-7825-5-year-anniversary-freestanding-award;CD929AY5G CD929AY5S;;ningún servicio lo sirve como producto;;https://admin.shopify.com/store/trophy-partner/products?query=PS8064
NO_IMPORTABLE;5-Year Anniversary Freestanding Award;PS8067;p-7828-5-year-anniversary-freestanding-award;CD1235AY5 CD1236AY5B CD1236AY5G CD1236AY5R;;ningún servicio lo sirve como producto;;https://admin.shopify.com/store/trophy-partner/products?query=PS8067
NO_IMPORTABLE;50 Year Anniversary Freestanding Award;PS8065;p-7826-50-year-anniversary-freestanding-award;CD929BY50G CD929BY50S;;ningún servicio lo sirve como producto;;https://admin.shopify.com/store/trophy-partner/products?query=PS8065
NO_IMPORTABLE;50-Year Anniversary Freestanding Trophy;PS8066;p-7827-50-year-anniversary-freestanding-trophy;CD1235BY50 CD1236BY50B CD1236BY50G CD1236BY50R;;ningún servicio lo sirve como producto;;https://admin.shopify.com/store/trophy-partner/products?query=PS8066
NO_IMPORTABLE;A Frame Acrylic Phone Holder Calendar;PS8075;p-7829-a-frame-acrylic-phone-holder-calendar;PH15;;ningún servicio lo sirve como producto;;https://admin.shopify.com/store/trophy-partner/products?query=PS8075
NO_IMPORTABLE;A-Frame Phone Holder;PS8084;p-7833-a-frame-phone-holder;PH01 PH03A PH03B;;ningún servicio lo sirve como producto;;https://admin.shopify.com/store/trophy-partner/products?query=PS8084
NO_IMPORTABLE;Abstract Acrylic Award with Wood Accent;PS9627;p-8664-abstract-acrylic-award-with-wood-accent;CD1254BL CD1254GR CD1254RD;;ningún servicio lo sirve como producto;;https://admin.shopify.com/store/trophy-partner/products?query=PS9627
NO_IMPORTABLE;Acrylic Chandelier Magnetic Stackable Bar;PS8078;p-7832-acrylic-chandelier-magnetic-stackable-bar;CD1210;;ningún servicio lo sirve como producto;;https://admin.shopify.com/store/trophy-partner/products?query=PS8078
NO_IMPORTABLE;Acrylic Chevron Tower Award;PS9628;p-8665-acrylic-chevron-tower-award;CD1264ABL CD1264AGR CD1264ARD CD1264BBL CD1264BGR CD1264BRD CD1264CBL CD1264CGR CD1264CRD;;CD1264: sin partes en Product Data (sin stock, con precio);;https://admin.shopify.com/store/trophy-partner/products?query=PS9628
NO_IMPORTABLE;Acrylic Trinity Tower;PS9629;p-8666-acrylic-trinity-tower;CD1248ABL CD1248AGR CD1248ARD CD1248BBL CD1248BGR CD1248BRD CD1248CBL CD1248CGR CD1248CRD;;CD1248: sin partes en Product Data (sin stock, con precio);;https://admin.shopify.com/store/trophy-partner/products?query=PS9629
NO_IMPORTABLE;Add-on Compass Medallion;PS6041;p-5359-add-on-compass-medallion;CD999MC;;ningún servicio lo sirve como producto;;https://admin.shopify.com/store/trophy-partner/products?query=PS6041
NO_IMPORTABLE;Add-on Globe Medallion;PS6042;p-5360-add-on-globe-medallion;CD999MG;;ningún servicio lo sirve como producto;;https://admin.shopify.com/store/trophy-partner/products?query=PS6042
NO_IMPORTABLE;Add-on Logo Digi;PS6043;p-5361-add-on-logo-digi;CD999YD;;ningún servicio lo sirve como producto;;https://admin.shopify.com/store/trophy-partner/products?query=PS6043
NO_IMPORTABLE;Add-on Logo Lasered Disc;PS6044;p-5362-add-on-logo-lasered-disc;CD999YL;;ningún servicio lo sirve como producto;;https://admin.shopify.com/store/trophy-partner/products?query=PS6044
NO_IMPORTABLE;Add-on Star Medallion;PS6045;p-5363-add-on-star-medallion;CD999MS;;ningún servicio lo sirve como producto;;https://admin.shopify.com/store/trophy-partner/products?query=PS6045
NO_IMPORTABLE;Alder and Acrylic Sculpted Shape Award;PS8085;p-7834-alder-and-acrylic-sculpted-shape-award;CD1232 CD1234 CD1233 CD1231;;sin precio o sin ficha;;https://admin.shopify.com/store/trophy-partner/products?query=PS8085
NO_IMPORTABLE;Alder Wood and Silver Backer Digi;PS6046;p-5364-alder-wood-and-silver-backer-digi;CD971AA CD971BA;;ningún servicio lo sirve como producto;;https://admin.shopify.com/store/trophy-partner/products?query=PS6046
NO_IMPORTABLE;Amphitheatre Tower Award;PS6054;p-5372-amphitheatre-tower-award;CD935A CD935B;;ningún servicio lo sirve como producto;;https://admin.shopify.com/store/trophy-partner/products?query=PS6054
NO_IMPORTABLE;Aqua Ceramic Mug;PS8121;p-7846-aqua-ceramic-mug;CM708-755;;ningún servicio lo sirve como producto;;https://admin.shopify.com/store/trophy-partner/products?query=PS8121
NO_IMPORTABLE;Aqua Wave Circle Award on Ebony Lucite Oval Base;PS6063;p-5381-aqua-wave-circle-award-on-ebony-lucite-oval-base;CD938A CD938B;;ningún servicio lo sirve como producto;;https://admin.shopify.com/store/trophy-partner/products?query=PS6063
NO_IMPORTABLE;Arch Acrylic Chandelier Award Topper;PS8129;p-7847-arch-acrylic-chandelier-award-topper;CD1212;;ningún servicio lo sirve como producto;;https://admin.shopify.com/store/trophy-partner/products?query=PS8129
NO_IMPORTABLE;Arch Horizon Acrylic Award;PS9918;p-8704-arch-horizon-acrylic-award;CD1200ABL CD1200AGY CD1200ARD CD1200BBL CD1200BGY CD1200BRD CD1200CBL CD1200CGY CD1200CRD;;sólo bajo una familia con comodín;;https://admin.shopify.com/store/trophy-partner/products?query=PS9918
NO_IMPORTABLE;Art Glass Vases Brilliant Red Centerpiece;PS6073;p-5391-art-glass-vases-brilliant-red-centerpiece;GI569;;ningún servicio lo sirve como producto;;https://admin.shopify.com/store/trophy-partner/products?query=PS6073
NO_IMPORTABLE;Art Glass Vases Distinctive Glass Glazed;PS6074;p-5392-art-glass-vases-distinctive-glass-glazed;GI568;;ningún servicio lo sirve como producto;;https://admin.shopify.com/store/trophy-partner/products?query=PS6074
NO_IMPORTABLE;Avondale Award Large;PS9942;p-8706-avondale-award-large;CD1102A;;ningún servicio lo sirve como producto;;https://admin.shopify.com/store/trophy-partner/products?query=PS9942
NO_IMPORTABLE;Avondale Award Small;PS9941;p-8705-avondale-award-small;CD1102B;;ningún servicio lo sirve como producto;;https://admin.shopify.com/store/trophy-partner/products?query=PS9941
NO_IMPORTABLE;Bamboo Plaque and Frost Acrylic;PS8161;p-7858-bamboo-plaque-and-frost-acrylic;CD1092A CD1091A CD1090A CD1092B CD1091B;;ningún servicio lo sirve como producto;;https://admin.shopify.com/store/trophy-partner/products?query=PS8161
NO_IMPORTABLE;Beech Wood Business Card Holder;PS8166;p-7860-beech-wood-business-card-holder;CM749B;;ningún servicio lo sirve como producto;;https://admin.shopify.com/store/trophy-partner/products?query=PS8166
NO_IMPORTABLE;Beechwood Keychain;PS6087;p-5405-beechwood-keychain;CM453;;ningún servicio lo sirve como producto;;https://admin.shopify.com/store/trophy-partner/products?query=PS6087
NO_IMPORTABLE;Beveled Aquus Shield Plaque;PS8169;p-7862-beveled-aquus-shield-plaque;CDUS05A CDUS05B;;ningún servicio lo sirve como producto;;https://admin.shopify.com/store/trophy-partner/products?query=PS8169
NO_IMPORTABLE;Beveled Circle Award with digital color;PS6088;p-5406-beveled-circle-award-with-digital-color;DCCD332A DCCD332B DCCD332C;;DCCD332: sin partes en Product Data (sin stock, con precio);;https://admin.shopify.com/store/trophy-partner/products?query=PS6088
NO_IMPORTABLE;Beveled Clipped Corner Paperweight;PS8173;p-7863-beveled-clipped-corner-paperweight;GM753A GM753B GM753C;;GM753: sin partes en Product Data (con stock, con precio);;https://admin.shopify.com/store/trophy-partner/products?query=PS8173
NO_IMPORTABLE;Beveled Digi Medium Award;PS6100;p-5418-beveled-digi-medium-award;DCGI541A DCGI541B;;DCGI541: sin partes en Product Data (sin stock, con precio);;https://admin.shopify.com/store/trophy-partner/products?query=PS6100
NO_IMPORTABLE;Beveled Paperweight;PS6105;p-5423-beveled-paperweight;CD225A CD225B;;CD225: sin partes en Product Data (con stock, con precio);;https://admin.shopify.com/store/trophy-partner/products?query=PS6105
NO_IMPORTABLE;Black and Clear Acrylic Beveled Perpetual Plaque;PS8197;p-7872-black-and-clear-acrylic-beveled-perpetual-plaque;CD1222;;sin precio o sin ficha;;https://admin.shopify.com/store/trophy-partner/products?query=PS8197
NO_IMPORTABLE;Black Ceramic Mug Large;PS8204;p-7876-black-ceramic-mug-large;CM704-05 CM707-05 CM708-05 CM706-05;;ningún servicio lo sirve como producto;;https://admin.shopify.com/store/trophy-partner/products?query=PS8204
NO_IMPORTABLE;Black Ceramic Mug Small;PS8203;p-7875-black-ceramic-mug-small;CM705-05;;ningún servicio lo sirve como producto;;https://admin.shopify.com/store/trophy-partner/products?query=PS8203
NO_IMPORTABLE;Black Crystal Triangular Votive Holder;PS9630;p-8667-black-crystal-triangular-votive-holder;G1001BK;;ningún servicio lo sirve como producto;;https://admin.shopify.com/store/trophy-partner/products?query=PS9630
NO_IMPORTABLE;Black Glass Arrowhead;PS8215;p-7880-black-glass-arrowhead;G0987A G0987B G0987C;;ningún servicio lo sirve como producto;;https://admin.shopify.com/store/trophy-partner/products?query=PS8215
NO_IMPORTABLE;Black Glass Pinnacle Award;PS8214;p-7879-black-glass-pinnacle-award;G0999A G0999B G0999C;;ningún servicio lo sirve como producto;;https://admin.shopify.com/store/trophy-partner/products?query=PS8214
NO_IMPORTABLE;Blown Art Glass Egg with Black Lasered Plate;PS8226;p-7884-blown-art-glass-egg-with-black-lasered-plate;GM683;;ningún servicio lo sirve como producto;;https://admin.shopify.com/store/trophy-partner/products?query=PS8226
NO_IMPORTABLE;Blown Glass Bud Vase;PS8227;p-7885-blown-glass-bud-vase;GNS123;;ningún servicio lo sirve como producto;;https://admin.shopify.com/store/trophy-partner/products?query=PS8227
NO_IMPORTABLE;Blue Arched Brilliance Award;PS6156;p-5474-blue-arched-brilliance-award;CD635B;;ningún servicio lo sirve como producto;;https://admin.shopify.com/store/trophy-partner/products?query=PS6156
NO_IMPORTABLE;Blue Barrel Plaque w/ Marble Mist Large;PS6159;p-5477-blue-barrel-plaque-w-marble-mist-large;C031AB;;ningún servicio lo sirve como producto;;https://admin.shopify.com/store/trophy-partner/products?query=PS6159
NO_IMPORTABLE;Blue Barrel Plaque w/ Marble Mist Small;PS6158;p-5476-blue-barrel-plaque-w-marble-mist-small;C031BB;;ningún servicio lo sirve como producto;;https://admin.shopify.com/store/trophy-partner/products?query=PS6158
NO_IMPORTABLE;Blue Ceramic Mug;PS8243;p-7890-blue-ceramic-mug;CM704-632 CM707-287 CM708-04 CM706-04;;ningún servicio lo sirve como producto;;https://admin.shopify.com/store/trophy-partner/products?query=PS8243
NO_IMPORTABLE;Blue Crescent Glass Award on Black Oval Glass Base;PS6165;p-5483-blue-crescent-glass-award-on-black-oval-glass-base;GI654A GI654B;;GI654: sin partes en Product Data (sin stock, con precio);;https://admin.shopify.com/store/trophy-partner/products?query=PS6165
NO_IMPORTABLE;Blue Crystal Triangular Votive Holder;PS9631;p-8668-blue-crystal-triangular-votive-holder;G1001BL;;ningún servicio lo sirve como producto;;https://admin.shopify.com/store/trophy-partner/products?query=PS9631
NO_IMPORTABLE;Blue Curved Wedge Crystal Award;PS8253;p-7891-blue-curved-wedge-crystal-award;GM834;;sin precio o sin ficha;;https://admin.shopify.com/store/trophy-partner/products?query=PS8253
NO_IMPORTABLE;Blue Gentle Waves On Ebony Wood Base Large;PS6179;p-5497-blue-gentle-waves-on-ebony-wood-base-large;CD322AB;;ningún servicio lo sirve como producto;;https://admin.shopify.com/store/trophy-partner/products?query=PS6179
NO_IMPORTABLE;Blue Leatherette Phone Easel;PS10094;p-8717-blue-leatherette-phone-easel;CM296BL;;ningún servicio lo sirve como producto;;https://admin.shopify.com/store/trophy-partner/products?query=PS10094
NO_IMPORTABLE;Blue Marble Noble Plaque;PS6188;p-5506-blue-marble-noble-plaque;CD414;;sólo bajo una familia con comodín;;https://admin.shopify.com/store/trophy-partner/products?query=PS6188
NO_IMPORTABLE;Blue Rectangle Vapor Mist Award;PS6194;p-5512-blue-rectangle-vapor-mist-award;CD310AB CD310BB;;ningún servicio lo sirve como producto;;https://admin.shopify.com/store/trophy-partner/products?query=PS6194
NO_IMPORTABLE;Blue Sail Award with Clear Panel on Mirror and Black Base;PS6195;p-5513-blue-sail-award-with-clear-panel-on-mirror-and-black-base;GI656;;ningún servicio lo sirve como producto;;https://admin.shopify.com/store/trophy-partner/products?query=PS6195
NO_IMPORTABLE;Bottle Opener & Wine Corkscrew;PS10124;p-8724-bottle-opener-wine-corkscrew;CM376BS CM376BV CM376CK CM376DB CM376GR CM376LB CM376PK CM376RS CM376RW CM376TL;;ningún servicio lo sirve como producto;;https://admin.shopify.com/store/trophy-partner/products?query=PS10124
NO_IMPORTABLE;Breakthrough Acrylic Star Award;PS8317;p-7902-breakthrough-acrylic-star-award;CD1214;;sin precio o sin ficha;;https://admin.shopify.com/store/trophy-partner/products?query=PS8317
NO_IMPORTABLE;Bright Silver Metal Cup on Marble Base;PS202;p-5266-bright-silver-metal-cup-on-marble-base;CM264A CM264B CM264C;;CM264: sin partes en Product Data (sin stock, con precio);;https://admin.shopify.com/store/trophy-partner/products?query=PS202
NO_IMPORTABLE;Brown Ceramic Mug;PS8327;p-7905-brown-ceramic-mug;CM705-43;;ningún servicio lo sirve como producto;;https://admin.shopify.com/store/trophy-partner/products?query=PS8327
NO_IMPORTABLE;Brushed Metal Design Metallic Imprint Ring Award;PS9632;p-8669-brushed-metal-design-metallic-imprint-ring-award;CD1250BLG CD1250BLS CD1250GRG CD1250GRS CD1250RDG CD1250RDS;;ningún servicio lo sirve como producto;;https://admin.shopify.com/store/trophy-partner/products?query=PS9632
NO_IMPORTABLE;Burgundy Ceramic Mug;PS8329;p-7907-burgundy-ceramic-mug;CM704-43 CM707-209;;ningún servicio lo sirve como producto;;https://admin.shopify.com/store/trophy-partner/products?query=PS8329
NO_IMPORTABLE;Cascade Tower Award;PS10153;p-8726-cascade-tower-award;CD1024BL CD1024CL;;CD1024: sin partes en Product Data (sin stock, con precio);;https://admin.shopify.com/store/trophy-partner/products?query=PS10153
NO_IMPORTABLE;Clear Acrylic Circle on Clear Base Award;PS10174;p-8732-clear-acrylic-circle-on-clear-base-award;DCCD943A DCCD943B DCCD943C;;ningún servicio lo sirve como producto;;https://admin.shopify.com/store/trophy-partner/products?query=PS10174
NO_IMPORTABLE;Clear Acrylic with Aluminum Alpine Award;PS8368;p-7918-clear-acrylic-with-aluminum-alpine-award;CD1104;;ningún servicio lo sirve como producto;;https://admin.shopify.com/store/trophy-partner/products?query=PS8368
NO_IMPORTABLE;Clear and Black Acrylic Alpine Award;PS8369;p-7919-clear-and-black-acrylic-alpine-award;CD1105A CD1105B;;ningún servicio lo sirve como producto;;https://admin.shopify.com/store/trophy-partner/products?query=PS8369
NO_IMPORTABLE;Clear Angular Vase;PS8372;p-7920-clear-angular-vase;G0989A G0989B;;ningún servicio lo sirve como producto;;https://admin.shopify.com/store/trophy-partner/products?query=PS8372
NO_IMPORTABLE;Clear Cascade Carved Acrylic Award;PS8377;p-7921-clear-cascade-carved-acrylic-award;CD1216;;sin precio o sin ficha;;https://admin.shopify.com/store/trophy-partner/products?query=PS8377
NO_IMPORTABLE;Clear Cascade Collection Lucite Award;PS6270;p-5588-clear-cascade-collection-lucite-award;C3450AC C3450BC;;ningún servicio lo sirve como producto;;https://admin.shopify.com/store/trophy-partner/products?query=PS6270
NO_IMPORTABLE;Clear Crystal Angular Award with Amber Center;PS8382;p-7923-clear-crystal-angular-award-with-amber-center;GI664A GI664B GI664C;;GI664: sin partes en Product Data (sin stock, con precio);;https://admin.shopify.com/store/trophy-partner/products?query=PS8382
NO_IMPORTABLE;Clear Crystal Diamond Face Award with Red Bottom;PS8387;p-7925-clear-crystal-diamond-face-award-with-red-bottom;GM749ARE GM749BRE GM749ABL GM749BBL;;GM749: sin partes en Product Data (sin stock, con precio);;https://admin.shopify.com/store/trophy-partner/products?query=PS8387
NO_IMPORTABLE;Clear Diamond Desk Award;PS6278;p-5596-clear-diamond-desk-award;C401;;ningún servicio lo sirve como producto;;https://admin.shopify.com/store/trophy-partner/products?query=PS6278
NO_IMPORTABLE;Clear Glass BonBon Bowl with Lid;PS6279;p-5597-clear-glass-bonbon-bowl-with-lid;GI653;;ningún servicio lo sirve como producto;;https://admin.shopify.com/store/trophy-partner/products?query=PS6279
NO_IMPORTABLE;Clear Glass Certificate Display;PS8402;p-7933-clear-glass-certificate-display;CM809;;ningún servicio lo sirve como producto;;https://admin.shopify.com/store/trophy-partner/products?query=PS8402
NO_IMPORTABLE;Clear Millennium Lucite Tower;PS6289;p-5607-clear-millennium-lucite-tower;C3150A C3150B;;ningún servicio lo sirve como producto;;https://admin.shopify.com/store/trophy-partner/products?query=PS6289
NO_IMPORTABLE;Clear Optic Crystal Tiered Pyramid on Black Base;PS6290;p-5608-clear-optic-crystal-tiered-pyramid-on-black-base;GM718A GM718B;;GM718: sin partes en Product Data (sin stock, con precio);;https://admin.shopify.com/store/trophy-partner/products?query=PS6290
NO_IMPORTABLE;Clear Vase;PS8422;p-7939-clear-vase;G0988A G0988B;;G0988: sin partes en Product Data (sin stock, con precio);;https://admin.shopify.com/store/trophy-partner/products?query=PS8422
NO_IMPORTABLE;Clipped Corner Bevel Glass Award and Marble Pillar Base;PS6293;p-5611-clipped-corner-bevel-glass-award-and-marble-pillar-base;GM723A GM723B;;GM723: sin partes en Product Data (sin stock, con precio);;https://admin.shopify.com/store/trophy-partner/products?query=PS6293
NO_IMPORTABLE;Clipped Corner Clear Crystal Paperweight;PS8425;p-7940-clipped-corner-clear-crystal-paperweight;GM825A GM825B GM825C;;ningún servicio lo sirve como producto;;https://admin.shopify.com/store/trophy-partner/products?query=PS8425
NO_IMPORTABLE;Clipped Corner Laser Edge Award;PS8426;p-7941-clipped-corner-laser-edge-award;CD912AC CD912BC;;ningún servicio lo sirve como producto;;https://admin.shopify.com/store/trophy-partner/products?query=PS8426
NO_IMPORTABLE;Coral Ceramic Mug;PS8430;p-7942-coral-ceramic-mug;CM704-3192 CM706-3192;;ningún servicio lo sirve como producto;;https://admin.shopify.com/store/trophy-partner/products?query=PS8430
NO_IMPORTABLE;Cork Luggage Tag;PS6303;p-5621-cork-luggage-tag;CM295CK;;sólo bajo una familia con comodín;;https://admin.shopify.com/store/trophy-partner/products?query=PS6303
NO_IMPORTABLE;Cork Wine Box;PS6310;p-5628-cork-wine-box;CM425CK;;ningún servicio lo sirve como producto;;https://admin.shopify.com/store/trophy-partner/products?query=PS6310
NO_IMPORTABLE;Cornerstone Excellence Optic Crystal Award;PS6312;p-5630-cornerstone-excellence-optic-crystal-award;GM401A GM401B GM401C;;GM401: sin partes en Product Data (sin stock, con precio);;https://admin.shopify.com/store/trophy-partner/products?query=PS6312
NO_IMPORTABLE;Crimson and Clear Optic Crystal Ribbon Award;PS6315;p-5633-crimson-and-clear-optic-crystal-ribbon-award;GM719A GM719B GM719C;;GM719: sin partes en Product Data (sin stock, con precio);;https://admin.shopify.com/store/trophy-partner/products?query=PS6315
NO_IMPORTABLE;Crossroads Plaque;PS10297;p-8739-crossroads-plaque;CD1041ABK CD1041ABL CD1041ARD CD1041BBK CD1041BBL CD1041BRD;;ningún servicio lo sirve como producto;;https://admin.shopify.com/store/trophy-partner/products?query=PS10297
NO_IMPORTABLE;Crystal Card Paperweight w/ Digi;PS6319;p-5637-crystal-card-paperweight-w-digi;DCGM448;;ningún servicio lo sirve como producto;;https://admin.shopify.com/store/trophy-partner/products?query=PS6319
NO_IMPORTABLE;Crystal Clear Bowl;PS6322;p-5640-crystal-clear-bowl;GI633;;ningún servicio lo sirve como producto;;https://admin.shopify.com/store/trophy-partner/products?query=PS6322
NO_IMPORTABLE;Crystal Golf Ball and Green Accented Pin Award;PS8471;p-7955-crystal-golf-ball-and-green-accented-pin-award;GM671A GM671B GM671C;;GM671: sin partes en Product Data (sin stock, con precio);;https://admin.shopify.com/store/trophy-partner/products?query=PS8471
NO_IMPORTABLE;Crystal Iceberg Award Large;PS6328;p-5646-crystal-iceberg-award-large;GI639B;;ningún servicio lo sirve como producto;;https://admin.shopify.com/store/trophy-partner/products?query=PS6328
NO_IMPORTABLE;Crystal Iceberg Award Small;PS6329;p-5647-crystal-iceberg-award-small;GI639A;;ningún servicio lo sirve como producto;;https://admin.shopify.com/store/trophy-partner/products?query=PS6329
NO_IMPORTABLE;Crystal Pyramid;PS8475;p-7957-crystal-pyramid;GM827A GM827B;;GM827: sin partes en Product Data (sin stock, con precio);;https://admin.shopify.com/store/trophy-partner/products?query=PS8475
NO_IMPORTABLE;Crystal Tablet with Digi Large;PS10335;p-8742-crystal-tablet-with-digi-large;GI584AYD;;ningún servicio lo sirve como producto;;https://admin.shopify.com/store/trophy-partner/products?query=PS10335
NO_IMPORTABLE;Crystal Tablet with Digi Small;PS10334;p-8741-crystal-tablet-with-digi-small;GI584BYD;;ningún servicio lo sirve como producto;;https://admin.shopify.com/store/trophy-partner/products?query=PS10334
NO_IMPORTABLE;Crystal Tablet with Linear Accent;PS8485;p-7960-crystal-tablet-with-linear-accent;GM754A GM754B;;GM754: sin partes en Product Data (sin stock, con precio);;https://admin.shopify.com/store/trophy-partner/products?query=PS8485
NO_IMPORTABLE;Crystal Tablets with Digi Awards;PS6344;p-5662-crystal-tablets-with-digi-awards;DCGI540C;;ningún servicio lo sirve como producto;;https://admin.shopify.com/store/trophy-partner/products?query=PS6344
NO_IMPORTABLE;Crystal Tablets with Digi Color Award;PS6345;p-5663-crystal-tablets-with-digi-color-award;DCGI540B;;ningún servicio lo sirve como producto;;https://admin.shopify.com/store/trophy-partner/products?query=PS6345
NO_IMPORTABLE;Crystal Tablets With Digi Medium;PS6346;p-5664-crystal-tablets-with-digi-medium;DCGI540A;;ningún servicio lo sirve como producto;;https://admin.shopify.com/store/trophy-partner/products?query=PS6346
NO_IMPORTABLE;Crystal Towers Cup Shaped Trophy;PS6349;p-5667-crystal-towers-cup-shaped-trophy;GM405A GM405B GM405C;;GM405: sin partes en Product Data (sin stock, con precio);;https://admin.shopify.com/store/trophy-partner/products?query=PS6349
NO_IMPORTABLE;Crystal Vase Award;PS6352;p-5670-crystal-vase-award;GI630A GI630B;;GI630: sin partes en Product Data (sin stock, con precio);;https://admin.shopify.com/store/trophy-partner/products?query=PS6352
NO_IMPORTABLE;Crystal with Sub;PS6357;p-5675-crystal-with-sub;GI655;;ningún servicio lo sirve como producto;;https://admin.shopify.com/store/trophy-partner/products?query=PS6357
NO_IMPORTABLE;Dark Blue Ceramic Mug;PS8520;p-7970-dark-blue-ceramic-mug;CM704-04;;ningún servicio lo sirve como producto;;https://admin.shopify.com/store/trophy-partner/products?query=PS8520
NO_IMPORTABLE;Dark Green Ceramic Mug;PS8523;p-7971-dark-green-ceramic-mug;CM704-11;;ningún servicio lo sirve como producto;;https://admin.shopify.com/store/trophy-partner/products?query=PS8523
NO_IMPORTABLE;Diamond Carved Clear Desk Award;PS6368;p-5686-diamond-carved-clear-desk-award;C512;;ningún servicio lo sirve como producto;;https://admin.shopify.com/store/trophy-partner/products?query=PS6368
NO_IMPORTABLE;Diamond Carved Clear Desktop Tower;PS10416;p-8751-diamond-carved-clear-desktop-tower;C403A;;ningún servicio lo sirve como producto;;https://admin.shopify.com/store/trophy-partner/products?query=PS10416
NO_IMPORTABLE;Diamond Carved Clear Tower;PS10418;p-8752-diamond-carved-clear-tower;C403B;;ningún servicio lo sirve como producto;;https://admin.shopify.com/store/trophy-partner/products?query=PS10418
NO_IMPORTABLE;Diamond Carved Square Lucite Award On Marble;PS6373;p-5691-diamond-carved-square-lucite-award-on-marble;C2760A C2760B;;ningún servicio lo sirve como producto;;https://admin.shopify.com/store/trophy-partner/products?query=PS6373
NO_IMPORTABLE;Diamond Carved Wave Lucite Award on Marble;PS6374;p-5692-diamond-carved-wave-lucite-award-on-marble;C2761B;;ningún servicio lo sirve como producto;;https://admin.shopify.com/store/trophy-partner/products?query=PS6374
NO_IMPORTABLE;Diamond Carved Wave Lucite Award Trophy;PS6375;p-5693-diamond-carved-wave-lucite-award-trophy;C2761A;;ningún servicio lo sirve como producto;;https://admin.shopify.com/store/trophy-partner/products?query=PS6375
NO_IMPORTABLE;Diamond Laser Edge Award;PS8542;p-7975-diamond-laser-edge-award;CD912AD CD912BD;;ningún servicio lo sirve como producto;;https://admin.shopify.com/store/trophy-partner/products?query=PS8542
NO_IMPORTABLE;Digi-color On Lucite Genuine Walnut Wood Riser Plaque;PS6379;p-5697-digi-color-on-lucite-genuine-walnut-wood-riser-plaque;CD488;;ningún servicio lo sirve como producto;;https://admin.shopify.com/store/trophy-partner/products?query=PS6379
NO_IMPORTABLE;Double Tower on Marble Award;PS6385;p-5703-double-tower-on-marble-award;C3050;;ningún servicio lo sirve como producto;;https://admin.shopify.com/store/trophy-partner/products?query=PS6385
NO_IMPORTABLE;Ebony Piano Finish Plaque with Raised Glass;PS8577;p-7983-ebony-piano-finish-plaque-with-raised-glass;G0985A G0985B;;G0985: sin partes en Product Data (sin stock, con precio);;https://admin.shopify.com/store/trophy-partner/products?query=PS8577
NO_IMPORTABLE;Ebony Plaque w/ Gold Swirl Plate;PS6399;p-5717-ebony-plaque-w-gold-swirl-plate;CD663A CD663B;;CD663: sin partes en Product Data (sin stock, con precio);;https://admin.shopify.com/store/trophy-partner/products?query=PS6399
NO_IMPORTABLE;El Grande Green Ceramic Mug;PS8810;p-8064-el-grande-green-ceramic-mug;CM704-1840 CM707-3415 CM708-11;;ningún servicio lo sirve como producto;;https://admin.shopify.com/store/trophy-partner/products?query=PS8810
NO_IMPORTABLE;Elegant Clear Vase;PS6400;p-5718-elegant-clear-vase;GI634;;ningún servicio lo sirve como producto;;https://admin.shopify.com/store/trophy-partner/products?query=PS6400
NO_IMPORTABLE;Faceted Clear Crystal with Black Crystal Award;PS8594;p-7988-faceted-clear-crystal-with-black-crystal-award;GI671A GI671B GI671C;;GI671: sin partes en Product Data (sin stock, con precio);;https://admin.shopify.com/store/trophy-partner/products?query=PS8594
NO_IMPORTABLE;Faceted Edge Crystal Paperweight;PS8598;p-7991-faceted-edge-crystal-paperweight;GM826A GM826B;;GM826: sin partes en Product Data (con stock, con precio);;https://admin.shopify.com/store/trophy-partner/products?query=PS8598
NO_IMPORTABLE;Faceted Optic Crystal Tower with Slanted Wood Block Base;PS9636;p-8673-faceted-optic-crystal-tower-with-slanted-wood-block-base;GM846A GM846B;;GM846: sin partes en Product Data (sin stock, con precio);;https://admin.shopify.com/store/trophy-partner/products?query=PS9636
NO_IMPORTABLE;Floating Lucite Crescent in Bronze Resin Award;PS8600;p-7992-floating-lucite-crescent-in-bronze-resin-award;CD751;;ningún servicio lo sirve como producto;;https://admin.shopify.com/store/trophy-partner/products?query=PS8600
NO_IMPORTABLE;Florentia Acrylic Plaque;PS10526;p-8753-florentia-acrylic-plaque;CD973ABL CD973ARD CD973BBL CD973BRD;;CD973: sin partes en Product Data (sin stock, con precio);;https://admin.shopify.com/store/trophy-partner/products?query=PS10526
NO_IMPORTABLE;Florentine Edge Plate on Walnut Finish Board;PS8613;p-7993-florentine-edge-plate-on-walnut-finish-board;C071AASWF;;ningún servicio lo sirve como producto;;https://admin.shopify.com/store/trophy-partner/products?query=PS8613
NO_IMPORTABLE;Frosted Lucite USA Cutout on Risers Award;PS8004;p-7116-frosted-lucite-usa-cutout-on-risers-award;CD900USA;;sin precio o sin ficha;;https://admin.shopify.com/store/trophy-partner/products?query=PS8004
NO_IMPORTABLE;Full Color Free Standing Lucite Block;PS6382;p-5700-full-color-free-standing-lucite-block;DCC0812A DCC0813A DCC0812B DCC0813B DCC0812C DCC0813C;;ningún servicio lo sirve como producto;;https://admin.shopify.com/store/trophy-partner/products?query=PS6382
NO_IMPORTABLE;Gatsby Plaque;PS8744;p-8047-gatsby-plaque;CD1098A CD1098B;;ningún servicio lo sirve como producto;;https://admin.shopify.com/store/trophy-partner/products?query=PS8744
NO_IMPORTABLE;Genuine Walnut Barrel Large;PS6549;p-5867-genuine-walnut-barrel-large;C031AG;;ningún servicio lo sirve como producto;;https://admin.shopify.com/store/trophy-partner/products?query=PS6549
NO_IMPORTABLE;Genuine Walnut Barrel Plaque;PS6548;p-5866-genuine-walnut-barrel-plaque;C031BG;;ningún servicio lo sirve como producto;;https://admin.shopify.com/store/trophy-partner/products?query=PS6548
NO_IMPORTABLE;Genuine Walnut Certificate/Overlay Plaque;PS6550;p-5868-genuine-walnut-certificateoverlay-plaque;C3501CW;;ningún servicio lo sirve como producto;;https://admin.shopify.com/store/trophy-partner/products?query=PS6550
NO_IMPORTABLE;Gold Gemstone Brilliance Lucite Peak Award;PS6567;p-5885-gold-gemstone-brilliance-lucite-peak-award;CD603AGO CD603BGO CD603CGO;;ningún servicio lo sirve como producto;;https://admin.shopify.com/store/trophy-partner/products?query=PS6567
NO_IMPORTABLE;Gold Optic Crystal Gemstone Award;PS6577;p-5895-gold-optic-crystal-gemstone-award;GI513AGO GI513BGO GI513CGO;;ningún servicio lo sirve como producto;;https://admin.shopify.com/store/trophy-partner/products?query=PS6577
NO_IMPORTABLE;Gold Tone Star Paperweight;PS6584;p-5902-gold-tone-star-paperweight;C0557;;ningún servicio lo sirve como producto;;https://admin.shopify.com/store/trophy-partner/products?query=PS6584
NO_IMPORTABLE;Gold Vibrant Gemstone Award;PS6585;p-5903-gold-vibrant-gemstone-award;GI512AGO GI512BGO;;ningún servicio lo sirve como producto;;https://admin.shopify.com/store/trophy-partner/products?query=PS6585
NO_IMPORTABLE;Gold/Silver Plastic Cup on Marble Base;PS8797;p-8054-goldsilver-plastic-cup-on-marble-base;CM725A CM725B CM725C;;CM725: sin partes en Product Data (sin stock, con precio);;https://admin.shopify.com/store/trophy-partner/products?query=PS8797
NO_IMPORTABLE;Golf Ball on Green Tablet Award;PS8799;p-8056-golf-ball-on-green-tablet-award;CD1051A;;CD1051: sin partes en Product Data (sin stock, con precio);;https://admin.shopify.com/store/trophy-partner/products?query=PS8799
NO_IMPORTABLE;Gray Art Glass Vase;PS6587;p-5905-gray-art-glass-vase;GI585;;ningún servicio lo sirve como producto;;https://admin.shopify.com/store/trophy-partner/products?query=PS6587
NO_IMPORTABLE;Green Arched Brilliance Award;PS10753;p-8764-green-arched-brilliance-award;CD635GR;;ningún servicio lo sirve como producto;;https://admin.shopify.com/store/trophy-partner/products?query=PS10753
NO_IMPORTABLE;Green Cascade Carved Acrylic Award;PS8808;p-8062-green-cascade-carved-acrylic-award;CD1217GN;;ningún servicio lo sirve como producto;;https://admin.shopify.com/store/trophy-partner/products?query=PS8808
NO_IMPORTABLE;Green Ceramic Mug Small;PS8809;p-8063-green-ceramic-mug-small;CM705-11;;ningún servicio lo sirve como producto;;https://admin.shopify.com/store/trophy-partner/products?query=PS8809
NO_IMPORTABLE;Harvest Carved Acrylic Award;PS8833;p-8068-harvest-carved-acrylic-award;CD1215A CD1215B CD1215C;;CD1215: sin partes en Product Data (con stock, sin precio);;https://admin.shopify.com/store/trophy-partner/products?query=PS8833
NO_IMPORTABLE;Highflying Eagle Head Award Trophy;PS6609;p-5927-highflying-eagle-head-award-trophy;CM224A CM224B CM224C;;CM224: sin partes en Product Data (sin stock, con precio);;https://admin.shopify.com/store/trophy-partner/products?query=PS6609
NO_IMPORTABLE;Interlocking Bent Award;PS8841;p-8070-interlocking-bent-award;CD907B CD907A;;CD907: sin partes en Product Data (sin stock, con precio);;https://admin.shopify.com/store/trophy-partner/products?query=PS8841
NO_IMPORTABLE;Jade Glass Circle Award;PS6619;p-5937-jade-glass-circle-award;DCGI496A DCGI496B;;ningún servicio lo sirve como producto;;https://admin.shopify.com/store/trophy-partner/products?query=PS6619
NO_IMPORTABLE;Jade Glass Crescent Award with Picture Frame;PS6620;p-5938-jade-glass-crescent-award-with-picture-frame;GM454A GM454B GM454C;;GM454: sin partes en Product Data (sin stock, con precio);;https://admin.shopify.com/store/trophy-partner/products?query=PS6620
NO_IMPORTABLE;Jade Glass Oblong Octagon Award Trophy;PS6623;p-5941-jade-glass-oblong-octagon-award-trophy;DCGI36;;ningún servicio lo sirve como producto;;https://admin.shopify.com/store/trophy-partner/products?query=PS6623
NO_IMPORTABLE;Jade Glass Octagon On Base w/ Digi;PS6624;p-5942-jade-glass-octagon-on-base-w-digi;DCGI35;;ningún servicio lo sirve como producto;;https://admin.shopify.com/store/trophy-partner/products?query=PS6624
NO_IMPORTABLE;Jade Glass Rectangle on Base;PS8860;p-8073-jade-glass-rectangle-on-base;G0661A G0661B;;G0661: sin partes en Product Data (con stock, con precio);;https://admin.shopify.com/store/trophy-partner/products?query=PS8860
NO_IMPORTABLE;Jade Glass Slant Peak Award Trophy;PS6627;p-5945-jade-glass-slant-peak-award-trophy;DCGI527A DCGI527B DCGI527C;;ningún servicio lo sirve como producto;;https://admin.shopify.com/store/trophy-partner/products?query=PS6627
NO_IMPORTABLE;Jade Glass Tablet Award Plaque;PS6630;p-5948-jade-glass-tablet-award-plaque;DCGM446A DCGM446B DCGM446C;;ningún servicio lo sirve como producto;;https://admin.shopify.com/store/trophy-partner/products?query=PS6630
NO_IMPORTABLE;Large Crystal Triangular Votive Holder;PS9638;p-8674-large-crystal-triangular-votive-holder;G1000;;ningún servicio lo sirve como producto;;https://admin.shopify.com/store/trophy-partner/products?query=PS9638
NO_IMPORTABLE;Lasered Lucite on Bamboo Plaque;PS6646;p-5964-lasered-lucite-on-bamboo-plaque;CD665A CD665B;;ningún servicio lo sirve como producto;;https://admin.shopify.com/store/trophy-partner/products?query=PS6646
NO_IMPORTABLE;Lasered Lucite on Mahogany Plaque;PS6647;p-5965-lasered-lucite-on-mahogany-plaque;CD664A CD664B;;CD664: sin partes en Product Data (sin stock, con precio);;https://admin.shopify.com/store/trophy-partner/products?query=PS6647
NO_IMPORTABLE;Lavender Ceramic Mug;PS8894;p-8076-lavender-ceramic-mug;CM704-5405;;ningún servicio lo sirve como producto;;https://admin.shopify.com/store/trophy-partner/products?query=PS8894
NO_IMPORTABLE;Leatherette Dome Top Clock;PS10868;p-8789-leatherette-dome-top-clock;CM298DB CM298LB CM298RW;;ningún servicio lo sirve como producto;;https://admin.shopify.com/store/trophy-partner/products?query=PS10868
NO_IMPORTABLE;Leatherette Double Pen Case with Large;PS10870;p-8791-leatherette-double-pen-case-with-large;CM247BS;;ningún servicio lo sirve como producto;;https://admin.shopify.com/store/trophy-partner/products?query=PS10870
NO_IMPORTABLE;Leatherette Double Pen Case with Small;PS10869;p-8790-leatherette-double-pen-case-with-small;CM247DB CM247GR CM247LB CM247RW;;ningún servicio lo sirve como producto;;https://admin.shopify.com/store/trophy-partner/products?query=PS10869
NO_IMPORTABLE;Leatherette Mug Sleeve Small;PS10902;p-8803-leatherette-mug-sleeve-small;CM287BS;;ningún servicio lo sirve como producto;;https://admin.shopify.com/store/trophy-partner/products?query=PS10902
NO_IMPORTABLE;Leatherette Pen;PS9054;p-8092-leatherette-pen;CM356BB CM356BV;;CM356BL/CM356BS/CM356DB/CM356GR/CM356LB/CM356PK/CM356RS/CM356RW/CM356TL: sin partes en Product Data (sin stock, sin precio);;https://admin.shopify.com/store/trophy-partner/products?query=PS9054
NO_IMPORTABLE;Leatherette Phone Wallet Large;PS10918;p-8811-leatherette-phone-wallet-large;CM325BS CM325DB CM325GR CM325LB CM325PK CM325RS CM325RW;;ningún servicio lo sirve como producto;;https://admin.shopify.com/store/trophy-partner/products?query=PS10918
NO_IMPORTABLE;Leatherette Phone Wallet Small;PS10917;p-8810-leatherette-phone-wallet-small;CM325BL;;ningún servicio lo sirve como producto;;https://admin.shopify.com/store/trophy-partner/products?query=PS10917
NO_IMPORTABLE;Leatherette Phone Wallet With Ring;PS9063;p-8093-leatherette-phone-wallet-with-ring;CM375BB;;ningún servicio lo sirve como producto;;https://admin.shopify.com/store/trophy-partner/products?query=PS9063
NO_IMPORTABLE;Leatherette Phone Wallet With Ring;PS10916;p-8809-leatherette-phone-wallet-with-ring;CM375BS CM375DB CM375GR CM375LB CM375PK CM375RS CM375RW CM375TL;;ningún servicio lo sirve como producto;;https://admin.shopify.com/store/trophy-partner/products?query=PS10916
NO_IMPORTABLE;Leatherette Rectangle Bottle Opener Keychain;PS6720;p-6038-leatherette-rectangle-bottle-opener-keychain;CM331;;ningún servicio lo sirve como producto;;https://admin.shopify.com/store/trophy-partner/products?query=PS6720
NO_IMPORTABLE;Light Blue Ceramic Mug;PS9147;p-8107-light-blue-ceramic-mug;CM708-632;;ningún servicio lo sirve como producto;;https://admin.shopify.com/store/trophy-partner/products?query=PS9147
NO_IMPORTABLE;Lucite Magnetic Entrapment with Engraving;PS6751;p-6069-lucite-magnetic-entrapment-with-engraving;CD882A CD882B CD882C;;CD882: sin partes en Product Data (sin stock, con precio);;https://admin.shopify.com/store/trophy-partner/products?query=PS6751
NO_IMPORTABLE;Lucite Magnetic Entrapment with Steel Back;PS6750;p-6068-lucite-magnetic-entrapment-with-steel-back;CD883A CD883B;;ningún servicio lo sirve como producto;;https://admin.shopify.com/store/trophy-partner/products?query=PS6750
NO_IMPORTABLE;Lucite Plaque w/ Hanger/Easel;PS6752;p-6070-lucite-plaque-w-hangereasel;CD420;;ningún servicio lo sirve como producto;;https://admin.shopify.com/store/trophy-partner/products?query=PS6752
NO_IMPORTABLE;Lucite Star Accent Tower Award on Marble;PS6648;p-5966-lucite-star-accent-tower-award-on-marble;CD41A CD41B CD41C;;CD41: sin partes en Product Data (sin stock, con precio);;https://admin.shopify.com/store/trophy-partner/products?query=PS6648
NO_IMPORTABLE;Magnetic Entrapment Award;PS9160;p-8109-magnetic-entrapment-award;D1036B CD1036C;;CD1036: sin partes en Product Data (sin stock, con precio);;https://admin.shopify.com/store/trophy-partner/products?query=PS9160
NO_IMPORTABLE;Mahogany Wood and Silver Backer Digi;PS6757;p-6075-mahogany-wood-and-silver-backer-digi;CD971AM CD971BM;;ningún servicio lo sirve como producto;;https://admin.shopify.com/store/trophy-partner/products?query=PS6757
NO_IMPORTABLE;Maroon Ceramic Mug;PS9166;p-8112-maroon-ceramic-mug;CM708-43;;ningún servicio lo sirve como producto;;https://admin.shopify.com/store/trophy-partner/products?query=PS9166
NO_IMPORTABLE;Multi-Faceted Clear Crystal Award with Blue and Black Base;PS6773;p-6091-multi-faceted-clear-crystal-award-with-blue-and-black-base;GM727A GM727B GM727C;;GM727: sin partes en Product Data (sin stock, con precio);;https://admin.shopify.com/store/trophy-partner/products?query=PS6773
NO_IMPORTABLE;Multi-Tiered Optic Crystal Shield Award;PS6774;p-6092-multi-tiered-optic-crystal-shield-award;GM679A GM679B GM679C;;GM679: sin partes en Product Data (sin stock, con precio);;https://admin.shopify.com/store/trophy-partner/products?query=PS6774
NO_IMPORTABLE;Mustard Ceramic Mug;PS9187;p-8115-mustard-ceramic-mug;CM704-640;;ningún servicio lo sirve como producto;;https://admin.shopify.com/store/trophy-partner/products?query=PS9187
NO_IMPORTABLE;Nile Tower On Marble Base;PS6776;p-6094-nile-tower-on-marble-base;CD313A CD313B;;CD313: sin partes en Product Data (sin stock, con precio);;https://admin.shopify.com/store/trophy-partner/products?query=PS6776
NO_IMPORTABLE;Nouveau Acrylic Award with Mirror Accent;PS9640;p-8676-nouveau-acrylic-award-with-mirror-accent;CD1256ABL CD1256AGR CD1256ARD CD1256CBL CD1256CGR CD1256CRD;;CD1256: sin partes en Product Data (sin stock, con precio);;https://admin.shopify.com/store/trophy-partner/products?query=PS9640
NO_IMPORTABLE;Octagon Acrylic Excellence Award;PS9196;p-8116-octagon-acrylic-excellence-award;CD911A CD911B CD911C;;CD911: sin partes en Product Data (sin stock, con precio);;https://admin.shopify.com/store/trophy-partner/products?query=PS9196
NO_IMPORTABLE;Optic Crystal Block with Stock Color Background;PS9642;p-8678-optic-crystal-block-with-stock-color-background;GI842ABL GI842AGR GI842ARD GI842BBL GI842BGR GI842BRD GI842CBL GI842CGR GI842CRD;;GI842: sin partes en Product Data (sin stock, con precio);;https://admin.shopify.com/store/trophy-partner/products?query=PS9642
NO_IMPORTABLE;Optic Crystal Circle with Silver Star;PS9208;p-8119-optic-crystal-circle-with-silver-star;GM626A GM626B;;ningún servicio lo sirve como producto;;https://admin.shopify.com/store/trophy-partner/products?query=PS9208
NO_IMPORTABLE;Optic Crystal Diamond on Base;PS9643;p-8679-optic-crystal-diamond-on-base;GI847;;ningún servicio lo sirve como producto;;https://admin.shopify.com/store/trophy-partner/products?query=PS9643
NO_IMPORTABLE;Optic Crystal Diamond Tower Award;PS9644;p-8680-optic-crystal-diamond-tower-award;GI839A GI839B GI839C;;GI839: sin partes en Product Data (sin stock, con precio);;https://admin.shopify.com/store/trophy-partner/products?query=PS9644
NO_IMPORTABLE;Optic Crystal Dome Wedge Award Trophy;PS6798;p-6116-optic-crystal-dome-wedge-award-trophy;GI581A GI581B;;GI581: sin partes en Product Data (con stock, con precio);;https://admin.shopify.com/store/trophy-partner/products?query=PS6798
NO_IMPORTABLE;Optic Crystal Rectangle Award with Full Color;PS9645;p-8681-optic-crystal-rectangle-award-with-full-color;GI840AFL GI840ALR GI840ASP GI840BFL GI840BLR GI840BSP GI840CFL GI840CLR GI840CSP;;GI840: sin partes en Product Data (sin stock, con precio);;https://admin.shopify.com/store/trophy-partner/products?query=PS9645
NO_IMPORTABLE;Optic Crystal Tower with Wood Block Base;PS9646;p-8682-optic-crystal-tower-with-wood-block-base;GM845A GM845B;;GM845: sin partes en Product Data (sin stock, con precio);;https://admin.shopify.com/store/trophy-partner/products?query=PS9646
NO_IMPORTABLE;Optic Crystal Triad Tower;PS9647;p-8683-optic-crystal-triad-tower;GI838A GI838B;;GI838: sin partes en Product Data (sin stock, con precio);;https://admin.shopify.com/store/trophy-partner/products?query=PS9647
NO_IMPORTABLE;Optic Crystal Wedge with Colorful Wave Design;PS9648;p-8684-optic-crystal-wedge-with-colorful-wave-design;GI843ABL GI843AGR GI843ARD GI843BBL GI843BGR GI843BRD GI843CBL GI843CGR GI843CRD GI843DBL GI843DGR GI843DRD;;GI843: sin partes en Product Data (sin stock, con precio);;https://admin.shopify.com/store/trophy-partner/products?query=PS9648
NO_IMPORTABLE;Orange Ceramic Mug;PS9252;p-8126-orange-ceramic-mug;CM707-2956 CM708-2956;;ningún servicio lo sirve como producto;;https://admin.shopify.com/store/trophy-partner/products?query=PS9252
NO_IMPORTABLE;Pearl Edge Scroll Glass on Black Base;PS6840;p-6158-pearl-edge-scroll-glass-on-black-base;GM717A GM717B GM717C;;GM717: sin partes en Product Data (sin stock, con precio);;https://admin.shopify.com/store/trophy-partner/products?query=PS6840
NO_IMPORTABLE;Pink Leatherette Phone Easel;PS11149;p-8844-pink-leatherette-phone-easel;CM296PK;;ningún servicio lo sirve como producto;;https://admin.shopify.com/store/trophy-partner/products?query=PS11149
NO_IMPORTABLE;Pinstripe Award;PS6846;p-6164-pinstripe-award;CD1028A CD1028B;;CD1028: sin partes en Product Data (sin stock, con precio);;https://admin.shopify.com/store/trophy-partner/products?query=PS6846
NO_IMPORTABLE;Pivoting Bars Award Stacker Bar;PS9276;p-8134-pivoting-bars-award-stacker-bar;CD1220B CD1220C CD1220W;;ningún servicio lo sirve como producto;;https://admin.shopify.com/store/trophy-partner/products?query=PS9276
NO_IMPORTABLE;Pivoting Bars Award with Magnetic Base;PS9277;p-8135-pivoting-bars-award-with-magnetic-base;CD1221B CD1221C CD1221W;;ningún servicio lo sirve como producto;;https://admin.shopify.com/store/trophy-partner/products?query=PS9277
NO_IMPORTABLE;Plum Ceramic Mug;PS9279;p-8136-plum-ceramic-mug;CM704-1041;;ningún servicio lo sirve como producto;;https://admin.shopify.com/store/trophy-partner/products?query=PS9279
NO_IMPORTABLE;Premium Horizontal Jade Glass Tablet with Metal Stand;PS6855;p-6173-premium-horizontal-jade-glass-tablet-with-metal-stand;GM669A GM669B GM669C;;GM669: sin partes en Product Data (sin stock, con precio);;https://admin.shopify.com/store/trophy-partner/products?query=PS6855
NO_IMPORTABLE;Purple Ceramic Mug Large;PS9307;p-8146-purple-ceramic-mug-large;CM704-2899 CM707-84 CM708-25;;ningún servicio lo sirve como producto;;https://admin.shopify.com/store/trophy-partner/products?query=PS9307
NO_IMPORTABLE;Purple Ceramic Mug Small;PS9306;p-8145-purple-ceramic-mug-small;CM705-04;;ningún servicio lo sirve como producto;;https://admin.shopify.com/store/trophy-partner/products?query=PS9306
NO_IMPORTABLE;Puzzle Crescent on Base;PS9310;p-8148-puzzle-crescent-on-base;GI675;;ningún servicio lo sirve como producto;;https://admin.shopify.com/store/trophy-partner/products?query=PS9310
NO_IMPORTABLE;Rectangle Laser Edge Award;PS9321;p-8150-rectangle-laser-edge-award;CD912AR CD912BR;;CD912: sin partes en Product Data (sin stock, con precio);;https://admin.shopify.com/store/trophy-partner/products?query=PS9321
NO_IMPORTABLE;Red Arched Brilliance Award;PS6875;p-6193-red-arched-brilliance-award;CD635R;;ningún servicio lo sirve como producto;;https://admin.shopify.com/store/trophy-partner/products?query=PS6875
NO_IMPORTABLE;Red Barrel Plaque w/ Marble Mist Small;PS6876;p-6194-red-barrel-plaque-w-marble-mist-small;C031BR;;ningún servicio lo sirve como producto;;https://admin.shopify.com/store/trophy-partner/products?query=PS6876
NO_IMPORTABLE;Red Barrel Plaque with Marble Mist Plate;PS6877;p-6195-red-barrel-plaque-with-marble-mist-plate;C031AR;;ningún servicio lo sirve como producto;;https://admin.shopify.com/store/trophy-partner/products?query=PS6877
NO_IMPORTABLE;Red Ceramic Mug;PS9331;p-8155-red-ceramic-mug;CM704-2904 CM707-199 CM708-3192 CM706-664;;ningún servicio lo sirve como producto;;https://admin.shopify.com/store/trophy-partner/products?query=PS9331
NO_IMPORTABLE;Red Rectangle Vapor Mist Award;PS6889;p-6207-red-rectangle-vapor-mist-award;CD310AR CD310BR;;ningún servicio lo sirve como producto;;https://admin.shopify.com/store/trophy-partner/products?query=PS6889
NO_IMPORTABLE;Rising Star Award;PS9351;p-8161-rising-star-award;CD1218A CD1218B CD1218C;;CD1218: sin partes en Product Data (con stock, sin precio);;https://admin.shopify.com/store/trophy-partner/products?query=PS9351
NO_IMPORTABLE;Rose Leatherette Phone Easel;PS11252;p-8860-rose-leatherette-phone-easel;CM296RS;;ningún servicio lo sirve como producto;;https://admin.shopify.com/store/trophy-partner/products?query=PS11252
NO_IMPORTABLE;Rosewood Piano Finish Board with Raised Glass;PS9364;p-8164-rosewood-piano-finish-board-with-raised-glass;G0986A G0986B;;G0986: sin partes en Product Data (sin stock, con precio);;https://admin.shopify.com/store/trophy-partner/products?query=PS9364
NO_IMPORTABLE;Rosewood Piano Finish Lucite Barrel Riser Plaque Large;PS11266;p-8862-rosewood-piano-finish-lucite-barrel-riser-plaque-large;CM266ARW;;ningún servicio lo sirve como producto;;https://admin.shopify.com/store/trophy-partner/products?query=PS11266
NO_IMPORTABLE;Rosewood Piano Finish Lucite Barrel Riser Plaque Small;PS11265;p-8861-rosewood-piano-finish-lucite-barrel-riser-plaque-small;CM266BRW;;ningún servicio lo sirve como producto;;https://admin.shopify.com/store/trophy-partner/products?query=PS11265
NO_IMPORTABLE;Rosewood Piano Finish Star Paperweight;PS6907;p-6225-rosewood-piano-finish-star-paperweight;C0627;;ningún servicio lo sirve como producto;;https://admin.shopify.com/store/trophy-partner/products?query=PS6907
NO_IMPORTABLE;Round Acrylic Coaster;PS9374;p-8165-round-acrylic-coaster;CD1107A;;ningún servicio lo sirve como producto;;https://admin.shopify.com/store/trophy-partner/products?query=PS9374
NO_IMPORTABLE;Round Alder Coaster;PS9375;p-8166-round-alder-coaster;CD1106A;;ningún servicio lo sirve como producto;;https://admin.shopify.com/store/trophy-partner/products?query=PS9375
NO_IMPORTABLE;Round Bamboo Wine Gift Set;PS6913;p-6231-round-bamboo-wine-gift-set;CM423;;ningún servicio lo sirve como producto;;https://admin.shopify.com/store/trophy-partner/products?query=PS6913
NO_IMPORTABLE;Rounded Acrylic Highlighter Award;PS9649;p-8685-rounded-acrylic-highlighter-award;CD1252ABG CD1252AOR CD1252APB CD1252BBG CD1252BOR CD1252BPB CD1252CBG CD1252COR CD1252CPB;;CD1252: sin partes en Product Data (sin stock, con precio);;https://admin.shopify.com/store/trophy-partner/products?query=PS9649
NO_IMPORTABLE;Russet Ceramic Mug;PS9382;p-8167-russet-ceramic-mug;CM704-464;;ningún servicio lo sirve como producto;;https://admin.shopify.com/store/trophy-partner/products?query=PS9382
NO_IMPORTABLE;Sapphire Blue Accent Diamond On Marble Award;PS6918;p-6236-sapphire-blue-accent-diamond-on-marble-award;CD763A CD763B;;ningún servicio lo sirve como producto;;https://admin.shopify.com/store/trophy-partner/products?query=PS6918
NO_IMPORTABLE;Sheared Lucite Cylinder Award Trophy;PS6919;p-6237-sheared-lucite-cylinder-award-trophy;C2613;;ningún servicio lo sirve como producto;;https://admin.shopify.com/store/trophy-partner/products?query=PS6919
NO_IMPORTABLE;Silver Plated Cup on Base;PS9407;p-8176-silver-plated-cup-on-base;CM812;;ningún servicio lo sirve como producto;;https://admin.shopify.com/store/trophy-partner/products?query=PS9407
NO_IMPORTABLE;Silver Star on Crystal Base with Silver Plate;PS9412;p-8178-silver-star-on-crystal-base-with-silver-plate;GM625A GM625B;;GM625: sin partes en Product Data (sin stock, con precio);;https://admin.shopify.com/store/trophy-partner/products?query=PS9412
NO_IMPORTABLE;Slant Top Crystal Cylinder Award;PS9434;p-8181-slant-top-crystal-cylinder-award;GM758A GM758B GM75CA;;GM758: sin partes en Product Data (sin stock, con precio);;https://admin.shopify.com/store/trophy-partner/products?query=PS9434
NO_IMPORTABLE;Slant Top Vase;PS9435;p-8182-slant-top-vase;G0500A G0500B G0500C;;G0500: sin partes en Product Data (sin stock, con precio);;https://admin.shopify.com/store/trophy-partner/products?query=PS9435
NO_IMPORTABLE;Slant-Front Crystal Award with Compass Medallion;PS6943;p-6261-slant-front-crystal-award-with-compass-medallion;GI582MC;;ningún servicio lo sirve como producto;;https://admin.shopify.com/store/trophy-partner/products?query=PS6943
NO_IMPORTABLE;Slant-Front Crystal Award with Globe Medallion;PS6945;p-6263-slant-front-crystal-award-with-globe-medallion;GI582MG;;ningún servicio lo sirve como producto;;https://admin.shopify.com/store/trophy-partner/products?query=PS6945
NO_IMPORTABLE;Slant-Front Crystal Award with Star Medallion;PS6947;p-6265-slant-front-crystal-award-with-star-medallion;GI582MS;;ningún servicio lo sirve como producto;;https://admin.shopify.com/store/trophy-partner/products?query=PS6947
NO_IMPORTABLE;Slant-Front Crystal with Lasered Black Disc Logo Medallion;PS6946;p-6264-slant-front-crystal-with-lasered-black-disc-logo-medallion;GI582YL;;ningún servicio lo sirve como producto;;https://admin.shopify.com/store/trophy-partner/products?query=PS6946
NO_IMPORTABLE;Slant-Front Crystal with Logo Medallion;PS6944;p-6262-slant-front-crystal-with-logo-medallion;GI582YD;;ningún servicio lo sirve como producto;;https://admin.shopify.com/store/trophy-partner/products?query=PS6944
NO_IMPORTABLE;Spotlight Lucite & Aluminum Lucite Base;PS6963;p-6281-spotlight-lucite-aluminum-lucite-base;C4952 C4953;;ningún servicio lo sirve como producto;;https://admin.shopify.com/store/trophy-partner/products?query=PS6963
NO_IMPORTABLE;Square Acrylic Coaster;PS9468;p-8187-square-acrylic-coaster;CD1107B;;ningún servicio lo sirve como producto;;https://admin.shopify.com/store/trophy-partner/products?query=PS9468
NO_IMPORTABLE;Square Alder Coaster;PS9469;p-8188-square-alder-coaster;CD1106B;;ningún servicio lo sirve como producto;;https://admin.shopify.com/store/trophy-partner/products?query=PS9469
NO_IMPORTABLE;Star Gazer Acrylic Award Trophy;PS11378;p-8879-star-gazer-acrylic-award-trophy;CD919AG CD919AS CD919BG CD919BS;;ningún servicio lo sirve como producto;;https://admin.shopify.com/store/trophy-partner/products?query=PS11378
NO_IMPORTABLE;Star Gold Trophy On Rosewood Piano;PS6966;p-6284-star-gold-trophy-on-rosewood-piano;C0632;;ningún servicio lo sirve como producto;;https://admin.shopify.com/store/trophy-partner/products?query=PS6966
NO_IMPORTABLE;Star Stream Silver Lucite On Base;PS6967;p-6285-star-stream-silver-lucite-on-base;CD859A CD859B CD859C;;ningún servicio lo sirve como producto;;https://admin.shopify.com/store/trophy-partner/products?query=PS6967
NO_IMPORTABLE;Stars Silver Trophy On Rosewood Piano;PS6969;p-6287-stars-silver-trophy-on-rosewood-piano;C0633;;ningún servicio lo sirve como producto;;https://admin.shopify.com/store/trophy-partner/products?query=PS6969
NO_IMPORTABLE;State Shaped Frosted Acrylic Cutout on Black Plaque;PS8000;p-6347-state-shaped-frosted-acrylic-cutout-on-black-plaque;CD953;;ningún servicio lo sirve como producto;;https://admin.shopify.com/store/trophy-partner/products?query=PS8000
NO_IMPORTABLE;Streaming Excellence on Marble Award;PS11394;p-8880-streaming-excellence-on-marble-award;CD1006BL CD1006GR CD1006RD;;ningún servicio lo sirve como producto;;https://admin.shopify.com/store/trophy-partner/products?query=PS11394
NO_IMPORTABLE;Sweeping Cosmos Acrylic with Mirror Accent;PS11397;p-8881-sweeping-cosmos-acrylic-with-mirror-accent;CD970RD;;ningún servicio lo sirve como producto;;https://admin.shopify.com/store/trophy-partner/products?query=PS11397
NO_IMPORTABLE;Sweeping Success Acrylic Award;PS9652;p-8688-sweeping-success-acrylic-award;CD1249ABL CD1249AGR CD1249ARD CD1249BBL CD1249BGR CD1249BRD CD1249CBL CD1249CGR CD1249CRD;;CD1249: sin partes en Product Data (sin stock, con precio);;https://admin.shopify.com/store/trophy-partner/products?query=PS9652
NO_IMPORTABLE;Tahoe Drinkware;PS11413;p-8883-tahoe-drinkware;CM814BK CM814BL CM814CR CM814DB CM814GR CM814GY CM814LB CM814LP CM814MR CM814OR CM814PK CM814PU CM814RD CM814TL CM814WH CM814YW;;CM814: sin partes en Product Data (con stock, con precio);;https://admin.shopify.com/store/trophy-partner/products?query=PS11413
NO_IMPORTABLE;Taper Edge Award;PS11419;p-8889-taper-edge-award;GM750ABK GM750ABL GM750BBK GM750BBL GM751ABK;;GM750 GM751: sin partes en Product Data (sin stock, con precio);;https://admin.shopify.com/store/trophy-partner/products?query=PS11419
NO_IMPORTABLE;Teal Ceramic Mug;PS9515;p-8205-teal-ceramic-mug;CM704-755 CM708-579 CM706-755;;ningún servicio lo sirve como producto;;https://admin.shopify.com/store/trophy-partner/products?query=PS9515
NO_IMPORTABLE;The Noir Glass Dome On Black Glass Base;PS11429;p-8892-the-noir-glass-dome-on-black-glass-base;GI306;;ningún servicio lo sirve como producto;;https://admin.shopify.com/store/trophy-partner/products?query=PS11429
NO_IMPORTABLE;Thick Beveled Paperweight Award;PS6993;p-6311-thick-beveled-paperweight-award;CD226A DCCD226B CD226B;;CD226: sin partes en Product Data (con stock, con precio);;https://admin.shopify.com/store/trophy-partner/products?query=PS6993
NO_IMPORTABLE;Turquoise and Stone Lucite 13 Plate Photo Plaque;PS11442;p-8894-turquoise-and-stone-lucite-13-plate-photo-plaque;EP20PKG;;ningún servicio lo sirve como producto;;https://admin.shopify.com/store/trophy-partner/products?query=PS11442
NO_IMPORTABLE;Vivid Spiral Acrylic on Marble;PS9541;p-8216-vivid-spiral-acrylic-on-marble;CD1007BRD;;ningún servicio lo sirve como producto;;https://admin.shopify.com/store/trophy-partner/products?query=PS9541
NO_IMPORTABLE;Vivid Spiral Acrylic on Marble;PS11490;p-8897-vivid-spiral-acrylic-on-marble;CD1007ARD CD1007ABL CD1007BBL;;ningún servicio lo sirve como producto;;https://admin.shopify.com/store/trophy-partner/products?query=PS11490
NO_IMPORTABLE;Walnut Business Card Holder;PS9542;p-8217-walnut-business-card-holder;CM749W;;ningún servicio lo sirve como producto;;https://admin.shopify.com/store/trophy-partner/products?query=PS9542
NO_IMPORTABLE;Walnut Plaque with Gold Swirl Plate;PS7016;p-6334-walnut-plaque-with-gold-swirl-plate;CD662A CD662B;;ningún servicio lo sirve como producto;;https://admin.shopify.com/store/trophy-partner/products?query=PS7016
NO_IMPORTABLE;Water Bottle Carabiner Large;PS11523;p-8902-water-bottle-carabiner-large;CM822GR CM822OR CM822PU CM822RD;;ningún servicio lo sirve como producto;;https://admin.shopify.com/store/trophy-partner/products?query=PS11523
NO_IMPORTABLE;Water Bottle Carabiner Small;PS11522;p-8901-water-bottle-carabiner-small;CM822BL;;ningún servicio lo sirve como producto;;https://admin.shopify.com/store/trophy-partner/products?query=PS11522
NO_IMPORTABLE;Water Drop Award;PS11524;p-8903-water-drop-award;CD1017ARD CD1017BRD CD1017ABL CD1017BBL CD1017CRD CD1017CBL;;ningún servicio lo sirve como producto;;https://admin.shopify.com/store/trophy-partner/products?query=PS11524
NO_IMPORTABLE;Waterfall Crystal on Base;PS9586;p-8224-waterfall-crystal-on-base;GM752A GM752B GM752C;;ningún servicio lo sirve como producto;;https://admin.shopify.com/store/trophy-partner/products?query=PS9586
NO_IMPORTABLE;White Ceramic Mug;PS9588;p-8225-white-ceramic-mug;CM707-02;;ningún servicio lo sirve como producto;;https://admin.shopify.com/store/trophy-partner/products?query=PS9588
NO_IMPORTABLE;White Crystal Triangular Votive Holder;PS9654;p-8690-white-crystal-triangular-votive-holder;G1001WH;;ningún servicio lo sirve como producto;;https://admin.shopify.com/store/trophy-partner/products?query=PS9654
NO_IMPORTABLE;White Fluted Vase;PS7021;p-6339-white-fluted-vase;GI636W;;ningún servicio lo sirve como producto;;https://admin.shopify.com/store/trophy-partner/products?query=PS7021
NO_IMPORTABLE;White Wood Beveled Edge Block;PS7024;p-6342-white-wood-beveled-edge-block;DCCD944A DCCD944B DCCD944C;;DCCD944: sin partes en Product Data (sin stock, con precio);;https://admin.shopify.com/store/trophy-partner/products?query=PS7024
NO_IMPORTABLE;Yellow Ceramic Mug;PS9605;p-8227-yellow-ceramic-mug;CM708-640;;ningún servicio lo sirve como producto;;https://admin.shopify.com/store/trophy-partner/products?query=PS9605
REPUNTE;14 oz. Pilsner Tumbler;PS9684;p-8692-14-oz-pilsner-tumbler;CM717BK CM717BL CM717DB CM717GR CM717GY CM717LB CM717LP CM717MR CM717OR CM717PK CM717PU CM717RD CM717TL CM717WH;;apuntar a CM717*;16 variantes;https://admin.shopify.com/store/trophy-partner/products?query=PS9684
REPUNTE;20 oz. Pilsner Tumbler;PS9703;p-8693-20-oz-pilsner-tumbler;CM716BK CM716BL CM716DB CM716GR CM716GY CM716LB CM716LP CM716MR CM716OR CM716PK CM716PU CM716RD CM716TL CM716WH;;apuntar a CM716*;16 variantes;https://admin.shopify.com/store/trophy-partner/products?query=PS9703
REPUNTE;Anniversary Achievement Years of Service Awards;PS6056;p-5374-anniversary-achievement-years-of-service-awards;CD903Y5 CD903Y10 CD903Y15 CD903Y20 CD903Y25;;apuntar a CD903Y_;14 variantes;https://admin.shopify.com/store/trophy-partner/products?query=PS6056
REPUNTE;Anniversary Service Recognition Awards;PS8117;p-7842-anniversary-service-recognition-awards;CD980Y10 CD980Y15 CD980Y20 CD980Y25 CD980Y30 CD980Y35 CD980Y40 CD980Y45 CD980Y5 CD980Y50 CD981Y10 CD981Y15 CD981Y20 CD981Y25 CD981Y30 CD981Y35 CD981Y40 CD981Y45 CD981Y5 CD981Y50;;apuntar a CD981Y*;12 variantes;https://admin.shopify.com/store/trophy-partner/products?query=PS8117
REPUNTE;Anniversary Years of Service Achievement Plaque;PS6057;p-5375-anniversary-years-of-service-achievement-plaque;CD902Y10 CD902Y15 CD902Y20 CD902Y25 CD902Y5;;apuntar a CD902Y*;14 variantes;https://admin.shopify.com/store/trophy-partner/products?query=PS6057
REPUNTE;Anniversary Years of Service Freestanding Award;PS6058;p-5376-anniversary-years-of-service-freestanding-award;CD904Y10 CD904Y15 CD904Y20 CD904Y25 CD904Y30;;apuntar a CD904BY*;9 variantes;https://admin.shopify.com/store/trophy-partner/products?query=PS6058
REPUNTE;Canvas Portfolio with Leatherette Accent;PS10146;p-8725-canvas-portfolio-with-leatherette-accent;CM720AGR CM720ARW CM720BBS CM720BGR CM720BRW CM720ABS;;apuntar a CM720A CM720B;9 variantes;https://admin.shopify.com/store/trophy-partner/products?query=PS10146
REPUNTE;Cosmopolitan Plaque Large;PS8449;p-7945-cosmopolitan-plaque-large;CD1096B CD1096G CD1096S CD1097B CD1097G CD1097S;;apuntar a CD1096* CD1097*;6 variantes;https://admin.shopify.com/store/trophy-partner/products?query=PS8449
REPUNTE;Cosmopolitan Plaque Small;PS8448;p-7944-cosmopolitan-plaque-small;CD1095B CD1095G CD1095S;;apuntar a CD1095*;3 variantes;https://admin.shopify.com/store/trophy-partner/products?query=PS8448
REPUNTE;Crescent Interlock Perpetual Award;PS8451;p-7947-crescent-interlock-perpetual-award;CD909B CD909W;;apuntar a CD909*;2 variantes;https://admin.shopify.com/store/trophy-partner/products?query=PS8451
REPUNTE;Crossroads Horizontal Award;PS10295;p-8737-crossroads-horizontal-award;CD1040ACL CD1040BCL CD1040ABK CD1040ABL CD1040ARD CD1040BBK CD1040BBL CD1040BRD;;apuntar a CD1040A CD1040B;6 variantes;https://admin.shopify.com/store/trophy-partner/products?query=PS10295
REPUNTE;Crossroads Vertical Award;PS10296;p-8738-crossroads-vertical-award;CD1045ABK CD1045ABL CD1045BRD;;apuntar a CD1045;6 variantes;https://admin.shopify.com/store/trophy-partner/products?query=PS10296
REPUNTE;Crystal Golfer Tower Award;PS8500;p-7963-crystal-golfer-tower-award;GM690A GM690B GM690C;;apuntar a GM690;3 variantes;https://admin.shopify.com/store/trophy-partner/products?query=PS8500
REPUNTE;Crystal Triangular Stackable add;PS9633;p-8670-crystal-triangular-stackable-add;GI836BK GI836BL GI836WH;;apuntar a GI836;3 variantes;https://admin.shopify.com/store/trophy-partner/products?query=PS9633
REPUNTE;Engraved Leatherette Jewelry Box;PS9634;p-8671-engraved-leatherette-jewelry-box;CM824BS CM824BV CM824DB CM824GY CM824PK CM824RD CM824RV CM824RW CM824TL;;apuntar a CM824;2 variantes;https://admin.shopify.com/store/trophy-partner/products?query=PS9634
REPUNTE;Engraved Leatherette Wallet w/Strap;PS9635;p-8672-engraved-leatherette-wallet-wstrap;CM826BS CM826BV CM826DB CM826GY CM826PK CM826PU CM826RV CM826RW CM826TL CM826WH;;apuntar a CM826;1 variantes;https://admin.shopify.com/store/trophy-partner/products?query=PS9635
REPUNTE;Interlocking Perpetual Award Bars;PS9792;p-9434-interlocking-perpetual-award-bars;CD908RRBL CD908RLBL;;apuntar a CD908RL CD908RR;4 variantes;https://admin.shopify.com/store/trophy-partner/products?query=PS9792
REPUNTE;Leatherette Card and Dice Set;PS10861;p-8785-leatherette-card-and-dice-set;CM371BS CM371BV CM371GR CM371RW CM371TL;;apuntar a CM371;8 variantes;https://admin.shopify.com/store/trophy-partner/products?query=PS10861
REPUNTE;Leatherette Dice Cup Set;PS10867;p-8788-leatherette-dice-cup-set;CM370BS CM370DB CM370GR;;apuntar a CM370;5 variantes;https://admin.shopify.com/store/trophy-partner/products?query=PS10867
REPUNTE;Leatherette Luggage Tag Large;PS10893;p-8798-leatherette-luggage-tag-large;CM295BL CM295BS CM295DB CM295GR CM295LB CM295PK CM295RS CM295RW CM295TL;;apuntar a CM295*;12 variantes;https://admin.shopify.com/store/trophy-partner/products?query=PS10893
REPUNTE;Leatherette Money Clip/Card Holder;PS10898;p-8801-leatherette-money-clipcard-holder;CM246DB CM246GR CM246LB CM246RW;;apuntar a CM246;1 variantes;https://admin.shopify.com/store/trophy-partner/products?query=PS10898
REPUNTE;Leatherette Mouse Pad;PS10901;p-8802-leatherette-mouse-pad;CM452BS CM452DB CM452GR CM452LB CM452PK CM452RS CM452RW CM452TL;;apuntar a CM452;5 variantes;https://admin.shopify.com/store/trophy-partner/products?query=PS10901
REPUNTE;Leatherette Picture Frame;PS10953;p-8828-leatherette-picture-frame;CM248ABS CM248ABV CM248ACK CM248ADB CM248AGR CM248ALB CM248APK CM248ARD CM248ARW CM248ATL CM248AWM CM248BBB CM248ABB CM248BBS CM248BBV CM248BCK CM248BDB CM248BGR CM248BLB CM248BPK CM248BRD CM248BRW CM248BTL CM248BWM CM248CBB CM428DB CM428GR CM428LB CM428RW CM429BS;;apuntar a CM248A* CM248B*;19 variantes;https://admin.shopify.com/store/trophy-partner/products?query=PS10953
REPUNTE;Leatherette Poker Set;PS10919;p-8812-leatherette-poker-set;CM335BS CM335GR;;apuntar a CM335;2 variantes;https://admin.shopify.com/store/trophy-partner/products?query=PS10919
REPUNTE;Leatherette Rectangle Keychain Large;PS10932;p-8816-leatherette-rectangle-keychain-large;CM245BS CM245CK CM245DB CM245GR CM245LB CM245RW CM245TL;;apuntar a CM245*;9 variantes;https://admin.shopify.com/store/trophy-partner/products?query=PS10932
REPUNTE;Leatherette Wiereless Phone Charging Mat with USB Cord;PS10948;p-8823-leatherette-wiereless-phone-charging-mat-with-usb-cord;CM718BS CM718GR CM718RW CM718TL;;apuntar a CM718;4 variantes;https://admin.shopify.com/store/trophy-partner/products?query=PS10948
REPUNTE;Leatherette Wine Box;PS10951;p-8826-leatherette-wine-box;CM425BS CM425DB CM425GR CM425RW;;apuntar a CM425;3 variantes;https://admin.shopify.com/store/trophy-partner/products?query=PS10951
REPUNTE;Luminous Pinnacle Award;PS9639;p-8675-luminous-pinnacle-award;CD1258BL CD1258GR CD1258RD;;apuntar a CD1258;3 variantes;https://admin.shopify.com/store/trophy-partner/products?query=PS9639
REPUNTE;Open Pinnacle Award;PS9641;p-8677-open-pinnacle-award;CD1259BL CD1259GR CD1259RD;;apuntar a CD1259;3 variantes;https://admin.shopify.com/store/trophy-partner/products?query=PS9641
REPUNTE;Orbital Metal Golfer Award;PS9253;p-8127-orbital-metal-golfer-award;GM691A GM691B GM691C;;apuntar a GM691;3 variantes;https://admin.shopify.com/store/trophy-partner/products?query=PS9253
REPUNTE;Perpetual Corporate Cup;PS9265;p-8131-perpetual-corporate-cup;CM810G CM810S;;apuntar a CM810*;2 variantes;https://admin.shopify.com/store/trophy-partner/products?query=PS9265
REPUNTE;Perpetual Corporate Cup with Perpetual Plates;PS9264;p-8130-perpetual-corporate-cup-with-perpetual-plates;CM810EZG CM810EZS;;apuntar a CM810EZ*;2 variantes;https://admin.shopify.com/store/trophy-partner/products?query=PS9264
REPUNTE;Powder Coated Travel Water Bottle;PS11171;p-8852-powder-coated-travel-water-bottle;CM817BK CM817BL CM817CR CM817DB CM817GR CM817GY CM817LB CM817LP CM817MR CM817OR CM817PK CM817PU CM817RD CM817TL CM817WH CM817YW CM818BK CM818BL CM818CR CM818DB CM818GR CM818GY CM818LB CM818LP CM818MR CM818OR CM818PK CM818PU CM818RD CM818TL CM818WH CM818YW;;apuntar a CM817* CM818*;32 variantes;https://admin.shopify.com/store/trophy-partner/products?query=PS11171
REPUNTE;Sedona Ridge Plaque;PS11295;p-8866-sedona-ridge-plaque;CD916ABL CD916AGR CD916ARD CD916BBL CD916BGR CD916BRD;;apuntar a CD916A* CD916B*;6 variantes;https://admin.shopify.com/store/trophy-partner/products?query=PS11295
REPUNTE;Sedona Ridge Tablet Award;PS11297;p-8868-sedona-ridge-tablet-award;CD915ABL CD915AGR CD915ARD CD915BBL CD915BGR CD915BRD CD915CBL CD915CGR CD915CRD;;apuntar a CD915A CD915B CD915C;9 variantes;https://admin.shopify.com/store/trophy-partner/products?query=PS11297
REPUNTE;Silver Architectural Metal Swirl Wall Plaque;PS6920;p-6238-silver-architectural-metal-swirl-wall-plaque;CD434S CD435S CD436S;;apuntar a CD434* CD435* CD436*;6 variantes;https://admin.shopify.com/store/trophy-partner/products?query=PS6920
REPUNTE;Small Digi;PS11359;p-8875-small-digi;CD547AAWN;;apuntar a CD547AA;2 variantes;https://admin.shopify.com/store/trophy-partner/products?query=PS11359
REPUNTE;Tahoe Tumbler Powder Coated Beverage Can Holder;PS11418;p-8888-tahoe-tumbler-powder-coated-beverage-can-holder;CM813BK CM813BL CM813CR CM813DB CM813GR CM813GY CM813LB CM813LP CM813MR CM813OR CM813PK CM813PU CM813RD CM813TL CM813WH CM813YW;;apuntar a CM813;16 variantes;https://admin.shopify.com/store/trophy-partner/products?query=PS11418
REPUNTE;Two-level Years of Service Award;PS9653;p-8689-two-level-years-of-service-award;CD1260Y10BL CD1260Y10GR CD1260Y10RD CD1260Y15BL CD1260Y15GR CD1260Y15RD CD1260Y1BL CD1260Y1GR CD1260Y1RD CD1260Y20BL CD1260Y20GR CD1260Y20RD CD1260Y25BL CD1260Y25GR CD1260Y25RD CD1260Y2BL CD1260Y2GR CD1260Y2RD CD1260Y30BL CD1260Y30GR CD1260Y30RD CD1260Y35BL CD1260Y35GR CD1260Y35RD CD1260Y3BL CD1260Y3GR CD1260Y3RD CD1260Y40BL CD1260Y40GR CD1260Y40RD CD1260Y45BL CD1260Y45GR CD1260Y45RD CD1260Y4BL CD1260Y4GR;;apuntar a CD1260;21 variantes;https://admin.shopify.com/store/trophy-partner/products?query=PS9653
YA_MIGRADO;15 oz. Stemless Wine Glass;PS9620;p-8657-15-oz-stemless-wine-glass;G0991;G0991;;;https://admin.shopify.com/store/trophy-partner/products?query=PS9620
YA_MIGRADO;16 oz. Pint Mixing Glass;PS9622;p-8659-16-oz-pint-mixing-glass;G0992;G0992;;;https://admin.shopify.com/store/trophy-partner/products?query=PS9622
YA_MIGRADO;16 oz. Willi Becher Beer Glass;PS9623;p-8660-16-oz-willi-becher-beer-glass;G0994;G0994;;;https://admin.shopify.com/store/trophy-partner/products?query=PS9623
YA_MIGRADO;19 oz. Wine Glass;PS9624;p-8661-19-oz-wine-glass;G0996;G0996;;;https://admin.shopify.com/store/trophy-partner/products?query=PS9624
YA_MIGRADO;3/8” Thick Custom Digi Small;PS8049;p-7812-38-thick-custom-digi-small;CD267C;CD267C;;;https://admin.shopify.com/store/trophy-partner/products?query=PS8049
YA_MIGRADO;8 oz. Champagne Flute;PS9625;p-8662-8-oz-champagne-flute;G0995;G0995;;;https://admin.shopify.com/store/trophy-partner/products?query=PS9625
YA_MIGRADO;9 oz. Stemless Wine Glass;PS9626;p-8663-9-oz-stemless-wine-glass;G0990;G0990;;;https://admin.shopify.com/store/trophy-partner/products?query=PS9626
YA_MIGRADO;Acacia Wood/Slate Cheese Set;PS8076;p-7830-acacia-woodslate-cheese-set;CM751;CM751;;;https://admin.shopify.com/store/trophy-partner/products?query=PS8076
YA_MIGRADO;Acrylic Awareness Ribbon Awards;PS7100;p-10294-acrylic-awareness-ribbon-awards;CD1268;CD1268;;;https://admin.shopify.com/store/trophy-partner/products?query=PS7100
YA_MIGRADO;Acrylic Challenge Coin Stand;PS8077;p-7831-acrylic-challenge-coin-stand;CD982;CD982;;;https://admin.shopify.com/store/trophy-partner/products?query=PS8077
YA_MIGRADO;Alder Cube Large;PS8087;p-7836-alder-cube-large;CM755B;CM755B;;;https://admin.shopify.com/store/trophy-partner/products?query=PS8087
YA_MIGRADO;Alder Cube Small;PS8086;p-7835-alder-cube-small;CM755A;CM755A;;;https://admin.shopify.com/store/trophy-partner/products?query=PS8086
YA_MIGRADO;Alder Wood Oval Name Bar;PS6047;p-5365-alder-wood-oval-name-bar;CM464;CM464;;;https://admin.shopify.com/store/trophy-partner/products?query=PS6047
YA_MIGRADO;Alder Wood Rectangle Name Bar;PS6048;p-5366-alder-wood-rectangle-name-bar;CM465;CM465;;;https://admin.shopify.com/store/trophy-partner/products?query=PS6048
YA_MIGRADO;Angular Perpetual Award;PS8099;p-7839-angular-perpetual-award;GI668;GI668;;;https://admin.shopify.com/store/trophy-partner/products?query=PS8099
YA_MIGRADO;Aquus Series Lucite Peak Award;PS6065;p-5383-aquus-series-lucite-peak-award;CDUS02C;CDUS02C;;;https://admin.shopify.com/store/trophy-partner/products?query=PS6065
YA_MIGRADO;Art Glass Award on Glass Base with Plate;PS6067;p-5385-art-glass-award-on-glass-base-with-plate;GM577;GM577;;;https://admin.shopify.com/store/trophy-partner/products?query=PS6067
YA_MIGRADO;Art Glass Black & Gold Coral Award on Base;PS6068;p-5386-art-glass-black-gold-coral-award-on-base;GM639;GM639;;;https://admin.shopify.com/store/trophy-partner/products?query=PS6068
YA_MIGRADO;Art Glass Black & Gold Curve on Base Award;PS6069;p-5387-art-glass-black-gold-curve-on-base-award;GM640;GM640;;;https://admin.shopify.com/store/trophy-partner/products?query=PS6069
YA_MIGRADO;Art Glass Blue & Gold Drop On Base;PS6070;p-5388-art-glass-blue-gold-drop-on-base;GM637;GM637;;;https://admin.shopify.com/store/trophy-partner/products?query=PS6070
YA_MIGRADO;Art Glass Green And Gold Drop On Base;PS6071;p-5389-art-glass-green-and-gold-drop-on-base;GM638;GM638;;;https://admin.shopify.com/store/trophy-partner/products?query=PS6071
YA_MIGRADO;Art Glass Green Spiral on Black Glass Base Award;PS6072;p-5390-art-glass-green-spiral-on-black-glass-base-award;GI206;GI206;;;https://admin.shopify.com/store/trophy-partner/products?query=PS6072
YA_MIGRADO;Ball Alder Ornament;PS8150;p-7852-ball-alder-ornament;CM757A;CM757A;;;https://admin.shopify.com/store/trophy-partner/products?query=PS8150
YA_MIGRADO;Bamboo BBQ Fork;PS8151;p-7853-bamboo-bbq-fork;CM752B;CM752B;;;https://admin.shopify.com/store/trophy-partner/products?query=PS8151
YA_MIGRADO;Bamboo BBQ Set;PS6080;p-5398-bamboo-bbq-set;CM416;CM416;;;https://admin.shopify.com/store/trophy-partner/products?query=PS6080
YA_MIGRADO;Bamboo BBQ Spatula;PS8154;p-7855-bamboo-bbq-spatula;CM752C;CM752C;;;https://admin.shopify.com/store/trophy-partner/products?query=PS8154
YA_MIGRADO;Bamboo BBQ Spatula & Bottle Openers;PS8153;p-7854-bamboo-bbq-spatula-bottle-openers;CM752A;CM752A;;;https://admin.shopify.com/store/trophy-partner/products?query=PS8153
YA_MIGRADO;Bamboo BBQ Tongs;PS8155;p-7856-bamboo-bbq-tongs;CM752D;CM752D;;;https://admin.shopify.com/store/trophy-partner/products?query=PS8155
YA_MIGRADO;Bamboo Cheese Cutting Board;PS6081;p-5399-bamboo-cheese-cutting-board;CM420;CM420;;;https://admin.shopify.com/store/trophy-partner/products?query=PS6081
YA_MIGRADO;Bamboo Wine Presentation Box with Tools;PS6086;p-5404-bamboo-wine-presentation-box-with-tools;CM460;CM460;;;https://admin.shopify.com/store/trophy-partner/products?query=PS6086
YA_MIGRADO;Barrel Stave Bottle Opener;PS8165;p-7859-barrel-stave-bottle-opener;CM748;CM748;;;https://admin.shopify.com/store/trophy-partner/products?query=PS8165
YA_MIGRADO;Bevel Edge Clear Crystal Paperweight;PS8168;p-7861-bevel-edge-clear-crystal-paperweight;GM824;GM824;;;https://admin.shopify.com/store/trophy-partner/products?query=PS8168
YA_MIGRADO;Beveled Crystal Circle Award;PS8175;p-7865-beveled-crystal-circle-award;GM757A;GM757A;;;https://admin.shopify.com/store/trophy-partner/products?query=PS8175
YA_MIGRADO;Beveled Crystal w/ Gold Glass Accent;PS6097;p-5415-beveled-crystal-w-gold-glass-accent;GI215;GI215;;;https://admin.shopify.com/store/trophy-partner/products?query=PS6097
YA_MIGRADO;Beveled Edge Clear Crystal Clock;PS8183;p-7867-beveled-edge-clear-crystal-clock;CM724;CM724;;;https://admin.shopify.com/store/trophy-partner/products?query=PS8183
YA_MIGRADO;Beveled Edge Crystal Tower with Blue Bottom;PS8184;p-7868-beveled-edge-crystal-tower-with-blue-bottom;GM808;GM808;;;https://admin.shopify.com/store/trophy-partner/products?query=PS8184
YA_MIGRADO;Beveled Freeform Blue And Optic Crystal Award;PS6101;p-5419-beveled-freeform-blue-and-optic-crystal-award;GI213;GI213;;;https://admin.shopify.com/store/trophy-partner/products?query=PS6101
YA_MIGRADO;Beveled Glass with Metal Pin Award Trophy;PS6103;p-5421-beveled-glass-with-metal-pin-award-trophy;GI604;GI604;;;https://admin.shopify.com/store/trophy-partner/products?query=PS6103
YA_MIGRADO;Beveled Jade Glass Crescent Plaque Large;PS8190;p-7870-beveled-jade-glass-crescent-plaque-large;GM823B;GM823B;;;https://admin.shopify.com/store/trophy-partner/products?query=PS8190
YA_MIGRADO;Beveled Jade Glass Crescent Plaque Medium;PS8191;p-7871-beveled-jade-glass-crescent-plaque-medium;GM823A;GM823A;;;https://admin.shopify.com/store/trophy-partner/products?query=PS8191
YA_MIGRADO;Black 9 Led Flashlight With Strap;PS6106;p-5424-black-9-led-flashlight-with-strap;CM239;CM239;;;https://admin.shopify.com/store/trophy-partner/products?query=PS6106
YA_MIGRADO;Black and Clear Glass Award on Black Base;PS6108;p-5426-black-and-clear-glass-award-on-black-base;GI643;GI643;;;https://admin.shopify.com/store/trophy-partner/products?query=PS6108
YA_MIGRADO;Black Art Glass Tear Drop with Hole;PS8200;p-7874-black-art-glass-tear-drop-with-hole;GM740;GM740;;;https://admin.shopify.com/store/trophy-partner/products?query=PS8200
YA_MIGRADO;Black Crystal Award with Clear Glass;PS8489;p-7962-black-crystal-award-with-clear-glass;GI662;GI662;;;https://admin.shopify.com/store/trophy-partner/products?query=PS8489
YA_MIGRADO;Black or Blue Glass Perpetual Bar with Silver Color;PS6116;p-5434-black-or-blue-glass-perpetual-bar-with-silver-color;GI606BARK;GI606BARK;;;https://admin.shopify.com/store/trophy-partner/products?query=PS6116
YA_MIGRADO;Black Piano Arch Clock;PS6118;p-5436-black-piano-arch-clock;CM410;CM410;;;https://admin.shopify.com/store/trophy-partner/products?query=PS6118
YA_MIGRADO;Black Piano Rectangle Clock;PS6119;p-5437-black-piano-rectangle-clock;CM411;CM411;;;https://admin.shopify.com/store/trophy-partner/products?query=PS6119
YA_MIGRADO;Black Tear Drop Art Glass Award on Glass Base;PS6558;p-5876-black-tear-drop-art-glass-award-on-glass-base;GI204;GI204;;;https://admin.shopify.com/store/trophy-partner/products?query=PS6558
YA_MIGRADO;Blue & Optic Crystal Peak On Base;PS6151;p-5469-blue-optic-crystal-peak-on-base;GI18;GI18;;;https://admin.shopify.com/store/trophy-partner/products?query=PS6151
YA_MIGRADO;Blue & Optic Crystal Peak Perpetual Award;PS6150;p-5468-blue-optic-crystal-peak-perpetual-award;GI322;GI322;;;https://admin.shopify.com/store/trophy-partner/products?query=PS6150
YA_MIGRADO;Blue And Crystal Beveled Glass Towers;PS6152;p-5470-blue-and-crystal-beveled-glass-towers;GI310;GI310;;;https://admin.shopify.com/store/trophy-partner/products?query=PS6152
YA_MIGRADO;Blue And Optic Crystal Arches;PS10054;p-8713-blue-and-optic-crystal-arches;GI309;GI309;;;https://admin.shopify.com/store/trophy-partner/products?query=PS10054
YA_MIGRADO;Blue And Optic Crystal Victory Award;PS6154;p-5472-blue-and-optic-crystal-victory-award;GI498;GI498;;;https://admin.shopify.com/store/trophy-partner/products?query=PS6154
YA_MIGRADO;Blue Dynasty Award;PS6173;p-5491-blue-dynasty-award;C0611;C0611;;;https://admin.shopify.com/store/trophy-partner/products?query=PS6173
YA_MIGRADO;Blue Edge Crystal Skeleton Clock;PS6174;p-5492-blue-edge-crystal-skeleton-clock;GM724;GM724;;;https://admin.shopify.com/store/trophy-partner/products?query=PS6174
YA_MIGRADO;Blue Glass Bar with Silver Color;PS6180;p-5498-blue-glass-bar-with-silver-color;GI311BAR;GI311BAR;;;https://admin.shopify.com/store/trophy-partner/products?query=PS6180
YA_MIGRADO;Blue Steel Background Beveled Lucite Perpetual Plaque;PS6200;p-5518-blue-steel-background-beveled-lucite-perpetual-plaque;EP22;EP22;;;https://admin.shopify.com/store/trophy-partner/products?query=PS6200
YA_MIGRADO;Blue Steel Beveled Lucite;PS10112;p-8721-blue-steel-beveled-lucite;EP22PKG;EP22PKG;;;https://admin.shopify.com/store/trophy-partner/products?query=PS10112
YA_MIGRADO;Blue Swirl Art Glass Award;PS8296;p-7897-blue-swirl-art-glass-award;GM801;GM801;;;https://admin.shopify.com/store/trophy-partner/products?query=PS8296
YA_MIGRADO;Blue with White Banner Art Glass Award on Clear Base;PS8300;p-7899-blue-with-white-banner-art-glass-award-on-clear-base;GM741;GM741;;;https://admin.shopify.com/store/trophy-partner/products?query=PS8300
YA_MIGRADO;Bold Artistic Glass Award on Black Glass Base;PS6206;p-5524-bold-artistic-glass-award-on-black-glass-base;GM660;GM660;;;https://admin.shopify.com/store/trophy-partner/products?query=PS6206
YA_MIGRADO;Bottle Opener Keychain;PS6210;p-5528-bottle-opener-keychain;CM235;CM235;;;https://admin.shopify.com/store/trophy-partner/products?query=PS6210
YA_MIGRADO;Bowed Edge Crystal Evergreen Vase Award;PS6559;p-5877-bowed-edge-crystal-evergreen-vase-award;GNS106;GNS106;;;https://admin.shopify.com/store/trophy-partner/products?query=PS6559
YA_MIGRADO;Brilliant Ascension Award;PS8318;p-7903-brilliant-ascension-award;GI670;GI670;;;https://admin.shopify.com/store/trophy-partner/products?query=PS8318
YA_MIGRADO;Bronze Star Arch Award;PS6214;p-5532-bronze-star-arch-award;CD831;CD831;;;https://admin.shopify.com/store/trophy-partner/products?query=PS6214
YA_MIGRADO;Bronze Star Arch with Ebony Background Award Trophy;PS6215;p-5533-bronze-star-arch-with-ebony-background-award-trophy;CD829;CD829;;;https://admin.shopify.com/store/trophy-partner/products?query=PS6215
YA_MIGRADO;Bronze Star Award;PS6217;p-5535-bronze-star-award;CD832;CD832;;;https://admin.shopify.com/store/trophy-partner/products?query=PS6217
YA_MIGRADO;Bronze Star Award with Ebony Background;PS6216;p-5534-bronze-star-award-with-ebony-background;CD830;CD830;;;https://admin.shopify.com/store/trophy-partner/products?query=PS6216
YA_MIGRADO;Bull & Bear Award Trophy;PS8328;p-7906-bull-bear-award-trophy;CM808;CM808;;;https://admin.shopify.com/store/trophy-partner/products?query=PS8328
YA_MIGRADO;Celestial Stars Award On Base;PS6235;p-5553-celestial-stars-award-on-base;C1925;C1925;;;https://admin.shopify.com/store/trophy-partner/products?query=PS6235
YA_MIGRADO;Clear Acrylic Add A Bar Perpetual (Acrylic Bars Sold Separately);PS8354;p-7913-clear-acrylic-add-a-bar-perpetual-acrylic-bars-sold-separately;CD983;CD983;;;https://admin.shopify.com/store/trophy-partner/products?query=PS8354
YA_MIGRADO;Clear Acrylic EZ Perpetual Plaque;PS8360;p-7916-clear-acrylic-ez-perpetual-plaque;EP11;EP11;;;https://admin.shopify.com/store/trophy-partner/products?query=PS8360
YA_MIGRADO;Clear and Blue Glass Award on Black base;PS6266;p-5584-clear-and-blue-glass-award-on-black-base;GI644;GI644;;;https://admin.shopify.com/store/trophy-partner/products?query=PS6266
YA_MIGRADO;Clear Beveled Octagon Lucite Paperweight;PS6269;p-5587-clear-beveled-octagon-lucite-paperweight;C1908C;C1908C;;;https://admin.shopify.com/store/trophy-partner/products?query=PS6269
YA_MIGRADO;Clear Crystal Arrowhead Clock;PS6271;p-5589-clear-crystal-arrowhead-clock;CM409;CM409;;;https://admin.shopify.com/store/trophy-partner/products?query=PS6271
YA_MIGRADO;Clear Crystal Book Clock with Aluminum Accent;PS6272;p-5590-clear-crystal-book-clock-with-aluminum-accent;GM681;GM681;;;https://admin.shopify.com/store/trophy-partner/products?query=PS6272
YA_MIGRADO;Clear Crystal Diamond on Pedestal;PS8388;p-7926-clear-crystal-diamond-on-pedestal;GM830;GM830;;;https://admin.shopify.com/store/trophy-partner/products?query=PS8388
YA_MIGRADO;Clear Crystal on Base Award;PS6276;p-5594-clear-crystal-on-base-award;GI637;GI637;;;https://admin.shopify.com/store/trophy-partner/products?query=PS6276
YA_MIGRADO;Clear Crystal Slant Top Half Column on White Jade Base;PS8390;p-7927-clear-crystal-slant-top-half-column-on-white-jade-base;GI663;GI663;;;https://admin.shopify.com/store/trophy-partner/products?query=PS8390
YA_MIGRADO;Clear Crystal Wave Large;PS8395;p-7929-clear-crystal-wave-large;GM817A;GM817A;;;https://admin.shopify.com/store/trophy-partner/products?query=PS8395
YA_MIGRADO;Clear Glass Box;PS6280;p-5598-clear-glass-box;G0983;G0983;;;https://admin.shopify.com/store/trophy-partner/products?query=PS6280
YA_MIGRADO;Clear Glass Sculpted Ice Vase;PS6281;p-5599-clear-glass-sculpted-ice-vase;G0982;G0982;;;https://admin.shopify.com/store/trophy-partner/products?query=PS6281
YA_MIGRADO;Clear Lucite Large Perpetual Award;PS6287;p-5605-clear-lucite-large-perpetual-award;CD978B;CD978B;;;https://admin.shopify.com/store/trophy-partner/products?query=PS6287
YA_MIGRADO;Clear Lucite Perpetual Award Small;PS6288;p-5606-clear-lucite-perpetual-award-small;CD978A;CD978A;;;https://admin.shopify.com/store/trophy-partner/products?query=PS6288
YA_MIGRADO;Clear Swoop  with Black & Clear Base Small;PS8419;p-7936-clear-swoop-with-black-clear-base-small;GM811C;GM811C;;;https://admin.shopify.com/store/trophy-partner/products?query=PS8419
YA_MIGRADO;Crystal Centerpiece Bowl Award;PS6321;p-5639-crystal-centerpiece-bowl-award;GI631;GI631;;;https://admin.shopify.com/store/trophy-partner/products?query=PS6321
YA_MIGRADO;Crystal Cubes on Black Base;PS8465;p-7952-crystal-cubes-on-black-base;GM813;GM813;;;https://admin.shopify.com/store/trophy-partner/products?query=PS8465
YA_MIGRADO;Crystal Diamond;PS8467;p-7953-crystal-diamond;GM804;GM804;;;https://admin.shopify.com/store/trophy-partner/products?query=PS8467
YA_MIGRADO;Crystal Diamond Spires On Black Glass Base;PS6324;p-5642-crystal-diamond-spires-on-black-glass-base;GM429;GM429;;;https://admin.shopify.com/store/trophy-partner/products?query=PS6324
YA_MIGRADO;Crystal Diamond Tower Award;PS6348;p-5666-crystal-diamond-tower-award;GI607;GI607;;;https://admin.shopify.com/store/trophy-partner/products?query=PS6348
YA_MIGRADO;Crystal Eagle on Black Base Award;PS8468;p-7954-crystal-eagle-on-black-base-award;GM759;GM759;;;https://admin.shopify.com/store/trophy-partner/products?query=PS8468
YA_MIGRADO;Crystal Globe Award On Base w/ Plate;PS6326;p-5644-crystal-globe-award-on-base-w-plate;GM633;GM633;;;https://admin.shopify.com/store/trophy-partner/products?query=PS6326
YA_MIGRADO;Crystal Globe In Holder On Base w/ Plate;PS6327;p-5645-crystal-globe-in-holder-on-base-w-plate;GM461;GM461;;;https://admin.shopify.com/store/trophy-partner/products?query=PS6327
YA_MIGRADO;Crystal Tablet Large;PS6341;p-5659-crystal-tablet-large;GI540B;GI540B;;;https://admin.shopify.com/store/trophy-partner/products?query=PS6341
YA_MIGRADO;Crystal Tablet Medium;PS6342;p-5660-crystal-tablet-medium;GI540A;GI540A;;;https://admin.shopify.com/store/trophy-partner/products?query=PS6342
YA_MIGRADO;Crystal Tablet Small;PS6340;p-5658-crystal-tablet-small;GI540C;GI540C;;;https://admin.shopify.com/store/trophy-partner/products?query=PS6340
YA_MIGRADO;Crystal Tablets Round Glass Paperweight;PS6343;p-5661-crystal-tablets-round-glass-paperweight;GI567;GI567;;;https://admin.shopify.com/store/trophy-partner/products?query=PS6343
YA_MIGRADO;Crystal with Metal Stars Award Tower;PS6356;p-5674-crystal-with-metal-stars-award-tower;GM562A;GM562A;;;https://admin.shopify.com/store/trophy-partner/products?query=PS6356
YA_MIGRADO;Curved Beveled Top Crystal Award on Base;PS6359;p-5677-curved-beveled-top-crystal-award-on-base;GI514;GI514;;;https://admin.shopify.com/store/trophy-partner/products?query=PS6359
YA_MIGRADO;"Custom Shaped Acrylic Awards 3/8"" thick (up to 23 square inches)";PS6024;p-5342-custom-shaped-acrylic-awards-38-thick-up-to-23-square-inches;CD560A;CD560A;;;https://admin.shopify.com/store/trophy-partner/products?query=PS6024
YA_MIGRADO;"Custom Shaped Acrylic Awards 3/8"" thick (up to 33 square inches)";PS7029;p-7165-custom-shaped-acrylic-awards-38-thick-up-to-33-square-inches;CD560B;CD560B;;;https://admin.shopify.com/store/trophy-partner/products?query=PS7029
YA_MIGRADO;"Custom Shaped Acrylic Awards 3/8"" thick (up to 47 square inches)";PS7030;p-7166-custom-shaped-acrylic-awards-38-thick-up-to-47-square-inches;CD560C;CD560C;;;https://admin.shopify.com/store/trophy-partner/products?query=PS7030
YA_MIGRADO;"Custom Shaped Acrylic Awards 3/8"" thick (up to 62 square inches)";PS7031;p-7167-custom-shaped-acrylic-awards-38-thick-up-to-62-square-inches;CD560D;CD560D;;;https://admin.shopify.com/store/trophy-partner/products?query=PS7031
YA_MIGRADO;Desk Essentials Set;PS6366;p-5684-desk-essentials-set;C5854;C5854;;;https://admin.shopify.com/store/trophy-partner/products?query=PS6366
YA_MIGRADO;Diamond Carved Clear Rectangle;PS6370;p-5688-diamond-carved-clear-rectangle;C511;C511;;;https://admin.shopify.com/store/trophy-partner/products?query=PS6370
YA_MIGRADO;Diamond Carved Jade Rectangle;PS6372;p-5690-diamond-carved-jade-rectangle;C504;C504;;;https://admin.shopify.com/store/trophy-partner/products?query=PS6372
YA_MIGRADO;Digi-color On Lucite w/Ebony Piano Wood Riser Plaque;PS6380;p-5698-digi-color-on-lucite-webony-piano-wood-riser-plaque;CD489;CD489;;;https://admin.shopify.com/store/trophy-partner/products?query=PS6380
YA_MIGRADO;Distinctive Art Glass Cubes Award;PS6383;p-5701-distinctive-art-glass-cubes-award;GM661;GM661;;;https://admin.shopify.com/store/trophy-partner/products?query=PS6383
YA_MIGRADO;Double Helix Art Glass Egg on Base Award;PS6384;p-5702-double-helix-art-glass-egg-on-base-award;GM721;GM721;;;https://admin.shopify.com/store/trophy-partner/products?query=PS6384
YA_MIGRADO;Dynasty Collection Blue Award;PS6386;p-5704-dynasty-collection-blue-award;C0610;C0610;;;https://admin.shopify.com/store/trophy-partner/products?query=PS6386
YA_MIGRADO;Eagle Head with American Flag and Glass Trophy;PS8561;p-7979-eagle-head-with-american-flag-and-glass-trophy;CM806;CM806;;;https://admin.shopify.com/store/trophy-partner/products?query=PS8561
YA_MIGRADO;Eagle on Top of The World with Glass Tablet Award;PS8562;p-7980-eagle-on-top-of-the-world-with-glass-tablet-award;CM799;CM799;;;https://admin.shopify.com/store/trophy-partner/products?query=PS8562
YA_MIGRADO;Ebony Finish Certificate Frame;PS6392;p-5710-ebony-finish-certificate-frame;C4803;C4803;;;https://admin.shopify.com/store/trophy-partner/products?query=PS6392
YA_MIGRADO;Etched Premium Standing Jade Tablet Small;PS6401;p-5719-etched-premium-standing-jade-tablet-small;GM446C;GM446C;;;https://admin.shopify.com/store/trophy-partner/products?query=PS6401
YA_MIGRADO;Expanded Line Glass Vase w/ Swirl Accents;PS6404;p-5722-expanded-line-glass-vase-w-swirl-accents;GNS116;GNS116;;;https://admin.shopify.com/store/trophy-partner/products?query=PS6404
YA_MIGRADO;Faceted Circle Wedge on Slant Side Base Small;PS8592;p-7986-faceted-circle-wedge-on-slant-side-base-small;GM815C;GM815C;;;https://admin.shopify.com/store/trophy-partner/products?query=PS8592
YA_MIGRADO;Faceted Crystal Heart Paperweight;PS6407;p-5725-faceted-crystal-heart-paperweight;G0984;G0984;;;https://admin.shopify.com/store/trophy-partner/products?query=PS6407
YA_MIGRADO;Faceted Crystal with Blue Bottom;PS8596;p-7989-faceted-crystal-with-blue-bottom;GM807;GM807;;;https://admin.shopify.com/store/trophy-partner/products?query=PS8596
YA_MIGRADO;Faceted Optic Crystal Round Paperweight;PS6409;p-5727-faceted-optic-crystal-round-paperweight;GM447;GM447;;;https://admin.shopify.com/store/trophy-partner/products?query=PS6409
YA_MIGRADO;Freestanding Lucite Block;PS10558;p-8754-freestanding-lucite-block;C0813C;C0813C;;;https://admin.shopify.com/store/trophy-partner/products?query=PS10558
YA_MIGRADO;Gentle Waves Clear Chisel Tower Award;PS6546;p-5864-gentle-waves-clear-chisel-tower-award;C702C;C702C;;;https://admin.shopify.com/store/trophy-partner/products?query=PS6546
YA_MIGRADO;Gentle Waves Clear Chisel Tower Award;PS6547;p-5865-gentle-waves-clear-chisel-tower-award;C2317C;C2317C;;;https://admin.shopify.com/store/trophy-partner/products?query=PS6547
YA_MIGRADO;Globe on Pedestal with Base;PS8762;p-8049-globe-on-pedestal-with-base;GM821;GM821;;;https://admin.shopify.com/store/trophy-partner/products?query=PS8762
YA_MIGRADO;Globe Tower on Base;PS8763;p-8050-globe-tower-on-base;GM820;GM820;;;https://admin.shopify.com/store/trophy-partner/products?query=PS8763
YA_MIGRADO;Golf Score Card Entrapment Acrylic;PS8802;p-8059-golf-score-card-entrapment-acrylic;CD899B;CD899B;;;https://admin.shopify.com/store/trophy-partner/products?query=PS8802
YA_MIGRADO;Highflying Lucite Eagle On Marble Base Award;PS6610;p-5928-highflying-lucite-eagle-on-marble-base-award;CD386;CD386;;;https://admin.shopify.com/store/trophy-partner/products?query=PS6610
YA_MIGRADO;Indigo Art Glass Award  with Blue Waves and Black Laser Plate;PS6612;p-5930-indigo-art-glass-award-with-blue-waves-and-black-laser-plate;GM710;GM710;;;https://admin.shopify.com/store/trophy-partner/products?query=PS6612
YA_MIGRADO;Interlocking Perpetual Award;PS8842;p-8071-interlocking-perpetual-award;CD910;CD910;;;https://admin.shopify.com/store/trophy-partner/products?query=PS8842
YA_MIGRADO;Jade Glass Oblong Octagon on Base;PS8857;p-8072-jade-glass-oblong-octagon-on-base;GI36;GI36;;;https://admin.shopify.com/store/trophy-partner/products?query=PS8857
YA_MIGRADO;Jade Glass Triangle Vase;PS6631;p-5949-jade-glass-triangle-vase;G0976;G0976;;;https://admin.shopify.com/store/trophy-partner/products?query=PS6631
YA_MIGRADO;Jade Impressions Octagon On Base;PS6633;p-5951-jade-impressions-octagon-on-base;GI35;GI35;;;https://admin.shopify.com/store/trophy-partner/products?query=PS6633
YA_MIGRADO;Large Optic Crystal Globe Award Trophy;PS6800;p-6118-large-optic-crystal-globe-award-trophy;G0713C;G0713C;;;https://admin.shopify.com/store/trophy-partner/products?query=PS6800
YA_MIGRADO;Laser Carved Alder Wood Plaque Large;PS6638;p-5956-laser-carved-alder-wood-plaque-large;CD83D;CD83D;;;https://admin.shopify.com/store/trophy-partner/products?query=PS6638
YA_MIGRADO;Laser Carved Alder Wood Plaque Medium;PS6639;p-5957-laser-carved-alder-wood-plaque-medium;CD83C;CD83C;;;https://admin.shopify.com/store/trophy-partner/products?query=PS6639
YA_MIGRADO;Laser Etched Premium Octagon On Base Large;PS6643;p-5961-laser-etched-premium-octagon-on-base-large;GM444A;GM444A;;;https://admin.shopify.com/store/trophy-partner/products?query=PS6643
YA_MIGRADO;"Lasercut Lucite Awards 3/4"" Thick (up to 33 square inches)";PS6021;p-5339-lasercut-lucite-awards-34-thick-up-to-33-square-inches;CD562B;CD562B;;;https://admin.shopify.com/store/trophy-partner/products?query=PS6021
YA_MIGRADO;"Lasercut Lucite Awards 3/4"" Thick (up to 47 square inches)";PS7032;p-7169-lasercut-lucite-awards-34-thick-up-to-47-square-inches;CD562C;CD562C;;;https://admin.shopify.com/store/trophy-partner/products?query=PS7032
YA_MIGRADO;"Lasercut Lucite Awards 3/4"" Thick (up to 62 square inches)";PS7033;p-7170-lasercut-lucite-awards-34-thick-up-to-62-square-inches;CD562D;CD562D;;;https://admin.shopify.com/store/trophy-partner/products?query=PS7033
YA_MIGRADO;Leatherette Bottle Opener Keychain;PS10854;p-8782-leatherette-bottle-opener-keychain;CM330;CM330;;;https://admin.shopify.com/store/trophy-partner/products?query=PS10854
YA_MIGRADO;Leatherette Frame;PS6674;p-5992-leatherette-frame;C4806;C4806;;;https://admin.shopify.com/store/trophy-partner/products?query=PS6674
YA_MIGRADO;Leatherette Mug Sleeve Large;PS10903;p-8804-leatherette-mug-sleeve-large;CM287DB CM287LB CM287RW;CM287DB CM287LB CM287RW;;;https://admin.shopify.com/store/trophy-partner/products?query=PS10903
YA_MIGRADO;Lighthouse with Glass Award;PS9150;p-8108-lighthouse-with-glass-award;CM807;CM807;;;https://admin.shopify.com/store/trophy-partner/products?query=PS9150
YA_MIGRADO;Lucite Circle Paperweight;PS6747;p-6065-lucite-circle-paperweight;CD614;CD614;;;https://admin.shopify.com/store/trophy-partner/products?query=PS6747
YA_MIGRADO;Lucite Star Award Paperweight;PS6754;p-6072-lucite-star-award-paperweight;C4252L;C4252L;;;https://admin.shopify.com/store/trophy-partner/products?query=PS6754
YA_MIGRADO;Maple Business Gift Set;PS6758;p-6076-maple-business-gift-set;CM451;CM451;;;https://admin.shopify.com/store/trophy-partner/products?query=PS6758
YA_MIGRADO;Matte Black Wine Presentation Box with Tools;PS6761;p-6079-matte-black-wine-presentation-box-with-tools;CM461;CM461;;;https://admin.shopify.com/store/trophy-partner/products?query=PS6761
YA_MIGRADO;Multi-Color Art Glass Swirl with Black Laser Plate;PS6768;p-6086-multi-color-art-glass-swirl-with-black-laser-plate;GM720;GM720;;;https://admin.shopify.com/store/trophy-partner/products?query=PS6768
YA_MIGRADO;Multi-Color Swirl Art Glass Award on Clear Base;PS9178;p-8114-multi-color-swirl-art-glass-award-on-clear-base;GM743;GM743;;;https://admin.shopify.com/store/trophy-partner/products?query=PS9178
YA_MIGRADO;Nile Arrow On Marble Base;PS6775;p-6093-nile-arrow-on-marble-base;CD312;CD312;;;https://admin.shopify.com/store/trophy-partner/products?query=PS6775
YA_MIGRADO;Notched Plaque w/ Gold Florentine Large;PS6778;p-6096-notched-plaque-w-gold-florentine-large;C073A;C073A;;;https://admin.shopify.com/store/trophy-partner/products?query=PS6778
YA_MIGRADO;Notched Plaque w/ Gold Florentine Small;PS6777;p-6095-notched-plaque-w-gold-florentine-small;C073B;C073B;;;https://admin.shopify.com/store/trophy-partner/products?query=PS6777
YA_MIGRADO;Oceania Wave Lucite Arrow Fin On Marble Award;PS6779;p-6097-oceania-wave-lucite-arrow-fin-on-marble-award;CD838;CD838;;;https://admin.shopify.com/store/trophy-partner/products?query=PS6779
YA_MIGRADO;Oceania Wave Lucite On Marble;PS6780;p-6098-oceania-wave-lucite-on-marble;CD837;CD837;;;https://admin.shopify.com/store/trophy-partner/products?query=PS6780
YA_MIGRADO;Optic Crystal Arched Wedge;PS6786;p-6104-optic-crystal-arched-wedge;GI530;GI530;;;https://admin.shopify.com/store/trophy-partner/products?query=PS6786
YA_MIGRADO;Optic Crystal Award with Blue Crystal Accent;PS6827;p-6145-optic-crystal-award-with-blue-crystal-accent;GI594;GI594;;;https://admin.shopify.com/store/trophy-partner/products?query=PS6827
YA_MIGRADO;Optic Crystal Billboard;PS11031;p-8837-optic-crystal-billboard;GI491C;GI491C;;;https://admin.shopify.com/store/trophy-partner/products?query=PS11031
YA_MIGRADO;Optic Crystal Bullnose Rectangle;PS6788;p-6106-optic-crystal-bullnose-rectangle;GI493;GI493;;;https://admin.shopify.com/store/trophy-partner/products?query=PS6788
YA_MIGRADO;Optic Crystal Business Card Paperweight;PS6789;p-6107-optic-crystal-business-card-paperweight;GM448;GM448;;;https://admin.shopify.com/store/trophy-partner/products?query=PS6789
YA_MIGRADO;Optic Crystal Circle Award with Blue Gemstone Base;PS6791;p-6109-optic-crystal-circle-award-with-blue-gemstone-base;GI04;GI04;;;https://admin.shopify.com/store/trophy-partner/products?query=PS6791
YA_MIGRADO;Optic Crystal Clear And Black Octagon;PS6793;p-6111-optic-crystal-clear-and-black-octagon;GI609;GI609;;;https://admin.shopify.com/store/trophy-partner/products?query=PS6793
YA_MIGRADO;Optic Crystal Desk Clock;PS6795;p-6113-optic-crystal-desk-clock;GM478;GM478;;;https://admin.shopify.com/store/trophy-partner/products?query=PS6795
YA_MIGRADO;Optic Crystal Diamond On Black Glass Base;PS6796;p-6114-optic-crystal-diamond-on-black-glass-base;GM466;GM466;;;https://admin.shopify.com/store/trophy-partner/products?query=PS6796
YA_MIGRADO;Optic Crystal Executive Tower Award;PS6799;p-6117-optic-crystal-executive-tower-award;GI01;GI01;;;https://admin.shopify.com/store/trophy-partner/products?query=PS6799
YA_MIGRADO;Optic Crystal Globe Tower Award;PS6804;p-6122-optic-crystal-globe-tower-award;GM457;GM457;;;https://admin.shopify.com/store/trophy-partner/products?query=PS6804
YA_MIGRADO;Optic Crystal Pentagon Tower;PS6809;p-6127-optic-crystal-pentagon-tower;GI50;GI50;;;https://admin.shopify.com/store/trophy-partner/products?query=PS6809
YA_MIGRADO;Optic Crystal Rectangle Award with Blue Gemstone Base;PS6811;p-6129-optic-crystal-rectangle-award-with-blue-gemstone-base;GI05;GI05;;;https://admin.shopify.com/store/trophy-partner/products?query=PS6811
YA_MIGRADO;Optic Crystal Spotlight Tower On Glass Base;PS6814;p-6132-optic-crystal-spotlight-tower-on-glass-base;GM428;GM428;;;https://admin.shopify.com/store/trophy-partner/products?query=PS6814
YA_MIGRADO;Optic Crystal Star Tapered Tower Award;PS6817;p-6135-optic-crystal-star-tapered-tower-award;GI489;GI489;;;https://admin.shopify.com/store/trophy-partner/products?query=PS6817
YA_MIGRADO;Optic Crystal Tri Pinnacle Award;PS6820;p-6138-optic-crystal-tri-pinnacle-award;GI606;GI606;;;https://admin.shopify.com/store/trophy-partner/products?query=PS6820
YA_MIGRADO;Optic Crystal Vertex Tower;PS6822;p-6140-optic-crystal-vertex-tower;GI51;GI51;;;https://admin.shopify.com/store/trophy-partner/products?query=PS6822
YA_MIGRADO;Optional Base for Sculptured Lucite Star;PS9250;p-8124-optional-base-for-sculptured-lucite-star;CB35;CB35;;;https://admin.shopify.com/store/trophy-partner/products?query=PS9250
YA_MIGRADO;Orbit Vase Crystal Award;PS6405;p-5723-orbit-vase-crystal-award;GNS118;GNS118;;;https://admin.shopify.com/store/trophy-partner/products?query=PS6405
YA_MIGRADO;Oval Triple Layer Cutout Award on Base;PS6834;p-6152-oval-triple-layer-cutout-award-on-base;DCC0504;DCC0504;;;https://admin.shopify.com/store/trophy-partner/products?query=PS6834
YA_MIGRADO;Padded Leatherette Certificate Holder;PS6836;p-6154-padded-leatherette-certificate-holder;C4807;C4807;;;https://admin.shopify.com/store/trophy-partner/products?query=PS6836
YA_MIGRADO;Paperweight Optic Crystal Rectangular Award;PS6837;p-6155-paperweight-optic-crystal-rectangular-award;GI32;GI32;;;https://admin.shopify.com/store/trophy-partner/products?query=PS6837
YA_MIGRADO;Patina Star Double Wave Jade Award;PS6838;p-6156-patina-star-double-wave-jade-award;CA10;CA10;;;https://admin.shopify.com/store/trophy-partner/products?query=PS6838
YA_MIGRADO;Patina Star Jade & Black Lucite On Base;PS6839;p-6157-patina-star-jade-black-lucite-on-base;CA13;CA13;;;https://admin.shopify.com/store/trophy-partner/products?query=PS6839
YA_MIGRADO;Perpetual Tower Award;PS9266;p-8132-perpetual-tower-award;GI667;GI667;;;https://admin.shopify.com/store/trophy-partner/products?query=PS9266
YA_MIGRADO;Piano Finish Ebony Name Bar;PS6841;p-6159-piano-finish-ebony-name-bar;CM471;CM471;;;https://admin.shopify.com/store/trophy-partner/products?query=PS6841
YA_MIGRADO;Piano Finish Walnut Name Bar;PS6842;p-6160-piano-finish-walnut-name-bar;CM470;CM470;;;https://admin.shopify.com/store/trophy-partner/products?query=PS6842
YA_MIGRADO;Poop Emoji Acrylic Award;PS9284;p-8141-poop-emoji-acrylic-award;CD1243;CD1243;;;https://admin.shopify.com/store/trophy-partner/products?query=PS9284
YA_MIGRADO;Prestigious Optic Crystal Oval Paperweight;PS6856;p-6174-prestigious-optic-crystal-oval-paperweight;GI31;GI31;;;https://admin.shopify.com/store/trophy-partner/products?query=PS6856
YA_MIGRADO;Prestigious Paperweights Glass Domed;PS6857;p-6175-prestigious-paperweights-glass-domed;G0617;G0617;;;https://admin.shopify.com/store/trophy-partner/products?query=PS6857
YA_MIGRADO;Rectangle Lucite Award with Blue Glass Gemstone on Marble;PS6873;p-6191-rectangle-lucite-award-with-blue-glass-gemstone-on-marble;CD20;CD20;;;https://admin.shopify.com/store/trophy-partner/products?query=PS6873
YA_MIGRADO;Red/Black Spiral Teardrop Art Glass;PS9349;p-8159-redblack-spiral-teardrop-art-glass;GM828;GM828;;;https://admin.shopify.com/store/trophy-partner/products?query=PS9349
YA_MIGRADO;Rising Star On Glass Base;PS6894;p-6212-rising-star-on-glass-base;GI09;GI09;;;https://admin.shopify.com/store/trophy-partner/products?query=PS6894
YA_MIGRADO;Rosewood 12 Plate Perpetual Plaque;PS11268;p-8863-rosewood-12-plate-perpetual-plaque;EP5;EP5;;;https://admin.shopify.com/store/trophy-partner/products?query=PS11268
YA_MIGRADO;Rosewood BBQ Set;PS9355;p-8162-rosewood-bbq-set;CM760;CM760;;;https://admin.shopify.com/store/trophy-partner/products?query=PS9355
YA_MIGRADO;Rosewood Pen and Case Set;PS6898;p-6216-rosewood-pen-and-case-set;C5853;C5853;;;https://admin.shopify.com/store/trophy-partner/products?query=PS6898
YA_MIGRADO;Rosewood Pen In Velvet Pouch;PS6899;p-6217-rosewood-pen-in-velvet-pouch;C5855;C5855;;;https://admin.shopify.com/store/trophy-partner/products?query=PS6899
YA_MIGRADO;Rosewood Pen, Pencil & Case Set;PS6900;p-6218-rosewood-pen-pencil-case-set;C5858;C5858;;;https://admin.shopify.com/store/trophy-partner/products?query=PS6900
YA_MIGRADO;Rosewood Piano Book Clock;PS6901;p-6219-rosewood-piano-book-clock;CM412;CM412;;;https://admin.shopify.com/store/trophy-partner/products?query=PS6901
YA_MIGRADO;Rosewood Piano Finish & Aluminum Clock;PS6903;p-6221-rosewood-piano-finish-aluminum-clock;CM203;CM203;;;https://admin.shopify.com/store/trophy-partner/products?query=PS6903
YA_MIGRADO;Rosewood Piano Finish Desk Clock;PS6904;p-6222-rosewood-piano-finish-desk-clock;CM206;CM206;;;https://admin.shopify.com/store/trophy-partner/products?query=PS6904
YA_MIGRADO;Rosewood Wine Gift Set;PS6911;p-6229-rosewood-wine-gift-set;CM424;CM424;;;https://admin.shopify.com/store/trophy-partner/products?query=PS6911
YA_MIGRADO;Rosewood Wine Presentation Box with Tools;PS6910;p-6228-rosewood-wine-presentation-box-with-tools;CM462;CM462;;;https://admin.shopify.com/store/trophy-partner/products?query=PS6910
YA_MIGRADO;Round Bamboo Coaster Set;PS6912;p-6230-round-bamboo-coaster-set;CM466;CM466;;;https://admin.shopify.com/store/trophy-partner/products?query=PS6912
YA_MIGRADO;Silver Metal Fluted Cup, Large;PS6924;p-6242-silver-metal-fluted-cup-large;CM403C;CM403C;;;https://admin.shopify.com/store/trophy-partner/products?query=PS6924
YA_MIGRADO;Silver Metal Fluted Cup, Medium;PS6925;p-6243-silver-metal-fluted-cup-medium;CM403B;CM403B;;;https://admin.shopify.com/store/trophy-partner/products?query=PS6925
YA_MIGRADO;Silver Metal Fluted Cup, Small;PS6926;p-6244-silver-metal-fluted-cup-small;CM403A;CM403A;;;https://admin.shopify.com/store/trophy-partner/products?query=PS6926
YA_MIGRADO;Silver Tone Star Paperweight;PS6935;p-6253-silver-tone-star-paperweight;C0556;C0556;;;https://admin.shopify.com/store/trophy-partner/products?query=PS6935
YA_MIGRADO;Silver with Black Keychain;PS6936;p-6254-silver-with-black-keychain;CM454;CM454;;;https://admin.shopify.com/store/trophy-partner/products?query=PS6936
YA_MIGRADO;Slant Bar Perpetual Award;PS9432;p-8179-slant-bar-perpetual-award;GI669;GI669;;;https://admin.shopify.com/store/trophy-partner/products?query=PS9432
YA_MIGRADO;Smiley Face Emoji Acrylic Award;PS9458;p-8183-smiley-face-emoji-acrylic-award;CD1244;CD1244;;;https://admin.shopify.com/store/trophy-partner/products?query=PS9458
YA_MIGRADO;Snowflake Alder Ornament;PS9459;p-8184-snowflake-alder-ornament;CM757B;CM757B;;;https://admin.shopify.com/store/trophy-partner/products?query=PS9459
YA_MIGRADO;Soaring Excellence Eagle Landing Large;PS9462;p-8186-soaring-excellence-eagle-landing-large;CM221A;CM221A;;;https://admin.shopify.com/store/trophy-partner/products?query=PS9462
YA_MIGRADO;Soaring Excellence Eagle Landing Small;PS9461;p-8185-soaring-excellence-eagle-landing-small;CM221B;CM221B;;;https://admin.shopify.com/store/trophy-partner/products?query=PS9461
YA_MIGRADO;Soaring Excellence Eagle Landing Trophy;PS6958;p-6276-soaring-excellence-eagle-landing-trophy;CM221C;CM221C;;;https://admin.shopify.com/store/trophy-partner/products?query=PS6958
YA_MIGRADO;Stainless Steel Whiskey Stone Gift Set in Bamboo Case;PS9650;p-8686-stainless-steel-whiskey-stone-gift-set-in-bamboo-case;CM825;CM825;;;https://admin.shopify.com/store/trophy-partner/products?query=PS9650
YA_MIGRADO;Star Alder Ornament;PS9470;p-8189-star-alder-ornament;CM757C;CM757C;;;https://admin.shopify.com/store/trophy-partner/products?query=PS9470
YA_MIGRADO;Star Pillar Award;PS9474;p-8191-star-pillar-award;GM744A;GM744A;;;https://admin.shopify.com/store/trophy-partner/products?query=PS9474
YA_MIGRADO;Star Tower on Black Base Award;PS9478;p-8192-star-tower-on-black-base-award;GM745;GM745;;;https://admin.shopify.com/store/trophy-partner/products?query=PS9478
YA_MIGRADO;Starphire Glass/Aluminum Levels Award;PS6968;p-6286-starphire-glassaluminum-levels-award;G0606;G0606;;;https://admin.shopify.com/store/trophy-partner/products?query=PS6968
YA_MIGRADO;Strong Arm Emoji Acrylic Award;PS9488;p-8197-strong-arm-emoji-acrylic-award;CD1245;CD1245;;;https://admin.shopify.com/store/trophy-partner/products?query=PS9488
YA_MIGRADO;Suspended Star Acrylic Award;PS9651;p-8687-suspended-star-acrylic-award;CD1263;CD1263;;;https://admin.shopify.com/store/trophy-partner/products?query=PS9651
YA_MIGRADO;Sweeping Curved Glass Award;PS6982;p-6300-sweeping-curved-glass-award;GI601;GI601;;;https://admin.shopify.com/store/trophy-partner/products?query=PS6982
YA_MIGRADO;Teardrop Lucite with Glass Gemstone on Marble Award;PS6990;p-6308-teardrop-lucite-with-glass-gemstone-on-marble-award;CD18;CD18;;;https://admin.shopify.com/store/trophy-partner/products?query=PS6990
YA_MIGRADO;Texture Wave Lucite Peak Award;PS6781;p-6099-texture-wave-lucite-peak-award;CD839;CD839;;;https://admin.shopify.com/store/trophy-partner/products?query=PS6781
YA_MIGRADO;The Bomb Statement Acrylic Award;PS9520;p-8207-the-bomb-statement-acrylic-award;CD1239;CD1239;;;https://admin.shopify.com/store/trophy-partner/products?query=PS9520
YA_MIGRADO;The Bomb Statement Acrylic Award with Laser Cuts;PS9519;p-8206-the-bomb-statement-acrylic-award-with-laser-cuts;CD1240;CD1240;;;https://admin.shopify.com/store/trophy-partner/products?query=PS9519
YA_MIGRADO;The Noir Glass Wave On Black Glass Base;PS11430;p-8893-the-noir-glass-wave-on-black-glass-base;GI307;GI307;;;https://admin.shopify.com/store/trophy-partner/products?query=PS11430
YA_MIGRADO;Thumbs Up Clear Acrylic Award;PS9527;p-8209-thumbs-up-clear-acrylic-award;CD1242;CD1242;;;https://admin.shopify.com/store/trophy-partner/products?query=PS9527
YA_MIGRADO;Thumbs Up Emoji Acrylic Award;PS9526;p-8208-thumbs-up-emoji-acrylic-award;CD1246;CD1246;;;https://admin.shopify.com/store/trophy-partner/products?query=PS9526
YA_MIGRADO;Thumbs Up Statement Acrylic Award;PS9528;p-8210-thumbs-up-statement-acrylic-award;CD1241;CD1241;;;https://admin.shopify.com/store/trophy-partner/products?query=PS9528
YA_MIGRADO;Ticket Magnetic Entrapment;PS9529;p-8211-ticket-magnetic-entrapment;CD899A;CD899A;;;https://admin.shopify.com/store/trophy-partner/products?query=PS9529
YA_MIGRADO;Turquoise and Stone Background Lucite Perpetual Plaque;PS6997;p-6315-turquoise-and-stone-background-lucite-perpetual-plaque;EP21;EP21;;;https://admin.shopify.com/store/trophy-partner/products?query=PS6997
YA_MIGRADO;Twisted Horn Red Art Glass Award;PS9535;p-8212-twisted-horn-red-art-glass-award;GM803;GM803;;;https://admin.shopify.com/store/trophy-partner/products?query=PS9535
YA_MIGRADO;Universe Art Glass Award;PS9539;p-8214-universe-art-glass-award;GM802;GM802;;;https://admin.shopify.com/store/trophy-partner/products?query=PS9539
YA_MIGRADO;Walnut Single Row Challenge Coin Display;PS9575;p-8221-walnut-single-row-challenge-coin-display;CM754A;CM754A;;;https://admin.shopify.com/store/trophy-partner/products?query=PS9575
YA_MIGRADO;Wide Crescents Jade Glass Award;PS7026;p-6344-wide-crescents-jade-glass-award;GM455A;GM455A;;;https://admin.shopify.com/store/trophy-partner/products?query=PS7026
YA_MIGRADO;Wide Crescents Jade Glass Small;PS7025;p-6343-wide-crescents-jade-glass-small;GM455B;GM455B;;;https://admin.shopify.com/store/trophy-partner/products?query=PS7025
YA_MIGRADO;You Rock Statement Acrylic Award;PS9607;p-8229-you-rock-statement-acrylic-award;CD1237;CD1237;;;https://admin.shopify.com/store/trophy-partner/products?query=PS9607
YA_MIGRADO;You Rock Statement Acrylic Award with Laser Cuts;PS9606;p-8228-you-rock-statement-acrylic-award-with-laser-cuts;CD1238;CD1238;;;https://admin.shopify.com/store/trophy-partner/products?query=PS9606
YA_MIGRADO;Zipper Leatherette Portfolio;PS11592;p-8905-zipper-leatherette-portfolio;CM297BL CM297BS CM297CK CM297DB CM297GR CM297LB CM297PK CM297RS CM297RW CM297TL;CM297BL CM297BS CM297CK CM297DB CM297GR CM297LB CM297PK CM297RS CM297RW CM297TL;;;https://admin.shopify.com/store/trophy-partner/products?query=PS11592
