grupo;revisar_a_mano;motivo;titulo;sku_legacy;ps_product_ids;detalle;pista;titulo_duplicado;admin;handle
1;sí;Sin rastro en PaceSetter — archivar o buscar el código nuevo;1 Year Anniversary Service Award Freestanding;PS8013;CD929AY1G CD929AY1S;;;;https://admin.shopify.com/store/trophy-partner/products?query=PS8013;p-7794-1-year-anniversary-service-award-freestanding
1;sí;Sin rastro en PaceSetter — archivar o buscar el código nuevo;1-Year Anniversary Freestanding Trophy;PS8030;CD1235AY1 CD1236AY1B CD1236AY1G CD1236AY1R;;;;https://admin.shopify.com/store/trophy-partner/products?query=PS8030;p-7803-1-year-anniversary-freestanding-trophy
1;sí;Sin rastro en PaceSetter — archivar o buscar el código nuevo;10 Year Anniversary Freestanding Service Award;PS8014;CD929BY10G CD929BY10S;;;;https://admin.shopify.com/store/trophy-partner/products?query=PS8014;p-7795-10-year-anniversary-freestanding-service-award
1;sí;Sin rastro en PaceSetter — archivar o buscar el código nuevo;10-Year Anniversary Freestanding Trophy;PS8015;CD1235BY10 CD1236BY10B CD1236BY10G CD1236BY10R;;;;https://admin.shopify.com/store/trophy-partner/products?query=PS8015;p-7796-10-year-anniversary-freestanding-trophy
1;sí;Sin rastro en PaceSetter — archivar o buscar el código nuevo;11 oz. Black Coffee Mug;PS6007;CM701-02 CM701-05 CM701-89;;;;https://admin.shopify.com/store/trophy-partner/products?query=PS6007;p-5325-11-oz-black-coffee-mug
1;sí;Sin rastro en PaceSetter — archivar o buscar el código nuevo;11 oz. Black Mug;PS6003;CM700-05;;;;https://admin.shopify.com/store/trophy-partner/products?query=PS6003;p-5321-11-oz-black-mug
1;sí;Sin rastro en PaceSetter — archivar o buscar el código nuevo;11 oz. Blue Mug;PS6004;CM700-14;;;;https://admin.shopify.com/store/trophy-partner/products?query=PS6004;p-5322-11-oz-blue-mug
1;sí;Sin rastro en PaceSetter — archivar o buscar el código nuevo;11 oz. Green Mug;PS6005;CM700-67;;;;https://admin.shopify.com/store/trophy-partner/products?query=PS6005;p-5323-11-oz-green-mug
1;sí;Sin rastro en PaceSetter — archivar o buscar el código nuevo;11 oz. Grey Mug;PS6006;CM700-08;;;;https://admin.shopify.com/store/trophy-partner/products?query=PS6006;p-5324-11-oz-grey-mug
1;sí;Sin rastro en PaceSetter — archivar o buscar el código nuevo;14 oz. Ceramic Mug;PS6010;CM702-06;;;;https://admin.shopify.com/store/trophy-partner/products?query=PS6010;p-5328-14-oz-ceramic-mug
1;sí;Sin rastro en PaceSetter — archivar o buscar el código nuevo;15 Year Anniversary Freestanding Award;PS8027;CD929BY15G CD929BY15S;;;;https://admin.shopify.com/store/trophy-partner/products?query=PS8027;p-7800-15-year-anniversary-freestanding-award
1;sí;Sin rastro en PaceSetter — archivar o buscar el código nuevo;15-Year Anniversary Freestanding Trophy;PS8028;CD1235BY15 CD1236BY15B CD1236BY15G CD1236BY15R;;;;https://admin.shopify.com/store/trophy-partner/products?query=PS8028;p-7801-15-year-anniversary-freestanding-trophy
1;sí;Sin rastro en PaceSetter — archivar o buscar el código nuevo;16 oz. Pilsner Glass;PS9621;G0993;;;;https://admin.shopify.com/store/trophy-partner/products?query=PS9621;p-8658-16-oz-pilsner-glass
1;sí;Sin rastro en PaceSetter — archivar o buscar el código nuevo;2 Year Anniversary Freestanding;PS8031;CD929AY2G CD929AY2S;;;;https://admin.shopify.com/store/trophy-partner/products?query=PS8031;p-7804-2-year-anniversary-freestanding
1;sí;Sin rastro en PaceSetter — archivar o buscar el código nuevo;2-Year Anniversary Freestanding Trophy;PS8041;CD1235AY2 CD1236AY2B CD1236AY2G CD1236AY2R;;;;https://admin.shopify.com/store/trophy-partner/products?query=PS8041;p-7810-2-year-anniversary-freestanding-trophy
1;sí;Sin rastro en PaceSetter — archivar o buscar el código nuevo;20 Year Anniversary Freestanding Award;PS8033;CD929BY20G CD929BY20S;;;;https://admin.shopify.com/store/trophy-partner/products?query=PS8033;p-7806-20-year-anniversary-freestanding-award
1;sí;Sin rastro en PaceSetter — archivar o buscar el código nuevo;20-Year Anniversary Freestanding Award Trophy;PS8034;CD1235BY20 CD1236BY20B CD1236BY20G CD1236BY20R;;;;https://admin.shopify.com/store/trophy-partner/products?query=PS8034;p-7807-20-year-anniversary-freestanding-award-trophy
1;sí;Sin rastro en PaceSetter — archivar o buscar el código nuevo;25 Year Anniversary Freestanding Award;PS8035;CD929BY25G CD929BY25S;;;;https://admin.shopify.com/store/trophy-partner/products?query=PS8035;p-7808-25-year-anniversary-freestanding-award
1;sí;Sin rastro en PaceSetter — archivar o buscar el código nuevo;25-Year Anniversary Freestanding Trophy;PS8036;CD1235BY25 CD1236BY25B CD1236BY25G CD1236BY25R;;;;https://admin.shopify.com/store/trophy-partner/products?query=PS8036;p-7809-25-year-anniversary-freestanding-trophy
1;sí;Sin rastro en PaceSetter — archivar o buscar el código nuevo;3 Year Anniversary Freestanding Award;PS8044;CD929AY3G CD929AY3S;;;;https://admin.shopify.com/store/trophy-partner/products?query=PS8044;p-7811-3-year-anniversary-freestanding-award
1;sí;Sin rastro en PaceSetter — archivar o buscar el código nuevo;3-Year Anniversary Freestanding Trophy;PS8057;CD1235AY3 CD1236AY3B CD1236AY3G CD1236AY3R;;;;https://admin.shopify.com/store/trophy-partner/products?query=PS8057;p-7818-3-year-anniversary-freestanding-trophy
1;sí;Sin rastro en PaceSetter — archivar o buscar el código nuevo;30 Year Anniversary Freestanding Award;PS8051;CD929BY30G CD929BY30S;;;;https://admin.shopify.com/store/trophy-partner/products?query=PS8051;p-7814-30-year-anniversary-freestanding-award
1;sí;Sin rastro en PaceSetter — archivar o buscar el código nuevo;30-Year Anniversary Freestanding Trophy;PS8052;CD1235BY30 CD1236BY30B CD1236BY30G CD1236BY30R;;;;https://admin.shopify.com/store/trophy-partner/products?query=PS8052;p-7815-30-year-anniversary-freestanding-trophy
1;sí;Sin rastro en PaceSetter — archivar o buscar el código nuevo;35 Year Anniversary Freestanding Award;PS8053;CD929BY35G CD929BY35S;;;;https://admin.shopify.com/store/trophy-partner/products?query=PS8053;p-7816-35-year-anniversary-freestanding-award
1;sí;Sin rastro en PaceSetter — archivar o buscar el código nuevo;35-Year Anniversary Freestanding Trophy;PS8054;CD1235BY35 CD1236BY35B CD1236BY35G CD1236BY35R;;;;https://admin.shopify.com/store/trophy-partner/products?query=PS8054;p-7817-35-year-anniversary-freestanding-trophy
1;sí;Sin rastro en PaceSetter — archivar o buscar el código nuevo;3D Etched Crystal Cube;PS6025;GNS137;;;;https://admin.shopify.com/store/trophy-partner/products?query=PS6025;p-5343-3d-etched-crystal-cube
1;sí;Sin rastro en PaceSetter — archivar o buscar el código nuevo;3D Etched Crystal Diamond Cube;PS6026;GNS142;;;;https://admin.shopify.com/store/trophy-partner/products?query=PS6026;p-5344-3d-etched-crystal-diamond-cube
1;sí;Sin rastro en PaceSetter — archivar o buscar el código nuevo;4 Year Anniversary Freestanding;PS8058;CD929AY4G CD929AY4S;;;;https://admin.shopify.com/store/trophy-partner/products?query=PS8058;p-7819-4-year-anniversary-freestanding
1;sí;Sin rastro en PaceSetter — archivar o buscar el código nuevo;4-Year Anniversary Freestanding Trophy;PS8063;CD1235AY4 CD1236AY4B CD1236AY4G CD1236AY4R;;;;https://admin.shopify.com/store/trophy-partner/products?query=PS8063;p-7824-4-year-anniversary-freestanding-trophy
1;sí;Sin rastro en PaceSetter — archivar o buscar el código nuevo;40 Year Anniversary Freestanding Award;PS8059;CD929BY40G CD929BY40S;;;;https://admin.shopify.com/store/trophy-partner/products?query=PS8059;p-7820-40-year-anniversary-freestanding-award
1;sí;Sin rastro en PaceSetter — archivar o buscar el código nuevo;40-Year Anniversary Freestanding Trophy;PS8060;CD1235BY40 CD1236BY40B CD1236BY40G CD1236BY40R;;;;https://admin.shopify.com/store/trophy-partner/products?query=PS8060;p-7821-40-year-anniversary-freestanding-trophy
1;sí;Sin rastro en PaceSetter — archivar o buscar el código nuevo;45 Year Anniversary Freestanding Award;PS8061;CD929BY45G CD929BY45S;;;;https://admin.shopify.com/store/trophy-partner/products?query=PS8061;p-7822-45-year-anniversary-freestanding-award
1;sí;Sin rastro en PaceSetter — archivar o buscar el código nuevo;45-Year Anniversary Freestanding Trophy;PS8062;CD1235BY45 CD1236BY45B CD1236BY45G CD1236BY45R;;;;https://admin.shopify.com/store/trophy-partner/products?query=PS8062;p-7823-45-year-anniversary-freestanding-trophy
1;sí;Sin rastro en PaceSetter — archivar o buscar el código nuevo;5 Year Anniversary Freestanding Award;PS8064;CD929AY5G CD929AY5S;;;;https://admin.shopify.com/store/trophy-partner/products?query=PS8064;p-7825-5-year-anniversary-freestanding-award
1;sí;Sin rastro en PaceSetter — archivar o buscar el código nuevo;5-Year Anniversary Freestanding Award;PS8067;CD1235AY5 CD1236AY5B CD1236AY5G CD1236AY5R;;;;https://admin.shopify.com/store/trophy-partner/products?query=PS8067;p-7828-5-year-anniversary-freestanding-award
1;sí;Sin rastro en PaceSetter — archivar o buscar el código nuevo;50 Year Anniversary Freestanding Award;PS8065;CD929BY50G CD929BY50S;;;;https://admin.shopify.com/store/trophy-partner/products?query=PS8065;p-7826-50-year-anniversary-freestanding-award
1;sí;Sin rastro en PaceSetter — archivar o buscar el código nuevo;50-Year Anniversary Freestanding Trophy;PS8066;CD1235BY50 CD1236BY50B CD1236BY50G CD1236BY50R;;;;https://admin.shopify.com/store/trophy-partner/products?query=PS8066;p-7827-50-year-anniversary-freestanding-trophy
1;sí;Sin rastro en PaceSetter — archivar o buscar el código nuevo;A Frame Acrylic Phone Holder Calendar;PS8075;PH15;;;;https://admin.shopify.com/store/trophy-partner/products?query=PS8075;p-7829-a-frame-acrylic-phone-holder-calendar
1;sí;Sin rastro en PaceSetter — archivar o buscar el código nuevo;A-Frame Phone Holder;PS8084;PH01 PH03A PH03B;;;;https://admin.shopify.com/store/trophy-partner/products?query=PS8084;p-7833-a-frame-phone-holder
1;sí;Sin rastro en PaceSetter — archivar o buscar el código nuevo;Abstract Acrylic Award with Wood Accent;PS9627;CD1254BL CD1254GR CD1254RD;;;;https://admin.shopify.com/store/trophy-partner/products?query=PS9627;p-8664-abstract-acrylic-award-with-wood-accent
1;sí;Sin rastro en PaceSetter — archivar o buscar el código nuevo;Acrylic Chandelier Magnetic Stackable Bar;PS8078;CD1210;;;;https://admin.shopify.com/store/trophy-partner/products?query=PS8078;p-7832-acrylic-chandelier-magnetic-stackable-bar
1;sí;Sin rastro en PaceSetter — archivar o buscar el código nuevo;Add-on Compass Medallion;PS6041;CD999MC;;;;https://admin.shopify.com/store/trophy-partner/products?query=PS6041;p-5359-add-on-compass-medallion
1;sí;Sin rastro en PaceSetter — archivar o buscar el código nuevo;Add-on Globe Medallion;PS6042;CD999MG;;;;https://admin.shopify.com/store/trophy-partner/products?query=PS6042;p-5360-add-on-globe-medallion
1;sí;Sin rastro en PaceSetter — archivar o buscar el código nuevo;Add-on Logo Digi;PS6043;CD999YD;;;;https://admin.shopify.com/store/trophy-partner/products?query=PS6043;p-5361-add-on-logo-digi
1;sí;Sin rastro en PaceSetter — archivar o buscar el código nuevo;Add-on Logo Lasered Disc;PS6044;CD999YL;;;;https://admin.shopify.com/store/trophy-partner/products?query=PS6044;p-5362-add-on-logo-lasered-disc
1;sí;Sin rastro en PaceSetter — archivar o buscar el código nuevo;Add-on Star Medallion;PS6045;CD999MS;;;;https://admin.shopify.com/store/trophy-partner/products?query=PS6045;p-5363-add-on-star-medallion
1;sí;Sin rastro en PaceSetter — archivar o buscar el código nuevo;Alder and Acrylic Sculpted Shape Award;PS8085;CD1232 CD1234 CD1233 CD1231;;;;https://admin.shopify.com/store/trophy-partner/products?query=PS8085;p-7834-alder-and-acrylic-sculpted-shape-award
1;sí;Sin rastro en PaceSetter — archivar o buscar el código nuevo;Alder Wood and Silver Backer Digi;PS6046;CD971AA CD971BA;;;;https://admin.shopify.com/store/trophy-partner/products?query=PS6046;p-5364-alder-wood-and-silver-backer-digi
1;sí;Sin rastro en PaceSetter — archivar o buscar el código nuevo;Amphitheatre Tower Award;PS6054;CD935A CD935B;;;;https://admin.shopify.com/store/trophy-partner/products?query=PS6054;p-5372-amphitheatre-tower-award
1;sí;Sin rastro en PaceSetter — archivar o buscar el código nuevo;Aqua Ceramic Mug;PS8121;CM708-755;;;;https://admin.shopify.com/store/trophy-partner/products?query=PS8121;p-7846-aqua-ceramic-mug
1;sí;Sin rastro en PaceSetter — archivar o buscar el código nuevo;Aqua Wave Circle Award on Ebony Lucite Oval Base;PS6063;CD938A CD938B;;;;https://admin.shopify.com/store/trophy-partner/products?query=PS6063;p-5381-aqua-wave-circle-award-on-ebony-lucite-oval-base
1;sí;Sin rastro en PaceSetter — archivar o buscar el código nuevo;Arch Acrylic Chandelier Award Topper;PS8129;CD1212;;;;https://admin.shopify.com/store/trophy-partner/products?query=PS8129;p-7847-arch-acrylic-chandelier-award-topper
1;sí;Sin rastro en PaceSetter — archivar o buscar el código nuevo;Arch Horizon Acrylic Award;PS9918;CD1200ABL CD1200AGY CD1200ARD CD1200BBL CD1200BGY CD1200BRD CD1200CBL CD1200CGY CD1200CRD;;;;https://admin.shopify.com/store/trophy-partner/products?query=PS9918;p-8704-arch-horizon-acrylic-award
1;sí;Sin rastro en PaceSetter — archivar o buscar el código nuevo;Art Glass Vases Brilliant Red Centerpiece;PS6073;GI569;;;;https://admin.shopify.com/store/trophy-partner/products?query=PS6073;p-5391-art-glass-vases-brilliant-red-centerpiece
1;sí;Sin rastro en PaceSetter — archivar o buscar el código nuevo;Art Glass Vases Distinctive Glass Glazed;PS6074;GI568;;;;https://admin.shopify.com/store/trophy-partner/products?query=PS6074;p-5392-art-glass-vases-distinctive-glass-glazed
1;sí;Sin rastro en PaceSetter — archivar o buscar el código nuevo;Avondale Award Large;PS9942;CD1102A;;;;https://admin.shopify.com/store/trophy-partner/products?query=PS9942;p-8706-avondale-award-large
1;sí;Sin rastro en PaceSetter — archivar o buscar el código nuevo;Avondale Award Small;PS9941;CD1102B;;;;https://admin.shopify.com/store/trophy-partner/products?query=PS9941;p-8705-avondale-award-small
1;sí;Sin rastro en PaceSetter — archivar o buscar el código nuevo;Bamboo Plaque and Frost Acrylic;PS8161;CD1092A CD1091A CD1090A CD1092B CD1091B;;;;https://admin.shopify.com/store/trophy-partner/products?query=PS8161;p-7858-bamboo-plaque-and-frost-acrylic
1;sí;Sin rastro en PaceSetter — archivar o buscar el código nuevo;Beech Wood Business Card Holder;PS8166;CM749B;;;;https://admin.shopify.com/store/trophy-partner/products?query=PS8166;p-7860-beech-wood-business-card-holder
1;sí;Sin rastro en PaceSetter — archivar o buscar el código nuevo;Beechwood Keychain;PS6087;CM453;;;;https://admin.shopify.com/store/trophy-partner/products?query=PS6087;p-5405-beechwood-keychain
1;sí;Sin rastro en PaceSetter — archivar o buscar el código nuevo;Beveled Aquus Shield Plaque;PS8169;CDUS05A CDUS05B;;;;https://admin.shopify.com/store/trophy-partner/products?query=PS8169;p-7862-beveled-aquus-shield-plaque
1;sí;Sin rastro en PaceSetter — archivar o buscar el código nuevo;Black and Clear Acrylic Beveled Perpetual Plaque;PS8197;CD1222;;;;https://admin.shopify.com/store/trophy-partner/products?query=PS8197;p-7872-black-and-clear-acrylic-beveled-perpetual-plaque
1;sí;Sin rastro en PaceSetter — archivar o buscar el código nuevo;Black Ceramic Mug Large;PS8204;CM704-05 CM707-05 CM708-05 CM706-05;;;;https://admin.shopify.com/store/trophy-partner/products?query=PS8204;p-7876-black-ceramic-mug-large
1;sí;Sin rastro en PaceSetter — archivar o buscar el código nuevo;Black Ceramic Mug Small;PS8203;CM705-05;;;;https://admin.shopify.com/store/trophy-partner/products?query=PS8203;p-7875-black-ceramic-mug-small
1;sí;Sin rastro en PaceSetter — archivar o buscar el código nuevo;Black Crystal Triangular Votive Holder;PS9630;G1001BK;;nombre parecido: GI1001 (Crystal Triangular Votive Holder);;https://admin.shopify.com/store/trophy-partner/products?query=PS9630;p-8667-black-crystal-triangular-votive-holder
1;sí;Sin rastro en PaceSetter — archivar o buscar el código nuevo;Black Glass Arrowhead;PS8215;G0987A G0987B G0987C;;;;https://admin.shopify.com/store/trophy-partner/products?query=PS8215;p-7880-black-glass-arrowhead
1;sí;Sin rastro en PaceSetter — archivar o buscar el código nuevo;Black Glass Pinnacle Award;PS8214;G0999A G0999B G0999C;;;;https://admin.shopify.com/store/trophy-partner/products?query=PS8214;p-7879-black-glass-pinnacle-award
1;sí;Sin rastro en PaceSetter — archivar o buscar el código nuevo;Blown Art Glass Egg with Black Lasered Plate;PS8226;GM683;;;;https://admin.shopify.com/store/trophy-partner/products?query=PS8226;p-7884-blown-art-glass-egg-with-black-lasered-plate
1;sí;Sin rastro en PaceSetter — archivar o buscar el código nuevo;Blown Glass Bud Vase;PS8227;GNS123;;;;https://admin.shopify.com/store/trophy-partner/products?query=PS8227;p-7885-blown-glass-bud-vase
1;sí;Sin rastro en PaceSetter — archivar o buscar el código nuevo;Blue Arched Brilliance Award;PS6156;CD635B;;;;https://admin.shopify.com/store/trophy-partner/products?query=PS6156;p-5474-blue-arched-brilliance-award
1;sí;Sin rastro en PaceSetter — archivar o buscar el código nuevo;Blue Barrel Plaque w/ Marble Mist Large;PS6159;C031AB;;;;https://admin.shopify.com/store/trophy-partner/products?query=PS6159;p-5477-blue-barrel-plaque-w-marble-mist-large
1;sí;Sin rastro en PaceSetter — archivar o buscar el código nuevo;Blue Barrel Plaque w/ Marble Mist Small;PS6158;C031BB;;;;https://admin.shopify.com/store/trophy-partner/products?query=PS6158;p-5476-blue-barrel-plaque-w-marble-mist-small
1;sí;Sin rastro en PaceSetter — archivar o buscar el código nuevo;Blue Ceramic Mug;PS8243;CM704-632 CM707-287 CM708-04 CM706-04;;;;https://admin.shopify.com/store/trophy-partner/products?query=PS8243;p-7890-blue-ceramic-mug
1;sí;Sin rastro en PaceSetter — archivar o buscar el código nuevo;Blue Crystal Triangular Votive Holder;PS9631;G1001BL;;nombre parecido: GI1001 (Crystal Triangular Votive Holder);;https://admin.shopify.com/store/trophy-partner/products?query=PS9631;p-8668-blue-crystal-triangular-votive-holder
1;sí;Sin rastro en PaceSetter — archivar o buscar el código nuevo;Blue Curved Wedge Crystal Award;PS8253;GM834;;;;https://admin.shopify.com/store/trophy-partner/products?query=PS8253;p-7891-blue-curved-wedge-crystal-award
1;sí;Sin rastro en PaceSetter — archivar o buscar el código nuevo;Blue Gentle Waves On Ebony Wood Base Large;PS6179;CD322AB;;;;https://admin.shopify.com/store/trophy-partner/products?query=PS6179;p-5497-blue-gentle-waves-on-ebony-wood-base-large
1;sí;Sin rastro en PaceSetter — archivar o buscar el código nuevo;Blue Leatherette Phone Easel;PS10094;CM296BL;;;;https://admin.shopify.com/store/trophy-partner/products?query=PS10094;p-8717-blue-leatherette-phone-easel
1;sí;Sin rastro en PaceSetter — archivar o buscar el código nuevo;Blue Marble Noble Plaque;PS6188;CD414;;;;https://admin.shopify.com/store/trophy-partner/products?query=PS6188;p-5506-blue-marble-noble-plaque
1;sí;Sin rastro en PaceSetter — archivar o buscar el código nuevo;Blue Rectangle Vapor Mist Award;PS6194;CD310AB CD310BB;;;;https://admin.shopify.com/store/trophy-partner/products?query=PS6194;p-5512-blue-rectangle-vapor-mist-award
1;sí;Sin rastro en PaceSetter — archivar o buscar el código nuevo;Blue Sail Award with Clear Panel on Mirror and Black Base;PS6195;GI656;;;;https://admin.shopify.com/store/trophy-partner/products?query=PS6195;p-5513-blue-sail-award-with-clear-panel-on-mirror-and-black-base
1;sí;Sin rastro en PaceSetter — archivar o buscar el código nuevo;Bottle Opener & Wine Corkscrew;PS10124;CM376BS CM376BV CM376CK CM376DB CM376GR CM376LB CM376PK CM376RS CM376RW CM376TL;;;;https://admin.shopify.com/store/trophy-partner/products?query=PS10124;p-8724-bottle-opener-wine-corkscrew
1;sí;Sin rastro en PaceSetter — archivar o buscar el código nuevo;Breakthrough Acrylic Star Award;PS8317;CD1214;;;;https://admin.shopify.com/store/trophy-partner/products?query=PS8317;p-7902-breakthrough-acrylic-star-award
1;sí;Sin rastro en PaceSetter — archivar o buscar el código nuevo;Brown Ceramic Mug;PS8327;CM705-43;;;;https://admin.shopify.com/store/trophy-partner/products?query=PS8327;p-7905-brown-ceramic-mug
1;sí;Sin rastro en PaceSetter — archivar o buscar el código nuevo;Brushed Metal Design Metallic Imprint Ring Award;PS9632;CD1250BLG CD1250BLS CD1250GRG CD1250GRS CD1250RDG CD1250RDS;;;;https://admin.shopify.com/store/trophy-partner/products?query=PS9632;p-8669-brushed-metal-design-metallic-imprint-ring-award
1;sí;Sin rastro en PaceSetter — archivar o buscar el código nuevo;Burgundy Ceramic Mug;PS8329;CM704-43 CM707-209;;;;https://admin.shopify.com/store/trophy-partner/products?query=PS8329;p-7907-burgundy-ceramic-mug
1;sí;Sin rastro en PaceSetter — archivar o buscar el código nuevo;Clear Acrylic Circle on Clear Base Award;PS10174;DCCD943A DCCD943B DCCD943C;;nombre parecido: CD943A (Clear Acrylic Circle on Clear Base);;https://admin.shopify.com/store/trophy-partner/products?query=PS10174;p-8732-clear-acrylic-circle-on-clear-base-award
1;sí;Sin rastro en PaceSetter — archivar o buscar el código nuevo;Clear Acrylic with Aluminum Alpine Award;PS8368;CD1104;;;;https://admin.shopify.com/store/trophy-partner/products?query=PS8368;p-7918-clear-acrylic-with-aluminum-alpine-award
1;sí;Sin rastro en PaceSetter — archivar o buscar el código nuevo;Clear and Black Acrylic Alpine Award;PS8369;CD1105A CD1105B;;;;https://admin.shopify.com/store/trophy-partner/products?query=PS8369;p-7919-clear-and-black-acrylic-alpine-award
1;sí;Sin rastro en PaceSetter — archivar o buscar el código nuevo;Clear Angular Vase;PS8372;G0989A G0989B;;;;https://admin.shopify.com/store/trophy-partner/products?query=PS8372;p-7920-clear-angular-vase
1;sí;Sin rastro en PaceSetter — archivar o buscar el código nuevo;Clear Cascade Carved Acrylic Award;PS8377;CD1216;;;;https://admin.shopify.com/store/trophy-partner/products?query=PS8377;p-7921-clear-cascade-carved-acrylic-award
1;sí;Sin rastro en PaceSetter — archivar o buscar el código nuevo;Clear Cascade Collection Lucite Award;PS6270;C3450AC C3450BC;;;;https://admin.shopify.com/store/trophy-partner/products?query=PS6270;p-5588-clear-cascade-collection-lucite-award
1;sí;Sin rastro en PaceSetter — archivar o buscar el código nuevo;Clear Diamond Desk Award;PS6278;C401;;;;https://admin.shopify.com/store/trophy-partner/products?query=PS6278;p-5596-clear-diamond-desk-award
1;sí;Sin rastro en PaceSetter — archivar o buscar el código nuevo;Clear Glass BonBon Bowl with Lid;PS6279;GI653;;;;https://admin.shopify.com/store/trophy-partner/products?query=PS6279;p-5597-clear-glass-bonbon-bowl-with-lid
1;sí;Sin rastro en PaceSetter — archivar o buscar el código nuevo;Clear Glass Certificate Display;PS8402;CM809;;;;https://admin.shopify.com/store/trophy-partner/products?query=PS8402;p-7933-clear-glass-certificate-display
1;sí;Sin rastro en PaceSetter — archivar o buscar el código nuevo;Clear Millennium Lucite Tower;PS6289;C3150A C3150B;;;;https://admin.shopify.com/store/trophy-partner/products?query=PS6289;p-5607-clear-millennium-lucite-tower
1;sí;Sin rastro en PaceSetter — archivar o buscar el código nuevo;Clipped Corner Clear Crystal Paperweight;PS8425;GM825A GM825B GM825C;;;;https://admin.shopify.com/store/trophy-partner/products?query=PS8425;p-7940-clipped-corner-clear-crystal-paperweight
1;sí;Sin rastro en PaceSetter — archivar o buscar el código nuevo;Clipped Corner Laser Edge Award;PS8426;CD912AC CD912BC;;;;https://admin.shopify.com/store/trophy-partner/products?query=PS8426;p-7941-clipped-corner-laser-edge-award
1;sí;Sin rastro en PaceSetter — archivar o buscar el código nuevo;Coral Ceramic Mug;PS8430;CM704-3192 CM706-3192;;;;https://admin.shopify.com/store/trophy-partner/products?query=PS8430;p-7942-coral-ceramic-mug
1;sí;Sin rastro en PaceSetter — archivar o buscar el código nuevo;Cork Luggage Tag;PS6303;CM295CK;;;;https://admin.shopify.com/store/trophy-partner/products?query=PS6303;p-5621-cork-luggage-tag
1;sí;Sin rastro en PaceSetter — archivar o buscar el código nuevo;Cork Wine Box;PS6310;CM425CK;;;;https://admin.shopify.com/store/trophy-partner/products?query=PS6310;p-5628-cork-wine-box
1;sí;Sin rastro en PaceSetter — archivar o buscar el código nuevo;Crossroads Plaque;PS10297;CD1041ABK CD1041ABL CD1041ARD CD1041BBK CD1041BBL CD1041BRD;;;;https://admin.shopify.com/store/trophy-partner/products?query=PS10297;p-8739-crossroads-plaque
1;sí;Sin rastro en PaceSetter — archivar o buscar el código nuevo;Crystal Card Paperweight w/ Digi;PS6319;DCGM448;;;;https://admin.shopify.com/store/trophy-partner/products?query=PS6319;p-5637-crystal-card-paperweight-w-digi
1;sí;Sin rastro en PaceSetter — archivar o buscar el código nuevo;Crystal Clear Bowl;PS6322;GI633;;;;https://admin.shopify.com/store/trophy-partner/products?query=PS6322;p-5640-crystal-clear-bowl
1;sí;Sin rastro en PaceSetter — archivar o buscar el código nuevo;Crystal Iceberg Award Large;PS6328;GI639B;;;;https://admin.shopify.com/store/trophy-partner/products?query=PS6328;p-5646-crystal-iceberg-award-large
1;sí;Sin rastro en PaceSetter — archivar o buscar el código nuevo;Crystal Iceberg Award Small;PS6329;GI639A;;;;https://admin.shopify.com/store/trophy-partner/products?query=PS6329;p-5647-crystal-iceberg-award-small
1;sí;Sin rastro en PaceSetter — archivar o buscar el código nuevo;Crystal Tablet with Digi Large;PS10335;GI584AYD;;;;https://admin.shopify.com/store/trophy-partner/products?query=PS10335;p-8742-crystal-tablet-with-digi-large
1;sí;Sin rastro en PaceSetter — archivar o buscar el código nuevo;Crystal Tablet with Digi Small;PS10334;GI584BYD;;;;https://admin.shopify.com/store/trophy-partner/products?query=PS10334;p-8741-crystal-tablet-with-digi-small
1;sí;Sin rastro en PaceSetter — archivar o buscar el código nuevo;Crystal Tablets with Digi Awards;PS6344;DCGI540C;;;;https://admin.shopify.com/store/trophy-partner/products?query=PS6344;p-5662-crystal-tablets-with-digi-awards
1;sí;Sin rastro en PaceSetter — archivar o buscar el código nuevo;Crystal Tablets with Digi Color Award;PS6345;DCGI540B;;;;https://admin.shopify.com/store/trophy-partner/products?query=PS6345;p-5663-crystal-tablets-with-digi-color-award
1;sí;Sin rastro en PaceSetter — archivar o buscar el código nuevo;Crystal Tablets With Digi Medium;PS6346;DCGI540A;;;;https://admin.shopify.com/store/trophy-partner/products?query=PS6346;p-5664-crystal-tablets-with-digi-medium
1;sí;Sin rastro en PaceSetter — archivar o buscar el código nuevo;Crystal with Sub;PS6357;GI655;;;;https://admin.shopify.com/store/trophy-partner/products?query=PS6357;p-5675-crystal-with-sub
1;sí;Sin rastro en PaceSetter — archivar o buscar el código nuevo;Dark Blue Ceramic Mug;PS8520;CM704-04;;;;https://admin.shopify.com/store/trophy-partner/products?query=PS8520;p-7970-dark-blue-ceramic-mug
1;sí;Sin rastro en PaceSetter — archivar o buscar el código nuevo;Dark Green Ceramic Mug;PS8523;CM704-11;;;;https://admin.shopify.com/store/trophy-partner/products?query=PS8523;p-7971-dark-green-ceramic-mug
1;sí;Sin rastro en PaceSetter — archivar o buscar el código nuevo;Diamond Carved Clear Desk Award;PS6368;C512;;;;https://admin.shopify.com/store/trophy-partner/products?query=PS6368;p-5686-diamond-carved-clear-desk-award
1;sí;Sin rastro en PaceSetter — archivar o buscar el código nuevo;Diamond Carved Clear Desktop Tower;PS10416;C403A;;;;https://admin.shopify.com/store/trophy-partner/products?query=PS10416;p-8751-diamond-carved-clear-desktop-tower
1;sí;Sin rastro en PaceSetter — archivar o buscar el código nuevo;Diamond Carved Clear Tower;PS10418;C403B;;;;https://admin.shopify.com/store/trophy-partner/products?query=PS10418;p-8752-diamond-carved-clear-tower
1;sí;Sin rastro en PaceSetter — archivar o buscar el código nuevo;Diamond Carved Square Lucite Award On Marble;PS6373;C2760A C2760B;;;;https://admin.shopify.com/store/trophy-partner/products?query=PS6373;p-5691-diamond-carved-square-lucite-award-on-marble
1;sí;Sin rastro en PaceSetter — archivar o buscar el código nuevo;Diamond Carved Wave Lucite Award on Marble;PS6374;C2761B;;;;https://admin.shopify.com/store/trophy-partner/products?query=PS6374;p-5692-diamond-carved-wave-lucite-award-on-marble
1;sí;Sin rastro en PaceSetter — archivar o buscar el código nuevo;Diamond Carved Wave Lucite Award Trophy;PS6375;C2761A;;;;https://admin.shopify.com/store/trophy-partner/products?query=PS6375;p-5693-diamond-carved-wave-lucite-award-trophy
1;sí;Sin rastro en PaceSetter — archivar o buscar el código nuevo;Diamond Laser Edge Award;PS8542;CD912AD CD912BD;;;;https://admin.shopify.com/store/trophy-partner/products?query=PS8542;p-7975-diamond-laser-edge-award
1;sí;Sin rastro en PaceSetter — archivar o buscar el código nuevo;Digi-color On Lucite Genuine Walnut Wood Riser Plaque;PS6379;CD488;;;;https://admin.shopify.com/store/trophy-partner/products?query=PS6379;p-5697-digi-color-on-lucite-genuine-walnut-wood-riser-plaque
1;sí;Sin rastro en PaceSetter — archivar o buscar el código nuevo;Double Tower on Marble Award;PS6385;C3050;;;;https://admin.shopify.com/store/trophy-partner/products?query=PS6385;p-5703-double-tower-on-marble-award
1;sí;Sin rastro en PaceSetter — archivar o buscar el código nuevo;El Grande Green Ceramic Mug;PS8810;CM704-1840 CM707-3415 CM708-11;;;;https://admin.shopify.com/store/trophy-partner/products?query=PS8810;p-8064-el-grande-green-ceramic-mug
1;sí;Sin rastro en PaceSetter — archivar o buscar el código nuevo;Elegant Clear Vase;PS6400;GI634;;;;https://admin.shopify.com/store/trophy-partner/products?query=PS6400;p-5718-elegant-clear-vase
1;sí;Sin rastro en PaceSetter — archivar o buscar el código nuevo;Floating Lucite Crescent in Bronze Resin Award;PS8600;CD751;;;;https://admin.shopify.com/store/trophy-partner/products?query=PS8600;p-7992-floating-lucite-crescent-in-bronze-resin-award
1;sí;Sin rastro en PaceSetter — archivar o buscar el código nuevo;Florentine Edge Plate on Walnut Finish Board;PS8613;C071AASWF;;;;https://admin.shopify.com/store/trophy-partner/products?query=PS8613;p-7993-florentine-edge-plate-on-walnut-finish-board
1;sí;Sin rastro en PaceSetter — archivar o buscar el código nuevo;Frosted Lucite USA Cutout on Risers Award;PS8004;CD900USA;;;;https://admin.shopify.com/store/trophy-partner/products?query=PS8004;p-7116-frosted-lucite-usa-cutout-on-risers-award
1;sí;Sin rastro en PaceSetter — archivar o buscar el código nuevo;Full Color Free Standing Lucite Block;PS6382;DCC0812A DCC0813A DCC0812B DCC0813B DCC0812C DCC0813C;;;;https://admin.shopify.com/store/trophy-partner/products?query=PS6382;p-5700-full-color-free-standing-lucite-block
1;sí;Sin rastro en PaceSetter — archivar o buscar el código nuevo;Gatsby Plaque;PS8744;CD1098A CD1098B;;;;https://admin.shopify.com/store/trophy-partner/products?query=PS8744;p-8047-gatsby-plaque
1;sí;Sin rastro en PaceSetter — archivar o buscar el código nuevo;Genuine Walnut Barrel Large;PS6549;C031AG;;;;https://admin.shopify.com/store/trophy-partner/products?query=PS6549;p-5867-genuine-walnut-barrel-large
1;sí;Sin rastro en PaceSetter — archivar o buscar el código nuevo;Genuine Walnut Barrel Plaque;PS6548;C031BG;;;;https://admin.shopify.com/store/trophy-partner/products?query=PS6548;p-5866-genuine-walnut-barrel-plaque
1;sí;Sin rastro en PaceSetter — archivar o buscar el código nuevo;Genuine Walnut Certificate/Overlay Plaque;PS6550;C3501CW;;;;https://admin.shopify.com/store/trophy-partner/products?query=PS6550;p-5868-genuine-walnut-certificateoverlay-plaque
1;sí;Sin rastro en PaceSetter — archivar o buscar el código nuevo;Gold Gemstone Brilliance Lucite Peak Award;PS6567;CD603AGO CD603BGO CD603CGO;;;;https://admin.shopify.com/store/trophy-partner/products?query=PS6567;p-5885-gold-gemstone-brilliance-lucite-peak-award
1;sí;Sin rastro en PaceSetter — archivar o buscar el código nuevo;Gold Optic Crystal Gemstone Award;PS6577;GI513AGO GI513BGO GI513CGO;;;;https://admin.shopify.com/store/trophy-partner/products?query=PS6577;p-5895-gold-optic-crystal-gemstone-award
1;sí;Sin rastro en PaceSetter — archivar o buscar el código nuevo;Gold Tone Star Paperweight;PS6584;C0557;;;;https://admin.shopify.com/store/trophy-partner/products?query=PS6584;p-5902-gold-tone-star-paperweight
1;sí;Sin rastro en PaceSetter — archivar o buscar el código nuevo;Gold Vibrant Gemstone Award;PS6585;GI512AGO GI512BGO;;;;https://admin.shopify.com/store/trophy-partner/products?query=PS6585;p-5903-gold-vibrant-gemstone-award
1;sí;Sin rastro en PaceSetter — archivar o buscar el código nuevo;Gray Art Glass Vase;PS6587;GI585;;;;https://admin.shopify.com/store/trophy-partner/products?query=PS6587;p-5905-gray-art-glass-vase
1;sí;Sin rastro en PaceSetter — archivar o buscar el código nuevo;Green Arched Brilliance Award;PS10753;CD635GR;;;;https://admin.shopify.com/store/trophy-partner/products?query=PS10753;p-8764-green-arched-brilliance-award
1;sí;Sin rastro en PaceSetter — archivar o buscar el código nuevo;Green Cascade Carved Acrylic Award;PS8808;CD1217GN;;;;https://admin.shopify.com/store/trophy-partner/products?query=PS8808;p-8062-green-cascade-carved-acrylic-award
1;sí;Sin rastro en PaceSetter — archivar o buscar el código nuevo;Green Ceramic Mug Small;PS8809;CM705-11;;;;https://admin.shopify.com/store/trophy-partner/products?query=PS8809;p-8063-green-ceramic-mug-small
1;sí;Sin rastro en PaceSetter — archivar o buscar el código nuevo;Jade Glass Circle Award;PS6619;DCGI496A DCGI496B;;;;https://admin.shopify.com/store/trophy-partner/products?query=PS6619;p-5937-jade-glass-circle-award
1;sí;Sin rastro en PaceSetter — archivar o buscar el código nuevo;Jade Glass Oblong Octagon Award Trophy;PS6623;DCGI36;;;;https://admin.shopify.com/store/trophy-partner/products?query=PS6623;p-5941-jade-glass-oblong-octagon-award-trophy
1;sí;Sin rastro en PaceSetter — archivar o buscar el código nuevo;Jade Glass Octagon On Base w/ Digi;PS6624;DCGI35;;;;https://admin.shopify.com/store/trophy-partner/products?query=PS6624;p-5942-jade-glass-octagon-on-base-w-digi
1;sí;Sin rastro en PaceSetter — archivar o buscar el código nuevo;Jade Glass Slant Peak Award Trophy;PS6627;DCGI527A DCGI527B DCGI527C;;;;https://admin.shopify.com/store/trophy-partner/products?query=PS6627;p-5945-jade-glass-slant-peak-award-trophy
1;sí;Sin rastro en PaceSetter — archivar o buscar el código nuevo;Jade Glass Tablet Award Plaque;PS6630;DCGM446A DCGM446B DCGM446C;;;;https://admin.shopify.com/store/trophy-partner/products?query=PS6630;p-5948-jade-glass-tablet-award-plaque
1;sí;Sin rastro en PaceSetter — archivar o buscar el código nuevo;Large Crystal Triangular Votive Holder;PS9638;G1000;;nombre parecido: GI1001 (Crystal Triangular Votive Holder);;https://admin.shopify.com/store/trophy-partner/products?query=PS9638;p-8674-large-crystal-triangular-votive-holder
1;sí;Sin rastro en PaceSetter — archivar o buscar el código nuevo;Lasered Lucite on Bamboo Plaque;PS6646;CD665A CD665B;;;;https://admin.shopify.com/store/trophy-partner/products?query=PS6646;p-5964-lasered-lucite-on-bamboo-plaque
1;sí;Sin rastro en PaceSetter — archivar o buscar el código nuevo;Lavender Ceramic Mug;PS8894;CM704-5405;;;;https://admin.shopify.com/store/trophy-partner/products?query=PS8894;p-8076-lavender-ceramic-mug
1;sí;Sin rastro en PaceSetter — archivar o buscar el código nuevo;Leatherette Dome Top Clock;PS10868;CM298DB CM298LB CM298RW;;;;https://admin.shopify.com/store/trophy-partner/products?query=PS10868;p-8789-leatherette-dome-top-clock
1;sí;Sin rastro en PaceSetter — archivar o buscar el código nuevo;Leatherette Double Pen Case with Large;PS10870;CM247BS;;;;https://admin.shopify.com/store/trophy-partner/products?query=PS10870;p-8791-leatherette-double-pen-case-with-large
1;sí;Sin rastro en PaceSetter — archivar o buscar el código nuevo;Leatherette Double Pen Case with Small;PS10869;CM247DB CM247GR CM247LB CM247RW;;;;https://admin.shopify.com/store/trophy-partner/products?query=PS10869;p-8790-leatherette-double-pen-case-with-small
1;sí;Sin rastro en PaceSetter — archivar o buscar el código nuevo;Leatherette Mug Sleeve Small;PS10902;CM287BS;;;;https://admin.shopify.com/store/trophy-partner/products?query=PS10902;p-8803-leatherette-mug-sleeve-small
1;sí;Sin rastro en PaceSetter — archivar o buscar el código nuevo;Leatherette Phone Wallet Large;PS10918;CM325BS CM325DB CM325GR CM325LB CM325PK CM325RS CM325RW;;;;https://admin.shopify.com/store/trophy-partner/products?query=PS10918;p-8811-leatherette-phone-wallet-large
1;sí;Sin rastro en PaceSetter — archivar o buscar el código nuevo;Leatherette Phone Wallet Small;PS10917;CM325BL;;;;https://admin.shopify.com/store/trophy-partner/products?query=PS10917;p-8810-leatherette-phone-wallet-small
1;sí;Sin rastro en PaceSetter — archivar o buscar el código nuevo;Leatherette Phone Wallet With Ring;PS9063;CM375BB;;;sí;https://admin.shopify.com/store/trophy-partner/products?query=PS9063;p-8093-leatherette-phone-wallet-with-ring
1;sí;Sin rastro en PaceSetter — archivar o buscar el código nuevo;Leatherette Phone Wallet With Ring;PS10916;CM375BS CM375DB CM375GR CM375LB CM375PK CM375RS CM375RW CM375TL;;;sí;https://admin.shopify.com/store/trophy-partner/products?query=PS10916;p-8809-leatherette-phone-wallet-with-ring
1;sí;Sin rastro en PaceSetter — archivar o buscar el código nuevo;Leatherette Rectangle Bottle Opener Keychain;PS6720;CM331;;mismo código: CM331BS CM331DB CM331GR CM331LB CM331PK CM331RS;;https://admin.shopify.com/store/trophy-partner/products?query=PS6720;p-6038-leatherette-rectangle-bottle-opener-keychain
1;sí;Sin rastro en PaceSetter — archivar o buscar el código nuevo;Light Blue Ceramic Mug;PS9147;CM708-632;;;;https://admin.shopify.com/store/trophy-partner/products?query=PS9147;p-8107-light-blue-ceramic-mug
1;sí;Sin rastro en PaceSetter — archivar o buscar el código nuevo;Lucite Magnetic Entrapment with Steel Back;PS6750;CD883A CD883B;;;;https://admin.shopify.com/store/trophy-partner/products?query=PS6750;p-6068-lucite-magnetic-entrapment-with-steel-back
1;sí;Sin rastro en PaceSetter — archivar o buscar el código nuevo;Lucite Plaque w/ Hanger/Easel;PS6752;CD420;;;;https://admin.shopify.com/store/trophy-partner/products?query=PS6752;p-6070-lucite-plaque-w-hangereasel
1;sí;Sin rastro en PaceSetter — archivar o buscar el código nuevo;Mahogany Wood and Silver Backer Digi;PS6757;CD971AM CD971BM;;;;https://admin.shopify.com/store/trophy-partner/products?query=PS6757;p-6075-mahogany-wood-and-silver-backer-digi
1;sí;Sin rastro en PaceSetter — archivar o buscar el código nuevo;Maroon Ceramic Mug;PS9166;CM708-43;;;;https://admin.shopify.com/store/trophy-partner/products?query=PS9166;p-8112-maroon-ceramic-mug
1;sí;Sin rastro en PaceSetter — archivar o buscar el código nuevo;Mustard Ceramic Mug;PS9187;CM704-640;;;;https://admin.shopify.com/store/trophy-partner/products?query=PS9187;p-8115-mustard-ceramic-mug
1;sí;Sin rastro en PaceSetter — archivar o buscar el código nuevo;Optic Crystal Circle with Silver Star;PS9208;GM626A GM626B;;;;https://admin.shopify.com/store/trophy-partner/products?query=PS9208;p-8119-optic-crystal-circle-with-silver-star
1;sí;Sin rastro en PaceSetter — archivar o buscar el código nuevo;Optic Crystal Diamond on Base;PS9643;GI847;;;;https://admin.shopify.com/store/trophy-partner/products?query=PS9643;p-8679-optic-crystal-diamond-on-base
1;sí;Sin rastro en PaceSetter — archivar o buscar el código nuevo;Orange Ceramic Mug;PS9252;CM707-2956 CM708-2956;;;;https://admin.shopify.com/store/trophy-partner/products?query=PS9252;p-8126-orange-ceramic-mug
1;sí;Sin rastro en PaceSetter — archivar o buscar el código nuevo;Pink Leatherette Phone Easel;PS11149;CM296PK;;;;https://admin.shopify.com/store/trophy-partner/products?query=PS11149;p-8844-pink-leatherette-phone-easel
1;sí;Sin rastro en PaceSetter — archivar o buscar el código nuevo;Pivoting Bars Award Stacker Bar;PS9276;CD1220B CD1220C CD1220W;;;;https://admin.shopify.com/store/trophy-partner/products?query=PS9276;p-8134-pivoting-bars-award-stacker-bar
1;sí;Sin rastro en PaceSetter — archivar o buscar el código nuevo;Pivoting Bars Award with Magnetic Base;PS9277;CD1221B CD1221C CD1221W;;;;https://admin.shopify.com/store/trophy-partner/products?query=PS9277;p-8135-pivoting-bars-award-with-magnetic-base
1;sí;Sin rastro en PaceSetter — archivar o buscar el código nuevo;Plum Ceramic Mug;PS9279;CM704-1041;;;;https://admin.shopify.com/store/trophy-partner/products?query=PS9279;p-8136-plum-ceramic-mug
1;sí;Sin rastro en PaceSetter — archivar o buscar el código nuevo;Purple Ceramic Mug Large;PS9307;CM704-2899 CM707-84 CM708-25;;;;https://admin.shopify.com/store/trophy-partner/products?query=PS9307;p-8146-purple-ceramic-mug-large
1;sí;Sin rastro en PaceSetter — archivar o buscar el código nuevo;Purple Ceramic Mug Small;PS9306;CM705-04;;;;https://admin.shopify.com/store/trophy-partner/products?query=PS9306;p-8145-purple-ceramic-mug-small
1;sí;Sin rastro en PaceSetter — archivar o buscar el código nuevo;Puzzle Crescent on Base;PS9310;GI675;;;;https://admin.shopify.com/store/trophy-partner/products?query=PS9310;p-8148-puzzle-crescent-on-base
1;sí;Sin rastro en PaceSetter — archivar o buscar el código nuevo;Red Arched Brilliance Award;PS6875;CD635R;;;;https://admin.shopify.com/store/trophy-partner/products?query=PS6875;p-6193-red-arched-brilliance-award
1;sí;Sin rastro en PaceSetter — archivar o buscar el código nuevo;Red Barrel Plaque w/ Marble Mist Small;PS6876;C031BR;;;;https://admin.shopify.com/store/trophy-partner/products?query=PS6876;p-6194-red-barrel-plaque-w-marble-mist-small
1;sí;Sin rastro en PaceSetter — archivar o buscar el código nuevo;Red Barrel Plaque with Marble Mist Plate;PS6877;C031AR;;;;https://admin.shopify.com/store/trophy-partner/products?query=PS6877;p-6195-red-barrel-plaque-with-marble-mist-plate
1;sí;Sin rastro en PaceSetter — archivar o buscar el código nuevo;Red Ceramic Mug;PS9331;CM704-2904 CM707-199 CM708-3192 CM706-664;;;;https://admin.shopify.com/store/trophy-partner/products?query=PS9331;p-8155-red-ceramic-mug
1;sí;Sin rastro en PaceSetter — archivar o buscar el código nuevo;Red Rectangle Vapor Mist Award;PS6889;CD310AR CD310BR;;;;https://admin.shopify.com/store/trophy-partner/products?query=PS6889;p-6207-red-rectangle-vapor-mist-award
1;sí;Sin rastro en PaceSetter — archivar o buscar el código nuevo;Rose Leatherette Phone Easel;PS11252;CM296RS;;;;https://admin.shopify.com/store/trophy-partner/products?query=PS11252;p-8860-rose-leatherette-phone-easel
1;sí;Sin rastro en PaceSetter — archivar o buscar el código nuevo;Rosewood Piano Finish Lucite Barrel Riser Plaque Large;PS11266;CM266ARW;;;;https://admin.shopify.com/store/trophy-partner/products?query=PS11266;p-8862-rosewood-piano-finish-lucite-barrel-riser-plaque-large
1;sí;Sin rastro en PaceSetter — archivar o buscar el código nuevo;Rosewood Piano Finish Lucite Barrel Riser Plaque Small;PS11265;CM266BRW;;;;https://admin.shopify.com/store/trophy-partner/products?query=PS11265;p-8861-rosewood-piano-finish-lucite-barrel-riser-plaque-small
1;sí;Sin rastro en PaceSetter — archivar o buscar el código nuevo;Rosewood Piano Finish Star Paperweight;PS6907;C0627;;;;https://admin.shopify.com/store/trophy-partner/products?query=PS6907;p-6225-rosewood-piano-finish-star-paperweight
1;sí;Sin rastro en PaceSetter — archivar o buscar el código nuevo;Round Acrylic Coaster;PS9374;CD1107A;;;;https://admin.shopify.com/store/trophy-partner/products?query=PS9374;p-8165-round-acrylic-coaster
1;sí;Sin rastro en PaceSetter — archivar o buscar el código nuevo;Round Alder Coaster;PS9375;CD1106A;;;;https://admin.shopify.com/store/trophy-partner/products?query=PS9375;p-8166-round-alder-coaster
1;sí;Sin rastro en PaceSetter — archivar o buscar el código nuevo;Round Bamboo Wine Gift Set;PS6913;CM423;;;;https://admin.shopify.com/store/trophy-partner/products?query=PS6913;p-6231-round-bamboo-wine-gift-set
1;sí;Sin rastro en PaceSetter — archivar o buscar el código nuevo;Russet Ceramic Mug;PS9382;CM704-464;;;;https://admin.shopify.com/store/trophy-partner/products?query=PS9382;p-8167-russet-ceramic-mug
1;sí;Sin rastro en PaceSetter — archivar o buscar el código nuevo;Sapphire Blue Accent Diamond On Marble Award;PS6918;CD763A CD763B;;;;https://admin.shopify.com/store/trophy-partner/products?query=PS6918;p-6236-sapphire-blue-accent-diamond-on-marble-award
1;sí;Sin rastro en PaceSetter — archivar o buscar el código nuevo;Sheared Lucite Cylinder Award Trophy;PS6919;C2613;;;;https://admin.shopify.com/store/trophy-partner/products?query=PS6919;p-6237-sheared-lucite-cylinder-award-trophy
1;sí;Sin rastro en PaceSetter — archivar o buscar el código nuevo;Silver Plated Cup on Base;PS9407;CM812;;;;https://admin.shopify.com/store/trophy-partner/products?query=PS9407;p-8176-silver-plated-cup-on-base
1;sí;Sin rastro en PaceSetter — archivar o buscar el código nuevo;Slant-Front Crystal Award with Compass Medallion;PS6943;GI582MC;;;;https://admin.shopify.com/store/trophy-partner/products?query=PS6943;p-6261-slant-front-crystal-award-with-compass-medallion
1;sí;Sin rastro en PaceSetter — archivar o buscar el código nuevo;Slant-Front Crystal Award with Globe Medallion;PS6945;GI582MG;;;;https://admin.shopify.com/store/trophy-partner/products?query=PS6945;p-6263-slant-front-crystal-award-with-globe-medallion
1;sí;Sin rastro en PaceSetter — archivar o buscar el código nuevo;Slant-Front Crystal Award with Star Medallion;PS6947;GI582MS;;;;https://admin.shopify.com/store/trophy-partner/products?query=PS6947;p-6265-slant-front-crystal-award-with-star-medallion
1;sí;Sin rastro en PaceSetter — archivar o buscar el código nuevo;Slant-Front Crystal with Lasered Black Disc Logo Medallion;PS6946;GI582YL;;;;https://admin.shopify.com/store/trophy-partner/products?query=PS6946;p-6264-slant-front-crystal-with-lasered-black-disc-logo-medallion
1;sí;Sin rastro en PaceSetter — archivar o buscar el código nuevo;Slant-Front Crystal with Logo Medallion;PS6944;GI582YD;;;;https://admin.shopify.com/store/trophy-partner/products?query=PS6944;p-6262-slant-front-crystal-with-logo-medallion
1;sí;Sin rastro en PaceSetter — archivar o buscar el código nuevo;Spotlight Lucite & Aluminum Lucite Base;PS6963;C4952 C4953;;;;https://admin.shopify.com/store/trophy-partner/products?query=PS6963;p-6281-spotlight-lucite-aluminum-lucite-base
1;sí;Sin rastro en PaceSetter — archivar o buscar el código nuevo;Square Acrylic Coaster;PS9468;CD1107B;;;;https://admin.shopify.com/store/trophy-partner/products?query=PS9468;p-8187-square-acrylic-coaster
1;sí;Sin rastro en PaceSetter — archivar o buscar el código nuevo;Square Alder Coaster;PS9469;CD1106B;;;;https://admin.shopify.com/store/trophy-partner/products?query=PS9469;p-8188-square-alder-coaster
1;sí;Sin rastro en PaceSetter — archivar o buscar el código nuevo;Star Gazer Acrylic Award Trophy;PS11378;CD919AG CD919AS CD919BG CD919BS;;;;https://admin.shopify.com/store/trophy-partner/products?query=PS11378;p-8879-star-gazer-acrylic-award-trophy
1;sí;Sin rastro en PaceSetter — archivar o buscar el código nuevo;Star Gold Trophy On Rosewood Piano;PS6966;C0632;;;;https://admin.shopify.com/store/trophy-partner/products?query=PS6966;p-6284-star-gold-trophy-on-rosewood-piano
1;sí;Sin rastro en PaceSetter — archivar o buscar el código nuevo;Star Stream Silver Lucite On Base;PS6967;CD859A CD859B CD859C;;;;https://admin.shopify.com/store/trophy-partner/products?query=PS6967;p-6285-star-stream-silver-lucite-on-base
1;sí;Sin rastro en PaceSetter — archivar o buscar el código nuevo;Stars Silver Trophy On Rosewood Piano;PS6969;C0633;;;;https://admin.shopify.com/store/trophy-partner/products?query=PS6969;p-6287-stars-silver-trophy-on-rosewood-piano
1;sí;Sin rastro en PaceSetter — archivar o buscar el código nuevo;State Shaped Frosted Acrylic Cutout on Black Plaque;PS8000;CD953;;nombre parecido: CD955 (Frosted Acrylic Oval Cutout on Black Plaque);;https://admin.shopify.com/store/trophy-partner/products?query=PS8000;p-6347-state-shaped-frosted-acrylic-cutout-on-black-plaque
1;sí;Sin rastro en PaceSetter — archivar o buscar el código nuevo;Streaming Excellence on Marble Award;PS11394;CD1006BL CD1006GR CD1006RD;;;;https://admin.shopify.com/store/trophy-partner/products?query=PS11394;p-8880-streaming-excellence-on-marble-award
1;sí;Sin rastro en PaceSetter — archivar o buscar el código nuevo;Sweeping Cosmos Acrylic with Mirror Accent;PS11397;CD970RD;;;;https://admin.shopify.com/store/trophy-partner/products?query=PS11397;p-8881-sweeping-cosmos-acrylic-with-mirror-accent
1;sí;Sin rastro en PaceSetter — archivar o buscar el código nuevo;Teal Ceramic Mug;PS9515;CM704-755 CM708-579 CM706-755;;;;https://admin.shopify.com/store/trophy-partner/products?query=PS9515;p-8205-teal-ceramic-mug
1;sí;Sin rastro en PaceSetter — archivar o buscar el código nuevo;The Noir Glass Dome On Black Glass Base;PS11429;GI306;;;;https://admin.shopify.com/store/trophy-partner/products?query=PS11429;p-8892-the-noir-glass-dome-on-black-glass-base
1;sí;Sin rastro en PaceSetter — archivar o buscar el código nuevo;Turquoise and Stone Lucite 13 Plate Photo Plaque;PS11442;EP20PKG;;;;https://admin.shopify.com/store/trophy-partner/products?query=PS11442;p-8894-turquoise-and-stone-lucite-13-plate-photo-plaque
1;sí;Sin rastro en PaceSetter — archivar o buscar el código nuevo;Vivid Spiral Acrylic on Marble;PS9541;CD1007BRD;;;sí;https://admin.shopify.com/store/trophy-partner/products?query=PS9541;p-8216-vivid-spiral-acrylic-on-marble
1;sí;Sin rastro en PaceSetter — archivar o buscar el código nuevo;Vivid Spiral Acrylic on Marble;PS11490;CD1007ARD CD1007ABL CD1007BBL;;;sí;https://admin.shopify.com/store/trophy-partner/products?query=PS11490;p-8897-vivid-spiral-acrylic-on-marble
1;sí;Sin rastro en PaceSetter — archivar o buscar el código nuevo;Walnut Business Card Holder;PS9542;CM749W;;;;https://admin.shopify.com/store/trophy-partner/products?query=PS9542;p-8217-walnut-business-card-holder
1;sí;Sin rastro en PaceSetter — archivar o buscar el código nuevo;Walnut Plaque with Gold Swirl Plate;PS7016;CD662A CD662B;;;;https://admin.shopify.com/store/trophy-partner/products?query=PS7016;p-6334-walnut-plaque-with-gold-swirl-plate
1;sí;Sin rastro en PaceSetter — archivar o buscar el código nuevo;Water Bottle Carabiner Large;PS11523;CM822GR CM822OR CM822PU CM822RD;;;;https://admin.shopify.com/store/trophy-partner/products?query=PS11523;p-8902-water-bottle-carabiner-large
1;sí;Sin rastro en PaceSetter — archivar o buscar el código nuevo;Water Bottle Carabiner Small;PS11522;CM822BL;;;;https://admin.shopify.com/store/trophy-partner/products?query=PS11522;p-8901-water-bottle-carabiner-small
1;sí;Sin rastro en PaceSetter — archivar o buscar el código nuevo;Water Drop Award;PS11524;CD1017ARD CD1017BRD CD1017ABL CD1017BBL CD1017CRD CD1017CBL;;;;https://admin.shopify.com/store/trophy-partner/products?query=PS11524;p-8903-water-drop-award
1;sí;Sin rastro en PaceSetter — archivar o buscar el código nuevo;Waterfall Crystal on Base;PS9586;GM752A GM752B GM752C;;;;https://admin.shopify.com/store/trophy-partner/products?query=PS9586;p-8224-waterfall-crystal-on-base
1;sí;Sin rastro en PaceSetter — archivar o buscar el código nuevo;White Ceramic Mug;PS9588;CM707-02;;;;https://admin.shopify.com/store/trophy-partner/products?query=PS9588;p-8225-white-ceramic-mug
1;sí;Sin rastro en PaceSetter — archivar o buscar el código nuevo;White Crystal Triangular Votive Holder;PS9654;G1001WH;;nombre parecido: GI1001 (Crystal Triangular Votive Holder);;https://admin.shopify.com/store/trophy-partner/products?query=PS9654;p-8690-white-crystal-triangular-votive-holder
1;sí;Sin rastro en PaceSetter — archivar o buscar el código nuevo;White Fluted Vase;PS7021;GI636W;;;;https://admin.shopify.com/store/trophy-partner/products?query=PS7021;p-6339-white-fluted-vase
1;sí;Sin rastro en PaceSetter — archivar o buscar el código nuevo;Yellow Ceramic Mug;PS9605;CM708-640;;;;https://admin.shopify.com/store/trophy-partner/products?query=PS9605;p-8227-yellow-ceramic-mug
2;sí;Un producto PaceSetter repartido en varios de Shopify — fusionar o sincronizar sólo sus partes;3 Tier Glass Tower Award Amber;PS6019;GI603AM;GI603AM->GI603;;;https://admin.shopify.com/store/trophy-partner/products?query=PS6019;p-5337-3-tier-glass-tower-award-amber
2;sí;Un producto PaceSetter repartido en varios de Shopify — fusionar o sincronizar sólo sus partes;3 Tier Glass Tower Blue Award;PS6020;GI603BL;GI603BL->GI603;;;https://admin.shopify.com/store/trophy-partner/products?query=PS6020;p-5338-3-tier-glass-tower-blue-award
2;sí;Un producto PaceSetter repartido en varios de Shopify — fusionar o sincronizar sólo sus partes;6 oz Powder Coated Green Stainless Steel Lasered Flask;PS9785;CM254GR;CM254GR->CM254;;;https://admin.shopify.com/store/trophy-partner/products?query=PS9785;p-8695-6-oz-powder-coated-green-stainless-steel-lasered-flask
2;sí;Un producto PaceSetter repartido en varios de Shopify — fusionar o sincronizar sólo sus partes;6 oz. Matte Black Stainless Steel Lasered Flask;PS9784;CM254BK;CM254BK->CM254;;;https://admin.shopify.com/store/trophy-partner/products?query=PS9784;p-8694-6-oz-matte-black-stainless-steel-lasered-flask
2;sí;Un producto PaceSetter repartido en varios de Shopify — fusionar o sincronizar sólo sus partes;7-Piece Black/Silver Leatherette Manicure Gift Set;PS9786;CM293BS;CM293BS->CM293;;;https://admin.shopify.com/store/trophy-partner/products?query=PS9786;p-8696-7-piece-blacksilver-leatherette-manicure-gift-set
2;sí;Un producto PaceSetter repartido en varios de Shopify — fusionar o sincronizar sólo sus partes;7-Piece Dark Brown Leatherette Manicure Gift Set;PS9787;CM293DB;CM293DB->CM293;;;https://admin.shopify.com/store/trophy-partner/products?query=PS9787;p-8697-7-piece-dark-brown-leatherette-manicure-gift-set
2;sí;Un producto PaceSetter repartido en varios de Shopify — fusionar o sincronizar sólo sus partes;7-Piece Light Brown Leatherette Manicure Gift Set;PS9789;CM293LB;CM293LB->CM293;;;https://admin.shopify.com/store/trophy-partner/products?query=PS9789;p-8698-7-piece-light-brown-leatherette-manicure-gift-set
2;sí;Un producto PaceSetter repartido en varios de Shopify — fusionar o sincronizar sólo sus partes;7-Piece Pink Leatherette Manicure Gift Set;PS9790;CM293PK;CM293PK->CM293;;;https://admin.shopify.com/store/trophy-partner/products?query=PS9790;p-8699-7-piece-pink-leatherette-manicure-gift-set
2;sí;Un producto PaceSetter repartido en varios de Shopify — fusionar o sincronizar sólo sus partes;7-Piece Rawhide Leatherette Manicure Gift Set;PS9791;CM293RW;CM293RW->CM293;;;https://admin.shopify.com/store/trophy-partner/products?query=PS9791;p-8700-7-piece-rawhide-leatherette-manicure-gift-set
2;sí;Un producto PaceSetter repartido en varios de Shopify — fusionar o sincronizar sólo sus partes;Angular Clear/Black Glass Award;PS8097;GI672BK;GI672BK->GI672;;;https://admin.shopify.com/store/trophy-partner/products?query=PS8097;p-7837-angular-clearblack-glass-award
2;sí;Un producto PaceSetter repartido en varios de Shopify — fusionar o sincronizar sólo sus partes;Angular Clear/Blue Glass Award;PS8098;GI672B;GI672B->GI672;;;https://admin.shopify.com/store/trophy-partner/products?query=PS8098;p-7838-angular-clearblue-glass-award
2;sí;Un producto PaceSetter repartido en varios de Shopify — fusionar o sincronizar sólo sus partes;Anniversary Freestanding 1 Year Award;PS6059-1;CD904Y1;CD904Y1->CD904AY*;;;https://admin.shopify.com/store/trophy-partner/products?query=PS6059-1;p-7628-anniversary-freestanding-1-year-award
2;sí;Un producto PaceSetter repartido en varios de Shopify — fusionar o sincronizar sólo sus partes;Anniversary Freestanding 3 Year Award;PS6059-3;CD904Y3;CD904Y3->CD904AY*;;;https://admin.shopify.com/store/trophy-partner/products?query=PS6059-3;p-7627-anniversary-freestanding-3-year-award
2;sí;Un producto PaceSetter repartido en varios de Shopify — fusionar o sincronizar sólo sus partes;Anniversary Freestanding 5 Year Award;PS6059;CD904Y5;CD904Y5->CD904AY*;;;https://admin.shopify.com/store/trophy-partner/products?query=PS6059;p-5377-anniversary-freestanding-5-year-award
2;sí;Un producto PaceSetter repartido en varios de Shopify — fusionar o sincronizar sólo sus partes;Black Certificate Frame with Silver Metallized Accent;PS10012;C4802BS;C4802BS->C4802;;;https://admin.shopify.com/store/trophy-partner/products?query=PS10012;p-8709-black-certificate-frame-with-silver-metallized-accent
2;sí;Un producto PaceSetter repartido en varios de Shopify — fusionar o sincronizar sólo sus partes;Black Chisel Carve Tower Award on Base;PS6112;C701LBK C701BLBK;C701LBK->C701L C701BLBK->C701BL;;;https://admin.shopify.com/store/trophy-partner/products?query=PS6112;p-5430-black-chisel-carve-tower-award-on-base
2;sí;Un producto PaceSetter repartido en varios de Shopify — fusionar o sincronizar sólo sus partes;Black Curved Beveled;PS6115;GI515BK;GI515BK->GI515;;;https://admin.shopify.com/store/trophy-partner/products?query=PS6115;p-5433-black-curved-beveled
2;sí;Un producto PaceSetter repartido en varios de Shopify — fusionar o sincronizar sólo sus partes;Black Walnut Cutting & Charcuterie Board;PS8222;CM750A CM750C CM750D CM750B;CM750A->CM750 CM750C->CM750 CM750D->CM750 CM750B->CM750;;;https://admin.shopify.com/store/trophy-partner/products?query=PS8222;p-7882-black-walnut-cutting-charcuterie-board
2;sí;Un producto PaceSetter repartido en varios de Shopify — fusionar o sincronizar sólo sus partes;Black Walnut Cutting & Charcuterie Board Large;PS8221;CM750E CM750F;CM750E->CM750 CM750F->CM750;;;https://admin.shopify.com/store/trophy-partner/products?query=PS8221;p-7881-black-walnut-cutting-charcuterie-board-large
2;sí;Un producto PaceSetter repartido en varios de Shopify — fusionar o sincronizar sólo sus partes;Black/Silver Leatherette Oval Keychain;PS10040;CM291BS;CM291BS->CM291*;;;https://admin.shopify.com/store/trophy-partner/products?query=PS10040;p-8710-blacksilver-leatherette-oval-keychain
2;sí;Un producto PaceSetter repartido en varios de Shopify — fusionar o sincronizar sólo sus partes;Black/Silver Leatherette Phone Easel;PS10041;CM296BS;CM296BS->CM296;;;https://admin.shopify.com/store/trophy-partner/products?query=PS10041;p-8711-blacksilver-leatherette-phone-easel
2;sí;Un producto PaceSetter repartido en varios de Shopify — fusionar o sincronizar sólo sus partes;Blue Acrylic Color Drops Award;PS8232;CD1101AB CD1101BB CD1101CB;CD1101AB->CD1101A CD1101BB->CD1101B CD1101CB->CD1101C;;;https://admin.shopify.com/store/trophy-partner/products?query=PS8232;p-7888-blue-acrylic-color-drops-award
2;sí;Un producto PaceSetter repartido en varios de Shopify — fusionar o sincronizar sólo sus partes;Blue Arched Brilliance Award on Clear Base;PS6155;CD636B;CD636B->CD636;;;https://admin.shopify.com/store/trophy-partner/products?query=PS6155;p-5473-blue-arched-brilliance-award-on-clear-base
2;sí;Un producto PaceSetter repartido en varios de Shopify — fusionar o sincronizar sólo sus partes;Blue Cascade Carved Acrylic Award;PS10062;CD1217BL;CD1217BL->CD1217;;;https://admin.shopify.com/store/trophy-partner/products?query=PS10062;p-8714-blue-cascade-carved-acrylic-award
2;sí;Un producto PaceSetter repartido en varios de Shopify — fusionar o sincronizar sólo sus partes;Blue Chisel Carve Tower Award;PS6160;C701LBL;C701LBL->C701L;;;https://admin.shopify.com/store/trophy-partner/products?query=PS6160;p-5478-blue-chisel-carve-tower-award
2;sí;Un producto PaceSetter repartido en varios de Shopify — fusionar o sincronizar sólo sus partes;Blue Chisel Carved Tower Award On Base;PS6161;C609LBBL C610LBBL C701BLBL C612LBBL;C609LBBL->C609LB C610LBBL->C610LB C701BLBL->C701BL C612LBBL->C612LB;;;https://admin.shopify.com/store/trophy-partner/products?query=PS6161;p-5479-blue-chisel-carved-tower-award-on-base
2;sí;Un producto PaceSetter repartido en varios de Shopify — fusionar o sincronizar sólo sus partes;Blue Curved Beveled;PS6166;GI515B;GI515B->GI515;;;https://admin.shopify.com/store/trophy-partner/products?query=PS6166;p-5484-blue-curved-beveled
2;sí;Un producto PaceSetter repartido en varios de Shopify — fusionar o sincronizar sólo sus partes;Blue Deco Lucite Peak on Marble Base Award;PS6167;CF845AB CD854BB;CD854BB->CD854;;;https://admin.shopify.com/store/trophy-partner/products?query=PS6167;p-5485-blue-deco-lucite-peak-on-marble-base-award
2;sí;Un producto PaceSetter repartido en varios de Shopify — fusionar o sincronizar sólo sus partes;Blue Designs Deco Lucite Tablet;PS6170;CD852AB CD852BB;CD852AB->CD852 CD852BB->CD852;;;https://admin.shopify.com/store/trophy-partner/products?query=PS6170;p-5488-blue-designs-deco-lucite-tablet
2;sí;Un producto PaceSetter repartido en varios de Shopify — fusionar o sincronizar sólo sus partes;Blue Gemstone Brilliance Lucite Peak Award;PS6175;CD603AB CD603BB CD603CB;CD603AB->CD603 CD603BB->CD603 CD603CB->CD603;;;https://admin.shopify.com/store/trophy-partner/products?query=PS6175;p-5493-blue-gemstone-brilliance-lucite-peak-award
2;sí;Un producto PaceSetter repartido en varios de Shopify — fusionar o sincronizar sólo sus partes;Blue Halley Collection Plaque;PS10093;C750ALB C750BLB C750CLB;C750ALB->C750 C750BLB->C750 C750CLB->C750;;;https://admin.shopify.com/store/trophy-partner/products?query=PS10093;p-8716-blue-halley-collection-plaque
2;sí;Un producto PaceSetter repartido en varios de Shopify — fusionar o sincronizar sólo sus partes;Blue Lucite Rising Tide Wave Monument Award;PS6186;CD848B;CD848B->CD848;;;https://admin.shopify.com/store/trophy-partner/products?query=PS6186;p-5504-blue-lucite-rising-tide-wave-monument-award
2;sí;Un producto PaceSetter repartido en varios de Shopify — fusionar o sincronizar sólo sus partes;Blue Marble Florentine Plate on Ebony Board;PS10096;CD414ABEF;CD414ABEF->CD414*;;;https://admin.shopify.com/store/trophy-partner/products?query=PS10096;p-8718-blue-marble-florentine-plate-on-ebony-board
2;sí;Un producto PaceSetter repartido en varios de Shopify — fusionar o sincronizar sólo sus partes;Blue Marble Florentine Plate on Ebony Finish Board;PS8278;CD414BBEF;CD414BBEF->CD414*;;;https://admin.shopify.com/store/trophy-partner/products?query=PS8278;p-7896-blue-marble-florentine-plate-on-ebony-finish-board
2;sí;Un producto PaceSetter repartido en varios de Shopify — fusionar o sincronizar sólo sus partes;Blue Optic Crystal Gemstone Award;PS6191;GI513AB GI513BB GI513CB;GI513AB->GI513A GI513BB->GI513B GI513CB->GI513C;;;https://admin.shopify.com/store/trophy-partner/products?query=PS6191;p-5509-blue-optic-crystal-gemstone-award
2;sí;Un producto PaceSetter repartido en varios de Shopify — fusionar o sincronizar sólo sus partes;Blue Plaque w/ Marble Mist Large;PS6193;C023AB;C023AB->C023;;;https://admin.shopify.com/store/trophy-partner/products?query=PS6193;p-5511-blue-plaque-w-marble-mist-large
2;sí;Un producto PaceSetter repartido en varios de Shopify — fusionar o sincronizar sólo sus partes;Blue Plaque w/ Marble Mist Small;PS6192;C023BB;C023BB->C023;;;https://admin.shopify.com/store/trophy-partner/products?query=PS6192;p-5510-blue-plaque-w-marble-mist-small
2;sí;Un producto PaceSetter repartido en varios de Shopify — fusionar o sincronizar sólo sus partes;Blue Spectrum Chisel Carved Tower Small;PS10106;C612LBL;C612LBL->C612LB;;;https://admin.shopify.com/store/trophy-partner/products?query=PS10106;p-8719-blue-spectrum-chisel-carved-tower-small
2;sí;Un producto PaceSetter repartido en varios de Shopify — fusionar o sincronizar sólo sus partes;Blue Teardrop Art Glass;PS8297;GM805B;GM805B->GM805;;;https://admin.shopify.com/store/trophy-partner/products?query=PS8297;p-7898-blue-teardrop-art-glass
2;sí;Un producto PaceSetter repartido en varios de Shopify — fusionar o sincronizar sólo sus partes;Blue Vibrant Gemstone Award;PS6205;GI512AB GI512BB;GI512AB->GI512 GI512BB->GI512;;;https://admin.shopify.com/store/trophy-partner/products?query=PS6205;p-5523-blue-vibrant-gemstone-award
2;sí;Un producto PaceSetter repartido en varios de Shopify — fusionar o sincronizar sólo sus partes;Bronze Cascade Metal Stars Award;PS6212;CD476BZ CD477BZ CD478BZ;CD476BZ->CD476 CD477BZ->CD477 CD478BZ->CD478;;;https://admin.shopify.com/store/trophy-partner/products?query=PS6212;p-5530-bronze-cascade-metal-stars-award
2;sí;Un producto PaceSetter repartido en varios de Shopify — fusionar o sincronizar sólo sus partes;Carved Clear Crystal Award on Black Base with Logo Medallion;PS6227;GI583YL;GI583YL->GI583Y;;;https://admin.shopify.com/store/trophy-partner/products?query=PS6227;p-5545-carved-clear-crystal-award-on-black-base-with-logo-medallion
2;sí;Un producto PaceSetter repartido en varios de Shopify — fusionar o sincronizar sólo sus partes;Carved Clear Crystal on Black Base w/Digi;PS6226;GI583YD;GI583YD->GI583Y;;;https://admin.shopify.com/store/trophy-partner/products?query=PS6226;p-5544-carved-clear-crystal-on-black-base-wdigi
2;sí;Un producto PaceSetter repartido en varios de Shopify — fusionar o sincronizar sólo sus partes;Chisel Carved Reflective Blue Bottom Award;PS10156;GI638SBL;GI638SBL->GI638;;;https://admin.shopify.com/store/trophy-partner/products?query=PS10156;p-8727-chisel-carved-reflective-blue-bottom-award
2;sí;Un producto PaceSetter repartido en varios de Shopify — fusionar o sincronizar sólo sus partes;Chisel Carved Reflective Green Bottom Award;PS10158;GI638SGR;GI638SGR->GI638;;;https://admin.shopify.com/store/trophy-partner/products?query=PS10158;p-8728-chisel-carved-reflective-green-bottom-award
2;sí;Un producto PaceSetter repartido en varios de Shopify — fusionar o sincronizar sólo sus partes;Chisel Carved with Reflective Black Bottom Award;PS6247;GI638SBK;GI638SBK->GI638;;;https://admin.shopify.com/store/trophy-partner/products?query=PS6247;p-5565-chisel-carved-with-reflective-black-bottom-award
2;sí;Un producto PaceSetter repartido en varios de Shopify — fusionar o sincronizar sólo sus partes;Chisel Carved with Reflective Gold Bottom Award;PS6249;GI638SGO;GI638SGO->GI638;;;https://admin.shopify.com/store/trophy-partner/products?query=PS6249;p-5567-chisel-carved-with-reflective-gold-bottom-award
2;sí;Un producto PaceSetter repartido en varios de Shopify — fusionar o sincronizar sólo sus partes;Chisel Carved with Reflective Red Bottom Award;PS6251;GI638SRE;GI638SRE->GI638;;;https://admin.shopify.com/store/trophy-partner/products?query=PS6251;p-5569-chisel-carved-with-reflective-red-bottom-award
2;sí;Un producto PaceSetter repartido en varios de Shopify — fusionar o sincronizar sólo sus partes;Choice of Digi Large;PS10162;DCC3001BWN DCCD520DGA DCCD520DRW DCCD520DWN;DCC3001BWN->DCC3001BEB DCCD520DGA->DCCD520 DCCD520DRW->DCCD520 DCCD520DWN->DCCD520;;;https://admin.shopify.com/store/trophy-partner/products?query=PS10162;p-8730-choice-of-digi-large
2;sí;Un producto PaceSetter repartido en varios de Shopify — fusionar o sincronizar sólo sus partes;Choice of Digi Small;PS10160;DCCD520EGA DCCD520ERW DCCD520EWN;DCCD520EGA->DCCD520 DCCD520ERW->DCCD520 DCCD520EWN->DCCD520;;;https://admin.shopify.com/store/trophy-partner/products?query=PS10160;p-8729-choice-of-digi-small
2;sí;Un producto PaceSetter repartido en varios de Shopify — fusionar o sincronizar sólo sus partes;Circle Cutout Alder Wood and Silver Backer Digi;PS6256;CD947AA CD947BA;CD947AA->CD947 CD947BA->CD947;;;https://admin.shopify.com/store/trophy-partner/products?query=PS6256;p-5574-circle-cutout-alder-wood-and-silver-backer-digi
2;sí;Un producto PaceSetter repartido en varios de Shopify — fusionar o sincronizar sólo sus partes;Circle Cutout Mahogany Wood and Silver Backer Digi;PS6257;CD947AM CD947BM;CD947AM->CD947 CD947BM->CD947;;;https://admin.shopify.com/store/trophy-partner/products?query=PS6257;p-5575-circle-cutout-mahogany-wood-and-silver-backer-digi
2;sí;Un producto PaceSetter repartido en varios de Shopify — fusionar o sincronizar sólo sus partes;Clear Crystal Chisel Carve Award;PS6275;GI638CLR;GI638CLR->GI638;;;https://admin.shopify.com/store/trophy-partner/products?query=PS6275;p-5593-clear-crystal-chisel-carve-award
2;sí;Un producto PaceSetter repartido en varios de Shopify — fusionar o sincronizar sólo sus partes;Clear Crystal with Black Crystal Accents;PS8396;GI673BK;GI673BK->GI673;;;https://admin.shopify.com/store/trophy-partner/products?query=PS8396;p-7930-clear-crystal-with-black-crystal-accents
2;sí;Un producto PaceSetter repartido en varios de Shopify — fusionar o sincronizar sólo sus partes;Clear Crystal with Blue & Black Crystal Accents;PS8397;GI673B;GI673B->GI673;;;https://admin.shopify.com/store/trophy-partner/products?query=PS8397;p-7931-clear-crystal-with-blue-black-crystal-accents
2;sí;Un producto PaceSetter repartido en varios de Shopify — fusionar o sincronizar sólo sus partes;Clear Crystal with Red & Black Crystal Accents;PS8398;GI673R;GI673R->GI673;;;https://admin.shopify.com/store/trophy-partner/products?query=PS8398;p-7932-clear-crystal-with-red-black-crystal-accents
2;sí;Un producto PaceSetter repartido en varios de Shopify — fusionar o sincronizar sólo sus partes;Clear Glass with Bold Black Crystal Accent;PS6282;GI595BK;GI595BK->GI595;;;https://admin.shopify.com/store/trophy-partner/products?query=PS6282;p-5600-clear-glass-with-bold-black-crystal-accent
2;sí;Un producto PaceSetter repartido en varios de Shopify — fusionar o sincronizar sólo sus partes;Clear Glass with Bold Blue Crystal Accent;PS10226;GI595BL;GI595BL->GI595;;;https://admin.shopify.com/store/trophy-partner/products?query=PS10226;p-8733-clear-glass-with-bold-blue-crystal-accent
2;sí;Un producto PaceSetter repartido en varios de Shopify — fusionar o sincronizar sólo sus partes;Clear Glass with Bold Green Crystal Accent;PS10227;GI595GR;GI595GR->GI595;;;https://admin.shopify.com/store/trophy-partner/products?query=PS10227;p-8734-clear-glass-with-bold-green-crystal-accent
2;sí;Un producto PaceSetter repartido en varios de Shopify — fusionar o sincronizar sólo sus partes;Clear Glass with Bold Red Crystal Accent;PS6285;GI595RE;GI595RE->GI595;;;https://admin.shopify.com/store/trophy-partner/products?query=PS6285;p-5603-clear-glass-with-bold-red-crystal-accent
2;sí;Un producto PaceSetter repartido en varios de Shopify — fusionar o sincronizar sólo sus partes;Cork Bottle Opener;PS6300;CM332CK;CM332CK->CM332*;;;https://admin.shopify.com/store/trophy-partner/products?query=PS6300;p-5618-cork-bottle-opener
2;sí;Un producto PaceSetter repartido en varios de Shopify — fusionar o sincronizar sólo sus partes;Cork Leatherette Oval Keychain;PS6696;CM291CK CM291RG CM291TL;CM291TL->CM291*;;;https://admin.shopify.com/store/trophy-partner/products?query=PS6696;p-6014-cork-leatherette-oval-keychain
2;sí;Un producto PaceSetter repartido en varios de Shopify — fusionar o sincronizar sólo sus partes;Cork Round;PS6306;CM282CK;CM282CK->CM282*;;;https://admin.shopify.com/store/trophy-partner/products?query=PS6306;p-5624-cork-round
2;sí;Un producto PaceSetter repartido en varios de Shopify — fusionar o sincronizar sólo sus partes;Cork Round Coaster;PS6305;CM240CK;CM240CK->CM240*;;;https://admin.shopify.com/store/trophy-partner/products?query=PS6305;p-5623-cork-round-coaster
2;sí;Un producto PaceSetter repartido en varios de Shopify — fusionar o sincronizar sólo sus partes;Cork Square Coaster;PS6307;CM241CK;CM241CK->CM241*;;;https://admin.shopify.com/store/trophy-partner/products?query=PS6307;p-5625-cork-square-coaster
2;sí;Un producto PaceSetter repartido en varios de Shopify — fusionar o sincronizar sólo sus partes;Cork Square Coasters Set;PS6308;CM283CK;CM283CK->CM283*;;;https://admin.shopify.com/store/trophy-partner/products?query=PS6308;p-5626-cork-square-coasters-set
2;sí;Un producto PaceSetter repartido en varios de Shopify — fusionar o sincronizar sólo sus partes;Crystal Tablet with Globe Large;PS8482;GM755A;GM755A->GM755;;;https://admin.shopify.com/store/trophy-partner/products?query=PS8482;p-7959-crystal-tablet-with-globe-large
2;sí;Un producto PaceSetter repartido en varios de Shopify — fusionar o sincronizar sólo sus partes;Crystal Tablet with Globe Small;PS8481;GM755B GM755C GM755D;GM755B->GM755 GM755C->GM755 GM755D->GM755;;;https://admin.shopify.com/store/trophy-partner/products?query=PS8481;p-7958-crystal-tablet-with-globe-small
2;sí;Un producto PaceSetter repartido en varios de Shopify — fusionar o sincronizar sólo sus partes;Crystal Tapered Monolith;PS6317;GM722A;GM722A->GM722;;sí;https://admin.shopify.com/store/trophy-partner/products?query=PS6317;p-5635-crystal-tapered-monolith
2;sí;Un producto PaceSetter repartido en varios de Shopify — fusionar o sincronizar sólo sus partes;Crystal Tapered Monolith;PS6347;GM722B GM722C;GM722B->GM722 GM722C->GM722;;sí;https://admin.shopify.com/store/trophy-partner/products?query=PS6347;p-5665-crystal-tapered-monolith
2;sí;Un producto PaceSetter repartido en varios de Shopify — fusionar o sincronizar sólo sus partes;Crystal Towers w/ Black Jewel cut Pillar;PS6350;GI608B;GI608B->GI608;;;https://admin.shopify.com/store/trophy-partner/products?query=PS6350;p-5668-crystal-towers-w-black-jewel-cut-pillar
2;sí;Un producto PaceSetter repartido en varios de Shopify — fusionar o sincronizar sólo sus partes;Crystal Towers w/ White Jewel cut Pillar;PS6351;GI608W;GI608W->GI608;;;https://admin.shopify.com/store/trophy-partner/products?query=PS6351;p-5669-crystal-towers-w-white-jewel-cut-pillar
2;sí;Un producto PaceSetter repartido en varios de Shopify — fusionar o sincronizar sólo sus partes;Dark Brown Leatherette Oval Keychain;PS10404;CM291DB;CM291DB->CM291*;;;https://admin.shopify.com/store/trophy-partner/products?query=PS10404;p-8748-dark-brown-leatherette-oval-keychain
2;sí;Un producto PaceSetter repartido en varios de Shopify — fusionar o sincronizar sólo sus partes;Dark Brown Leatherette Phone Easel;PS10405;CM296DB;CM296DB->CM296;;;https://admin.shopify.com/store/trophy-partner/products?query=PS10405;p-8749-dark-brown-leatherette-phone-easel
2;sí;Un producto PaceSetter repartido en varios de Shopify — fusionar o sincronizar sólo sus partes;Diamond Tower;PS8543;GI674A GI674B;GI674A->GI674 GI674B->GI674;;;https://admin.shopify.com/store/trophy-partner/products?query=PS8543;p-7976-diamond-tower
2;sí;Un producto PaceSetter repartido en varios de Shopify — fusionar o sincronizar sólo sus partes;Diamond Tower. Large;PS8544;GI674C;GI674C->GI674;;;https://admin.shopify.com/store/trophy-partner/products?query=PS8544;p-7977-diamond-tower-large
2;sí;Un producto PaceSetter repartido en varios de Shopify — fusionar o sincronizar sólo sus partes;Digi-color Mahogany Plaque;PS6378;CD547AMH CD547BMH CD547CMH;CD547AMH->CD547A CD547BMH->CD547B CD547CMH->CD547C;;;https://admin.shopify.com/store/trophy-partner/products?query=PS6378;p-5696-digi-color-mahogany-plaque
2;sí;Un producto PaceSetter repartido en varios de Shopify — fusionar o sincronizar sólo sus partes;Ebony Finish Certificate/Overlay Plaque;PS6390;C3501AEBG C3501BEBG C3501CEBG;C3501AEBG->C3501A C3501BEBG->C3501B C3501CEBG->C3501C;;;https://admin.shopify.com/store/trophy-partner/products?query=PS6390;p-5708-ebony-finish-certificateoverlay-plaque
2;sí;Un producto PaceSetter repartido en varios de Shopify — fusionar o sincronizar sólo sus partes;Ebony Finish Plaque with choice of plate and board;PS6393;DCCD520EEB;DCCD520EEB->DCCD520;;;https://admin.shopify.com/store/trophy-partner/products?query=PS6393;p-5711-ebony-finish-plaque-with-choice-of-plate-and-board
2;sí;Un producto PaceSetter repartido en varios de Shopify — fusionar o sincronizar sólo sus partes;Ebony Finish Plaque with Marble Mist Large;PS6395;C021ABEF C021AGEF C021AREF;C021ABEF->C021A C021AGEF->C021A C021AREF->C021A;;;https://admin.shopify.com/store/trophy-partner/products?query=PS6395;p-5713-ebony-finish-plaque-with-marble-mist-large
2;sí;Un producto PaceSetter repartido en varios de Shopify — fusionar o sincronizar sólo sus partes;Ebony Finish Plaque with Marble Mist Small;PS6394;C021BBEF C021BGEF C021BREF;C021BBEF->C021B C021BGEF->C021B C021BREF->C021B;;;https://admin.shopify.com/store/trophy-partner/products?query=PS6394;p-5712-ebony-finish-plaque-with-marble-mist-small
2;sí;Un producto PaceSetter repartido en varios de Shopify — fusionar o sincronizar sólo sus partes;Ebony Piano Finish Plaque;PS8579;DCCD520DEB;DCCD520DEB->DCCD520;;;https://admin.shopify.com/store/trophy-partner/products?query=PS8579;p-7984-ebony-piano-finish-plaque
2;sí;Un producto PaceSetter repartido en varios de Shopify — fusionar o sincronizar sólo sus partes;Extra-Large Digi;PS8591;CD547CEB;CD547CEB->CD547C;;;https://admin.shopify.com/store/trophy-partner/products?query=PS8591;p-7985-extra-large-digi
2;sí;Un producto PaceSetter repartido en varios de Shopify — fusionar o sincronizar sólo sus partes;Florence Series Faceted Oval Crystal Large;PS6412;GM413A GM413B;GM413A->GM413 GM413B->GM413;;;https://admin.shopify.com/store/trophy-partner/products?query=PS6412;p-5730-florence-series-faceted-oval-crystal-large
2;sí;Un producto PaceSetter repartido en varios de Shopify — fusionar o sincronizar sólo sus partes;Florence Series Faceted Oval Crystal Small;PS6411;GM413C;GM413C->GM413;;;https://admin.shopify.com/store/trophy-partner/products?query=PS6411;p-5729-florence-series-faceted-oval-crystal-small
2;sí;Un producto PaceSetter repartido en varios de Shopify — fusionar o sincronizar sólo sus partes;Florentine Edge Plate on Ebony Board Medium;PS6416;C071ASEF;C071ASEF->C071A;;;https://admin.shopify.com/store/trophy-partner/products?query=PS6416;p-5734-florentine-edge-plate-on-ebony-board-medium
2;sí;Un producto PaceSetter repartido en varios de Shopify — fusionar o sincronizar sólo sus partes;Florentine Gold Edge Plate on Ebony Board;PS6419;C071AGOEF;C071AGOEF->C071A;;;https://admin.shopify.com/store/trophy-partner/products?query=PS6419;p-5737-florentine-gold-edge-plate-on-ebony-board
2;sí;Un producto PaceSetter repartido en varios de Shopify — fusionar o sincronizar sólo sus partes;Florentine Gold Edge Plate on Ebony Board Large;PS6418;C071BGOEF;C071BGOEF->C071B;;;https://admin.shopify.com/store/trophy-partner/products?query=PS6418;p-5736-florentine-gold-edge-plate-on-ebony-board-large
2;sí;Un producto PaceSetter repartido en varios de Shopify — fusionar o sincronizar sólo sus partes;Frosted Acrylic CA State Cutout on Black Plaque;PS8634;CD953CA;CD953CA->CD953AK/CD953AL/CD953AR/CD953AZ/CD953CO/CD953CT/CD953GA/CD953IA/CD953IL/CD953IN/CD953KS/CD953KY/CD953LA/CD953ME/CD953MN/CD953MO/CD953MS/CD953MT/CD953ND/CD953NE/CD953NH/CD953NJ/CD953NM/CD953NV/CD953NY/CD953OH/CD953OK/CD953OR/CD953PA/CD953RI/CD953SC/CD953SD/CD953TX/CD953UT/CD953VA/CD953VT/CD953WA/CD953WI/CD953WV/CD953WY;;;https://admin.shopify.com/store/trophy-partner/products?query=PS8634;p-8001-frosted-acrylic-ca-state-cutout-on-black-plaque
2;sí;Un producto PaceSetter repartido en varios de Shopify — fusionar o sincronizar sólo sus partes;Frosted Acrylic DE State Cutout on Black Plaque;PS8637;CD953DE;CD953DE->CD953AK/CD953AL/CD953AR/CD953AZ/CD953CO/CD953CT/CD953GA/CD953IA/CD953IL/CD953IN/CD953KS/CD953KY/CD953LA/CD953ME/CD953MN/CD953MO/CD953MS/CD953MT/CD953ND/CD953NE/CD953NH/CD953NJ/CD953NM/CD953NV/CD953NY/CD953OH/CD953OK/CD953OR/CD953PA/CD953RI/CD953SC/CD953SD/CD953TX/CD953UT/CD953VA/CD953VT/CD953WA/CD953WI/CD953WV/CD953WY;;;https://admin.shopify.com/store/trophy-partner/products?query=PS8637;p-8004-frosted-acrylic-de-state-cutout-on-black-plaque
2;sí;Un producto PaceSetter repartido en varios de Shopify — fusionar o sincronizar sólo sus partes;Frosted Acrylic FL State Cutout on Black Plaque;PS8639;CD953FL;CD953FL->CD953AK/CD953AL/CD953AR/CD953AZ/CD953CO/CD953CT/CD953GA/CD953IA/CD953IL/CD953IN/CD953KS/CD953KY/CD953LA/CD953ME/CD953MN/CD953MO/CD953MS/CD953MT/CD953ND/CD953NE/CD953NH/CD953NJ/CD953NM/CD953NV/CD953NY/CD953OH/CD953OK/CD953OR/CD953PA/CD953RI/CD953SC/CD953SD/CD953TX/CD953UT/CD953VA/CD953VT/CD953WA/CD953WI/CD953WV/CD953WY;;;https://admin.shopify.com/store/trophy-partner/products?query=PS8639;p-8005-frosted-acrylic-fl-state-cutout-on-black-plaque
2;sí;Un producto PaceSetter repartido en varios de Shopify — fusionar o sincronizar sólo sus partes;Frosted Acrylic HI State Cutout on Black Plaque;PS8641;CD953HI;CD953HI->CD953AK/CD953AL/CD953AR/CD953AZ/CD953CO/CD953CT/CD953GA/CD953IA/CD953IL/CD953IN/CD953KS/CD953KY/CD953LA/CD953ME/CD953MN/CD953MO/CD953MS/CD953MT/CD953ND/CD953NE/CD953NH/CD953NJ/CD953NM/CD953NV/CD953NY/CD953OH/CD953OK/CD953OR/CD953PA/CD953RI/CD953SC/CD953SD/CD953TX/CD953UT/CD953VA/CD953VT/CD953WA/CD953WI/CD953WV/CD953WY;;;https://admin.shopify.com/store/trophy-partner/products?query=PS8641;p-8007-frosted-acrylic-hi-state-cutout-on-black-plaque
2;sí;Un producto PaceSetter repartido en varios de Shopify — fusionar o sincronizar sólo sus partes;Frosted Acrylic ID State Cutout on Black Plaque;PS8643;CD953ID;CD953ID->CD953AK/CD953AL/CD953AR/CD953AZ/CD953CO/CD953CT/CD953GA/CD953IA/CD953IL/CD953IN/CD953KS/CD953KY/CD953LA/CD953ME/CD953MN/CD953MO/CD953MS/CD953MT/CD953ND/CD953NE/CD953NH/CD953NJ/CD953NM/CD953NV/CD953NY/CD953OH/CD953OK/CD953OR/CD953PA/CD953RI/CD953SC/CD953SD/CD953TX/CD953UT/CD953VA/CD953VT/CD953WA/CD953WI/CD953WV/CD953WY;;;https://admin.shopify.com/store/trophy-partner/products?query=PS8643;p-8009-frosted-acrylic-id-state-cutout-on-black-plaque
2;sí;Un producto PaceSetter repartido en varios de Shopify — fusionar o sincronizar sólo sus partes;Frosted Acrylic MA State Cutout on Black Plaque;PS8649;CD953MA;CD953MA->CD953AK/CD953AL/CD953AR/CD953AZ/CD953CO/CD953CT/CD953GA/CD953IA/CD953IL/CD953IN/CD953KS/CD953KY/CD953LA/CD953ME/CD953MN/CD953MO/CD953MS/CD953MT/CD953ND/CD953NE/CD953NH/CD953NJ/CD953NM/CD953NV/CD953NY/CD953OH/CD953OK/CD953OR/CD953PA/CD953RI/CD953SC/CD953SD/CD953TX/CD953UT/CD953VA/CD953VT/CD953WA/CD953WI/CD953WV/CD953WY;;;https://admin.shopify.com/store/trophy-partner/products?query=PS8649;p-8015-frosted-acrylic-ma-state-cutout-on-black-plaque
2;sí;Un producto PaceSetter repartido en varios de Shopify — fusionar o sincronizar sólo sus partes;Frosted Acrylic MD State Cutout on Black Plaque;PS8650;CD953MD;CD953MD->CD953AK/CD953AL/CD953AR/CD953AZ/CD953CO/CD953CT/CD953GA/CD953IA/CD953IL/CD953IN/CD953KS/CD953KY/CD953LA/CD953ME/CD953MN/CD953MO/CD953MS/CD953MT/CD953ND/CD953NE/CD953NH/CD953NJ/CD953NM/CD953NV/CD953NY/CD953OH/CD953OK/CD953OR/CD953PA/CD953RI/CD953SC/CD953SD/CD953TX/CD953UT/CD953VA/CD953VT/CD953WA/CD953WI/CD953WV/CD953WY;;;https://admin.shopify.com/store/trophy-partner/products?query=PS8650;p-8016-frosted-acrylic-md-state-cutout-on-black-plaque
2;sí;Un producto PaceSetter repartido en varios de Shopify — fusionar o sincronizar sólo sus partes;Frosted Acrylic MI State Cutout on Black Plaque;PS8652;CD953MI;CD953MI->CD953AK/CD953AL/CD953AR/CD953AZ/CD953CO/CD953CT/CD953GA/CD953IA/CD953IL/CD953IN/CD953KS/CD953KY/CD953LA/CD953ME/CD953MN/CD953MO/CD953MS/CD953MT/CD953ND/CD953NE/CD953NH/CD953NJ/CD953NM/CD953NV/CD953NY/CD953OH/CD953OK/CD953OR/CD953PA/CD953RI/CD953SC/CD953SD/CD953TX/CD953UT/CD953VA/CD953VT/CD953WA/CD953WI/CD953WV/CD953WY;;;https://admin.shopify.com/store/trophy-partner/products?query=PS8652;p-8018-frosted-acrylic-mi-state-cutout-on-black-plaque
2;sí;Un producto PaceSetter repartido en varios de Shopify — fusionar o sincronizar sólo sus partes;Frosted Acrylic NC State Cutout on Black Plaque;PS8657;CD953NC;CD953NC->CD953AK/CD953AL/CD953AR/CD953AZ/CD953CO/CD953CT/CD953GA/CD953IA/CD953IL/CD953IN/CD953KS/CD953KY/CD953LA/CD953ME/CD953MN/CD953MO/CD953MS/CD953MT/CD953ND/CD953NE/CD953NH/CD953NJ/CD953NM/CD953NV/CD953NY/CD953OH/CD953OK/CD953OR/CD953PA/CD953RI/CD953SC/CD953SD/CD953TX/CD953UT/CD953VA/CD953VT/CD953WA/CD953WI/CD953WV/CD953WY;;;https://admin.shopify.com/store/trophy-partner/products?query=PS8657;p-8023-frosted-acrylic-nc-state-cutout-on-black-plaque
2;sí;Un producto PaceSetter repartido en varios de Shopify — fusionar o sincronizar sólo sus partes;Frosted Acrylic TN State Cutout on Black Plaque;PS8672;CD953TN;CD953TN->CD953AK/CD953AL/CD953AR/CD953AZ/CD953CO/CD953CT/CD953GA/CD953IA/CD953IL/CD953IN/CD953KS/CD953KY/CD953LA/CD953ME/CD953MN/CD953MO/CD953MS/CD953MT/CD953ND/CD953NE/CD953NH/CD953NJ/CD953NM/CD953NV/CD953NY/CD953OH/CD953OK/CD953OR/CD953PA/CD953RI/CD953SC/CD953SD/CD953TX/CD953UT/CD953VA/CD953VT/CD953WA/CD953WI/CD953WV/CD953WY;;;https://admin.shopify.com/store/trophy-partner/products?query=PS8672;p-8038-frosted-acrylic-tn-state-cutout-on-black-plaque
2;sí;Un producto PaceSetter repartido en varios de Shopify — fusionar o sincronizar sólo sus partes;Frosted Lucite on Black Piano Plaque and Black Plate;PS6522;CD945BK;CD945BK->CD945;;;https://admin.shopify.com/store/trophy-partner/products?query=PS6522;p-5840-frosted-lucite-on-black-piano-plaque-and-black-plate
2;sí;Un producto PaceSetter repartido en varios de Shopify — fusionar o sincronizar sólo sus partes;Frosted Lucite on Black Piano Plaque and Blue Plate;PS10646;CD945BL;CD945BL->CD945;;;https://admin.shopify.com/store/trophy-partner/products?query=PS10646;p-8755-frosted-lucite-on-black-piano-plaque-and-blue-plate
2;sí;Un producto PaceSetter repartido en varios de Shopify — fusionar o sincronizar sólo sus partes;Genuine Walnut Certificate Plaque;PS6551;C3501AWG;C3501AWG->C3501A;;;https://admin.shopify.com/store/trophy-partner/products?query=PS6551;p-5869-genuine-walnut-certificate-plaque
2;sí;Un producto PaceSetter repartido en varios de Shopify — fusionar o sincronizar sólo sus partes;Genuine Walnut Elliptical Plaque with Black/Silver Florentine Large;PS10682;C072AS;C072AS->C072;;;https://admin.shopify.com/store/trophy-partner/products?query=PS10682;p-8757-genuine-walnut-elliptical-plaque-with-blacksilver-florentine-large
2;sí;Un producto PaceSetter repartido en varios de Shopify — fusionar o sincronizar sólo sus partes;Genuine Walnut Elliptical Plaque with Black/Silver Florentine Small;PS10681;C072BS;C072BS->C072;;;https://admin.shopify.com/store/trophy-partner/products?query=PS10681;p-8756-genuine-walnut-elliptical-plaque-with-blacksilver-florentine-small
2;sí;Un producto PaceSetter repartido en varios de Shopify — fusionar o sincronizar sólo sus partes;Genuine Walnut Elliptical Plaque with Marble Mist;PS10683;C023BGR;C023BGR->C023;;;https://admin.shopify.com/store/trophy-partner/products?query=PS10683;p-8758-genuine-walnut-elliptical-plaque-with-marble-mist
2;sí;Un producto PaceSetter repartido en varios de Shopify — fusionar o sincronizar sólo sus partes;Gold Cascade Metal Stars Award;PS6563;CD476GO CD477GO CD478GO;CD476GO->CD476 CD477GO->CD477 CD478GO->CD478;;;https://admin.shopify.com/store/trophy-partner/products?query=PS6563;p-5881-gold-cascade-metal-stars-award
2;sí;Un producto PaceSetter repartido en varios de Shopify — fusionar o sincronizar sólo sus partes;Gold Chisel Carve Tower Award;PS6564;C701LGO;C701LGO->C701L;;;https://admin.shopify.com/store/trophy-partner/products?query=PS6564;p-5882-gold-chisel-carve-tower-award
2;sí;Un producto PaceSetter repartido en varios de Shopify — fusionar o sincronizar sólo sus partes;Gold Chisel Carved Tower on Base Award;PS6565;C610LBGO C701BLGO C612LBGO;C610LBGO->C610LB C701BLGO->C701BL C612LBGO->C612LB;;;https://admin.shopify.com/store/trophy-partner/products?query=PS6565;p-5883-gold-chisel-carved-tower-on-base-award
2;sí;Un producto PaceSetter repartido en varios de Shopify — fusionar o sincronizar sólo sus partes;Gold Chisel Carved Tower On Base Large;PS10703;C609LBGO;C609LBGO->C609LB;;;https://admin.shopify.com/store/trophy-partner/products?query=PS10703;p-8760-gold-chisel-carved-tower-on-base-large
2;sí;Un producto PaceSetter repartido en varios de Shopify — fusionar o sincronizar sólo sus partes;Gold Lucite Rising Tide Wave Monument Trophy;PS6573;CD848G;CD848G->CD848;;;https://admin.shopify.com/store/trophy-partner/products?query=PS6573;p-5891-gold-lucite-rising-tide-wave-monument-trophy
2;sí;Un producto PaceSetter repartido en varios de Shopify — fusionar o sincronizar sólo sus partes;Gold Metal Trophy Cup;PS8784;CM401AG CM401BG CM401CG DA01;CM401AG->CM401 CM401BG->CM401 CM401CG->CM401;;;https://admin.shopify.com/store/trophy-partner/products?query=PS8784;p-8053-gold-metal-trophy-cup
2;sí;Un producto PaceSetter repartido en varios de Shopify — fusionar o sincronizar sólo sus partes;Gold Plaque w/ Black with Gold Florentine Plate;PS6578;C072AGO C072BGO;C072AGO->C072 C072BGO->C072;;;https://admin.shopify.com/store/trophy-partner/products?query=PS6578;p-5896-gold-plaque-w-black-with-gold-florentine-plate
2;sí;Un producto PaceSetter repartido en varios de Shopify — fusionar o sincronizar sólo sus partes;Gold Spectrum Chisel Carved Tower Award;PS6579;C612LGO;C612LGO->C612LB;;;https://admin.shopify.com/store/trophy-partner/products?query=PS6579;p-5897-gold-spectrum-chisel-carved-tower-award
2;sí;Un producto PaceSetter repartido en varios de Shopify — fusionar o sincronizar sólo sus partes;Gold Star Self-Standing Plaque;PS6581;C0642G;C0642G->C0642;;;https://admin.shopify.com/store/trophy-partner/products?query=PS6581;p-5899-gold-star-self-standing-plaque
2;sí;Un producto PaceSetter repartido en varios de Shopify — fusionar o sincronizar sólo sus partes;Golf Bag Tag with Tees;PS10734;CM723BB;CM723BB->CM723*;;;https://admin.shopify.com/store/trophy-partner/products?query=PS10734;p-8761-golf-bag-tag-with-tees
2;sí;Un producto PaceSetter repartido en varios de Shopify — fusionar o sincronizar sólo sus partes;Golf Course Silhouette Award;PS8800;CD1053BD CD1053BT CD1053CD CD1053CF CD1053CT;CD1053BD->CD1053 CD1053BT->CD1053 CD1053CD->CD1053 CD1053CF->CD1053 CD1053CT->CD1053;;;https://admin.shopify.com/store/trophy-partner/products?query=PS8800;p-8057-golf-course-silhouette-award
2;sí;Un producto PaceSetter repartido en varios de Shopify — fusionar o sincronizar sólo sus partes;Golf Course Silhouette Award Trophy;PS8801;CD1053AF CD1053AT;CD1053AF->CD1053 CD1053AT->CD1053;;;https://admin.shopify.com/store/trophy-partner/products?query=PS8801;p-8058-golf-course-silhouette-award-trophy
2;sí;Un producto PaceSetter repartido en varios de Shopify — fusionar o sincronizar sólo sus partes;Green Acrylic Color Drops Award;PS8805;CD1101AG CD1101BG CD1101CG;CD1101AG->CD1101A CD1101BG->CD1101B CD1101CG->CD1101C;;;https://admin.shopify.com/store/trophy-partner/products?query=PS8805;p-8061-green-acrylic-color-drops-award
2;sí;Un producto PaceSetter repartido en varios de Shopify — fusionar o sincronizar sólo sus partes;Green Arched Brilliance Award on Clear Base;PS10752;CD636GR;CD636GR->CD636;;;https://admin.shopify.com/store/trophy-partner/products?query=PS10752;p-8763-green-arched-brilliance-award-on-clear-base
2;sí;Un producto PaceSetter repartido en varios de Shopify — fusionar o sincronizar sólo sus partes;Green Chisel Carve Tower Award;PS6591;C701LGR;C701LGR->C701L;;;https://admin.shopify.com/store/trophy-partner/products?query=PS6591;p-5909-green-chisel-carve-tower-award
2;sí;Un producto PaceSetter repartido en varios de Shopify — fusionar o sincronizar sólo sus partes;Green Chisel Carve Tower Award on Base;PS6590;C701BLGR;C701BLGR->C701BL;;;https://admin.shopify.com/store/trophy-partner/products?query=PS6590;p-5908-green-chisel-carve-tower-award-on-base
2;sí;Un producto PaceSetter repartido en varios de Shopify — fusionar o sincronizar sólo sus partes;Green Curved Beveled;PS10761;GI515GR;GI515GR->GI515;;;https://admin.shopify.com/store/trophy-partner/products?query=PS10761;p-8765-green-curved-beveled
2;sí;Un producto PaceSetter repartido en varios de Shopify — fusionar o sincronizar sólo sus partes;Green Gemstone Brilliance Lucite Peak Award;PS6595;CD603AGR CD603BGR CD603CGR;CD603AGR->CD603 CD603BGR->CD603 CD603CGR->CD603;;;https://admin.shopify.com/store/trophy-partner/products?query=PS6595;p-5913-green-gemstone-brilliance-lucite-peak-award
2;sí;Un producto PaceSetter repartido en varios de Shopify — fusionar o sincronizar sólo sus partes;Green Marble Florentine Plate on Ebony Board;PS10766;CD414AGREF CD414BGREF;CD414AGREF->CD414* CD414BGREF->CD414*;;;https://admin.shopify.com/store/trophy-partner/products?query=PS10766;p-8766-green-marble-florentine-plate-on-ebony-board
2;sí;Un producto PaceSetter repartido en varios de Shopify — fusionar o sincronizar sólo sus partes;Green Marble Florentine Plate on Walnut Finish Board;PS10767;CD414AGRWF CD414BGRWF;CD414AGRWF->CD414* CD414BGRWF->CD414*;;;https://admin.shopify.com/store/trophy-partner/products?query=PS10767;p-8767-green-marble-florentine-plate-on-walnut-finish-board
2;sí;Un producto PaceSetter repartido en varios de Shopify — fusionar o sincronizar sólo sus partes;Green Optic Crystal Gemstone Award;PS10768;GI513AGR GI513BGR GI513CGR;GI513AGR->GI513A GI513BGR->GI513B GI513CGR->GI513C;;;https://admin.shopify.com/store/trophy-partner/products?query=PS10768;p-8768-green-optic-crystal-gemstone-award
2;sí;Un producto PaceSetter repartido en varios de Shopify — fusionar o sincronizar sólo sus partes;Green Teardrop Art Glass;PS8823;GM805G;GM805G->GM805;;;https://admin.shopify.com/store/trophy-partner/products?query=PS8823;p-8067-green-teardrop-art-glass
2;sí;Un producto PaceSetter repartido en varios de Shopify — fusionar o sincronizar sólo sus partes;Green Vibrant Gemstone Award;PS10770;GI512AGR GI512BGR;GI512AGR->GI512 GI512BGR->GI512;;;https://admin.shopify.com/store/trophy-partner/products?query=PS10770;p-8769-green-vibrant-gemstone-award
2;sí;Un producto PaceSetter repartido en varios de Shopify — fusionar o sincronizar sólo sus partes;Grey Leatherette Oval Keychain;PS10771;CM291GR;CM291GR->CM291*;;;https://admin.shopify.com/store/trophy-partner/products?query=PS10771;p-8770-grey-leatherette-oval-keychain
2;sí;Un producto PaceSetter repartido en varios de Shopify — fusionar o sincronizar sólo sus partes;Grey Leatherette Phone Easel;PS10772;CM296GR;CM296GR->CM296;;;https://admin.shopify.com/store/trophy-partner/products?query=PS10772;p-8771-grey-leatherette-phone-easel
2;sí;Un producto PaceSetter repartido en varios de Shopify — fusionar o sincronizar sólo sus partes;Large Digi Large;PS10827;CD547BEB;CD547BEB->CD547B;;;https://admin.shopify.com/store/trophy-partner/products?query=PS10827;p-8775-large-digi-large
2;sí;Un producto PaceSetter repartido en varios de Shopify — fusionar o sincronizar sólo sus partes;Large Gold Halley Plaque;PS10828;C750CLGO;C750CLGO->C750;;;https://admin.shopify.com/store/trophy-partner/products?query=PS10828;p-8776-large-gold-halley-plaque
2;sí;Un producto PaceSetter repartido en varios de Shopify — fusionar o sincronizar sólo sus partes;Large Green Halley Plaque;PS10829;C750CLGN;C750CLGN->C750;;;https://admin.shopify.com/store/trophy-partner/products?query=PS10829;p-8777-large-green-halley-plaque
2;sí;Un producto PaceSetter repartido en varios de Shopify — fusionar o sincronizar sólo sus partes;Large Leatherette Notepad and Pen;PS10904;CM244BL CM244BS CM244BV CM244DB CM244GR CM244LB CM244PK CM244RS CM244RW CM244TL CM244WM;CM244BS->CM244* CM244BV->CM244* CM244DB->CM244* CM244GR->CM244* CM244LB->CM244* CM244PK->CM244* CM244RS->CM244* CM244RW->CM244* CM244TL->CM244* CM244WM->CM244*;;;https://admin.shopify.com/store/trophy-partner/products?query=PS10904;p-8805-large-leatherette-notepad-and-pen
2;sí;Un producto PaceSetter repartido en varios de Shopify — fusionar o sincronizar sólo sus partes;Large Red Halley Plaque;PS10830;C750CLR;C750CLR->C750;;;https://admin.shopify.com/store/trophy-partner/products?query=PS10830;p-8778-large-red-halley-plaque
2;sí;Un producto PaceSetter repartido en varios de Shopify — fusionar o sincronizar sólo sus partes;Layered Acrylic Plaque w/Black Back and Circle;PS6650;CD961BK;CD961BK->CD961;;;https://admin.shopify.com/store/trophy-partner/products?query=PS6650;p-5968-layered-acrylic-plaque-wblack-back-and-circle
2;sí;Un producto PaceSetter repartido en varios de Shopify — fusionar o sincronizar sólo sus partes;Layered Acrylic Plaque w/Blue Back and Circle;PS10847;CD961BL;CD961BL->CD961;;;https://admin.shopify.com/store/trophy-partner/products?query=PS10847;p-8779-layered-acrylic-plaque-wblue-back-and-circle
2;sí;Un producto PaceSetter repartido en varios de Shopify — fusionar o sincronizar sólo sus partes;Layered Acrylic Plaque w/Green and Circle;PS10848;CD961GR;CD961GR->CD961;;;https://admin.shopify.com/store/trophy-partner/products?query=PS10848;p-8780-layered-acrylic-plaque-wgreen-and-circle
2;sí;Un producto PaceSetter repartido en varios de Shopify — fusionar o sincronizar sólo sus partes;Layered Acrylic Plaque with Orange Back and Circle Award;PS6653;CD961OR;CD961OR->CD961;;;https://admin.shopify.com/store/trophy-partner/products?query=PS6653;p-5971-layered-acrylic-plaque-with-orange-back-and-circle-award
2;sí;Un producto PaceSetter repartido en varios de Shopify — fusionar o sincronizar sólo sus partes;Leatherette Bottle Opener;PS10860;CM332BS CM332DB CM332GR CM332LB CM332PK CM332RD CM332RS CM332RW CM332TL CM333BS CM333DB CM333GR CM333LB CM333PK CM333RW;CM332BS->CM332* CM332DB->CM332* CM332GR->CM332* CM332LB->CM332* CM332PK->CM332* CM332RD->CM332* CM332RS->CM332* CM332RW->CM332* CM333BS->CM333 CM333DB->CM333 CM333GR->CM333 CM333LB->CM333;;;https://admin.shopify.com/store/trophy-partner/products?query=PS10860;p-8784-leatherette-bottle-opener
2;sí;Un producto PaceSetter repartido en varios de Shopify — fusionar o sincronizar sólo sus partes;Leatherette Cigar Case with Cutter;PS8947;CM372BB;CM372BB->CM372;;sí;https://admin.shopify.com/store/trophy-partner/products?query=PS8947;p-8080-leatherette-cigar-case-with-cutter
2;sí;Un producto PaceSetter repartido en varios de Shopify — fusionar o sincronizar sólo sus partes;Leatherette Cigar Case with Cutter;PS10866;CM372BS CM372BV CM372DB CM372GR CM372LB CM372RV CM372RW;CM372BS->CM372 CM372BV->CM372 CM372DB->CM372 CM372GR->CM372 CM372LB->CM372 CM372RV->CM372 CM372RW->CM372;;sí;https://admin.shopify.com/store/trophy-partner/products?query=PS10866;p-8787-leatherette-cigar-case-with-cutter
2;sí;Un producto PaceSetter repartido en varios de Shopify — fusionar o sincronizar sólo sus partes;Leatherette Golf Bag Tag with Tees;PS10735;CM723BS CM723GR CM723PK CM723RW CM723TL;CM723BS->CM723* CM723GR->CM723* CM723PK->CM723* CM723RW->CM723* CM723TL->CM723*;;;https://admin.shopify.com/store/trophy-partner/products?query=PS10735;p-8762-leatherette-golf-bag-tag-with-tees
2;sí;Un producto PaceSetter repartido en varios de Shopify — fusionar o sincronizar sólo sus partes;Leatherette Hard Business Card Case;PS8987;CM243BB CM243BV CM243WM;CM243BV->CM243* CM243WM->CM243*;;sí;https://admin.shopify.com/store/trophy-partner/products?query=PS8987;p-8084-leatherette-hard-business-card-case
2;sí;Un producto PaceSetter repartido en varios de Shopify — fusionar o sincronizar sólo sus partes;Leatherette Hard Business Card Case;PS10885;CM243BS CM243DB CM243GR CM243LB CM243PK CM243RS CM243RW CM243TL;CM243BS->CM243* CM243DB->CM243* CM243GR->CM243* CM243LB->CM243* CM243PK->CM243* CM243RS->CM243* CM243RW->CM243* CM243TL->CM243*;;sí;https://admin.shopify.com/store/trophy-partner/products?query=PS10885;p-8796-leatherette-hard-business-card-case
2;sí;Un producto PaceSetter repartido en varios de Shopify — fusionar o sincronizar sólo sus partes;Leatherette Money Clip Large;PS9014;CM455BV;CM455BV->CM455;;sí;https://admin.shopify.com/store/trophy-partner/products?query=PS9014;p-8088-leatherette-money-clip-large
2;sí;Un producto PaceSetter repartido en varios de Shopify — fusionar o sincronizar sólo sus partes;Leatherette Money Clip Large;PS10897;CM455DB CM455GR CM455LB CM455RW;CM455DB->CM455 CM455GR->CM455 CM455LB->CM455 CM455RW->CM455;;sí;https://admin.shopify.com/store/trophy-partner/products?query=PS10897;p-8800-leatherette-money-clip-large
2;sí;Un producto PaceSetter repartido en varios de Shopify — fusionar o sincronizar sólo sus partes;Leatherette Money Clip Small;PS10894;CM455BS;CM455BS->CM455;;;https://admin.shopify.com/store/trophy-partner/products?query=PS10894;p-8799-leatherette-money-clip-small
2;sí;Un producto PaceSetter repartido en varios de Shopify — fusionar o sincronizar sólo sus partes;Leatherette Notepad and Pen Small;PS10905;CM244BB;CM244BB->CM244*;;;https://admin.shopify.com/store/trophy-partner/products?query=PS10905;p-8806-leatherette-notepad-and-pen-small
2;sí;Un producto PaceSetter repartido en varios de Shopify — fusionar o sincronizar sólo sus partes;Leatherette Oval Keychain;PS9044;CM291BB CM291BV CM291WM;CM291BB->CM291* CM291BV->CM291* CM291WM->CM291*;;;https://admin.shopify.com/store/trophy-partner/products?query=PS9044;p-8091-leatherette-oval-keychain
2;sí;Un producto PaceSetter repartido en varios de Shopify — fusionar o sincronizar sólo sus partes;Leatherette Portfolio;PS9082;CM237ABB CM237ABV CM237AWM CM237BBB CM237BBV CM237BWM;CM237ABB->CM237A* CM237ABV->CM237A* CM237AWM->CM237A* CM237BBB->CM237B* CM237BBV->CM237B* CM237BWM->CM237B*;;;https://admin.shopify.com/store/trophy-partner/products?query=PS9082;p-8096-leatherette-portfolio
2;sí;Un producto PaceSetter repartido en varios de Shopify — fusionar o sincronizar sólo sus partes;Leatherette Portfolio Small;PS10927;CM237ABS CM237ACK CM237ATL CM237BBS CM237BCK CM237BTL;CM237ABS->CM237A* CM237ACK->CM237A* CM237ATL->CM237A* CM237BBS->CM237B* CM237BCK->CM237B* CM237BTL->CM237B*;;;https://admin.shopify.com/store/trophy-partner/products?query=PS10927;p-8815-leatherette-portfolio-small
2;sí;Un producto PaceSetter repartido en varios de Shopify — fusionar o sincronizar sólo sus partes;Leatherette Portfolio with Notepad (lrg);PS10920;CM237BBL CM237BDB CM237BGR CM237BLB CM237BPK CM237BRS CM237BRW;CM237BBL->CM237B* CM237BDB->CM237B* CM237BGR->CM237B* CM237BLB->CM237B* CM237BRS->CM237B* CM237BRW->CM237B*;;;https://admin.shopify.com/store/trophy-partner/products?query=PS10920;p-8813-leatherette-portfolio-with-notepad-lrg
2;sí;Un producto PaceSetter repartido en varios de Shopify — fusionar o sincronizar sólo sus partes;Leatherette Portfolio with Notepad (sml);PS10921;CM237ABL CM237ADB CM237AGR CM237ALB CM237APK CM237ARS CM237ARW;CM237ABL->CM237A* CM237ADB->CM237A* CM237AGR->CM237A* CM237ALB->CM237A* CM237APK->CM237A* CM237ARS->CM237A* CM237ARW->CM237A*;;;https://admin.shopify.com/store/trophy-partner/products?query=PS10921;p-8814-leatherette-portfolio-with-notepad-sml
2;sí;Un producto PaceSetter repartido en varios de Shopify — fusionar o sincronizar sólo sus partes;Leatherette Round Coaster;PS9099;CM240BB CM240BV CM240WM;CM240BB->CM240* CM240BV->CM240* CM240WM->CM240*;;sí;https://admin.shopify.com/store/trophy-partner/products?query=PS9099;p-8098-leatherette-round-coaster
2;sí;Un producto PaceSetter repartido en varios de Shopify — fusionar o sincronizar sólo sus partes;Leatherette Round Coaster;PS10936;CM240BS CM240DB CM240GR CM240LB CM240PK CM240RS CM240RW CM240TL;CM240BS->CM240* CM240DB->CM240* CM240GR->CM240* CM240LB->CM240* CM240PK->CM240* CM240RS->CM240* CM240RW->CM240* CM240TL->CM240*;;sí;https://admin.shopify.com/store/trophy-partner/products?query=PS10936;p-8817-leatherette-round-coaster
2;sí;Un producto PaceSetter repartido en varios de Shopify — fusionar o sincronizar sólo sus partes;Leatherette Set of 6 Round Coasters;PS10937;CM282DB CM282GR CM282LB CM282PK CM282RW CM282TL;CM282DB->CM282* CM282GR->CM282* CM282LB->CM282* CM282PK->CM282* CM282RW->CM282* CM282TL->CM282*;;;https://admin.shopify.com/store/trophy-partner/products?query=PS10937;p-8818-leatherette-set-of-6-round-coasters
2;sí;Un producto PaceSetter repartido en varios de Shopify — fusionar o sincronizar sólo sus partes;Leatherette Slim Large;PS10941;CM292BS;CM292BS->CM292;;;https://admin.shopify.com/store/trophy-partner/products?query=PS10941;p-8820-leatherette-slim-large
2;sí;Un producto PaceSetter repartido en varios de Shopify — fusionar o sincronizar sólo sus partes;Leatherette Slim Small;PS10940;CM292DB CM292GR CM292LB CM292RW;CM292DB->CM292 CM292GR->CM292 CM292LB->CM292 CM292RW->CM292;;;https://admin.shopify.com/store/trophy-partner/products?query=PS10940;p-8819-leatherette-slim-small
2;sí;Un producto PaceSetter repartido en varios de Shopify — fusionar o sincronizar sólo sus partes;Leatherette Square Coaster;PS10946;CM241BS CM241DB CM241GR CM241LB CM241PK CM241RS CM241RW CM241TL;CM241BS->CM241* CM241DB->CM241* CM241GR->CM241* CM241LB->CM241* CM241PK->CM241* CM241RS->CM241* CM241RW->CM241* CM241TL->CM241*;;;https://admin.shopify.com/store/trophy-partner/products?query=PS10946;p-8821-leatherette-square-coaster
2;sí;Un producto PaceSetter repartido en varios de Shopify — fusionar o sincronizar sólo sus partes;Leatherette Square Coasters Set;PS10947;CM283DB CM283GR CM283LB CM283PK CM283RW CM283TL;CM283DB->CM283* CM283GR->CM283* CM283LB->CM283* CM283PK->CM283* CM283RW->CM283* CM283TL->CM283*;;;https://admin.shopify.com/store/trophy-partner/products?query=PS10947;p-8822-leatherette-square-coasters-set
2;sí;Un producto PaceSetter repartido en varios de Shopify — fusionar o sincronizar sólo sus partes;Light & Dark Blue Art Glass on Clear Base Large;PS9146;GM742A GM742B;GM742A->GM742 GM742B->GM742;;;https://admin.shopify.com/store/trophy-partner/products?query=PS9146;p-8106-light-dark-blue-art-glass-on-clear-base-large
2;sí;Un producto PaceSetter repartido en varios de Shopify — fusionar o sincronizar sólo sus partes;Light & Dark Blue Art Glass on Clear Base Small;PS9145;GM742C;GM742C->GM742;;;https://admin.shopify.com/store/trophy-partner/products?query=PS9145;p-8105-light-dark-blue-art-glass-on-clear-base-small
2;sí;Un producto PaceSetter repartido en varios de Shopify — fusionar o sincronizar sólo sus partes;Light Brown Leatherette Oval Keychain;PS10958;CM291LB;CM291LB->CM291*;;;https://admin.shopify.com/store/trophy-partner/products?query=PS10958;p-8829-light-brown-leatherette-oval-keychain
2;sí;Un producto PaceSetter repartido en varios de Shopify — fusionar o sincronizar sólo sus partes;Light Brown Leatherette Phone Easel;PS10959;CM296LB;CM296LB->CM296;;;https://admin.shopify.com/store/trophy-partner/products?query=PS10959;p-8830-light-brown-leatherette-phone-easel
2;sí;Un producto PaceSetter repartido en varios de Shopify — fusionar o sincronizar sólo sus partes;Lucite Square & Rectangular Block Awards;PS6753;CD549A;CD549A->CD549;;;https://admin.shopify.com/store/trophy-partner/products?query=PS6753;p-6071-lucite-square-rectangular-block-awards
2;sí;Un producto PaceSetter repartido en varios de Shopify — fusionar o sincronizar sólo sus partes;Medium Blue Chisel Carve Tower Award;PS10984;C610LBL;C610LBL->C610L;;;https://admin.shopify.com/store/trophy-partner/products?query=PS10984;p-8832-medium-blue-chisel-carve-tower-award
2;sí;Un producto PaceSetter repartido en varios de Shopify — fusionar o sincronizar sólo sus partes;Medium Digi;PS6763;CD547AEB;CD547AEB->CD547A;;;https://admin.shopify.com/store/trophy-partner/products?query=PS6763;p-6081-medium-digi
2;sí;Un producto PaceSetter repartido en varios de Shopify — fusionar o sincronizar sólo sus partes;Medium Gold Chisel Carve Tower Award;PS6764;C610LGO;C610LGO->C610L;;;https://admin.shopify.com/store/trophy-partner/products?query=PS6764;p-6082-medium-gold-chisel-carve-tower-award
2;sí;Un producto PaceSetter repartido en varios de Shopify — fusionar o sincronizar sólo sus partes;Medium Gold Halley Plaque;PS10987;C750BLGO;C750BLGO->C750;;;https://admin.shopify.com/store/trophy-partner/products?query=PS10987;p-8833-medium-gold-halley-plaque
2;sí;Un producto PaceSetter repartido en varios de Shopify — fusionar o sincronizar sólo sus partes;Medium Green Halley Plaque;PS10988;C750BLGN;C750BLGN->C750;;;https://admin.shopify.com/store/trophy-partner/products?query=PS10988;p-8834-medium-green-halley-plaque
2;sí;Un producto PaceSetter repartido en varios de Shopify — fusionar o sincronizar sólo sus partes;Medium Red Halley Plaque;PS10989;C750BLR;C750BLR->C750;;;https://admin.shopify.com/store/trophy-partner/products?query=PS10989;p-8835-medium-red-halley-plaque
2;sí;Un producto PaceSetter repartido en varios de Shopify — fusionar o sincronizar sólo sus partes;Optic Clear Crystal Cube Award Trophy;PS6785;GM453A GM453B GM453C;GM453A->GM453 GM453B->GM453 GM453C->GM453;;;https://admin.shopify.com/store/trophy-partner/products?query=PS6785;p-6103-optic-clear-crystal-cube-award-trophy
2;sí;Un producto PaceSetter repartido en varios de Shopify — fusionar o sincronizar sólo sus partes;Optic Clear Crystal Cube X Large Award Trophy;PS6784;GM453D;GM453D->GM453;;;https://admin.shopify.com/store/trophy-partner/products?query=PS6784;p-6102-optic-clear-crystal-cube-x-large-award-trophy
2;sí;Un producto PaceSetter repartido en varios de Shopify — fusionar o sincronizar sólo sus partes;Optic Clear Crystal Cube XX Large Award;PS6783;GM453E;GM453E->GM453;;;https://admin.shopify.com/store/trophy-partner/products?query=PS6783;p-6101-optic-clear-crystal-cube-xx-large-award
2;sí;Un producto PaceSetter repartido en varios de Shopify — fusionar o sincronizar sólo sus partes;Optic Crystal Wedge Award Large;PS9242;GI29D;GI29D->GI29;;;https://admin.shopify.com/store/trophy-partner/products?query=PS9242;p-8123-optic-crystal-wedge-award-large
2;sí;Un producto PaceSetter repartido en varios de Shopify — fusionar o sincronizar sólo sus partes;Optic Crystal Wedge Award Trophy;PS6825;GI29A GI29B GI29C;GI29A->GI29 GI29B->GI29 GI29C->GI29;;;https://admin.shopify.com/store/trophy-partner/products?query=PS6825;p-6143-optic-crystal-wedge-award-trophy
2;sí;Un producto PaceSetter repartido en varios de Shopify — fusionar o sincronizar sólo sus partes;Pink Leatherette Oval Keychain;PS11148;CM291PK;CM291PK->CM291*;;;https://admin.shopify.com/store/trophy-partner/products?query=PS11148;p-8843-pink-leatherette-oval-keychain
2;sí;Un producto PaceSetter repartido en varios de Shopify — fusionar o sincronizar sólo sus partes;Plaque w/ Green Marble Mist;PS11160;C023AGR;C023AGR->C023;;;https://admin.shopify.com/store/trophy-partner/products?query=PS11160;p-8845-plaque-w-green-marble-mist
2;sí;Un producto PaceSetter repartido en varios de Shopify — fusionar o sincronizar sólo sus partes;Polar Camel Medium;PS11166;CM712BL CM712DB CM712GR CM712GY CM712LB CM712LP CM712MR CM712OR CM712PK CM712PU CM712RD CM712TL CM712WH CM713BK CM731BK;CM712BL->CM712 CM712DB->CM712 CM712GR->CM712 CM712GY->CM712 CM712LB->CM712 CM712LP->CM712 CM712MR->CM712 CM712OR->CM712 CM712PK->CM712 CM712PU->CM712 CM712RD->CM712 CM712TL->CM712 CM712WH->CM712 CM713BK->CM713* CM731BK->CM731;;;https://admin.shopify.com/store/trophy-partner/products?query=PS11166;p-8850-polar-camel-medium
2;sí;Un producto PaceSetter repartido en varios de Shopify — fusionar o sincronizar sólo sus partes;Polar Camel Small;PS11164;CM713BL CM713DB CM713GR CM713GY CM713LB CM713LP CM713MR CM713OR CM713PK CM713PU CM713RD CM713TL CM713WH CM711BL CM711CR CM711DB CM711GR CM711GY CM711LB CM711LP CM711MR CM711OG CM711OR CM711PK CM711PU CM711RD CM711TL CM711WH CM711YW CM712BK CM726BL CM726CR CM726DB CM726GR CM726GY CM726LB CM726LP CM726MR CM726OR CM726PK CM726PU CM726RD CM726TL CM726WH CM726YW CM731BL CM731CR CM731DB CM731GR CM731GY;CM713BL->CM713* CM713DB->CM713* CM713GR->CM713* CM713GY->CM713* CM713LB->CM713* CM713LP->CM713* CM713MR->CM713* CM713OR->CM713* CM713PK->CM713* CM713PU->CM713* CM713RD->CM713* CM713TL->CM713* CM713WH->CM713* CM711BL->CM711 CM711CR->CM711 CM711DB->CM711 CM711GR->CM711 CM711GY->CM711 CM711LB->CM711 CM711LP->CM711 CM711MR->CM711 CM711OG->CM711 CM711OR->CM711 CM711PK->CM711 CM711PU->CM711 CM711RD->CM711 CM711TL->CM711 CM711WH->CM711 CM711YW->CM711 CM712BK->CM712 CM726BL->CM726* CM726CR->CM726* CM726DB->CM726* CM726GR->CM726* CM726GY->CM726* CM726LB->CM726* CM726LP->CM726* CM726MR->CM726* CM726OR->CM726* CM726PK->CM726* CM726PU->CM726* CM726RD->CM726* CM726TL->CM726* CM726WH->CM726* CM726YW->CM726* CM731BL->CM731 CM731CR->CM731 CM731DB->CM731 CM731GR->CM731 CM731GY->CM731;;;https://admin.shopify.com/store/trophy-partner/products?query=PS11164;p-8848-polar-camel-small
2;sí;Un producto PaceSetter repartido en varios de Shopify — fusionar o sincronizar sólo sus partes;Polar Camel stainless steel beverage holder. Large;PS11163;CM727BL CM727CR CM727DB CM727GR CM727GY CM727LB CM727LP CM727MR CM727OR CM727PK CM727PU CM727RD CM727TL CM727WH CM727YW CM737BL CM737CR CM737DB CM737GR CM737GY CM737LB CM737LP CM737MR CM737OR CM737PK CM737PU CM737RD CM737TL CM737WH CM737YW;CM727BL->CM727* CM727CR->CM727* CM727DB->CM727* CM727GR->CM727* CM727GY->CM727* CM727LB->CM727* CM727LP->CM727* CM727MR->CM727* CM727OR->CM727* CM727PK->CM727* CM727PU->CM727* CM727RD->CM727* CM727TL->CM727* CM727WH->CM727* CM727YW->CM727* CM737BL->CM737* CM737CR->CM737* CM737DB->CM737* CM737GR->CM737* CM737GY->CM737* CM737LB->CM737* CM737LP->CM737* CM737MR->CM737* CM737OR->CM737* CM737PK->CM737* CM737PU->CM737* CM737RD->CM737* CM737TL->CM737* CM737WH->CM737* CM737YW->CM737*;;;https://admin.shopify.com/store/trophy-partner/products?query=PS11163;p-8847-polar-camel-stainless-steel-beverage-holder-large
2;sí;Un producto PaceSetter repartido en varios de Shopify — fusionar o sincronizar sólo sus partes;Polar Camel stainless steel beverage holder. Small;PS11162;CM727BK CM737BK;CM727BK->CM727* CM737BK->CM737*;;;https://admin.shopify.com/store/trophy-partner/products?query=PS11162;p-8846-polar-camel-stainless-steel-beverage-holder-small
2;sí;Un producto PaceSetter repartido en varios de Shopify — fusionar o sincronizar sólo sus partes;Powder Coated Tumbler Large;PS11173;CM816BK;CM816BK->CM816*;;;https://admin.shopify.com/store/trophy-partner/products?query=PS11173;p-8854-powder-coated-tumbler-large
2;sí;Un producto PaceSetter repartido en varios de Shopify — fusionar o sincronizar sólo sus partes;Powder Coated Tumbler Small;PS11172;CM816BL CM816DB CM816MR CM816PK CM816PU CM816RD CM816TL CM816WH;CM816BL->CM816* CM816DB->CM816* CM816MR->CM816* CM816PK->CM816* CM816PU->CM816* CM816RD->CM816* CM816TL->CM816* CM816WH->CM816*;;;https://admin.shopify.com/store/trophy-partner/products?query=PS11172;p-8853-powder-coated-tumbler-small
2;sí;Un producto PaceSetter repartido en varios de Shopify — fusionar o sincronizar sólo sus partes;Premium Black Glass Tablet with Metal Stand;PS6851;GM699B GM699C;GM699B->GM699 GM699C->GM699;;;https://admin.shopify.com/store/trophy-partner/products?query=PS6851;p-6169-premium-black-glass-tablet-with-metal-stand
2;sí;Un producto PaceSetter repartido en varios de Shopify — fusionar o sincronizar sólo sus partes;Premium Black Glass Tablet with Metal Stand Small;PS6852;GM699A;GM699A->GM699;;;https://admin.shopify.com/store/trophy-partner/products?query=PS6852;p-6170-premium-black-glass-tablet-with-metal-stand-small
2;sí;Un producto PaceSetter repartido en varios de Shopify — fusionar o sincronizar sólo sus partes;Premium Blue Glass Tablet with Metal Stand;PS6853;GM698B GM698C;GM698B->GM698 GM698C->GM698;;;https://admin.shopify.com/store/trophy-partner/products?query=PS6853;p-6171-premium-blue-glass-tablet-with-metal-stand
2;sí;Un producto PaceSetter repartido en varios de Shopify — fusionar o sincronizar sólo sus partes;Premium Blue Glass Tablet with Metal Stand Small;PS6854;GM698A;GM698A->GM698;;;https://admin.shopify.com/store/trophy-partner/products?query=PS6854;p-6172-premium-blue-glass-tablet-with-metal-stand-small
2;sí;Un producto PaceSetter repartido en varios de Shopify — fusionar o sincronizar sólo sus partes;Purple Chisel Carve Tower Award;PS9309;C701LPU;C701LPU->C701L;;;https://admin.shopify.com/store/trophy-partner/products?query=PS9309;p-8147-purple-chisel-carve-tower-award
2;sí;Un producto PaceSetter repartido en varios de Shopify — fusionar o sincronizar sólo sus partes;Purple Chisel Carve Tower Award on Base;PS6864;C701BLPU;C701BLPU->C701BL;;;https://admin.shopify.com/store/trophy-partner/products?query=PS6864;p-6182-purple-chisel-carve-tower-award-on-base
2;sí;Un producto PaceSetter repartido en varios de Shopify — fusionar o sincronizar sólo sus partes;Rawhide Leatherette Oval Keychain;PS11203;CM291RW;CM291RW->CM291*;;;https://admin.shopify.com/store/trophy-partner/products?query=PS11203;p-8856-rawhide-leatherette-oval-keychain
2;sí;Un producto PaceSetter repartido en varios de Shopify — fusionar o sincronizar sólo sus partes;Rawhide Leatherette Phone Easel;PS11204;CM296RW;CM296RW->CM296;;;https://admin.shopify.com/store/trophy-partner/products?query=PS11204;p-8857-rawhide-leatherette-phone-easel
2;sí;Un producto PaceSetter repartido en varios de Shopify — fusionar o sincronizar sólo sus partes;Rectangle Etched Edge Crystal with Layered Base;PS6872;GM731A GM731B;GM731A->GM731 GM731B->GM731;;;https://admin.shopify.com/store/trophy-partner/products?query=PS6872;p-6190-rectangle-etched-edge-crystal-with-layered-base
2;sí;Un producto PaceSetter repartido en varios de Shopify — fusionar o sincronizar sólo sus partes;Rectangle Etched Edge Crystal with Layered Base Large;PS6871;GM731C;GM731C->GM731;;;https://admin.shopify.com/store/trophy-partner/products?query=PS6871;p-6189-rectangle-etched-edge-crystal-with-layered-base-large
2;sí;Un producto PaceSetter repartido en varios de Shopify — fusionar o sincronizar sólo sus partes;Red Acrylic Color Drops Award;PS9325;CD1101AR CD1101BR;CD1101AR->CD1101A CD1101BR->CD1101B;;;https://admin.shopify.com/store/trophy-partner/products?query=PS9325;p-8153-red-acrylic-color-drops-award
2;sí;Un producto PaceSetter repartido en varios de Shopify — fusionar o sincronizar sólo sus partes;Red Arched Brilliance Award on Clear Base;PS6874;CD636R;CD636R->CD636;;;https://admin.shopify.com/store/trophy-partner/products?query=PS6874;p-6192-red-arched-brilliance-award-on-clear-base
2;sí;Un producto PaceSetter repartido en varios de Shopify — fusionar o sincronizar sólo sus partes;Red Cascade Carved Acrylic Award;PS9330;CD1217RD;CD1217RD->CD1217;;;https://admin.shopify.com/store/trophy-partner/products?query=PS9330;p-8154-red-cascade-carved-acrylic-award
2;sí;Un producto PaceSetter repartido en varios de Shopify — fusionar o sincronizar sólo sus partes;Red Chisel Carve Tower Award on Base;PS6878;C701BLRE;C701BLRE->C701BL;;;https://admin.shopify.com/store/trophy-partner/products?query=PS6878;p-6196-red-chisel-carve-tower-award-on-base
2;sí;Un producto PaceSetter repartido en varios de Shopify — fusionar o sincronizar sólo sus partes;Red Deco Lucite Peak On Marble Base Award Trophy;PS6880;CD854AR CD854BR;CD854AR->CD854 CD854BR->CD854;;;https://admin.shopify.com/store/trophy-partner/products?query=PS6880;p-6198-red-deco-lucite-peak-on-marble-base-award-trophy
2;sí;Un producto PaceSetter repartido en varios de Shopify — fusionar o sincronizar sólo sus partes;Red Designs Deco Lucite Tablet Award Trophy;PS6881;CD852AR CD852BR;CD852AR->CD852 CD852BR->CD852;;;https://admin.shopify.com/store/trophy-partner/products?query=PS6881;p-6199-red-designs-deco-lucite-tablet-award-trophy
2;sí;Un producto PaceSetter repartido en varios de Shopify — fusionar o sincronizar sólo sus partes;Red Marble Florentine Plate on Ebony Board;PS9339;CD414AREF CD414BREF;CD414AREF->CD414* CD414BREF->CD414*;;;https://admin.shopify.com/store/trophy-partner/products?query=PS9339;p-8156-red-marble-florentine-plate-on-ebony-board
2;sí;Un producto PaceSetter repartido en varios de Shopify — fusionar o sincronizar sólo sus partes;Red Marble Florentine Plate on Walnut Finish Board;PS11238;CD414ARWF CD414BRWF;CD414ARWF->CD414* CD414BRWF->CD414*;;;https://admin.shopify.com/store/trophy-partner/products?query=PS11238;p-8858-red-marble-florentine-plate-on-walnut-finish-board
2;sí;Un producto PaceSetter repartido en varios de Shopify — fusionar o sincronizar sólo sus partes;Red Plaque w/ Marble Mist Small;PS6887;C023BR;C023BR->C023;;;https://admin.shopify.com/store/trophy-partner/products?query=PS6887;p-6205-red-plaque-w-marble-mist-small
2;sí;Un producto PaceSetter repartido en varios de Shopify — fusionar o sincronizar sólo sus partes;Red Plaque with Marble Mist Large;PS6888;C023AR;C023AR->C023;;;https://admin.shopify.com/store/trophy-partner/products?query=PS6888;p-6206-red-plaque-with-marble-mist-large
2;sí;Un producto PaceSetter repartido en varios de Shopify — fusionar o sincronizar sólo sus partes;Red Spectrum Chisel Carved Tower Award;PS6890;C701LRE;C701LRE->C701L;;;https://admin.shopify.com/store/trophy-partner/products?query=PS6890;p-6208-red-spectrum-chisel-carved-tower-award
2;sí;Un producto PaceSetter repartido en varios de Shopify — fusionar o sincronizar sólo sus partes;Red Teardrop Art Glass;PS9346;GM805R;GM805R->GM805;;;https://admin.shopify.com/store/trophy-partner/products?query=PS9346;p-8158-red-teardrop-art-glass
2;sí;Un producto PaceSetter repartido en varios de Shopify — fusionar o sincronizar sólo sus partes;Rose Leatherette Oval Keychain;PS11251;CM291RS;CM291RS->CM291*;;;https://admin.shopify.com/store/trophy-partner/products?query=PS11251;p-8859-rose-leatherette-oval-keychain
2;sí;Un producto PaceSetter repartido en varios de Shopify — fusionar o sincronizar sólo sus partes;Silver Metal Trophy Cup;PS6928;CM401AS CM401BS CM401CS;CM401AS->CM401 CM401BS->CM401 CM401CS->CM401;;;https://admin.shopify.com/store/trophy-partner/products?query=PS6928;p-6246-silver-metal-trophy-cup
2;sí;Un producto PaceSetter repartido en varios de Shopify — fusionar o sincronizar sólo sus partes;Silver Star Self-Standing Plaque;PS6931;C0642S;C0642S->C0642;;;https://admin.shopify.com/store/trophy-partner/products?query=PS6931;p-6249-silver-star-self-standing-plaque
2;sí;Un producto PaceSetter repartido en varios de Shopify — fusionar o sincronizar sólo sus partes;Simplicity Plate on Ebony Board;PS11328;C076BB C076BGO C076BR C076BS;C076BB->C076 C076BGO->C076;;;https://admin.shopify.com/store/trophy-partner/products?query=PS11328;p-8873-simplicity-plate-on-ebony-board
2;sí;Un producto PaceSetter repartido en varios de Shopify — fusionar o sincronizar sólo sus partes;Simplicity Plate on Ebony Board Plaque;PS6938;C076AB C076AGO C076AR C076AS;C076AB->C076 C076AGO->C076 C076AR->C076 C076AS->C076;;;https://admin.shopify.com/store/trophy-partner/products?query=PS6938;p-6256-simplicity-plate-on-ebony-board-plaque
2;sí;Un producto PaceSetter repartido en varios de Shopify — fusionar o sincronizar sólo sus partes;Simplicity Plate on Walnut Finish Board;PS11333;C075BB C075BGO C075BR C075BS;C075BB->C075 C075BGO->C075 C075BR->C075;;;https://admin.shopify.com/store/trophy-partner/products?query=PS11333;p-8874-simplicity-plate-on-walnut-finish-board
2;sí;Un producto PaceSetter repartido en varios de Shopify — fusionar o sincronizar sólo sus partes;Simplicity Plate on Walnut Finish Board Plaque;PS6940;C075AB C075AGO C075AR C075AS;C075AB->C075 C075AGO->C075 C075AR->C075;;;https://admin.shopify.com/store/trophy-partner/products?query=PS6940;p-6258-simplicity-plate-on-walnut-finish-board-plaque
2;sí;Un producto PaceSetter repartido en varios de Shopify — fusionar o sincronizar sólo sus partes;Slide-in Certificate Walnut Plaque in Gift Box;PS6952;C4801AAG C4801AG C4801BG C4801CG;C4801AAG->C4801AA C4801AG->C4801A C4801BG->C4801B C4801CG->C4801C;;;https://admin.shopify.com/store/trophy-partner/products?query=PS6952;p-6270-slide-in-certificate-walnut-plaque-in-gift-box
2;sí;Un producto PaceSetter repartido en varios de Shopify — fusionar o sincronizar sólo sus partes;Slide-in Certificate Walnut Plaque in Mailer Box;PS6953;C4801AAM C4801AM C4801BM C4801CM;C4801AAM->C4801AA C4801AM->C4801A C4801BM->C4801B C4801CM->C4801C;;;https://admin.shopify.com/store/trophy-partner/products?query=PS6953;p-6271-slide-in-certificate-walnut-plaque-in-mailer-box
2;sí;Un producto PaceSetter repartido en varios de Shopify — fusionar o sincronizar sólo sus partes;Small Gold Halley Plaque;PS11360;C750ALGO;C750ALGO->C750;;;https://admin.shopify.com/store/trophy-partner/products?query=PS11360;p-8876-small-gold-halley-plaque
2;sí;Un producto PaceSetter repartido en varios de Shopify — fusionar o sincronizar sólo sus partes;Small Green Halley Plaque;PS11361;C750ALGN;C750ALGN->C750;;;https://admin.shopify.com/store/trophy-partner/products?query=PS11361;p-8877-small-green-halley-plaque
2;sí;Un producto PaceSetter repartido en varios de Shopify — fusionar o sincronizar sólo sus partes;Small Red Halley Plaque;PS11362;C750ALR;C750ALR->C750;;;https://admin.shopify.com/store/trophy-partner/products?query=PS11362;p-8878-small-red-halley-plaque
2;sí;Un producto PaceSetter repartido en varios de Shopify — fusionar o sincronizar sólo sus partes;Tahoe Stemless Cocktail Tumbler;PS11414;CM745BK CM745BL CM745DB CM745LB CM745LP CM745PU;CM745BK->CM745* CM745BL->CM745* CM745DB->CM745* CM745LB->CM745* CM745LP->CM745* CM745PU->CM745*;;;https://admin.shopify.com/store/trophy-partner/products?query=PS11414;p-8884-tahoe-stemless-cocktail-tumbler
2;sí;Un producto PaceSetter repartido en varios de Shopify — fusionar o sincronizar sólo sus partes;Tahoe Stemless Cocktail Tumblers;PS11415;CM745PK CM745RD CM745TL;CM745PK->CM745* CM745RD->CM745* CM745TL->CM745*;;;https://admin.shopify.com/store/trophy-partner/products?query=PS11415;p-8885-tahoe-stemless-cocktail-tumblers
2;sí;Un producto PaceSetter repartido en varios de Shopify — fusionar o sincronizar sólo sus partes;Tahoe Travel Mug;PS11416;CM747LB CM746LB;CM747LB->CM747* CM746LB->CM746*;;;https://admin.shopify.com/store/trophy-partner/products?query=PS11416;p-8886-tahoe-travel-mug
2;sí;Un producto PaceSetter repartido en varios de Shopify — fusionar o sincronizar sólo sus partes;Tahoe Travel Tumbler;PS11417;CM747BK CM747BL CM747DB CM747LP CM747OR CM747PK CM747PU CM747RD CM746BK CM746BL CM746DB CM746LP CM746OR CM746PK CM746PU CM746RD;CM747BK->CM747* CM747BL->CM747* CM747DB->CM747* CM747LP->CM747* CM747OR->CM747* CM747PK->CM747* CM747PU->CM747* CM747RD->CM747* CM746BK->CM746* CM746BL->CM746* CM746DB->CM746* CM746LP->CM746* CM746OR->CM746* CM746PK->CM746* CM746PU->CM746* CM746RD->CM746*;;;https://admin.shopify.com/store/trophy-partner/products?query=PS11417;p-8887-tahoe-travel-tumbler
2;sí;Un producto PaceSetter repartido en varios de Shopify — fusionar o sincronizar sólo sus partes;Teal Chisel Carve Tower Award;PS11425;C701LTE;C701LTE->C701L;;;https://admin.shopify.com/store/trophy-partner/products?query=PS11425;p-8891-teal-chisel-carve-tower-award
2;sí;Un producto PaceSetter repartido en varios de Shopify — fusionar o sincronizar sólo sus partes;Teal Chisel Carve Tower Award on Base;PS11424;C701BLTE;C701BLTE->C701BL;;;https://admin.shopify.com/store/trophy-partner/products?query=PS11424;p-8890-teal-chisel-carve-tower-award-on-base
2;sí;Un producto PaceSetter repartido en varios de Shopify — fusionar o sincronizar sólo sus partes;Walnut Certificate Frame with Gold Metallized Accent;PS7003;C4802WG;C4802WG->C4802;;;https://admin.shopify.com/store/trophy-partner/products?query=PS7003;p-6321-walnut-certificate-frame-with-gold-metallized-accent
2;sí;Un producto PaceSetter repartido en varios de Shopify — fusionar o sincronizar sólo sus partes;Walnut Double Row Challenge Coin Display;PS9544;CM754B;CM754B->CM754;;;https://admin.shopify.com/store/trophy-partner/products?query=PS9544;p-8218-walnut-double-row-challenge-coin-display
2;sí;Un producto PaceSetter repartido en varios de Shopify — fusionar o sincronizar sólo sus partes;Walnut Finish  Digi;PS7004;CD547CWN;CD547CWN->CD547C;;;https://admin.shopify.com/store/trophy-partner/products?query=PS7004;p-6322-walnut-finish-digi
2;sí;Un producto PaceSetter repartido en varios de Shopify — fusionar o sincronizar sólo sus partes;Walnut Finish Certificate/Overlay Plaque in Gift Box;PS7006;C3501AWNG C3501BWNG C3501CWNG;C3501AWNG->C3501A C3501CWNG->C3501C;;;https://admin.shopify.com/store/trophy-partner/products?query=PS7006;p-6324-walnut-finish-certificateoverlay-plaque-in-gift-box
2;sí;Un producto PaceSetter repartido en varios de Shopify — fusionar o sincronizar sólo sus partes;Walnut Finish Certificate/Overlay Plaque in Mailer Box;PS7007;C3501AWNM C3501BWNM C3501CWNM C3501AWM C3501BWM;C3501AWNM->C3501A C3501CWNM->C3501C C3501AWM->C3501A;;;https://admin.shopify.com/store/trophy-partner/products?query=PS7007;p-6325-walnut-finish-certificateoverlay-plaque-in-mailer-box
2;sí;Un producto PaceSetter repartido en varios de Shopify — fusionar o sincronizar sólo sus partes;Walnut Finish Digi;PS7008;CD547AWN CD547BWN;CD547AWN->CD547A CD547BWN->CD547B;;;https://admin.shopify.com/store/trophy-partner/products?query=PS7008;p-6326-walnut-finish-digi
2;sí;Un producto PaceSetter repartido en varios de Shopify — fusionar o sincronizar sólo sus partes;Walnut Finish Plaque with Black Florentine;PS9563;C071ASWF;C071ASWF->C071A;;sí;https://admin.shopify.com/store/trophy-partner/products?query=PS9563;p-8219-walnut-finish-plaque-with-black-florentine
2;sí;Un producto PaceSetter repartido en varios de Shopify — fusionar o sincronizar sólo sus partes;Walnut Finish Plaque with Black Florentine;PS11512;C071BSWF;C071BSWF->C071B;;sí;https://admin.shopify.com/store/trophy-partner/products?query=PS11512;p-8898-walnut-finish-plaque-with-black-florentine
2;sí;Un producto PaceSetter repartido en varios de Shopify — fusionar o sincronizar sólo sus partes;Walnut Finish Plaque with Black Florentine Plate;PS7011;C071AGOWF C071BGOWF;C071AGOWF->C071A C071BGOWF->C071B;;;https://admin.shopify.com/store/trophy-partner/products?query=PS7011;p-6329-walnut-finish-plaque-with-black-florentine-plate
2;sí;Un producto PaceSetter repartido en varios de Shopify — fusionar o sincronizar sólo sus partes;Walnut Finish Plaque with Marble Mist Plate;PS11513;C021ABWF C021AGWF C021ARWF C021BBWF C021BGWF C021BRWF;C021ABWF->C021A C021AGWF->C021A C021ARWF->C021A C021BBWF->C021B C021BGWF->C021B C021BRWF->C021B;;;https://admin.shopify.com/store/trophy-partner/products?query=PS11513;p-8899-walnut-finish-plaque-with-marble-mist-plate
2;sí;Un producto PaceSetter repartido en varios de Shopify — fusionar o sincronizar sólo sus partes;Walnut Quadruple Row Challenge Coin Display;PS9574;CM754D;CM754D->CM754;;;https://admin.shopify.com/store/trophy-partner/products?query=PS9574;p-8220-walnut-quadruple-row-challenge-coin-display
2;sí;Un producto PaceSetter repartido en varios de Shopify — fusionar o sincronizar sólo sus partes;Walnut Triple Row Challenge Coin Display;PS9576;CM754C;CM754C->CM754;;;https://admin.shopify.com/store/trophy-partner/products?query=PS9576;p-8222-walnut-triple-row-challenge-coin-display
3;sí;Agrupa artículos distintos de PaceSetter — separar o aceptar la agrupación;Crystal Sports Tower;PS8501;GM832G GM832E GM832Q GM832B GM832L GM832J GM832K GM806C GM832C GM832M GM806D GM832I GM832D GM832N GM832A GM832H GM832O GM832P GM806E;GM832G: Crystal Tower, Cheerleader | GM832E: Crystal Tower, Football | GM832Q: Crystal Tower, Wrestling | GM832B: Crystal Tower, Male Basketball | GM832L: Crystal Tower, Female Soccer | GM832J: Crystal Tower, Hockey | GM832K: Crystal Tower, Male Soccer | GM806C: Crystal Tower | GM832C: Crystal Tower, Male Basketball | GM832M: Crystal Tower, Male Tennis | GM806D: Crystal Tower | GM832I: Crystal Tower, Female Golf | GM832D: Crystal Tower, Female Basketball | GM832N: Crystal Tower, Female Tennis | GM832A: Crystal Tower, Male Baseball | GM832H: Crystal Tower, Male Golf | GM832O: Crystal Tower, Male Volleyball | GM832P: Crystal Tower, Female Volleyball | GM806E: Crystal Tower;;;https://admin.shopify.com/store/trophy-partner/products?query=PS8501;p-7964-crystal-sports-tower
3;sí;Agrupa artículos distintos de PaceSetter — separar o aceptar la agrupación;Puzzle Piece Awards;PS9311;CD1050A CD1050B CD1050C;CD1050A: Puzzle Piece, Beginning | CD1050B: Puzzle Piece, Middle | CD1050C: Puzzle Piece, End;;;https://admin.shopify.com/store/trophy-partner/products?query=PS9311;p-8149-puzzle-piece-awards
4;sí;Mezcla ids vivos y muertos — comprobar que el producto sigue siendo lo que anuncia;Bamboo Cutting Board with Handle Cutout;PS6082;CM418 CM417A CM417B;CM418=PRODUCT CM417A=PART CM417B=PART;;;https://admin.shopify.com/store/trophy-partner/products?query=PS6082;p-5400-bamboo-cutting-board-with-handle-cutout
4;sí;Mezcla ids vivos y muertos — comprobar que el producto sigue siendo lo que anuncia;Blue Steel Contoured Lucite;PS10113;EP25PKG EP25;EP25PKG=ORPHAN EP25=PRODUCT;;;https://admin.shopify.com/store/trophy-partner/products?query=PS10113;p-8722-blue-steel-contoured-lucite
4;sí;Mezcla ids vivos y muertos — comprobar que el producto sigue siendo lo que anuncia;Bronze Resin Eagle with Crystal Tablet Trophy;PS6213;GM549 RFB806;GM549=PRODUCT RFB806=ORPHAN;;;https://admin.shopify.com/store/trophy-partner/products?query=PS6213;p-5531-bronze-resin-eagle-with-crystal-tablet-trophy
4;sí;Mezcla ids vivos y muertos — comprobar que el producto sigue siendo lo que anuncia;Crimson Border Beveled Lucite;PS10294;EP23PKG EP23;EP23PKG=ORPHAN EP23=PRODUCT;;;https://admin.shopify.com/store/trophy-partner/products?query=PS10294;p-8736-crimson-border-beveled-lucite
4;sí;Mezcla ids vivos y muertos — comprobar que el producto sigue siendo lo que anuncia;Crystal Column Sports Award with Ball;PS8464;GM833B GM833L GM833M GM833A GM833D GM833H GM833J GM833G GM833F GM833K GM833C GM833I GM833E;GM833B=PRODUCT GM833L=PRODUCT GM833M=PRODUCT GM833A=PRODUCT GM833D=PRODUCT GM833H=PRODUCT GM833J=PRODUCT GM833G=PRODUCT GM833F=ORPHAN GM833K=PRODUCT GM833C=PRODUCT GM833I=PRODUCT GM833E=PRODUCT;;;https://admin.shopify.com/store/trophy-partner/products?query=PS8464;p-7951-crystal-column-sports-award-with-ball
4;sí;Mezcla ids vivos y muertos — comprobar que el producto sigue siendo lo que anuncia;Crystal Tablet with Subsurface Star Streams Award;PS6339;GI658 GI657 GI657B;GI658=ORPHAN GI657=PRODUCT GI657B=PRODUCT;;;https://admin.shopify.com/store/trophy-partner/products?query=PS6339;p-5657-crystal-tablet-with-subsurface-star-streams-award
4;sí;Mezcla ids vivos y muertos — comprobar que el producto sigue siendo lo que anuncia;Gold Finish Plastic Cup on Marble Base;PS8775;CM715AB CM715AK CM715AR CM715BB CM715BK CM715BR;CM715AB=PART CM715AK=PART CM715AR=PART CM715BB=PART CM715BK=PART CM715BR=PRODUCT;;;https://admin.shopify.com/store/trophy-partner/products?query=PS8775;p-8052-gold-finish-plastic-cup-on-marble-base
4;sí;Mezcla ids vivos y muertos — comprobar que el producto sigue siendo lo que anuncia;Highflying Bronze Eagle with Flag and Glass Award;PS6608;CD446 RFB805;CD446=PRODUCT RFB805=ORPHAN;;;https://admin.shopify.com/store/trophy-partner/products?query=PS6608;p-5926-highflying-bronze-eagle-with-flag-and-glass-award
4;sí;Mezcla ids vivos y muertos — comprobar que el producto sigue siendo lo que anuncia;Leatherette Certificate Holder;PS10864;CM326BL CM326BS CM326DB CM326GR CM326LB CM326PK CM326RS CM326RW;CM326BL=ORPHAN CM326BS=PRODUCT CM326DB=PRODUCT CM326GR=PRODUCT CM326LB=ORPHAN CM326PK=ORPHAN CM326RS=PRODUCT CM326RW=PRODUCT;;;https://admin.shopify.com/store/trophy-partner/products?query=PS10864;p-8786-leatherette-certificate-holder
4;sí;Mezcla ids vivos y muertos — comprobar que el producto sigue siendo lo que anuncia;Leatherette Flask Gift Set;PS10874;CM450BS CM450DB CM450GR CM450LB CM450PK CM450RW CM450TL;CM450BS=PRODUCT CM450DB=PRODUCT CM450GR=PRODUCT CM450LB=ORPHAN CM450PK=PRODUCT CM450RW=PRODUCT CM450TL=ORPHAN;;;https://admin.shopify.com/store/trophy-partner/products?query=PS10874;p-8792-leatherette-flask-gift-set
4;sí;Mezcla ids vivos y muertos — comprobar que el producto sigue siendo lo que anuncia;Leatherette on Steel Shot Glass;PS10906;CM373BS CM373BV CM373DB CM373GR CM373LB CM373PK CM373RV CM373RW CM373TL;CM373BS=PRODUCT CM373BV=PRODUCT CM373DB=PRODUCT CM373GR=PRODUCT CM373LB=PRODUCT CM373PK=PRODUCT CM373RV=PART CM373RW=PRODUCT CM373TL=PRODUCT;;;https://admin.shopify.com/store/trophy-partner/products?query=PS10906;p-8807-leatherette-on-steel-shot-glass
4;sí;Mezcla ids vivos y muertos — comprobar que el producto sigue siendo lo que anuncia;Phone Holder;PS9267;PH04 PH07MR PH13E;PH04=PRODUCT PH07MR=ORPHAN PH13E=ORPHAN;;;https://admin.shopify.com/store/trophy-partner/products?query=PS9267;p-8133-phone-holder
4;sí;Mezcla ids vivos y muertos — comprobar que el producto sigue siendo lo que anuncia;Promo Glass Clear Leaf Award on Black and Clear Base;PS6862;GM715A GM715B GM715C;GM715A=PRODUCT GM715B=PART GM715C=PRODUCT;;;https://admin.shopify.com/store/trophy-partner/products?query=PS6862;p-6180-promo-glass-clear-leaf-award-on-black-and-clear-base
4;sí;Mezcla ids vivos y muertos — comprobar que el producto sigue siendo lo que anuncia;Soaring Excellence Gold Eagle Award Trophy;PS6962;CBE109A CBE109B CBE109C AE700 AE710 AE720;CBE109A=PRODUCT CBE109B=PRODUCT CBE109C=PRODUCT AE700=ORPHAN AE710=ORPHAN AE720=ORPHAN;;;https://admin.shopify.com/store/trophy-partner/products?query=PS6962;p-6280-soaring-excellence-gold-eagle-award-trophy
4;sí;Mezcla ids vivos y muertos — comprobar que el producto sigue siendo lo que anuncia;Two-Tone Wood Alder Plaque;PS9538;CD1038A CD1037A CD1039A CD1038B CD1037B CD1039B;CD1038A=PRODUCT CD1037A=PART CD1039A=ORPHAN CD1038B=PRODUCT CD1037B=PART CD1039B=ORPHAN;;;https://admin.shopify.com/store/trophy-partner/products?query=PS9538;p-8213-two-tone-wood-alder-plaque
4;sí;Mezcla ids vivos y muertos — comprobar que el producto sigue siendo lo que anuncia;Windermere Plaque;PS9598;CD1093A CD1094A CD1093B CD1094B;CD1093A=PRODUCT CD1094A=ORPHAN CD1093B=ORPHAN CD1094B=ORPHAN;;;https://admin.shopify.com/store/trophy-partner/products?query=PS9598;p-8226-windermere-plaque
5;no;Repunteo simple — cambiar ps_product_ids al producto PaceSetter (CSV de Matrixify);14 oz. Pilsner Tumbler;PS9684;CM717BK CM717BL CM717DB CM717GR CM717GY CM717LB CM717LP CM717MR CM717OR CM717PK CM717PU CM717RD CM717TL CM717WH;CM717BK->CM717* CM717BL->CM717* CM717DB->CM717* CM717GR->CM717* CM717GY->CM717* CM717LB->CM717* CM717LP->CM717* CM717MR->CM717* CM717OR->CM717* CM717PK->CM717* CM717PU->CM717* CM717RD->CM717* CM717TL->CM717* CM717WH->CM717*;;;https://admin.shopify.com/store/trophy-partner/products?query=PS9684;p-8692-14-oz-pilsner-tumbler
5;no;Repunteo simple — cambiar ps_product_ids al producto PaceSetter (CSV de Matrixify);20 oz. Pilsner Tumbler;PS9703;CM716BK CM716BL CM716DB CM716GR CM716GY CM716LB CM716LP CM716MR CM716OR CM716PK CM716PU CM716RD CM716TL CM716WH;CM716BK->CM716* CM716BL->CM716* CM716DB->CM716* CM716GR->CM716* CM716GY->CM716* CM716LB->CM716* CM716LP->CM716* CM716MR->CM716* CM716OR->CM716* CM716PK->CM716* CM716PU->CM716* CM716RD->CM716* CM716TL->CM716* CM716WH->CM716*;;;https://admin.shopify.com/store/trophy-partner/products?query=PS9703;p-8693-20-oz-pilsner-tumbler
5;no;Repunteo simple — cambiar ps_product_ids al producto PaceSetter (CSV de Matrixify);3-Layer Multi-Dimensional Digi-Color Award;PS6030;DCC0500A DCC0500B;DCC0500A->DCC0500 DCC0500B->DCC0500;;;https://admin.shopify.com/store/trophy-partner/products?query=PS6030;p-5348-3-layer-multi-dimensional-digi-color-award
5;no;Repunteo simple — cambiar ps_product_ids al producto PaceSetter (CSV de Matrixify);Acrylic Chevron Tower Award;PS9628;CD1264ABL CD1264AGR CD1264ARD CD1264BBL CD1264BGR CD1264BRD CD1264CBL CD1264CGR CD1264CRD;CD1264ABL->CD1264 CD1264AGR->CD1264 CD1264ARD->CD1264 CD1264BBL->CD1264 CD1264BRD->CD1264 CD1264CBL->CD1264 CD1264CRD->CD1264;;;https://admin.shopify.com/store/trophy-partner/products?query=PS9628;p-8665-acrylic-chevron-tower-award
5;no;Repunteo simple — cambiar ps_product_ids al producto PaceSetter (CSV de Matrixify);Acrylic Trinity Tower;PS9629;CD1248ABL CD1248AGR CD1248ARD CD1248BBL CD1248BGR CD1248BRD CD1248CBL CD1248CGR CD1248CRD;CD1248ABL->CD1248 CD1248AGR->CD1248 CD1248ARD->CD1248 CD1248BBL->CD1248 CD1248BGR->CD1248 CD1248BRD->CD1248 CD1248CBL->CD1248 CD1248CGR->CD1248 CD1248CRD->CD1248;;;https://admin.shopify.com/store/trophy-partner/products?query=PS9629;p-8666-acrylic-trinity-tower
5;no;Repunteo simple — cambiar ps_product_ids al producto PaceSetter (CSV de Matrixify);Anniversary Achievement Years of Service Awards;PS6056;CD903Y5 CD903Y10 CD903Y15 CD903Y20 CD903Y25;CD903Y5->CD903Y_ CD903Y10->CD903Y_ CD903Y15->CD903Y_ CD903Y20->CD903Y_ CD903Y25->CD903Y_;;;https://admin.shopify.com/store/trophy-partner/products?query=PS6056;p-5374-anniversary-achievement-years-of-service-awards
5;no;Repunteo simple — cambiar ps_product_ids al producto PaceSetter (CSV de Matrixify);Anniversary Service Recognition Awards;PS8117;CD980Y10 CD980Y15 CD980Y20 CD980Y25 CD980Y30 CD980Y35 CD980Y40 CD980Y45 CD980Y5 CD980Y50 CD981Y10 CD981Y15 CD981Y20 CD981Y25 CD981Y30 CD981Y35 CD981Y40 CD981Y45 CD981Y5 CD981Y50;CD981Y10->CD981Y* CD981Y15->CD981Y* CD981Y20->CD981Y* CD981Y25->CD981Y* CD981Y30->CD981Y* CD981Y35->CD981Y* CD981Y40->CD981Y* CD981Y45->CD981Y* CD981Y5->CD981Y* CD981Y50->CD981Y*;;;https://admin.shopify.com/store/trophy-partner/products?query=PS8117;p-7842-anniversary-service-recognition-awards
5;no;Repunteo simple — cambiar ps_product_ids al producto PaceSetter (CSV de Matrixify);Anniversary Years of Service Achievement Plaque;PS6057;CD902Y10 CD902Y15 CD902Y20 CD902Y25 CD902Y5;CD902Y10->CD902Y* CD902Y15->CD902Y* CD902Y20->CD902Y* CD902Y25->CD902Y* CD902Y5->CD902Y*;;;https://admin.shopify.com/store/trophy-partner/products?query=PS6057;p-5375-anniversary-years-of-service-achievement-plaque
5;no;Repunteo simple — cambiar ps_product_ids al producto PaceSetter (CSV de Matrixify);Anniversary Years of Service Freestanding Award;PS6058;CD904Y10 CD904Y15 CD904Y20 CD904Y25 CD904Y30;CD904Y10->CD904BY* CD904Y15->CD904BY* CD904Y20->CD904BY* CD904Y25->CD904BY* CD904Y30->CD904BY*;;;https://admin.shopify.com/store/trophy-partner/products?query=PS6058;p-5376-anniversary-years-of-service-freestanding-award
5;no;Repunteo simple — cambiar ps_product_ids al producto PaceSetter (CSV de Matrixify);Beveled Circle Award with digital color;PS6088;DCCD332A DCCD332B DCCD332C;DCCD332A->DCCD332 DCCD332B->DCCD332 DCCD332C->DCCD332;;;https://admin.shopify.com/store/trophy-partner/products?query=PS6088;p-5406-beveled-circle-award-with-digital-color
5;no;Repunteo simple — cambiar ps_product_ids al producto PaceSetter (CSV de Matrixify);Beveled Clipped Corner Paperweight;PS8173;GM753A GM753B GM753C;GM753A->GM753 GM753B->GM753 GM753C->GM753;;;https://admin.shopify.com/store/trophy-partner/products?query=PS8173;p-7863-beveled-clipped-corner-paperweight
5;no;Repunteo simple — cambiar ps_product_ids al producto PaceSetter (CSV de Matrixify);Beveled Digi Medium Award;PS6100;DCGI541A DCGI541B;DCGI541A->DCGI541 DCGI541B->DCGI541;;;https://admin.shopify.com/store/trophy-partner/products?query=PS6100;p-5418-beveled-digi-medium-award
5;no;Repunteo simple — cambiar ps_product_ids al producto PaceSetter (CSV de Matrixify);Beveled Paperweight;PS6105;CD225A CD225B;CD225A->CD225 CD225B->CD225;;;https://admin.shopify.com/store/trophy-partner/products?query=PS6105;p-5423-beveled-paperweight
5;no;Repunteo simple — cambiar ps_product_ids al producto PaceSetter (CSV de Matrixify);Blue Crescent Glass Award on Black Oval Glass Base;PS6165;GI654A GI654B;GI654A->GI654 GI654B->GI654;;;https://admin.shopify.com/store/trophy-partner/products?query=PS6165;p-5483-blue-crescent-glass-award-on-black-oval-glass-base
5;no;Repunteo simple — cambiar ps_product_ids al producto PaceSetter (CSV de Matrixify);Blue Spectrum Chisel Carved Tower Large;PS10107;C609LBL;C609LBL->C609LGO;;;https://admin.shopify.com/store/trophy-partner/products?query=PS10107;p-8720-blue-spectrum-chisel-carved-tower-large
5;no;Repunteo simple — cambiar ps_product_ids al producto PaceSetter (CSV de Matrixify);Bright Silver Metal Cup on Marble Base;PS202;CM264A CM264B CM264C;CM264A->CM264 CM264B->CM264 CM264C->CM264;;;https://admin.shopify.com/store/trophy-partner/products?query=PS202;p-5266-bright-silver-metal-cup-on-marble-base
5;no;Repunteo simple — cambiar ps_product_ids al producto PaceSetter (CSV de Matrixify);Canvas Portfolio with Leatherette Accent;PS10146;CM720AGR CM720ARW CM720BBS CM720BGR CM720BRW CM720ABS;CM720AGR->CM720A CM720ARW->CM720A CM720BBS->CM720B CM720BGR->CM720B CM720BRW->CM720B CM720ABS->CM720A;;;https://admin.shopify.com/store/trophy-partner/products?query=PS10146;p-8725-canvas-portfolio-with-leatherette-accent
5;no;Repunteo simple — cambiar ps_product_ids al producto PaceSetter (CSV de Matrixify);Carved Clear Crystal on Black Base with Star Medallion Includes Silver Color;PS6230;GI583MS;GI583MS->GI583M;;;https://admin.shopify.com/store/trophy-partner/products?query=PS6230;p-5548-carved-clear-crystal-on-black-base-with-star-medallion-includes-silver-color
5;no;Repunteo simple — cambiar ps_product_ids al producto PaceSetter (CSV de Matrixify);Cascade Tower Award;PS10153;CD1024BL CD1024CL;CD1024BL->CD1024 CD1024CL->CD1024;;;https://admin.shopify.com/store/trophy-partner/products?query=PS10153;p-8726-cascade-tower-award
5;no;Repunteo simple — cambiar ps_product_ids al producto PaceSetter (CSV de Matrixify);Clear Acrylic Perpetual Plate;PS8361;CD1222PLT;CD1222PLT->CD1222;;;https://admin.shopify.com/store/trophy-partner/products?query=PS8361;p-7917-clear-acrylic-perpetual-plate
5;no;Repunteo simple — cambiar ps_product_ids al producto PaceSetter (CSV de Matrixify);Clear Crystal Angular Award with Amber Center;PS8382;GI664A GI664B GI664C;GI664A->GI664 GI664B->GI664 GI664C->GI664;;;https://admin.shopify.com/store/trophy-partner/products?query=PS8382;p-7923-clear-crystal-angular-award-with-amber-center
5;no;Repunteo simple — cambiar ps_product_ids al producto PaceSetter (CSV de Matrixify);Clear Crystal Diamond Face Award with Red Bottom;PS8387;GM749ARE GM749BRE GM749ABL GM749BBL;GM749ARE->GM749 GM749BRE->GM749 GM749ABL->GM749 GM749BBL->GM749;;;https://admin.shopify.com/store/trophy-partner/products?query=PS8387;p-7925-clear-crystal-diamond-face-award-with-red-bottom
5;no;Repunteo simple — cambiar ps_product_ids al producto PaceSetter (CSV de Matrixify);Clear Optic Crystal Tiered Pyramid on Black Base;PS6290;GM718A GM718B;GM718A->GM718 GM718B->GM718;;;https://admin.shopify.com/store/trophy-partner/products?query=PS6290;p-5608-clear-optic-crystal-tiered-pyramid-on-black-base
5;no;Repunteo simple — cambiar ps_product_ids al producto PaceSetter (CSV de Matrixify);Clear Vase;PS8422;G0988A G0988B;G0988A->G0988 G0988B->G0988;;;https://admin.shopify.com/store/trophy-partner/products?query=PS8422;p-7939-clear-vase
5;no;Repunteo simple — cambiar ps_product_ids al producto PaceSetter (CSV de Matrixify);Clipped Corner Bevel Glass Award and Marble Pillar Base;PS6293;GM723A GM723B;GM723A->GM723 GM723B->GM723;;;https://admin.shopify.com/store/trophy-partner/products?query=PS6293;p-5611-clipped-corner-bevel-glass-award-and-marble-pillar-base
5;no;Repunteo simple — cambiar ps_product_ids al producto PaceSetter (CSV de Matrixify);Cornerstone Excellence Optic Crystal Award;PS6312;GM401A GM401B GM401C;GM401A->GM401 GM401B->GM401 GM401C->GM401;;;https://admin.shopify.com/store/trophy-partner/products?query=PS6312;p-5630-cornerstone-excellence-optic-crystal-award
5;no;Repunteo simple — cambiar ps_product_ids al producto PaceSetter (CSV de Matrixify);Cosmopolitan Plaque Large;PS8449;CD1096B CD1096G CD1096S CD1097B CD1097G CD1097S;CD1096B->CD1096* CD1096G->CD1096* CD1096S->CD1096* CD1097B->CD1097* CD1097G->CD1097* CD1097S->CD1097*;;;https://admin.shopify.com/store/trophy-partner/products?query=PS8449;p-7945-cosmopolitan-plaque-large
5;no;Repunteo simple — cambiar ps_product_ids al producto PaceSetter (CSV de Matrixify);Cosmopolitan Plaque Small;PS8448;CD1095B CD1095G CD1095S;CD1095B->CD1095* CD1095G->CD1095* CD1095S->CD1095*;;;https://admin.shopify.com/store/trophy-partner/products?query=PS8448;p-7944-cosmopolitan-plaque-small
5;no;Repunteo simple — cambiar ps_product_ids al producto PaceSetter (CSV de Matrixify);Crescent Interlock Perpetual Award;PS8451;CD909B CD909W;CD909B->CD909* CD909W->CD909*;;;https://admin.shopify.com/store/trophy-partner/products?query=PS8451;p-7947-crescent-interlock-perpetual-award
5;no;Repunteo simple — cambiar ps_product_ids al producto PaceSetter (CSV de Matrixify);Crimson and Clear Optic Crystal Ribbon Award;PS6315;GM719A GM719B GM719C;GM719A->GM719 GM719B->GM719 GM719C->GM719;;;https://admin.shopify.com/store/trophy-partner/products?query=PS6315;p-5633-crimson-and-clear-optic-crystal-ribbon-award
5;no;Repunteo simple — cambiar ps_product_ids al producto PaceSetter (CSV de Matrixify);Crossroads Horizontal Award;PS10295;CD1040ACL CD1040BCL CD1040ABK CD1040ABL CD1040ARD CD1040BBK CD1040BBL CD1040BRD;CD1040ACL->CD1040A CD1040BCL->CD1040B CD1040ABK->CD1040A CD1040ABL->CD1040A CD1040ARD->CD1040A CD1040BBK->CD1040B CD1040BBL->CD1040B CD1040BRD->CD1040B;;;https://admin.shopify.com/store/trophy-partner/products?query=PS10295;p-8737-crossroads-horizontal-award
5;no;Repunteo simple — cambiar ps_product_ids al producto PaceSetter (CSV de Matrixify);Crossroads Vertical Award;PS10296;CD1045ABK CD1045ABL CD1045BRD;CD1045ABK->CD1045 CD1045ABL->CD1045 CD1045BRD->CD1045;;;https://admin.shopify.com/store/trophy-partner/products?query=PS10296;p-8738-crossroads-vertical-award
5;no;Repunteo simple — cambiar ps_product_ids al producto PaceSetter (CSV de Matrixify);Crystal Golf Ball and Green Accented Pin Award;PS8471;GM671A GM671B GM671C;GM671A->GM671 GM671B->GM671 GM671C->GM671;;;https://admin.shopify.com/store/trophy-partner/products?query=PS8471;p-7955-crystal-golf-ball-and-green-accented-pin-award
5;no;Repunteo simple — cambiar ps_product_ids al producto PaceSetter (CSV de Matrixify);Crystal Golfer Tower Award;PS8500;GM690A GM690B GM690C;GM690A->GM690 GM690B->GM690 GM690C->GM690;;;https://admin.shopify.com/store/trophy-partner/products?query=PS8500;p-7963-crystal-golfer-tower-award
5;no;Repunteo simple — cambiar ps_product_ids al producto PaceSetter (CSV de Matrixify);Crystal Pyramid;PS8475;GM827A GM827B;GM827A->GM827 GM827B->GM827;;;https://admin.shopify.com/store/trophy-partner/products?query=PS8475;p-7957-crystal-pyramid
5;no;Repunteo simple — cambiar ps_product_ids al producto PaceSetter (CSV de Matrixify);Crystal Tablet with Linear Accent;PS8485;GM754A GM754B;GM754A->GM754 GM754B->GM754;;;https://admin.shopify.com/store/trophy-partner/products?query=PS8485;p-7960-crystal-tablet-with-linear-accent
5;no;Repunteo simple — cambiar ps_product_ids al producto PaceSetter (CSV de Matrixify);Crystal Towers Cup Shaped Trophy;PS6349;GM405A GM405B GM405C;GM405A->GM405 GM405B->GM405 GM405C->GM405;;;https://admin.shopify.com/store/trophy-partner/products?query=PS6349;p-5667-crystal-towers-cup-shaped-trophy
5;no;Repunteo simple — cambiar ps_product_ids al producto PaceSetter (CSV de Matrixify);Crystal Triangular Stackable add;PS9633;GI836BK GI836BL GI836WH;GI836BK->GI836 GI836BL->GI836 GI836WH->GI836;;;https://admin.shopify.com/store/trophy-partner/products?query=PS9633;p-8670-crystal-triangular-stackable-add
5;no;Repunteo simple — cambiar ps_product_ids al producto PaceSetter (CSV de Matrixify);Crystal Vase Award;PS6352;GI630A GI630B;GI630A->GI630 GI630B->GI630;;;https://admin.shopify.com/store/trophy-partner/products?query=PS6352;p-5670-crystal-vase-award
5;no;Repunteo simple — cambiar ps_product_ids al producto PaceSetter (CSV de Matrixify);Ebony Piano Finish Plaque with Raised Glass;PS8577;G0985A G0985B;G0985A->G0985 G0985B->G0985;;;https://admin.shopify.com/store/trophy-partner/products?query=PS8577;p-7983-ebony-piano-finish-plaque-with-raised-glass
5;no;Repunteo simple — cambiar ps_product_ids al producto PaceSetter (CSV de Matrixify);Ebony Plaque w/ Gold Swirl Plate;PS6399;CD663A CD663B;CD663A->CD663 CD663B->CD663;;;https://admin.shopify.com/store/trophy-partner/products?query=PS6399;p-5717-ebony-plaque-w-gold-swirl-plate
5;no;Repunteo simple — cambiar ps_product_ids al producto PaceSetter (CSV de Matrixify);Engraved Leatherette Jewelry Box;PS9634;CM824BS CM824BV CM824DB CM824GY CM824PK CM824RD CM824RV CM824RW CM824TL;CM824BS->CM824 CM824BV->CM824;;;https://admin.shopify.com/store/trophy-partner/products?query=PS9634;p-8671-engraved-leatherette-jewelry-box
5;no;Repunteo simple — cambiar ps_product_ids al producto PaceSetter (CSV de Matrixify);Engraved Leatherette Wallet w/Strap;PS9635;CM826BS CM826BV CM826DB CM826GY CM826PK CM826PU CM826RV CM826RW CM826TL CM826WH;CM826BS->CM826;;;https://admin.shopify.com/store/trophy-partner/products?query=PS9635;p-8672-engraved-leatherette-wallet-wstrap
5;no;Repunteo simple — cambiar ps_product_ids al producto PaceSetter (CSV de Matrixify);Faceted Clear Crystal with Black Crystal Award;PS8594;GI671A GI671B GI671C;GI671A->GI671 GI671B->GI671 GI671C->GI671;;;https://admin.shopify.com/store/trophy-partner/products?query=PS8594;p-7988-faceted-clear-crystal-with-black-crystal-award
5;no;Repunteo simple — cambiar ps_product_ids al producto PaceSetter (CSV de Matrixify);Faceted Edge Crystal Paperweight;PS8598;GM826A GM826B;GM826A->GM826 GM826B->GM826;;;https://admin.shopify.com/store/trophy-partner/products?query=PS8598;p-7991-faceted-edge-crystal-paperweight
5;no;Repunteo simple — cambiar ps_product_ids al producto PaceSetter (CSV de Matrixify);Faceted Optic Crystal Tower with Slanted Wood Block Base;PS9636;GM846A GM846B;GM846A->GM846 GM846B->GM846;;;https://admin.shopify.com/store/trophy-partner/products?query=PS9636;p-8673-faceted-optic-crystal-tower-with-slanted-wood-block-base
5;no;Repunteo simple — cambiar ps_product_ids al producto PaceSetter (CSV de Matrixify);Florentia Acrylic Plaque;PS10526;CD973ABL CD973ARD CD973BBL CD973BRD;CD973ABL->CD973 CD973ARD->CD973 CD973BBL->CD973 CD973BRD->CD973;;;https://admin.shopify.com/store/trophy-partner/products?query=PS10526;p-8753-florentia-acrylic-plaque
5;no;Repunteo simple — cambiar ps_product_ids al producto PaceSetter (CSV de Matrixify);Gold/Silver Plastic Cup on Marble Base;PS8797;CM725A CM725B CM725C;CM725A->CM725 CM725B->CM725 CM725C->CM725;;;https://admin.shopify.com/store/trophy-partner/products?query=PS8797;p-8054-goldsilver-plastic-cup-on-marble-base
5;no;Repunteo simple — cambiar ps_product_ids al producto PaceSetter (CSV de Matrixify);Golf Ball on Green Tablet Award;PS8799;CD1051A;CD1051A->CD1051;;;https://admin.shopify.com/store/trophy-partner/products?query=PS8799;p-8056-golf-ball-on-green-tablet-award
5;no;Repunteo simple — cambiar ps_product_ids al producto PaceSetter (CSV de Matrixify);Harvest Carved Acrylic Award;PS8833;CD1215A CD1215B CD1215C;CD1215A->CD1215 CD1215B->CD1215 CD1215C->CD1215;;;https://admin.shopify.com/store/trophy-partner/products?query=PS8833;p-8068-harvest-carved-acrylic-award
5;no;Repunteo simple — cambiar ps_product_ids al producto PaceSetter (CSV de Matrixify);Highflying Eagle Head Award Trophy;PS6609;CM224A CM224B CM224C;CM224A->CM224 CM224B->CM224 CM224C->CM224;;;https://admin.shopify.com/store/trophy-partner/products?query=PS6609;p-5927-highflying-eagle-head-award-trophy
5;no;Repunteo simple — cambiar ps_product_ids al producto PaceSetter (CSV de Matrixify);Interlocking Bent Award;PS8841;CD907B CD907A;CD907B->CD907 CD907A->CD907;;;https://admin.shopify.com/store/trophy-partner/products?query=PS8841;p-8070-interlocking-bent-award
5;no;Repunteo simple — cambiar ps_product_ids al producto PaceSetter (CSV de Matrixify);Interlocking Perpetual Award Bars;PS9792;CD908RRBL CD908RLBL;CD908RRBL->CD908RR CD908RLBL->CD908RL;;;https://admin.shopify.com/store/trophy-partner/products?query=PS9792;p-9434-interlocking-perpetual-award-bars
5;no;Repunteo simple — cambiar ps_product_ids al producto PaceSetter (CSV de Matrixify);Jade Glass Crescent Award with Picture Frame;PS6620;GM454A GM454B GM454C;GM454A->GM454 GM454B->GM454 GM454C->GM454;;;https://admin.shopify.com/store/trophy-partner/products?query=PS6620;p-5938-jade-glass-crescent-award-with-picture-frame
5;no;Repunteo simple — cambiar ps_product_ids al producto PaceSetter (CSV de Matrixify);Jade Glass Rectangle on Base;PS8860;G0661A G0661B;G0661A->G0661 G0661B->G0661;;;https://admin.shopify.com/store/trophy-partner/products?query=PS8860;p-8073-jade-glass-rectangle-on-base
5;no;Repunteo simple — cambiar ps_product_ids al producto PaceSetter (CSV de Matrixify);Lasered Lucite on Mahogany Plaque;PS6647;CD664A CD664B;CD664A->CD664 CD664B->CD664;;;https://admin.shopify.com/store/trophy-partner/products?query=PS6647;p-5965-lasered-lucite-on-mahogany-plaque
5;no;Repunteo simple — cambiar ps_product_ids al producto PaceSetter (CSV de Matrixify);Leatherette Card and Dice Set;PS10861;CM371BS CM371BV CM371GR CM371RW CM371TL;CM371BS->CM371 CM371BV->CM371 CM371GR->CM371 CM371RW->CM371 CM371TL->CM371;;;https://admin.shopify.com/store/trophy-partner/products?query=PS10861;p-8785-leatherette-card-and-dice-set
5;no;Repunteo simple — cambiar ps_product_ids al producto PaceSetter (CSV de Matrixify);Leatherette Dice Cup Set;PS10867;CM370BS CM370DB CM370GR;CM370BS->CM370 CM370DB->CM370 CM370GR->CM370;;;https://admin.shopify.com/store/trophy-partner/products?query=PS10867;p-8788-leatherette-dice-cup-set
5;no;Repunteo simple — cambiar ps_product_ids al producto PaceSetter (CSV de Matrixify);Leatherette Luggage Tag Large;PS10893;CM295BL CM295BS CM295DB CM295GR CM295LB CM295PK CM295RS CM295RW CM295TL;CM295BL->CM295* CM295BS->CM295* CM295DB->CM295* CM295GR->CM295* CM295LB->CM295* CM295PK->CM295* CM295RS->CM295* CM295TL->CM295*;;;https://admin.shopify.com/store/trophy-partner/products?query=PS10893;p-8798-leatherette-luggage-tag-large
5;no;Repunteo simple — cambiar ps_product_ids al producto PaceSetter (CSV de Matrixify);Leatherette Money Clip/Card Holder;PS10898;CM246DB CM246GR CM246LB CM246RW;CM246DB->CM246;;;https://admin.shopify.com/store/trophy-partner/products?query=PS10898;p-8801-leatherette-money-clipcard-holder
5;no;Repunteo simple — cambiar ps_product_ids al producto PaceSetter (CSV de Matrixify);Leatherette Mouse Pad;PS10901;CM452BS CM452DB CM452GR CM452LB CM452PK CM452RS CM452RW CM452TL;CM452BS->CM452 CM452DB->CM452 CM452GR->CM452 CM452RW->CM452;;;https://admin.shopify.com/store/trophy-partner/products?query=PS10901;p-8802-leatherette-mouse-pad
5;no;Repunteo simple — cambiar ps_product_ids al producto PaceSetter (CSV de Matrixify);Leatherette Pen;PS9054;CM356BB CM356BV;CM356BB->CM356BL/CM356BS/CM356DB/CM356GR/CM356LB/CM356PK/CM356RS/CM356RW/CM356TL CM356BV->CM356BL/CM356BS/CM356DB/CM356GR/CM356LB/CM356PK/CM356RS/CM356RW/CM356TL;;;https://admin.shopify.com/store/trophy-partner/products?query=PS9054;p-8092-leatherette-pen
5;no;Repunteo simple — cambiar ps_product_ids al producto PaceSetter (CSV de Matrixify);Leatherette Picture Frame;PS10953;CM248ABS CM248ABV CM248ACK CM248ADB CM248AGR CM248ALB CM248APK CM248ARD CM248ARW CM248ATL CM248AWM CM248BBB CM248ABB CM248BBS CM248BBV CM248BCK CM248BDB CM248BGR CM248BLB CM248BPK CM248BRD CM248BRW CM248BTL CM248BWM CM248CBB CM428DB CM428GR CM428LB CM428RW CM429BS;CM248ABS->CM248A* CM248ABV->CM248A* CM248ACK->CM248A* CM248ADB->CM248A* CM248AGR->CM248A* CM248ALB->CM248A* CM248APK->CM248A* CM248ARW->CM248A* CM248ATL->CM248A* CM248AWM->CM248A* CM248BBS->CM248B* CM248BBV->CM248B* CM248BCK->CM248B* CM248BDB->CM248B* CM248BGR->CM248B* CM248BPK->CM248B* CM248BRW->CM248B* CM248BTL->CM248B* CM248BWM->CM248B*;;;https://admin.shopify.com/store/trophy-partner/products?query=PS10953;p-8828-leatherette-picture-frame
5;no;Repunteo simple — cambiar ps_product_ids al producto PaceSetter (CSV de Matrixify);Leatherette Poker Set;PS10919;CM335BS CM335GR;CM335BS->CM335 CM335GR->CM335;;;https://admin.shopify.com/store/trophy-partner/products?query=PS10919;p-8812-leatherette-poker-set
5;no;Repunteo simple — cambiar ps_product_ids al producto PaceSetter (CSV de Matrixify);Leatherette Rectangle Keychain Large;PS10932;CM245BS CM245CK CM245DB CM245GR CM245LB CM245RW CM245TL;CM245BS->CM245* CM245CK->CM245* CM245DB->CM245* CM245GR->CM245* CM245LB->CM245* CM245RW->CM245* CM245TL->CM245*;;;https://admin.shopify.com/store/trophy-partner/products?query=PS10932;p-8816-leatherette-rectangle-keychain-large
5;no;Repunteo simple — cambiar ps_product_ids al producto PaceSetter (CSV de Matrixify);Leatherette Wiereless Phone Charging Mat with USB Cord;PS10948;CM718BS CM718GR CM718RW CM718TL;CM718BS->CM718 CM718GR->CM718 CM718RW->CM718 CM718TL->CM718;;;https://admin.shopify.com/store/trophy-partner/products?query=PS10948;p-8823-leatherette-wiereless-phone-charging-mat-with-usb-cord
5;no;Repunteo simple — cambiar ps_product_ids al producto PaceSetter (CSV de Matrixify);Leatherette Wine Box;PS10951;CM425BS CM425DB CM425GR CM425RW;CM425BS->CM425 CM425GR->CM425 CM425RW->CM425;;;https://admin.shopify.com/store/trophy-partner/products?query=PS10951;p-8826-leatherette-wine-box
5;no;Repunteo simple — cambiar ps_product_ids al producto PaceSetter (CSV de Matrixify);Lucite Magnetic Entrapment with Engraving;PS6751;CD882A CD882B CD882C;CD882A->CD882 CD882B->CD882 CD882C->CD882;;;https://admin.shopify.com/store/trophy-partner/products?query=PS6751;p-6069-lucite-magnetic-entrapment-with-engraving
5;no;Repunteo simple — cambiar ps_product_ids al producto PaceSetter (CSV de Matrixify);Lucite Star Accent Tower Award on Marble;PS6648;CD41A CD41B CD41C;CD41A->CD41 CD41B->CD41 CD41C->CD41;;;https://admin.shopify.com/store/trophy-partner/products?query=PS6648;p-5966-lucite-star-accent-tower-award-on-marble
5;no;Repunteo simple — cambiar ps_product_ids al producto PaceSetter (CSV de Matrixify);Luminous Pinnacle Award;PS9639;CD1258BL CD1258GR CD1258RD;CD1258BL->CD1258 CD1258GR->CD1258 CD1258RD->CD1258;;;https://admin.shopify.com/store/trophy-partner/products?query=PS9639;p-8675-luminous-pinnacle-award
5;no;Repunteo simple — cambiar ps_product_ids al producto PaceSetter (CSV de Matrixify);Magnetic Entrapment Award;PS9160;D1036B CD1036C;CD1036C->CD1036;;;https://admin.shopify.com/store/trophy-partner/products?query=PS9160;p-8109-magnetic-entrapment-award
5;no;Repunteo simple — cambiar ps_product_ids al producto PaceSetter (CSV de Matrixify);Multi-Faceted Clear Crystal Award with Blue and Black Base;PS6773;GM727A GM727B GM727C;GM727A->GM727 GM727B->GM727 GM727C->GM727;;;https://admin.shopify.com/store/trophy-partner/products?query=PS6773;p-6091-multi-faceted-clear-crystal-award-with-blue-and-black-base
5;no;Repunteo simple — cambiar ps_product_ids al producto PaceSetter (CSV de Matrixify);Multi-Tiered Optic Crystal Shield Award;PS6774;GM679A GM679B GM679C;GM679A->GM679 GM679B->GM679 GM679C->GM679;;;https://admin.shopify.com/store/trophy-partner/products?query=PS6774;p-6092-multi-tiered-optic-crystal-shield-award
5;no;Repunteo simple — cambiar ps_product_ids al producto PaceSetter (CSV de Matrixify);Nile Tower On Marble Base;PS6776;CD313A CD313B;CD313A->CD313 CD313B->CD313;;;https://admin.shopify.com/store/trophy-partner/products?query=PS6776;p-6094-nile-tower-on-marble-base
5;no;Repunteo simple — cambiar ps_product_ids al producto PaceSetter (CSV de Matrixify);Nouveau Acrylic Award with Mirror Accent;PS9640;CD1256ABL CD1256AGR CD1256ARD CD1256CBL CD1256CGR CD1256CRD;CD1256ABL->CD1256 CD1256AGR->CD1256 CD1256ARD->CD1256 CD1256CBL->CD1256 CD1256CGR->CD1256 CD1256CRD->CD1256;;;https://admin.shopify.com/store/trophy-partner/products?query=PS9640;p-8676-nouveau-acrylic-award-with-mirror-accent
5;no;Repunteo simple — cambiar ps_product_ids al producto PaceSetter (CSV de Matrixify);Octagon Acrylic Excellence Award;PS9196;CD911A CD911B CD911C;CD911A->CD911 CD911B->CD911 CD911C->CD911;;;https://admin.shopify.com/store/trophy-partner/products?query=PS9196;p-8116-octagon-acrylic-excellence-award
5;no;Repunteo simple — cambiar ps_product_ids al producto PaceSetter (CSV de Matrixify);Open Pinnacle Award;PS9641;CD1259BL CD1259GR CD1259RD;CD1259BL->CD1259 CD1259GR->CD1259 CD1259RD->CD1259;;;https://admin.shopify.com/store/trophy-partner/products?query=PS9641;p-8677-open-pinnacle-award
5;no;Repunteo simple — cambiar ps_product_ids al producto PaceSetter (CSV de Matrixify);Optic Crystal Block with Stock Color Background;PS9642;GI842ABL GI842AGR GI842ARD GI842BBL GI842BGR GI842BRD GI842CBL GI842CGR GI842CRD;GI842ABL->GI842 GI842BBL->GI842 GI842CBL->GI842;;;https://admin.shopify.com/store/trophy-partner/products?query=PS9642;p-8678-optic-crystal-block-with-stock-color-background
5;no;Repunteo simple — cambiar ps_product_ids al producto PaceSetter (CSV de Matrixify);Optic Crystal Diamond Tower Award;PS9644;GI839A GI839B GI839C;GI839A->GI839 GI839B->GI839 GI839C->GI839;;;https://admin.shopify.com/store/trophy-partner/products?query=PS9644;p-8680-optic-crystal-diamond-tower-award
5;no;Repunteo simple — cambiar ps_product_ids al producto PaceSetter (CSV de Matrixify);Optic Crystal Dome Wedge Award Trophy;PS6798;GI581A GI581B;GI581B->GI581;;;https://admin.shopify.com/store/trophy-partner/products?query=PS6798;p-6116-optic-crystal-dome-wedge-award-trophy
5;no;Repunteo simple — cambiar ps_product_ids al producto PaceSetter (CSV de Matrixify);Optic Crystal Rectangle Award with Full Color;PS9645;GI840AFL GI840ALR GI840ASP GI840BFL GI840BLR GI840BSP GI840CFL GI840CLR GI840CSP;GI840AFL->GI840 GI840ALR->GI840 GI840ASP->GI840 GI840BFL->GI840 GI840BLR->GI840 GI840BSP->GI840 GI840CFL->GI840 GI840CLR->GI840 GI840CSP->GI840;;;https://admin.shopify.com/store/trophy-partner/products?query=PS9645;p-8681-optic-crystal-rectangle-award-with-full-color
5;no;Repunteo simple — cambiar ps_product_ids al producto PaceSetter (CSV de Matrixify);Optic Crystal Tower with Wood Block Base;PS9646;GM845A GM845B;GM845A->GM845 GM845B->GM845;;;https://admin.shopify.com/store/trophy-partner/products?query=PS9646;p-8682-optic-crystal-tower-with-wood-block-base
5;no;Repunteo simple — cambiar ps_product_ids al producto PaceSetter (CSV de Matrixify);Optic Crystal Triad Tower;PS9647;GI838A GI838B;GI838A->GI838 GI838B->GI838;;;https://admin.shopify.com/store/trophy-partner/products?query=PS9647;p-8683-optic-crystal-triad-tower
5;no;Repunteo simple — cambiar ps_product_ids al producto PaceSetter (CSV de Matrixify);Optic Crystal Wedge with Colorful Wave Design;PS9648;GI843ABL GI843AGR GI843ARD GI843BBL GI843BGR GI843BRD GI843CBL GI843CGR GI843CRD GI843DBL GI843DGR GI843DRD;GI843ABL->GI843 GI843AGR->GI843 GI843ARD->GI843 GI843BBL->GI843 GI843BGR->GI843 GI843BRD->GI843 GI843CBL->GI843 GI843CGR->GI843 GI843CRD->GI843 GI843DBL->GI843 GI843DGR->GI843 GI843DRD->GI843;;;https://admin.shopify.com/store/trophy-partner/products?query=PS9648;p-8684-optic-crystal-wedge-with-colorful-wave-design
5;no;Repunteo simple — cambiar ps_product_ids al producto PaceSetter (CSV de Matrixify);Orbital Metal Golfer Award;PS9253;GM691A GM691B GM691C;GM691A->GM691 GM691B->GM691 GM691C->GM691;;;https://admin.shopify.com/store/trophy-partner/products?query=PS9253;p-8127-orbital-metal-golfer-award
5;no;Repunteo simple — cambiar ps_product_ids al producto PaceSetter (CSV de Matrixify);Pearl Edge Scroll Glass on Black Base;PS6840;GM717A GM717B GM717C;GM717A->GM717 GM717B->GM717 GM717C->GM717;;;https://admin.shopify.com/store/trophy-partner/products?query=PS6840;p-6158-pearl-edge-scroll-glass-on-black-base
5;no;Repunteo simple — cambiar ps_product_ids al producto PaceSetter (CSV de Matrixify);Perpetual Corporate Cup;PS9265;CM810G CM810S;CM810G->CM810* CM810S->CM810*;;;https://admin.shopify.com/store/trophy-partner/products?query=PS9265;p-8131-perpetual-corporate-cup
5;no;Repunteo simple — cambiar ps_product_ids al producto PaceSetter (CSV de Matrixify);Perpetual Corporate Cup with Perpetual Plates;PS9264;CM810EZG CM810EZS;CM810EZG->CM810EZ* CM810EZS->CM810EZ*;;;https://admin.shopify.com/store/trophy-partner/products?query=PS9264;p-8130-perpetual-corporate-cup-with-perpetual-plates
5;no;Repunteo simple — cambiar ps_product_ids al producto PaceSetter (CSV de Matrixify);Pinstripe Award;PS6846;CD1028A CD1028B;CD1028A->CD1028 CD1028B->CD1028;;;https://admin.shopify.com/store/trophy-partner/products?query=PS6846;p-6164-pinstripe-award
5;no;Repunteo simple — cambiar ps_product_ids al producto PaceSetter (CSV de Matrixify);Powder Coated Travel Water Bottle;PS11171;CM817BK CM817BL CM817CR CM817DB CM817GR CM817GY CM817LB CM817LP CM817MR CM817OR CM817PK CM817PU CM817RD CM817TL CM817WH CM817YW CM818BK CM818BL CM818CR CM818DB CM818GR CM818GY CM818LB CM818LP CM818MR CM818OR CM818PK CM818PU CM818RD CM818TL CM818WH CM818YW;CM817BK->CM817* CM817BL->CM817* CM817CR->CM817* CM817DB->CM817* CM817GR->CM817* CM817GY->CM817* CM817LB->CM817* CM817LP->CM817* CM817MR->CM817* CM817OR->CM817* CM817PK->CM817* CM817PU->CM817* CM817RD->CM817* CM817TL->CM817* CM817WH->CM817* CM817YW->CM817* CM818BK->CM818* CM818BL->CM818* CM818CR->CM818* CM818DB->CM818* CM818GR->CM818* CM818GY->CM818* CM818LB->CM818* CM818LP->CM818* CM818MR->CM818* CM818OR->CM818* CM818PK->CM818* CM818PU->CM818* CM818RD->CM818* CM818TL->CM818* CM818WH->CM818* CM818YW->CM818*;;;https://admin.shopify.com/store/trophy-partner/products?query=PS11171;p-8852-powder-coated-travel-water-bottle
5;no;Repunteo simple — cambiar ps_product_ids al producto PaceSetter (CSV de Matrixify);Premium Horizontal Jade Glass Tablet with Metal Stand;PS6855;GM669A GM669B GM669C;GM669A->GM669 GM669B->GM669 GM669C->GM669;;;https://admin.shopify.com/store/trophy-partner/products?query=PS6855;p-6173-premium-horizontal-jade-glass-tablet-with-metal-stand
5;no;Repunteo simple — cambiar ps_product_ids al producto PaceSetter (CSV de Matrixify);Rectangle Laser Edge Award;PS9321;CD912AR CD912BR;CD912AR->CD912 CD912BR->CD912;;;https://admin.shopify.com/store/trophy-partner/products?query=PS9321;p-8150-rectangle-laser-edge-award
5;no;Repunteo simple — cambiar ps_product_ids al producto PaceSetter (CSV de Matrixify);Rising Star Award;PS9351;CD1218A CD1218B CD1218C;CD1218A->CD1218 CD1218B->CD1218 CD1218C->CD1218;;;https://admin.shopify.com/store/trophy-partner/products?query=PS9351;p-8161-rising-star-award
5;no;Repunteo simple — cambiar ps_product_ids al producto PaceSetter (CSV de Matrixify);Rosewood Piano Finish Board with Raised Glass;PS9364;G0986A G0986B;G0986A->G0986 G0986B->G0986;;;https://admin.shopify.com/store/trophy-partner/products?query=PS9364;p-8164-rosewood-piano-finish-board-with-raised-glass
5;no;Repunteo simple — cambiar ps_product_ids al producto PaceSetter (CSV de Matrixify);Rounded Acrylic Highlighter Award;PS9649;CD1252ABG CD1252AOR CD1252APB CD1252BBG CD1252BOR CD1252BPB CD1252CBG CD1252COR CD1252CPB;CD1252ABG->CD1252 CD1252AOR->CD1252 CD1252APB->CD1252 CD1252BBG->CD1252 CD1252BOR->CD1252 CD1252BPB->CD1252 CD1252CBG->CD1252 CD1252COR->CD1252 CD1252CPB->CD1252;;;https://admin.shopify.com/store/trophy-partner/products?query=PS9649;p-8685-rounded-acrylic-highlighter-award
5;no;Repunteo simple — cambiar ps_product_ids al producto PaceSetter (CSV de Matrixify);Sedona Ridge Plaque;PS11295;CD916ABL CD916AGR CD916ARD CD916BBL CD916BGR CD916BRD;CD916ABL->CD916A* CD916AGR->CD916A* CD916ARD->CD916A* CD916BBL->CD916B* CD916BGR->CD916B* CD916BRD->CD916B*;;;https://admin.shopify.com/store/trophy-partner/products?query=PS11295;p-8866-sedona-ridge-plaque
5;no;Repunteo simple — cambiar ps_product_ids al producto PaceSetter (CSV de Matrixify);Sedona Ridge Tablet Award;PS11297;CD915ABL CD915AGR CD915ARD CD915BBL CD915BGR CD915BRD CD915CBL CD915CGR CD915CRD;CD915ABL->CD915A CD915AGR->CD915A CD915ARD->CD915A CD915BBL->CD915B CD915BGR->CD915B CD915BRD->CD915B CD915CBL->CD915C CD915CGR->CD915C CD915CRD->CD915C;;;https://admin.shopify.com/store/trophy-partner/products?query=PS11297;p-8868-sedona-ridge-tablet-award
5;no;Repunteo simple — cambiar ps_product_ids al producto PaceSetter (CSV de Matrixify);Silver Architectural Metal Swirl Wall Plaque;PS6920;CD434S CD435S CD436S;CD434S->CD434* CD435S->CD435* CD436S->CD436*;;;https://admin.shopify.com/store/trophy-partner/products?query=PS6920;p-6238-silver-architectural-metal-swirl-wall-plaque
5;no;Repunteo simple — cambiar ps_product_ids al producto PaceSetter (CSV de Matrixify);Silver Star on Crystal Base with Silver Plate;PS9412;GM625A GM625B;GM625A->GM625 GM625B->GM625;;;https://admin.shopify.com/store/trophy-partner/products?query=PS9412;p-8178-silver-star-on-crystal-base-with-silver-plate
5;no;Repunteo simple — cambiar ps_product_ids al producto PaceSetter (CSV de Matrixify);Slant Top Crystal Cylinder Award;PS9434;GM758A GM758B GM75CA;GM758A->GM758 GM758B->GM758;;;https://admin.shopify.com/store/trophy-partner/products?query=PS9434;p-8181-slant-top-crystal-cylinder-award
5;no;Repunteo simple — cambiar ps_product_ids al producto PaceSetter (CSV de Matrixify);Slant Top Vase;PS9435;G0500A G0500B G0500C;G0500A->G0500 G0500B->G0500 G0500C->G0500;;;https://admin.shopify.com/store/trophy-partner/products?query=PS9435;p-8182-slant-top-vase
5;no;Repunteo simple — cambiar ps_product_ids al producto PaceSetter (CSV de Matrixify);Slide-in Certificate Ebony Plaque Ebony in Mailer Box;PS6948;CD120M;CD120M->CD120G;;;https://admin.shopify.com/store/trophy-partner/products?query=PS6948;p-6266-slide-in-certificate-ebony-plaque-ebony-in-mailer-box
5;no;Repunteo simple — cambiar ps_product_ids al producto PaceSetter (CSV de Matrixify);Small Digi;PS11359;CD547AAWN;CD547AAWN->CD547AA;;;https://admin.shopify.com/store/trophy-partner/products?query=PS11359;p-8875-small-digi
5;no;Repunteo simple — cambiar ps_product_ids al producto PaceSetter (CSV de Matrixify);Sweeping Success Acrylic Award;PS9652;CD1249ABL CD1249AGR CD1249ARD CD1249BBL CD1249BGR CD1249BRD CD1249CBL CD1249CGR CD1249CRD;CD1249ABL->CD1249 CD1249AGR->CD1249 CD1249ARD->CD1249 CD1249BBL->CD1249 CD1249BGR->CD1249 CD1249BRD->CD1249 CD1249CBL->CD1249 CD1249CGR->CD1249 CD1249CRD->CD1249;;;https://admin.shopify.com/store/trophy-partner/products?query=PS9652;p-8688-sweeping-success-acrylic-award
5;no;Repunteo simple — cambiar ps_product_ids al producto PaceSetter (CSV de Matrixify);Tahoe Drinkware;PS11413;CM814BK CM814BL CM814CR CM814DB CM814GR CM814GY CM814LB CM814LP CM814MR CM814OR CM814PK CM814PU CM814RD CM814TL CM814WH CM814YW;CM814BK->CM814 CM814BL->CM814 CM814CR->CM814 CM814DB->CM814 CM814GR->CM814 CM814GY->CM814 CM814LB->CM814 CM814LP->CM814 CM814MR->CM814 CM814OR->CM814 CM814PK->CM814 CM814PU->CM814 CM814RD->CM814 CM814TL->CM814 CM814WH->CM814 CM814YW->CM814;;;https://admin.shopify.com/store/trophy-partner/products?query=PS11413;p-8883-tahoe-drinkware
5;no;Repunteo simple — cambiar ps_product_ids al producto PaceSetter (CSV de Matrixify);Tahoe Tumbler Powder Coated Beverage Can Holder;PS11418;CM813BK CM813BL CM813CR CM813DB CM813GR CM813GY CM813LB CM813LP CM813MR CM813OR CM813PK CM813PU CM813RD CM813TL CM813WH CM813YW;CM813BK->CM813 CM813BL->CM813 CM813CR->CM813 CM813DB->CM813 CM813GR->CM813 CM813GY->CM813 CM813LB->CM813 CM813LP->CM813 CM813MR->CM813 CM813OR->CM813 CM813PK->CM813 CM813PU->CM813 CM813RD->CM813 CM813TL->CM813 CM813WH->CM813 CM813YW->CM813;;;https://admin.shopify.com/store/trophy-partner/products?query=PS11418;p-8888-tahoe-tumbler-powder-coated-beverage-can-holder
5;no;Repunteo simple — cambiar ps_product_ids al producto PaceSetter (CSV de Matrixify);Taper Edge Award;PS11419;GM750ABK GM750ABL GM750BBK GM750BBL GM751ABK;GM750ABK->GM750 GM750ABL->GM750 GM750BBK->GM750 GM750BBL->GM750 GM751ABK->GM751;;;https://admin.shopify.com/store/trophy-partner/products?query=PS11419;p-8889-taper-edge-award
5;no;Repunteo simple — cambiar ps_product_ids al producto PaceSetter (CSV de Matrixify);Thick Beveled Paperweight Award;PS6993;CD226A DCCD226B CD226B;CD226A->CD226 CD226B->CD226;;;https://admin.shopify.com/store/trophy-partner/products?query=PS6993;p-6311-thick-beveled-paperweight-award
5;no;Repunteo simple — cambiar ps_product_ids al producto PaceSetter (CSV de Matrixify);Two-level Years of Service Award;PS9653;CD1260Y10BL CD1260Y10GR CD1260Y10RD CD1260Y15BL CD1260Y15GR CD1260Y15RD CD1260Y1BL CD1260Y1GR CD1260Y1RD CD1260Y20BL CD1260Y20GR CD1260Y20RD CD1260Y25BL CD1260Y25GR CD1260Y25RD CD1260Y2BL CD1260Y2GR CD1260Y2RD CD1260Y30BL CD1260Y30GR CD1260Y30RD CD1260Y35BL CD1260Y35GR CD1260Y35RD CD1260Y3BL CD1260Y3GR CD1260Y3RD CD1260Y40BL CD1260Y40GR CD1260Y40RD CD1260Y45BL CD1260Y45GR CD1260Y45RD CD1260Y4BL CD1260Y4GR;CD1260Y10BL->CD1260 CD1260Y10GR->CD1260 CD1260Y15BL->CD1260 CD1260Y15GR->CD1260 CD1260Y1BL->CD1260 CD1260Y20BL->CD1260 CD1260Y20GR->CD1260 CD1260Y25BL->CD1260 CD1260Y25GR->CD1260 CD1260Y2BL->CD1260 CD1260Y30BL->CD1260 CD1260Y30GR->CD1260 CD1260Y35BL->CD1260 CD1260Y35GR->CD1260 CD1260Y40BL->CD1260 CD1260Y40GR->CD1260 CD1260Y45BL->CD1260 CD1260Y45GR->CD1260;;;https://admin.shopify.com/store/trophy-partner/products?query=PS9653;p-8689-two-level-years-of-service-award
5;no;Repunteo simple — cambiar ps_product_ids al producto PaceSetter (CSV de Matrixify);White Wood Beveled Edge Block;PS7024;DCCD944A DCCD944B DCCD944C;DCCD944A->DCCD944 DCCD944B->DCCD944 DCCD944C->DCCD944;;;https://admin.shopify.com/store/trophy-partner/products?query=PS7024;p-6342-white-wood-beveled-edge-block
6;no;Espera el arreglo de la unión de familias (código) — no sincronizar hasta entonces;Alabama State Silhouette Awards;PS6488;CD900AL;"línea CD900*; la unión añadiría: CD900AK CD900AR CD900AZ CD900CA CD900CO CD900CT CD900DE CD900FL CD900GA CD900HI ";;;https://admin.shopify.com/store/trophy-partner/products?query=PS6488;p-5806-alabama-state-silhouette-awards
6;no;Espera el arreglo de la unión de familias (código) — no sincronizar hasta entonces;Alaska State Silhouette Awards;PS6487;CD900AK;"línea CD900*; la unión añadiría: CD900AL CD900AR CD900AZ CD900CA CD900CO CD900CT CD900DE CD900FL CD900GA CD900HI ";;;https://admin.shopify.com/store/trophy-partner/products?query=PS6487;p-5805-alaska-state-silhouette-awards
6;no;Espera el arreglo de la unión de familias (código) — no sincronizar hasta entonces;Arizona State Silhouette Awards;PS6490;CD900AZ;"línea CD900*; la unión añadiría: CD900AK CD900AL CD900AR CD900CA CD900CO CD900CT CD900DE CD900FL CD900GA CD900HI ";;;https://admin.shopify.com/store/trophy-partner/products?query=PS6490;p-5808-arizona-state-silhouette-awards
6;no;Espera el arreglo de la unión de familias (código) — no sincronizar hasta entonces;Arkansas State Silhouette Awards;PS6489;CD900AR;"línea CD900*; la unión añadiría: CD900AK CD900AL CD900AZ CD900CA CD900CO CD900CT CD900DE CD900FL CD900GA CD900HI ";;;https://admin.shopify.com/store/trophy-partner/products?query=PS6489;p-5807-arkansas-state-silhouette-awards
6;no;Espera el arreglo de la unión de familias (código) — no sincronizar hasta entonces;Blue  Accent Clear Center Crystal;PS10044;GM809ABL GM809BBL GM809CBL;"línea GM809A* GM809B* GM809C*; la unión añadiría: GM809ARE GM809BRE GM809CRE";;;https://admin.shopify.com/store/trophy-partner/products?query=PS10044;p-8712-blue-accent-clear-center-crystal
6;no;Espera el arreglo de la unión de familias (código) — no sincronizar hasta entonces;Blue Diamond Carve Lucite Octagon Plaque;PS10084;C1407LB;"línea C1407L*; la unión añadiría: C1407LG C1407LR";;;https://admin.shopify.com/store/trophy-partner/products?query=PS10084;p-8715-blue-diamond-carve-lucite-octagon-plaque
6;no;Espera el arreglo de la unión de familias (código) — no sincronizar hasta entonces;California State Silhouette Awards;PS6491;CD900CA;"línea CD900*; la unión añadiría: CD900AK CD900AL CD900AR CD900AZ CD900CO CD900CT CD900DE CD900FL CD900GA CD900HI ";;;https://admin.shopify.com/store/trophy-partner/products?query=PS6491;p-5809-california-state-silhouette-awards
6;no;Espera el arreglo de la unión de familias (código) — no sincronizar hasta entonces;Carved Clear Crystal on Black Base with Compass Medallion;PS6228;GI583M;"línea GI583M; la unión añadiría: ";;;https://admin.shopify.com/store/trophy-partner/products?query=PS6228;p-5546-carved-clear-crystal-on-black-base-with-compass-medallion
6;no;Espera el arreglo de la unión de familias (código) — no sincronizar hasta entonces;Choice of Digi Medium;PS8349;DCC3001CEB;"línea DCC3001C*; la unión añadiría: DCC3001CWN";;;https://admin.shopify.com/store/trophy-partner/products?query=PS8349;p-7912-choice-of-digi-medium
6;no;Espera el arreglo de la unión de familias (código) — no sincronizar hasta entonces;Clear and Black Crescent Curved Glass Award Trophy;PS6999;GI586BK;"línea GI586*; la unión añadiría: GI586BL";;;https://admin.shopify.com/store/trophy-partner/products?query=PS6999;p-6317-clear-and-black-crescent-curved-glass-award-trophy
6;no;Espera el arreglo de la unión de familias (código) — no sincronizar hasta entonces;Clear Star Power Sculptured Lucite Award;PS6292;CA21AXC CA21BXC;"línea CA21AX* CA21BX*; la unión añadiría: CA21AXB CA21AXG CA21BXB CA21BXG";;;https://admin.shopify.com/store/trophy-partner/products?query=PS6292;p-5610-clear-star-power-sculptured-lucite-award
6;no;Espera el arreglo de la unión de familias (código) — no sincronizar hasta entonces;Clear Star Power Sculptured Lucite Large;PS6291;CA21CXC;"línea CA21CX*; la unión añadiría: CA21CXB CA21CXG";;;https://admin.shopify.com/store/trophy-partner/products?query=PS6291;p-5609-clear-star-power-sculptured-lucite-large
6;no;Espera el arreglo de la unión de familias (código) — no sincronizar hasta entonces;Colorado State Silhouette Awards;PS6492;CD900CO;"línea CD900*; la unión añadiría: CD900AK CD900AL CD900AR CD900AZ CD900CA CD900CT CD900DE CD900FL CD900GA CD900HI ";;;https://admin.shopify.com/store/trophy-partner/products?query=PS6492;p-5810-colorado-state-silhouette-awards
6;no;Espera el arreglo de la unión de familias (código) — no sincronizar hasta entonces;Connecticut State Silhouette Awards;PS6493;CD900CT;"línea CD900*; la unión añadiría: CD900AK CD900AL CD900AR CD900AZ CD900CA CD900CO CD900DE CD900FL CD900GA CD900HI ";;;https://admin.shopify.com/store/trophy-partner/products?query=PS6493;p-5811-connecticut-state-silhouette-awards
6;no;Espera el arreglo de la unión de familias (código) — no sincronizar hasta entonces;Cork Beverage Holder;PS6299;CM289CK;"línea CM289*; la unión añadiría: CM289BB CM289BL CM289BS CM289BV CM289DB CM289GR CM289LB CM289PK CM289RS CM289RW ";;;https://admin.shopify.com/store/trophy-partner/products?query=PS6299;p-5617-cork-beverage-holder
6;no;Espera el arreglo de la unión de familias (código) — no sincronizar hasta entonces;Cork Flask;PS6302;CM286CK;"línea CM286*; la unión añadiría: CM286BB CM286BL CM286BS CM286BV CM286DB CM286GR CM286LB CM286PK CM286RS CM286RW ";;;https://admin.shopify.com/store/trophy-partner/products?query=PS6302;p-5620-cork-flask
6;no;Espera el arreglo de la unión de familias (código) — no sincronizar hasta entonces;Deco Clear Glass with Black Glass Accents;PS6363;GI602BK;"línea GI602*; la unión añadiría: GI602BL";;;https://admin.shopify.com/store/trophy-partner/products?query=PS6363;p-5681-deco-clear-glass-with-black-glass-accents
6;no;Espera el arreglo de la unión de familias (código) — no sincronizar hasta entonces;Deco Clear Glass with Blue Glass Accents;PS10408;GI602BL;"línea GI602*; la unión añadiría: GI602BK";;;https://admin.shopify.com/store/trophy-partner/products?query=PS10408;p-8750-deco-clear-glass-with-blue-glass-accents
6;no;Espera el arreglo de la unión de familias (código) — no sincronizar hasta entonces;Delaware State Silhouette Awards;PS6494;CD900DE;"línea CD900*; la unión añadiría: CD900AK CD900AL CD900AR CD900AZ CD900CA CD900CO CD900CT CD900FL CD900GA CD900HI ";;;https://admin.shopify.com/store/trophy-partner/products?query=PS6494;p-5812-delaware-state-silhouette-awards
6;no;Espera el arreglo de la unión de familias (código) — no sincronizar hasta entonces;Florida State Silhouette Awards;PS6495;CD900FL;"línea CD900*; la unión añadiría: CD900AK CD900AL CD900AR CD900AZ CD900CA CD900CO CD900CT CD900DE CD900GA CD900HI ";;;https://admin.shopify.com/store/trophy-partner/products?query=PS6495;p-5813-florida-state-silhouette-awards
6;no;Espera el arreglo de la unión de familias (código) — no sincronizar hasta entonces;Freestanding Lucite Block;PS6435;CD549B C0812A CD549C C0813A C0812B C0813B C0812C;"línea C0813A C0813B; la unión añadiría: ";;sí;https://admin.shopify.com/store/trophy-partner/products?query=PS6435;p-5753-freestanding-lucite-block
6;no;Espera el arreglo de la unión de familias (código) — no sincronizar hasta entonces;Frosted Acrylic AK State Cutout on Black Plaque;PS8630;CD953AK;"línea CD953*; la unión añadiría: CD953AL CD953AR CD953AZ CD953CO CD953CT CD953GA CD953IA CD953IL CD953IN CD953KS ";;;https://admin.shopify.com/store/trophy-partner/products?query=PS8630;p-7997-frosted-acrylic-ak-state-cutout-on-black-plaque
6;no;Espera el arreglo de la unión de familias (código) — no sincronizar hasta entonces;Frosted Acrylic AL State Cutout on Black Plaque;PS8631;CD953AL;"línea CD953*; la unión añadiría: CD953AK CD953AR CD953AZ CD953CO CD953CT CD953GA CD953IA CD953IL CD953IN CD953KS ";;;https://admin.shopify.com/store/trophy-partner/products?query=PS8631;p-7998-frosted-acrylic-al-state-cutout-on-black-plaque
6;no;Espera el arreglo de la unión de familias (código) — no sincronizar hasta entonces;Frosted Acrylic AR State Cutout on Black Plaque;PS8632;CD953AR;"línea CD953*; la unión añadiría: CD953AK CD953AL CD953AZ CD953CO CD953CT CD953GA CD953IA CD953IL CD953IN CD953KS ";;;https://admin.shopify.com/store/trophy-partner/products?query=PS8632;p-7999-frosted-acrylic-ar-state-cutout-on-black-plaque
6;no;Espera el arreglo de la unión de familias (código) — no sincronizar hasta entonces;Frosted Acrylic AZ State Cutout on Black Plaque;PS8633;CD953AZ;"línea CD953*; la unión añadiría: CD953AK CD953AL CD953AR CD953CO CD953CT CD953GA CD953IA CD953IL CD953IN CD953KS ";;;https://admin.shopify.com/store/trophy-partner/products?query=PS8633;p-8000-frosted-acrylic-az-state-cutout-on-black-plaque
6;no;Espera el arreglo de la unión de familias (código) — no sincronizar hasta entonces;Frosted Acrylic CO State Cutout on Black Plaque;PS8635;CD953CO;"línea CD953*; la unión añadiría: CD953AK CD953AL CD953AR CD953AZ CD953CT CD953GA CD953IA CD953IL CD953IN CD953KS ";;;https://admin.shopify.com/store/trophy-partner/products?query=PS8635;p-8002-frosted-acrylic-co-state-cutout-on-black-plaque
6;no;Espera el arreglo de la unión de familias (código) — no sincronizar hasta entonces;Frosted Acrylic CT State Cutout on Black Plaque;PS8636;CD953CT;"línea CD953*; la unión añadiría: CD953AK CD953AL CD953AR CD953AZ CD953CO CD953GA CD953IA CD953IL CD953IN CD953KS ";;;https://admin.shopify.com/store/trophy-partner/products?query=PS8636;p-8003-frosted-acrylic-ct-state-cutout-on-black-plaque
6;no;Espera el arreglo de la unión de familias (código) — no sincronizar hasta entonces;Frosted Acrylic GA State Cutout on Black Plaque;PS8640;CD953GA;"línea CD953*; la unión añadiría: CD953AK CD953AL CD953AR CD953AZ CD953CO CD953CT CD953IA CD953IL CD953IN CD953KS ";;;https://admin.shopify.com/store/trophy-partner/products?query=PS8640;p-8006-frosted-acrylic-ga-state-cutout-on-black-plaque
6;no;Espera el arreglo de la unión de familias (código) — no sincronizar hasta entonces;Frosted Acrylic IA State Cutout on Black Plaque;PS8642;CD953IA;"línea CD953*; la unión añadiría: CD953AK CD953AL CD953AR CD953AZ CD953CO CD953CT CD953GA CD953IL CD953IN CD953KS ";;;https://admin.shopify.com/store/trophy-partner/products?query=PS8642;p-8008-frosted-acrylic-ia-state-cutout-on-black-plaque
6;no;Espera el arreglo de la unión de familias (código) — no sincronizar hasta entonces;Frosted Acrylic IL State Cutout on Black Plaque;PS8644;CD953IL;"línea CD953*; la unión añadiría: CD953AK CD953AL CD953AR CD953AZ CD953CO CD953CT CD953GA CD953IA CD953IN CD953KS ";;;https://admin.shopify.com/store/trophy-partner/products?query=PS8644;p-8010-frosted-acrylic-il-state-cutout-on-black-plaque
6;no;Espera el arreglo de la unión de familias (código) — no sincronizar hasta entonces;Frosted Acrylic IN State Cutout on Black Plaque;PS8645;CD953IN;"línea CD953*; la unión añadiría: CD953AK CD953AL CD953AR CD953AZ CD953CO CD953CT CD953GA CD953IA CD953IL CD953KS ";;;https://admin.shopify.com/store/trophy-partner/products?query=PS8645;p-8011-frosted-acrylic-in-state-cutout-on-black-plaque
6;no;Espera el arreglo de la unión de familias (código) — no sincronizar hasta entonces;Frosted Acrylic KS State Cutout on Black Plaque;PS8646;CD953KS;"línea CD953*; la unión añadiría: CD953AK CD953AL CD953AR CD953AZ CD953CO CD953CT CD953GA CD953IA CD953IL CD953IN ";;;https://admin.shopify.com/store/trophy-partner/products?query=PS8646;p-8012-frosted-acrylic-ks-state-cutout-on-black-plaque
6;no;Espera el arreglo de la unión de familias (código) — no sincronizar hasta entonces;Frosted Acrylic KY State Cutout on Black Plaque;PS8647;CD953KY;"línea CD953*; la unión añadiría: CD953AK CD953AL CD953AR CD953AZ CD953CO CD953CT CD953GA CD953IA CD953IL CD953IN ";;;https://admin.shopify.com/store/trophy-partner/products?query=PS8647;p-8013-frosted-acrylic-ky-state-cutout-on-black-plaque
6;no;Espera el arreglo de la unión de familias (código) — no sincronizar hasta entonces;Frosted Acrylic LA State Cutout on Black Plaque;PS8648;CD953LA;"línea CD953*; la unión añadiría: CD953AK CD953AL CD953AR CD953AZ CD953CO CD953CT CD953GA CD953IA CD953IL CD953IN ";;;https://admin.shopify.com/store/trophy-partner/products?query=PS8648;p-8014-frosted-acrylic-la-state-cutout-on-black-plaque
6;no;Espera el arreglo de la unión de familias (código) — no sincronizar hasta entonces;Frosted Acrylic ME State Cutout on Black Plaque;PS8651;CD953ME;"línea CD953*; la unión añadiría: CD953AK CD953AL CD953AR CD953AZ CD953CO CD953CT CD953GA CD953IA CD953IL CD953IN ";;;https://admin.shopify.com/store/trophy-partner/products?query=PS8651;p-8017-frosted-acrylic-me-state-cutout-on-black-plaque
6;no;Espera el arreglo de la unión de familias (código) — no sincronizar hasta entonces;Frosted Acrylic MN State Cutout on Black Plaque;PS8653;CD953MN;"línea CD953*; la unión añadiría: CD953AK CD953AL CD953AR CD953AZ CD953CO CD953CT CD953GA CD953IA CD953IL CD953IN ";;;https://admin.shopify.com/store/trophy-partner/products?query=PS8653;p-8019-frosted-acrylic-mn-state-cutout-on-black-plaque
6;no;Espera el arreglo de la unión de familias (código) — no sincronizar hasta entonces;Frosted Acrylic MO State Cutout on Black Plaque;PS8654;CD953MO;"línea CD953*; la unión añadiría: CD953AK CD953AL CD953AR CD953AZ CD953CO CD953CT CD953GA CD953IA CD953IL CD953IN ";;;https://admin.shopify.com/store/trophy-partner/products?query=PS8654;p-8020-frosted-acrylic-mo-state-cutout-on-black-plaque
6;no;Espera el arreglo de la unión de familias (código) — no sincronizar hasta entonces;Frosted Acrylic MS State Cutout on Black Plaque;PS8655;CD953MS;"línea CD953*; la unión añadiría: CD953AK CD953AL CD953AR CD953AZ CD953CO CD953CT CD953GA CD953IA CD953IL CD953IN ";;;https://admin.shopify.com/store/trophy-partner/products?query=PS8655;p-8021-frosted-acrylic-ms-state-cutout-on-black-plaque
6;no;Espera el arreglo de la unión de familias (código) — no sincronizar hasta entonces;Frosted Acrylic MT State Cutout on Black Plaque;PS8656;CD953MT;"línea CD953*; la unión añadiría: CD953AK CD953AL CD953AR CD953AZ CD953CO CD953CT CD953GA CD953IA CD953IL CD953IN ";;;https://admin.shopify.com/store/trophy-partner/products?query=PS8656;p-8022-frosted-acrylic-mt-state-cutout-on-black-plaque
6;no;Espera el arreglo de la unión de familias (código) — no sincronizar hasta entonces;Frosted Acrylic ND State Cutout on Black Plaque;PS8658;CD953ND;"línea CD953*; la unión añadiría: CD953AK CD953AL CD953AR CD953AZ CD953CO CD953CT CD953GA CD953IA CD953IL CD953IN ";;;https://admin.shopify.com/store/trophy-partner/products?query=PS8658;p-8024-frosted-acrylic-nd-state-cutout-on-black-plaque
6;no;Espera el arreglo de la unión de familias (código) — no sincronizar hasta entonces;Frosted Acrylic NE State Cutout on Black Plaque;PS8659;CD953NE;"línea CD953*; la unión añadiría: CD953AK CD953AL CD953AR CD953AZ CD953CO CD953CT CD953GA CD953IA CD953IL CD953IN ";;;https://admin.shopify.com/store/trophy-partner/products?query=PS8659;p-8025-frosted-acrylic-ne-state-cutout-on-black-plaque
6;no;Espera el arreglo de la unión de familias (código) — no sincronizar hasta entonces;Frosted Acrylic NH State Cutout on Black Plaque;PS8660;CD953NH;"línea CD953*; la unión añadiría: CD953AK CD953AL CD953AR CD953AZ CD953CO CD953CT CD953GA CD953IA CD953IL CD953IN ";;;https://admin.shopify.com/store/trophy-partner/products?query=PS8660;p-8026-frosted-acrylic-nh-state-cutout-on-black-plaque
6;no;Espera el arreglo de la unión de familias (código) — no sincronizar hasta entonces;Frosted Acrylic NJ State Cutout on Black Plaque;PS8661;CD953NJ;"línea CD953*; la unión añadiría: CD953AK CD953AL CD953AR CD953AZ CD953CO CD953CT CD953GA CD953IA CD953IL CD953IN ";;;https://admin.shopify.com/store/trophy-partner/products?query=PS8661;p-8027-frosted-acrylic-nj-state-cutout-on-black-plaque
6;no;Espera el arreglo de la unión de familias (código) — no sincronizar hasta entonces;Frosted Acrylic NM State Cutout on Black Plaque;PS8662;CD953NM;"línea CD953*; la unión añadiría: CD953AK CD953AL CD953AR CD953AZ CD953CO CD953CT CD953GA CD953IA CD953IL CD953IN ";;;https://admin.shopify.com/store/trophy-partner/products?query=PS8662;p-8028-frosted-acrylic-nm-state-cutout-on-black-plaque
6;no;Espera el arreglo de la unión de familias (código) — no sincronizar hasta entonces;Frosted Acrylic NV State Cutout on Black Plaque;PS8663;CD953NV;"línea CD953*; la unión añadiría: CD953AK CD953AL CD953AR CD953AZ CD953CO CD953CT CD953GA CD953IA CD953IL CD953IN ";;;https://admin.shopify.com/store/trophy-partner/products?query=PS8663;p-8029-frosted-acrylic-nv-state-cutout-on-black-plaque
6;no;Espera el arreglo de la unión de familias (código) — no sincronizar hasta entonces;Frosted Acrylic NY State Cutout on Black Plaque;PS8664;CD953NY;"línea CD953*; la unión añadiría: CD953AK CD953AL CD953AR CD953AZ CD953CO CD953CT CD953GA CD953IA CD953IL CD953IN ";;;https://admin.shopify.com/store/trophy-partner/products?query=PS8664;p-8030-frosted-acrylic-ny-state-cutout-on-black-plaque
6;no;Espera el arreglo de la unión de familias (código) — no sincronizar hasta entonces;Frosted Acrylic OH State Cutout on Black Plaque;PS8665;CD953OH;"línea CD953*; la unión añadiría: CD953AK CD953AL CD953AR CD953AZ CD953CO CD953CT CD953GA CD953IA CD953IL CD953IN ";;;https://admin.shopify.com/store/trophy-partner/products?query=PS8665;p-8031-frosted-acrylic-oh-state-cutout-on-black-plaque
6;no;Espera el arreglo de la unión de familias (código) — no sincronizar hasta entonces;Frosted Acrylic OK State Cutout on Black Plaque;PS8666;CD953OK;"línea CD953*; la unión añadiría: CD953AK CD953AL CD953AR CD953AZ CD953CO CD953CT CD953GA CD953IA CD953IL CD953IN ";;;https://admin.shopify.com/store/trophy-partner/products?query=PS8666;p-8032-frosted-acrylic-ok-state-cutout-on-black-plaque
6;no;Espera el arreglo de la unión de familias (código) — no sincronizar hasta entonces;Frosted Acrylic OR State Cutout on Black Plaque;PS8667;CD953OR;"línea CD953*; la unión añadiría: CD953AK CD953AL CD953AR CD953AZ CD953CO CD953CT CD953GA CD953IA CD953IL CD953IN ";;;https://admin.shopify.com/store/trophy-partner/products?query=PS8667;p-8033-frosted-acrylic-or-state-cutout-on-black-plaque
6;no;Espera el arreglo de la unión de familias (código) — no sincronizar hasta entonces;Frosted Acrylic PA State Cutout on Black Plaque;PS8668;CD953PA;"línea CD953*; la unión añadiría: CD953AK CD953AL CD953AR CD953AZ CD953CO CD953CT CD953GA CD953IA CD953IL CD953IN ";;;https://admin.shopify.com/store/trophy-partner/products?query=PS8668;p-8034-frosted-acrylic-pa-state-cutout-on-black-plaque
6;no;Espera el arreglo de la unión de familias (código) — no sincronizar hasta entonces;Frosted Acrylic RI State Cutout on Black Plaque;PS8669;CD953RI;"línea CD953*; la unión añadiría: CD953AK CD953AL CD953AR CD953AZ CD953CO CD953CT CD953GA CD953IA CD953IL CD953IN ";;;https://admin.shopify.com/store/trophy-partner/products?query=PS8669;p-8035-frosted-acrylic-ri-state-cutout-on-black-plaque
6;no;Espera el arreglo de la unión de familias (código) — no sincronizar hasta entonces;Frosted Acrylic SC State Cutout on Black Plaque;PS8670;CD953SC;"línea CD953*; la unión añadiría: CD953AK CD953AL CD953AR CD953AZ CD953CO CD953CT CD953GA CD953IA CD953IL CD953IN ";;;https://admin.shopify.com/store/trophy-partner/products?query=PS8670;p-8036-frosted-acrylic-sc-state-cutout-on-black-plaque
6;no;Espera el arreglo de la unión de familias (código) — no sincronizar hasta entonces;Frosted Acrylic SD State Cutout on Black Plaque;PS8671;CD953SD;"línea CD953*; la unión añadiría: CD953AK CD953AL CD953AR CD953AZ CD953CO CD953CT CD953GA CD953IA CD953IL CD953IN ";;;https://admin.shopify.com/store/trophy-partner/products?query=PS8671;p-8037-frosted-acrylic-sd-state-cutout-on-black-plaque
6;no;Espera el arreglo de la unión de familias (código) — no sincronizar hasta entonces;Frosted Acrylic TX State Cutout on Black Plaque;PS8673;CD953TX;"línea CD953*; la unión añadiría: CD953AK CD953AL CD953AR CD953AZ CD953CO CD953CT CD953GA CD953IA CD953IL CD953IN ";;;https://admin.shopify.com/store/trophy-partner/products?query=PS8673;p-8039-frosted-acrylic-tx-state-cutout-on-black-plaque
6;no;Espera el arreglo de la unión de familias (código) — no sincronizar hasta entonces;Frosted Acrylic UT State Cutout on Black Plaque;PS8674;CD953UT;"línea CD953*; la unión añadiría: CD953AK CD953AL CD953AR CD953AZ CD953CO CD953CT CD953GA CD953IA CD953IL CD953IN ";;;https://admin.shopify.com/store/trophy-partner/products?query=PS8674;p-8040-frosted-acrylic-ut-state-cutout-on-black-plaque
6;no;Espera el arreglo de la unión de familias (código) — no sincronizar hasta entonces;Frosted Acrylic VA State Cutout on Black Plaque;PS8675;CD953VA;"línea CD953*; la unión añadiría: CD953AK CD953AL CD953AR CD953AZ CD953CO CD953CT CD953GA CD953IA CD953IL CD953IN ";;;https://admin.shopify.com/store/trophy-partner/products?query=PS8675;p-8041-frosted-acrylic-va-state-cutout-on-black-plaque
6;no;Espera el arreglo de la unión de familias (código) — no sincronizar hasta entonces;Frosted Acrylic VT State Cutout on Black Plaque;PS8676;CD953VT;"línea CD953*; la unión añadiría: CD953AK CD953AL CD953AR CD953AZ CD953CO CD953CT CD953GA CD953IA CD953IL CD953IN ";;;https://admin.shopify.com/store/trophy-partner/products?query=PS8676;p-8042-frosted-acrylic-vt-state-cutout-on-black-plaque
6;no;Espera el arreglo de la unión de familias (código) — no sincronizar hasta entonces;Frosted Acrylic WA State Cutout on Black Plaque;PS8677;CD953WA;"línea CD953*; la unión añadiría: CD953AK CD953AL CD953AR CD953AZ CD953CO CD953CT CD953GA CD953IA CD953IL CD953IN ";;;https://admin.shopify.com/store/trophy-partner/products?query=PS8677;p-8043-frosted-acrylic-wa-state-cutout-on-black-plaque
6;no;Espera el arreglo de la unión de familias (código) — no sincronizar hasta entonces;Frosted Acrylic WI State Cutout on Black Plaque;PS8678;CD953WI;"línea CD953*; la unión añadiría: CD953AK CD953AL CD953AR CD953AZ CD953CO CD953CT CD953GA CD953IA CD953IL CD953IN ";;;https://admin.shopify.com/store/trophy-partner/products?query=PS8678;p-8044-frosted-acrylic-wi-state-cutout-on-black-plaque
6;no;Espera el arreglo de la unión de familias (código) — no sincronizar hasta entonces;Frosted Acrylic WV State Cutout on Black Plaque;PS8679;CD953WV;"línea CD953*; la unión añadiría: CD953AK CD953AL CD953AR CD953AZ CD953CO CD953CT CD953GA CD953IA CD953IL CD953IN ";;;https://admin.shopify.com/store/trophy-partner/products?query=PS8679;p-8045-frosted-acrylic-wv-state-cutout-on-black-plaque
6;no;Espera el arreglo de la unión de familias (código) — no sincronizar hasta entonces;Frosted Acrylic WY State Cutout on Black Plaque;PS8680;CD953WY;"línea CD953*; la unión añadiría: CD953AK CD953AL CD953AR CD953AZ CD953CO CD953CT CD953GA CD953IA CD953IL CD953IN ";;;https://admin.shopify.com/store/trophy-partner/products?query=PS8680;p-8046-frosted-acrylic-wy-state-cutout-on-black-plaque
6;no;Espera el arreglo de la unión de familias (código) — no sincronizar hasta entonces;Frosted Lucite Oval Cutout on Risers Award;PS6526;CD900OVAL;"línea CD900*; la unión añadiría: CD900AK CD900AL CD900AR CD900AZ CD900CA CD900CO CD900CT CD900DE CD900FL CD900GA ";;;https://admin.shopify.com/store/trophy-partner/products?query=PS6526;p-5844-frosted-lucite-oval-cutout-on-risers-award
6;no;Espera el arreglo de la unión de familias (código) — no sincronizar hasta entonces;Frosted Lucite Star Cutout on Risers Award;PS8003;CD900STAR;"línea CD900*; la unión añadiría: CD900AK CD900AL CD900AR CD900AZ CD900CA CD900CO CD900CT CD900DE CD900FL CD900GA ";;;https://admin.shopify.com/store/trophy-partner/products?query=PS8003;p-7115-frosted-lucite-star-cutout-on-risers-award
6;no;Espera el arreglo de la unión de familias (código) — no sincronizar hasta entonces;Georgia State Silhouette Awards;PS6496;CD900GA;"línea CD900*; la unión añadiría: CD900AK CD900AL CD900AR CD900AZ CD900CA CD900CO CD900CT CD900DE CD900FL CD900HI ";;;https://admin.shopify.com/store/trophy-partner/products?query=PS6496;p-5814-georgia-state-silhouette-awards
6;no;Espera el arreglo de la unión de familias (código) — no sincronizar hasta entonces;Gold Spectrum Chisel Carved Tower Trophy Award;PS6580;C609LGO;"línea C609L*; la unión añadiría: ";;;https://admin.shopify.com/store/trophy-partner/products?query=PS6580;p-5898-gold-spectrum-chisel-carved-tower-trophy-award
6;no;Espera el arreglo de la unión de familias (código) — no sincronizar hasta entonces;Gold Star Power Sculptured Lucite Award;PS6583;CA21AXG CA21BXG;"línea CA21AX* CA21BX*; la unión añadiría: CA21AXB CA21AXC CA21BXB CA21BXC";;;https://admin.shopify.com/store/trophy-partner/products?query=PS6583;p-5901-gold-star-power-sculptured-lucite-award
6;no;Espera el arreglo de la unión de familias (código) — no sincronizar hasta entonces;Gold Star Power Sculptured Lucite Small;PS6582;CA21CXG;"línea CA21CX*; la unión añadiría: CA21CXB CA21CXC";;;https://admin.shopify.com/store/trophy-partner/products?query=PS6582;p-5900-gold-star-power-sculptured-lucite-small
6;no;Espera el arreglo de la unión de familias (código) — no sincronizar hasta entonces;Green Diamond Carved Octagon Plaque;PS6593;C1407LG;"línea C1407L*; la unión añadiría: C1407LB C1407LR";;;https://admin.shopify.com/store/trophy-partner/products?query=PS6593;p-5911-green-diamond-carved-octagon-plaque
6;no;Espera el arreglo de la unión de familias (código) — no sincronizar hasta entonces;Hawaii State Silhouette Awards;PS6497;CD900HI;"línea CD900*; la unión añadiría: CD900AK CD900AL CD900AR CD900AZ CD900CA CD900CO CD900CT CD900DE CD900FL CD900GA ";;;https://admin.shopify.com/store/trophy-partner/products?query=PS6497;p-5815-hawaii-state-silhouette-awards
6;no;Espera el arreglo de la unión de familias (código) — no sincronizar hasta entonces;Idaho State Sillhouette Awards;PS6499;CD900ID;"línea CD900*; la unión añadiría: CD900AK CD900AL CD900AR CD900AZ CD900CA CD900CO CD900CT CD900DE CD900FL CD900GA ";;;https://admin.shopify.com/store/trophy-partner/products?query=PS6499;p-5817-idaho-state-sillhouette-awards
6;no;Espera el arreglo de la unión de familias (código) — no sincronizar hasta entonces;Illinois State Shaped Award Award;PS6531;CD900IL;"línea CD900*; la unión añadiría: CD900AK CD900AL CD900AR CD900AZ CD900CA CD900CO CD900CT CD900DE CD900FL CD900GA ";;;https://admin.shopify.com/store/trophy-partner/products?query=PS6531;p-5849-illinois-state-shaped-award-award
6;no;Espera el arreglo de la unión de familias (código) — no sincronizar hasta entonces;Indiana State Silhouette Awards;PS6500;CD900IN;"línea CD900*; la unión añadiría: CD900AK CD900AL CD900AR CD900AZ CD900CA CD900CO CD900CT CD900DE CD900FL CD900GA ";;;https://admin.shopify.com/store/trophy-partner/products?query=PS6500;p-5818-indiana-state-silhouette-awards
6;no;Espera el arreglo de la unión de familias (código) — no sincronizar hasta entonces;Iowa State Silhouette Awards;PS6498;CD900IA;"línea CD900*; la unión añadiría: CD900AK CD900AL CD900AR CD900AZ CD900CA CD900CO CD900CT CD900DE CD900FL CD900GA ";;;https://admin.shopify.com/store/trophy-partner/products?query=PS6498;p-5816-iowa-state-silhouette-awards
6;no;Espera el arreglo de la unión de familias (código) — no sincronizar hasta entonces;Journal with Phone Pouch Large;PS10823;CM721GR CM721RW;"línea CM721*; la unión añadiría: CM721BS";;;https://admin.shopify.com/store/trophy-partner/products?query=PS10823;p-8774-journal-with-phone-pouch-large
6;no;Espera el arreglo de la unión de familias (código) — no sincronizar hasta entonces;Journal with Phone Pouch Small;PS10822;CM721BS;"línea CM721*; la unión añadiría: CM721GR CM721RW";;;https://admin.shopify.com/store/trophy-partner/products?query=PS10822;p-8773-journal-with-phone-pouch-small
6;no;Espera el arreglo de la unión de familias (código) — no sincronizar hasta entonces;Kansas State Silhouette Awards;PS6501;CD900KS;"línea CD900*; la unión añadiría: CD900AK CD900AL CD900AR CD900AZ CD900CA CD900CO CD900CT CD900DE CD900FL CD900GA ";;;https://admin.shopify.com/store/trophy-partner/products?query=PS6501;p-5819-kansas-state-silhouette-awards
6;no;Espera el arreglo de la unión de familias (código) — no sincronizar hasta entonces;Kentucky State Silhouette Awards;PS6502;CD900KY;"línea CD900*; la unión añadiría: CD900AK CD900AL CD900AR CD900AZ CD900CA CD900CO CD900CT CD900DE CD900FL CD900GA ";;;https://admin.shopify.com/store/trophy-partner/products?query=PS6502;p-5820-kentucky-state-silhouette-awards
6;no;Espera el arreglo de la unión de familias (código) — no sincronizar hasta entonces;Large Rectangular Custom Digi Color Lucite Award;PS6360;DCCD424ACU DCCD424BCU;"línea DCCD424** DCCD424B; la unión añadiría: DCCD424ARB";;;https://admin.shopify.com/store/trophy-partner/products?query=PS6360;p-5678-large-rectangular-custom-digi-color-lucite-award
6;no;Espera el arreglo de la unión de familias (código) — no sincronizar hasta entonces;Leatherette Beverage Holder;PS8908;CM289BB CM289BV CM289WM;"línea CM289*; la unión añadiría: CM289BL CM289BS CM289CK CM289DB CM289GR CM289LB CM289PK CM289RS CM289RW CM289TL";;;https://admin.shopify.com/store/trophy-partner/products?query=PS8908;p-8077-leatherette-beverage-holder
6;no;Espera el arreglo de la unión de familias (código) — no sincronizar hasta entonces;Leatherette Beverage Holder Large;PS10853;CM289BL CM289BS CM289DB CM289GR CM289LB CM289PK CM289RS CM289RW CM289TL;"línea CM289*; la unión añadiría: CM289BB CM289BV CM289CK";;;https://admin.shopify.com/store/trophy-partner/products?query=PS10853;p-8781-leatherette-beverage-holder-large
6;no;Espera el arreglo de la unión de familias (código) — no sincronizar hasta entonces;Leatherette Flask;PS8976;CM286BB CM286BV CM286WM;"línea CM286*; la unión añadiría: CM286BL CM286BS CM286CK CM286DB CM286GR CM286LB CM286PK CM286RS CM286RW CM286TL";;sí;https://admin.shopify.com/store/trophy-partner/products?query=PS8976;p-8082-leatherette-flask
6;no;Espera el arreglo de la unión de familias (código) — no sincronizar hasta entonces;Leatherette Flask;PS10878;CM286BL CM286BS CM286DB CM286GR CM286LB CM286PK CM286RS CM286RW CM286TL;"línea CM286*; la unión añadiría: CM286BB CM286BV CM286CK";;sí;https://admin.shopify.com/store/trophy-partner/products?query=PS10878;p-8793-leatherette-flask
6;no;Espera el arreglo de la unión de familias (código) — no sincronizar hasta entonces;Leatherette Frame  Holds Large;PS10880;CM722ABB;"línea CM722A; la unión añadiría: CM722ABS CM722ABV CM722AGR CM722ALB CM722ARW CM722ATL";;;https://admin.shopify.com/store/trophy-partner/products?query=PS10880;p-8795-leatherette-frame-holds-large
6;no;Espera el arreglo de la unión de familias (código) — no sincronizar hasta entonces;Leatherette Frame  Holds Small;PS10879;CM722ABS CM722ABV CM722AGR CM722ALB CM722ARW CM722ATL CM722BBB CM722BBS CM722BBV CM722BGR CM722BLB CM722BRW CM722BTL;"línea CM722A CM722B; la unión añadiría: CM722ABB";;;https://admin.shopify.com/store/trophy-partner/products?query=PS10879;p-8794-leatherette-frame-holds-small
6;no;Espera el arreglo de la unión de familias (código) — no sincronizar hasta entonces;Leatherette Journal;PS8997;CM415BB CM415BV CM415WM;"línea CM415*; la unión añadiría: CM415BS CM415CK CM415DB CM415GR CM415LB CM415PK CM415RS CM415RW CM415TL";;sí;https://admin.shopify.com/store/trophy-partner/products?query=PS8997;p-8085-leatherette-journal
6;no;Espera el arreglo de la unión de familias (código) — no sincronizar hasta entonces;Leatherette Journal;PS10889;CM415BS CM415CK CM415DB CM415GR CM415LB CM415PK CM415RS CM415RW CM415TL;"línea CM415*; la unión añadiría: CM415BB CM415BV CM415WM";;sí;https://admin.shopify.com/store/trophy-partner/products?query=PS10889;p-8797-leatherette-journal
6;no;Espera el arreglo de la unión de familias (código) — no sincronizar hasta entonces;Leatherette Pen Large;PS10914;CM356BL CM356BS CM356DB CM356GR CM356LB CM356PK CM356RS CM356RW CM356TL;"línea CM356*; la unión añadiría: ";;;https://admin.shopify.com/store/trophy-partner/products?query=PS10914;p-8808-leatherette-pen-large
6;no;Espera el arreglo de la unión de familias (código) — no sincronizar hasta entonces;Leatherette Wine Bag Large;PS10950;CM288BS;"línea CM288*; la unión añadiría: CM288DB CM288RW CM288TL";;;https://admin.shopify.com/store/trophy-partner/products?query=PS10950;p-8825-leatherette-wine-bag-large
6;no;Espera el arreglo de la unión de familias (código) — no sincronizar hasta entonces;Leatherette Wine Bag Small;PS10949;CM288DB CM288GR CM288LB CM288PK CM288RS CM288RW CM288TL;"línea CM288*; la unión añadiría: CM288BS";;;https://admin.shopify.com/store/trophy-partner/products?query=PS10949;p-8824-leatherette-wine-bag-small
6;no;Espera el arreglo de la unión de familias (código) — no sincronizar hasta entonces;Louisiana State Silhouette Awards;PS6503;CD900LA;"línea CD900*; la unión añadiría: CD900AK CD900AL CD900AR CD900AZ CD900CA CD900CO CD900CT CD900DE CD900FL CD900GA ";;;https://admin.shopify.com/store/trophy-partner/products?query=PS6503;p-5821-louisiana-state-silhouette-awards
6;no;Espera el arreglo de la unión de familias (código) — no sincronizar hasta entonces;Lucite Riser Plaque with Choice Of Plate;PS6572;C6801GO C6802GO;"línea C6801* C6802*; la unión añadiría: C6801S C6802S";;;https://admin.shopify.com/store/trophy-partner/products?query=PS6572;p-5890-lucite-riser-plaque-with-choice-of-plate
6;no;Espera el arreglo de la unión de familias (código) — no sincronizar hasta entonces;Maine State Silhouette Awards;PS6506;CD900ME;"línea CD900*; la unión añadiría: CD900AK CD900AL CD900AR CD900AZ CD900CA CD900CO CD900CT CD900DE CD900FL CD900GA ";;;https://admin.shopify.com/store/trophy-partner/products?query=PS6506;p-5824-maine-state-silhouette-awards
6;no;Espera el arreglo de la unión de familias (código) — no sincronizar hasta entonces;Maryland State Silhouette Awards;PS6505;CD900MD;"línea CD900*; la unión añadiría: CD900AK CD900AL CD900AR CD900AZ CD900CA CD900CO CD900CT CD900DE CD900FL CD900GA ";;;https://admin.shopify.com/store/trophy-partner/products?query=PS6505;p-5823-maryland-state-silhouette-awards
6;no;Espera el arreglo de la unión de familias (código) — no sincronizar hasta entonces;Massachusetts State Silhouette Awards;PS6504;CD900MA;"línea CD900*; la unión añadiría: CD900AK CD900AL CD900AR CD900AZ CD900CA CD900CO CD900CT CD900DE CD900FL CD900GA ";;;https://admin.shopify.com/store/trophy-partner/products?query=PS6504;p-5822-massachusetts-state-silhouette-awards
6;no;Espera el arreglo de la unión de familias (código) — no sincronizar hasta entonces;Michigan State Silhouette Awards;PS6507;CD900MI;"línea CD900*; la unión añadiría: CD900AK CD900AL CD900AR CD900AZ CD900CA CD900CO CD900CT CD900DE CD900FL CD900GA ";;;https://admin.shopify.com/store/trophy-partner/products?query=PS6507;p-5825-michigan-state-silhouette-awards
6;no;Espera el arreglo de la unión de familias (código) — no sincronizar hasta entonces;Minnesota State Silhouette Awards;PS6508;CD900MN;"línea CD900*; la unión añadiría: CD900AK CD900AL CD900AR CD900AZ CD900CA CD900CO CD900CT CD900DE CD900FL CD900GA ";;;https://admin.shopify.com/store/trophy-partner/products?query=PS6508;p-5826-minnesota-state-silhouette-awards
6;no;Espera el arreglo de la unión de familias (código) — no sincronizar hasta entonces;Mississippi State Silhouette Awards;PS6510;CD900MS;"línea CD900*; la unión añadiría: CD900AK CD900AL CD900AR CD900AZ CD900CA CD900CO CD900CT CD900DE CD900FL CD900GA ";;;https://admin.shopify.com/store/trophy-partner/products?query=PS6510;p-5828-mississippi-state-silhouette-awards
6;no;Espera el arreglo de la unión de familias (código) — no sincronizar hasta entonces;Missouri State Silhouette Awards;PS6509;CD900MO;"línea CD900*; la unión añadiría: CD900AK CD900AL CD900AR CD900AZ CD900CA CD900CO CD900CT CD900DE CD900FL CD900GA ";;;https://admin.shopify.com/store/trophy-partner/products?query=PS6509;p-5827-missouri-state-silhouette-awards
6;no;Espera el arreglo de la unión de familias (código) — no sincronizar hasta entonces;Montana State Silhouette Awards;PS6511;CD900MT;"línea CD900*; la unión añadiría: CD900AK CD900AL CD900AR CD900AZ CD900CA CD900CO CD900CT CD900DE CD900FL CD900GA ";;;https://admin.shopify.com/store/trophy-partner/products?query=PS6511;p-5829-montana-state-silhouette-awards
6;no;Espera el arreglo de la unión de familias (código) — no sincronizar hasta entonces;Nebraska State Silhouette Awards;PS6514;CD900NE;"línea CD900*; la unión añadiría: CD900AK CD900AL CD900AR CD900AZ CD900CA CD900CO CD900CT CD900DE CD900FL CD900GA ";;;https://admin.shopify.com/store/trophy-partner/products?query=PS6514;p-5832-nebraska-state-silhouette-awards
6;no;Espera el arreglo de la unión de familias (código) — no sincronizar hasta entonces;Nevada State Silhouette  Awards;PS6518;CD900NV;"línea CD900*; la unión añadiría: CD900AK CD900AL CD900AR CD900AZ CD900CA CD900CO CD900CT CD900DE CD900FL CD900GA ";;;https://admin.shopify.com/store/trophy-partner/products?query=PS6518;p-5836-nevada-state-silhouette-awards
6;no;Espera el arreglo de la unión de familias (código) — no sincronizar hasta entonces;New Hampshire State Silhouette Awards;PS6515;CD900NH;"línea CD900*; la unión añadiría: CD900AK CD900AL CD900AR CD900AZ CD900CA CD900CO CD900CT CD900DE CD900FL CD900GA ";;;https://admin.shopify.com/store/trophy-partner/products?query=PS6515;p-5833-new-hampshire-state-silhouette-awards
6;no;Espera el arreglo de la unión de familias (código) — no sincronizar hasta entonces;New Jersey State Silhouette Awards;PS6516;CD900NJ;"línea CD900*; la unión añadiría: CD900AK CD900AL CD900AR CD900AZ CD900CA CD900CO CD900CT CD900DE CD900FL CD900GA ";;;https://admin.shopify.com/store/trophy-partner/products?query=PS6516;p-5834-new-jersey-state-silhouette-awards
6;no;Espera el arreglo de la unión de familias (código) — no sincronizar hasta entonces;New Mexico State Silhouette Awards;PS6517;CD900NM;"línea CD900*; la unión añadiría: CD900AK CD900AL CD900AR CD900AZ CD900CA CD900CO CD900CT CD900DE CD900FL CD900GA ";;;https://admin.shopify.com/store/trophy-partner/products?query=PS6517;p-5835-new-mexico-state-silhouette-awards
6;no;Espera el arreglo de la unión de familias (código) — no sincronizar hasta entonces;New York State Silhouette Awards;PS6519;CD900NY;"línea CD900*; la unión añadiría: CD900AK CD900AL CD900AR CD900AZ CD900CA CD900CO CD900CT CD900DE CD900FL CD900GA ";;;https://admin.shopify.com/store/trophy-partner/products?query=PS6519;p-5837-new-york-state-silhouette-awards
6;no;Espera el arreglo de la unión de familias (código) — no sincronizar hasta entonces;North Carolina State Silhouette Awards;PS6512;CD900NC;"línea CD900*; la unión añadiría: CD900AK CD900AL CD900AR CD900AZ CD900CA CD900CO CD900CT CD900DE CD900FL CD900GA ";;;https://admin.shopify.com/store/trophy-partner/products?query=PS6512;p-5830-north-carolina-state-silhouette-awards
6;no;Espera el arreglo de la unión de familias (código) — no sincronizar hasta entonces;North Dakota State Silhouette Awards;PS6513;CD900ND;"línea CD900*; la unión añadiría: CD900AK CD900AL CD900AR CD900AZ CD900CA CD900CO CD900CT CD900DE CD900FL CD900GA ";;;https://admin.shopify.com/store/trophy-partner/products?query=PS6513;p-5831-north-dakota-state-silhouette-awards
6;no;Espera el arreglo de la unión de familias (código) — no sincronizar hasta entonces;Ohio State Silhouette Awards;PS6520;CD900OH;"línea CD900*; la unión añadiría: CD900AK CD900AL CD900AR CD900AZ CD900CA CD900CO CD900CT CD900DE CD900FL CD900GA ";;;https://admin.shopify.com/store/trophy-partner/products?query=PS6520;p-5838-ohio-state-silhouette-awards
6;no;Espera el arreglo de la unión de familias (código) — no sincronizar hasta entonces;Oklahoma State Silhouette Awards;PS6521;CD900OK;"línea CD900*; la unión añadiría: CD900AK CD900AL CD900AR CD900AZ CD900CA CD900CO CD900CT CD900DE CD900FL CD900GA ";;;https://admin.shopify.com/store/trophy-partner/products?query=PS6521;p-5839-oklahoma-state-silhouette-awards
6;no;Espera el arreglo de la unión de familias (código) — no sincronizar hasta entonces;Oregon State Silhouette Awards;PS6525;CD900OR;"línea CD900*; la unión añadiría: CD900AK CD900AL CD900AR CD900AZ CD900CA CD900CO CD900CT CD900DE CD900FL CD900GA ";;;https://admin.shopify.com/store/trophy-partner/products?query=PS6525;p-5843-oregon-state-silhouette-awards
6;no;Espera el arreglo de la unión de familias (código) — no sincronizar hasta entonces;Pennsylvania State Silhouette Awards;PS6527;CD900PA;"línea CD900*; la unión añadiría: CD900AK CD900AL CD900AR CD900AZ CD900CA CD900CO CD900CT CD900DE CD900FL CD900GA ";;;https://admin.shopify.com/store/trophy-partner/products?query=PS6527;p-5845-pennsylvania-state-silhouette-awards
6;no;Espera el arreglo de la unión de familias (código) — no sincronizar hasta entonces;Polar Camel Ringneck Tumblers Personalized;PS6850;CM711 CM710;"línea CM711; la unión añadiría: ";;;https://admin.shopify.com/store/trophy-partner/products?query=PS6850;p-6168-polar-camel-ringneck-tumblers-personalized
6;no;Espera el arreglo de la unión de familias (código) — no sincronizar hasta entonces;Polar Camel Stemless Wine Tumblers Personalized;PS8002;CM712 CM713;"línea CM712; la unión añadiría: ";;;https://admin.shopify.com/store/trophy-partner/products?query=PS8002;p-6356-polar-camel-stemless-wine-tumblers-personalized
6;no;Espera el arreglo de la unión de familias (código) — no sincronizar hasta entonces;Rectangular Digi Color Lucite Ribbon Award;PS9350;DCCD424ARB DCCD424BRB;"línea DCCD424** DCCD425**; la unión añadiría: DCCD424ACU";;;https://admin.shopify.com/store/trophy-partner/products?query=PS9350;p-8160-rectangular-digi-color-lucite-ribbon-award
6;no;Espera el arreglo de la unión de familias (código) — no sincronizar hasta entonces;Red Accent Clear Center Crystal;PS9323;GM809ARE GM809BRE GM809CRE;"línea GM809A* GM809B* GM809C*; la unión añadiría: GM809ABL GM809BBL GM809CBL";;;https://admin.shopify.com/store/trophy-partner/products?query=PS9323;p-8151-red-accent-clear-center-crystal
6;no;Espera el arreglo de la unión de familias (código) — no sincronizar hasta entonces;Red Diamond Carve Lucite Octagon Plaque;PS6882;C1407LR;"línea C1407L*; la unión añadiría: C1407LB C1407LG";;;https://admin.shopify.com/store/trophy-partner/products?query=PS6882;p-6200-red-diamond-carve-lucite-octagon-plaque
6;no;Espera el arreglo de la unión de familias (código) — no sincronizar hasta entonces;Rhode Island State Silhouette Awards;PS6528;CD900RI;"línea CD900*; la unión añadiría: CD900AK CD900AL CD900AR CD900AZ CD900CA CD900CO CD900CT CD900DE CD900FL CD900GA ";;;https://admin.shopify.com/store/trophy-partner/products?query=PS6528;p-5846-rhode-island-state-silhouette-awards
6;no;Espera el arreglo de la unión de familias (código) — no sincronizar hasta entonces;Silver Lucite Riser Plaque;PS6923;C6801S C6802S;"línea C6801* C6802*; la unión añadiría: C6801GO C6802GO";;;https://admin.shopify.com/store/trophy-partner/products?query=PS6923;p-6241-silver-lucite-riser-plaque
6;no;Espera el arreglo de la unión de familias (código) — no sincronizar hasta entonces;Slide-in Certificate Ebony Plaque in Gift Box;PS6949;CD120G;"línea CD120*; la unión añadiría: ";;;https://admin.shopify.com/store/trophy-partner/products?query=PS6949;p-6267-slide-in-certificate-ebony-plaque-in-gift-box
6;no;Espera el arreglo de la unión de familias (código) — no sincronizar hasta entonces;Slide-in Certificate Rosewood Plaque in Gift Box;PS6950;CD121G;"línea CD121*; la unión añadiría: CD121M";;;https://admin.shopify.com/store/trophy-partner/products?query=PS6950;p-6268-slide-in-certificate-rosewood-plaque-in-gift-box
6;no;Espera el arreglo de la unión de familias (código) — no sincronizar hasta entonces;Slide-in Certificate Rosewood Plaque in Mailer Box;PS6951;CD121M;"línea CD121*; la unión añadiría: CD121G";;;https://admin.shopify.com/store/trophy-partner/products?query=PS6951;p-6269-slide-in-certificate-rosewood-plaque-in-mailer-box
6;no;Espera el arreglo de la unión de familias (código) — no sincronizar hasta entonces;South Carolina State Silhouette Awards;PS6529;CD900SC;"línea CD900*; la unión añadiría: CD900AK CD900AL CD900AR CD900AZ CD900CA CD900CO CD900CT CD900DE CD900FL CD900GA ";;;https://admin.shopify.com/store/trophy-partner/products?query=PS6529;p-5847-south-carolina-state-silhouette-awards
6;no;Espera el arreglo de la unión de familias (código) — no sincronizar hasta entonces;South Dakota State Silhouette Awards;PS6530;CD900SD;"línea CD900*; la unión añadiría: CD900AK CD900AL CD900AR CD900AZ CD900CA CD900CO CD900CT CD900DE CD900FL CD900GA ";;;https://admin.shopify.com/store/trophy-partner/products?query=PS6530;p-5848-south-dakota-state-silhouette-awards
6;no;Espera el arreglo de la unión de familias (código) — no sincronizar hasta entonces;Tennessee State Silhouette Awards;PS6532;CD900TN;"línea CD900*; la unión añadiría: CD900AK CD900AL CD900AR CD900AZ CD900CA CD900CO CD900CT CD900DE CD900FL CD900GA ";;;https://admin.shopify.com/store/trophy-partner/products?query=PS6532;p-5850-tennessee-state-silhouette-awards
6;no;Espera el arreglo de la unión de familias (código) — no sincronizar hasta entonces;Texas State Silhouette Awards;PS6533;CD900TX;"línea CD900*; la unión añadiría: CD900AK CD900AL CD900AR CD900AZ CD900CA CD900CO CD900CT CD900DE CD900FL CD900GA ";;;https://admin.shopify.com/store/trophy-partner/products?query=PS6533;p-5851-texas-state-silhouette-awards
6;no;Espera el arreglo de la unión de familias (código) — no sincronizar hasta entonces;Two-Tone Clear and Blue Crescent Curved Glass (Includes Silver Color;PS11481;GI586BL;"línea GI586*; la unión añadiría: GI586BK";;;https://admin.shopify.com/store/trophy-partner/products?query=PS11481;p-8896-two-tone-clear-and-blue-crescent-curved-glass-includes-silver-color
6;no;Espera el arreglo de la unión de familias (código) — no sincronizar hasta entonces;Utah State Silhouette Awards;PS6534;CD900UT;"línea CD900*; la unión añadiría: CD900AK CD900AL CD900AR CD900AZ CD900CA CD900CO CD900CT CD900DE CD900FL CD900GA ";;;https://admin.shopify.com/store/trophy-partner/products?query=PS6534;p-5852-utah-state-silhouette-awards
6;no;Espera el arreglo de la unión de familias (código) — no sincronizar hasta entonces;Vermont State Silhouette Awards;PS6536;CD900VT;"línea CD900*; la unión añadiría: CD900AK CD900AL CD900AR CD900AZ CD900CA CD900CO CD900CT CD900DE CD900FL CD900GA ";;;https://admin.shopify.com/store/trophy-partner/products?query=PS6536;p-5854-vermont-state-silhouette-awards
6;no;Espera el arreglo de la unión de familias (código) — no sincronizar hasta entonces;Virginia State Silhouette Awards;PS6535;CD900VA;"línea CD900*; la unión añadiría: CD900AK CD900AL CD900AR CD900AZ CD900CA CD900CO CD900CT CD900DE CD900FL CD900GA ";;;https://admin.shopify.com/store/trophy-partner/products?query=PS6535;p-5853-virginia-state-silhouette-awards
6;no;Espera el arreglo de la unión de familias (código) — no sincronizar hasta entonces;Walnut Finish Plaque w/ Choice Of Plate & Board;PS7009;DCC3001CWN DCC3001DWN DCC3001EWN;"línea DCC3001C* DCC3001D* DCC3001E*; la unión añadiría: DCC3001CEB DCC3001DEB DCC3001EEB";;;https://admin.shopify.com/store/trophy-partner/products?query=PS7009;p-6327-walnut-finish-plaque-w-choice-of-plate-board
6;no;Espera el arreglo de la unión de familias (código) — no sincronizar hasta entonces;Washington State Silhouette Awards;PS6537;CD900WA;"línea CD900*; la unión añadiría: CD900AK CD900AL CD900AR CD900AZ CD900CA CD900CO CD900CT CD900DE CD900FL CD900GA ";;;https://admin.shopify.com/store/trophy-partner/products?query=PS6537;p-5855-washington-state-silhouette-awards
6;no;Espera el arreglo de la unión de familias (código) — no sincronizar hasta entonces;West Virginia State Silhouette Awards;PS6539;CD900WV;"línea CD900*; la unión añadiría: CD900AK CD900AL CD900AR CD900AZ CD900CA CD900CO CD900CT CD900DE CD900FL CD900GA ";;;https://admin.shopify.com/store/trophy-partner/products?query=PS6539;p-5857-west-virginia-state-silhouette-awards
6;no;Espera el arreglo de la unión de familias (código) — no sincronizar hasta entonces;Wisconsin State Silhouette Awards;PS6538;CD900WI;"línea CD900*; la unión añadiría: CD900AK CD900AL CD900AR CD900AZ CD900CA CD900CO CD900CT CD900DE CD900FL CD900GA ";;;https://admin.shopify.com/store/trophy-partner/products?query=PS6538;p-5856-wisconsin-state-silhouette-awards
6;no;Espera el arreglo de la unión de familias (código) — no sincronizar hasta entonces;Wyoming State Silhouette Awards;PS6540;CD900WY;"línea CD900*; la unión añadiría: CD900AK CD900AL CD900AR CD900AZ CD900CA CD900CO CD900CT CD900DE CD900FL CD900GA ";;;https://admin.shopify.com/store/trophy-partner/products?query=PS6540;p-5858-wyoming-state-silhouette-awards
7;no;Varias medidas del mismo artículo — migrables ya;2-Layer Multi-Dimensional Digi-Color Award;PS6016;DCC0501A DCC0501B;DCC0501A: 2-Layer Multi-Dimensional Digi-Color Award | DCC0501B: 2-Layer Multi-Dimensional Digi-Color Award;;;https://admin.shopify.com/store/trophy-partner/products?query=PS6016;p-5334-2-layer-multi-dimensional-digi-color-award
7;no;Varias medidas del mismo artículo — migrables ya;2-Tone Bamboo Cutting Board;PS6018;CM419A CM419B;CM419A: 2-Tone Bamboo Cutting Board - Small | CM419B: 2-Tone Bamboo Cutting Board - Large;;;https://admin.shopify.com/store/trophy-partner/products?query=PS6018;p-5336-2-tone-bamboo-cutting-board
7;no;Varias medidas del mismo artículo — migrables ya;Aquus Lucite Peak Award;PS6064;CDUS02A CDUS02B;CDUS02A: Aquus Lucite Peak Award - Small | CDUS02B: Aquus Lucite Peak Award - Medium;;;https://admin.shopify.com/store/trophy-partner/products?query=PS6064;p-5382-aquus-lucite-peak-award
7;no;Varias medidas del mismo artículo — migrables ya;Aquus Series Lucite Tablet Award;PS6066;CDUS01A CDUS01B;CDUS01A: Aquus Lucite Tablet Award - Medium | CDUS01B: Aquus Lucite Tablet Award - Large;;;https://admin.shopify.com/store/trophy-partner/products?query=PS6066;p-5384-aquus-series-lucite-tablet-award
7;no;Varias medidas del mismo artículo — migrables ya;Ashbourne Series Diamond On Base;PS6077;GM410A GM410B GM410C;GM410A: Diamond on Base - Small | GM410B: Diamond on Base - Medium | GM410C: Diamond on Base - Large;;;https://admin.shopify.com/store/trophy-partner/products?query=PS6077;p-5395-ashbourne-series-diamond-on-base
7;no;Varias medidas del mismo artículo — migrables ya;Avignon Crescents Beveled Jade Glass Plaque Award Trophy;PS6079;GM456A GM456B;GM456A: Beveled Jade Glass Crescent Plaque | GM456B: Beveled Jade Glass Crescent Plaque;;;https://admin.shopify.com/store/trophy-partner/products?query=PS6079;p-5397-avignon-crescents-beveled-jade-glass-plaque-award-trophy
7;no;Varias medidas del mismo artículo — migrables ya;Beveled Crystal Circle Award Trophy;PS8174;GM757B GM757C;GM757B: Beveled Crystal Circle, Med | GM757C: Beveled Crystal Circle, Lrg;;;https://admin.shopify.com/store/trophy-partner/products?query=PS8174;p-7864-beveled-crystal-circle-award-trophy
7;no;Varias medidas del mismo artículo — migrables ya;Beveled Jade Glass Award Plaque;PS6078;GM456C GM456D;GM456C: Beveled Jade Glass Crescent Plaque | GM456D: Beveled Jade Glass Crescent Plaque;;;https://admin.shopify.com/store/trophy-partner/products?query=PS6078;p-5396-beveled-jade-glass-award-plaque
7;no;Varias medidas del mismo artículo — migrables ya;Beveled Jade Glass Crescent Plaque;PS6104;GM665A GM665B GM665C GM665D;GM665A: Beveled Jade Glass Crescent Plaque | GM665B: Beveled Jade Glass Crescent Plaque | GM665C: Beveled Jade Glass Crescent Plaque | GM665D: Beveled Jade Glass Crescent Plaque;;;https://admin.shopify.com/store/trophy-partner/products?query=PS6104;p-5422-beveled-jade-glass-crescent-plaque
7;no;Varias medidas del mismo artículo — migrables ya;Beveled Jade Glass Crescent Plaque Small;PS8188;GM823C GM823D GM823E;GM823C: Beveled Jade Glass Crescent Plaque | GM823D: Beveled Jade Glass Crescent Plaque | GM823E: Beveled Jade Glass Crescent Plaque;;;https://admin.shopify.com/store/trophy-partner/products?query=PS8188;p-7869-beveled-jade-glass-crescent-plaque-small
7;no;Varias medidas del mismo artículo — migrables ya;Black Diamond Carve Lucite Award;PS8213;CD1103A CD1103B;CD1103A: Black Diamond Carve, Small | CD1103B: Black Diamond Carve, Med;;;https://admin.shopify.com/store/trophy-partner/products?query=PS8213;p-7878-black-diamond-carve-lucite-award
7;no;Varias medidas del mismo artículo — migrables ya;Blue Award with Clear Lucite Base;PS6157;C0613 C0614;C0613: Small Blue Dynasty Award with Clear Lucite Base | C0614: Large Blue Dynasty Award with Clear Lucite Base;;;https://admin.shopify.com/store/trophy-partner/products?query=PS6157;p-5475-blue-award-with-clear-lucite-base
7;no;Varias medidas del mismo artículo — migrables ya;Bold Clear Crystal Facet Oval;PS10120;GI647A GI647B GI647C;GI647A: Bold Clear Crystal Facet Oval, Small | GI647B: Bold Clear Crystal Facet Oval, Med | GI647C: Bold Clear Crystal Facet Oval;;;https://admin.shopify.com/store/trophy-partner/products?query=PS10120;p-8723-bold-clear-crystal-facet-oval
7;no;Varias medidas del mismo artículo — migrables ya;Bold Clear Crystal Wedge Award;PS6208;GI635A GI635B;GI635A: Bold Clear Crystal Wedge - Medium | GI635B: Bold Clear Crystal Wedge - Large;;;https://admin.shopify.com/store/trophy-partner/products?query=PS6208;p-5526-bold-clear-crystal-wedge-award
7;no;Varias medidas del mismo artículo — migrables ya;Carved Flame with Blue Accent Award;PS8335;GM822A GM822B;GM822A: Carved Flame with Blue Accent | GM822B: Carved Flame with Blue Accent;;;https://admin.shopify.com/store/trophy-partner/products?query=PS8335;p-7909-carved-flame-with-blue-accent-award
7;no;Varias medidas del mismo artículo — migrables ya;Clear Beveled Arrowhead Award on Base;PS6268;GM716A GM716B GM716C;GM716A: Clear Glass Arrowhead on Base, | GM716B: Clear Beveled Glass Arrowhead on Base - Medium | GM716C: Clear Beveled Glass Arrowhead on Base - Large;;;https://admin.shopify.com/store/trophy-partner/products?query=PS6268;p-5586-clear-beveled-arrowhead-award-on-base
7;no;Varias medidas del mismo artículo — migrables ya;Clear Crystal Star Award on Base;PS6277;GM711A GM711B GM711C;GM711A: Clear Crystal Star on Base - Small | GM711B: Clear Crystal Star on Base - Medium | GM711C: Clear Crystal Star on Base - Large;;;https://admin.shopify.com/store/trophy-partner/products?query=PS6277;p-5595-clear-crystal-star-award-on-base
7;no;Varias medidas del mismo artículo — migrables ya;Clear Crystal Wave Small;PS8394;GM817B GM817C;GM817B: Clear Crystal Wave | GM817C: Clear Crystal Wave;;;https://admin.shopify.com/store/trophy-partner/products?query=PS8394;p-7928-clear-crystal-wave-small
7;no;Varias medidas del mismo artículo — migrables ya;Clear Monolith with Blue Insert;PS8412;GM748A GM748B;GM748A: Clear Monolith with Blue Insert, Small | GM748B: Clear Monolith with Blue Insert, Large;;;https://admin.shopify.com/store/trophy-partner/products?query=PS8412;p-7934-clear-monolith-with-blue-insert
7;no;Varias medidas del mismo artículo — migrables ya;Clear Star Award with Blue Triangle Base;PS8418;GM746A GM746B;GM746A: Clear Star with Blue Triangle Base, Small | GM746B: Clear Star with Blue Triangle Base, Large;;;https://admin.shopify.com/store/trophy-partner/products?query=PS8418;p-7935-clear-star-award-with-blue-triangle-base
7;no;Varias medidas del mismo artículo — migrables ya;Clear Swoop  with Black & Clear Base Large;PS8420;GM811A GM811B;GM811A: Clear Swoop  with Black & Clear Base | GM811B: Clear Swoop  with Black & Clear Base;;;https://admin.shopify.com/store/trophy-partner/products?query=PS8420;p-7937-clear-swoop-with-black-clear-base-large
7;no;Varias medidas del mismo artículo — migrables ya;Clear Swoop with Black Accent;PS8421;GM812A GM812B GM812C;GM812A: Clear Swoop with Black Accent | GM812B: Clear Swoop with Black Accent | GM812C: Clear Swoop with Black Accent;;;https://admin.shopify.com/store/trophy-partner/products?query=PS8421;p-7938-clear-swoop-with-black-accent
7;no;Varias medidas del mismo artículo — migrables ya;Cobalt and Clear Optic Crystal Ribbon Award;PS6294;GM714A GM714B GM714C;GM714A: Cobalt and Clear Optic Crystal Ribbon - Small | GM714B: Cobalt and Clear Optic Crystal Ribbon - Med | GM714C: Cobalt and Clear Optic Crystal Ribbon - Lrg;;;https://admin.shopify.com/store/trophy-partner/products?query=PS6294;p-5612-cobalt-and-clear-optic-crystal-ribbon-award
7;no;Varias medidas del mismo artículo — migrables ya;Crystal Octagon;PS8474;GM756A GM756B GM756C;GM756A: Crystal Octagon, Small | GM756B: Crystal Octagon, Med | GM756C: Crystal Octagon, Lrg;;;https://admin.shopify.com/store/trophy-partner/products?query=PS8474;p-7956-crystal-octagon
7;no;Varias medidas del mismo artículo — migrables ya;Crystal Reaching Arch Award on Glass Base;PS6330;GI524A GI524B;GI524A: Optic Crystal Reaching Arch on Black Glass Base - Small | GI524B: Optic Crystal Reaching Arch on Black Glass Base - Large;;;https://admin.shopify.com/store/trophy-partner/products?query=PS6330;p-5648-crystal-reaching-arch-award-on-glass-base
7;no;Varias medidas del mismo artículo — migrables ya;Crystal Tower Award;PS8502;GM806A GM806B;GM806A: Crystal Tower | GM806B: Crystal Tower;;;https://admin.shopify.com/store/trophy-partner/products?query=PS8502;p-7965-crystal-tower-award
7;no;Varias medidas del mismo artículo — migrables ya;Crystal with Metal Stars Topped Tower Award;PS6355;GM562B GM562C;GM562B: Silver Star Topped Optic Crystal Tower - Medium | GM562C: Silver Star Topped Optic Crystal Tower - Large;;;https://admin.shopify.com/store/trophy-partner/products?query=PS6355;p-5673-crystal-with-metal-stars-topped-tower-award
7;no;Varias medidas del mismo artículo — migrables ya;Custom Lasercut Lucite Awards on Black Base;PS6000;CD561B CD561C CD561D CD561E;"CD561B: Laser-Cut Lucite Contour 1/2"" Thick Up To 33 Sq In | CD561C: Laser-Cut Lucite Contour 1/2"" Thick Up To 47 Sq In | CD561D: Laser-Cut Lucite Contour 1/2"" Thick Up To 62 Sq In | CD561E: Laser-Cut Lucite Contour 1/2"" Thick Up To 79 Sq In";;;https://admin.shopify.com/store/trophy-partner/products?query=PS6000;p-5318-custom-lasercut-lucite-awards-on-black-base
7;no;Varias medidas del mismo artículo — migrables ya;Custom Layered Lasercut Awards;PS6655;CD571B CD571C;"CD571B: Layered Laser-Cut Lucite Contour 3/8"" Thick Up To 33 Sq In | CD571C: Layered Laser-Cut Lucite Contour 3/8"" Thick Up To 47 Sq In";;;https://admin.shopify.com/store/trophy-partner/products?query=PS6655;p-5973-custom-layered-lasercut-awards
7;no;Varias medidas del mismo artículo — migrables ya;Deep Beveled Back On Base;PS6365;GM411A GM411B GM411C;GM411A: Deep Beveled Back on Base - Small | GM411B: Deep Beveled Back on Base - Medium | GM411C: Deep Beveled Back on Base - Large;;;https://admin.shopify.com/store/trophy-partner/products?query=PS6365;p-5683-deep-beveled-back-on-base
7;no;Varias medidas del mismo artículo — migrables ya;Diamond Bevel Glass and Marble Pillar Base Award;PS6367;GM726A GM726B;GM726A: Diamond Bevel Glass and Marble Pillar Base - Small | GM726B: Diamond Bevel Glass and Marble Pillar Base - Large;;;https://admin.shopify.com/store/trophy-partner/products?query=PS6367;p-5685-diamond-bevel-glass-and-marble-pillar-base-award
7;no;Varias medidas del mismo artículo — migrables ya;Diamond Columns;PS8541;GM818A GM818B GM818C;GM818A: Diamond Columns | GM818B: Diamond Columns | GM818C: Diamond Columns;;;https://admin.shopify.com/store/trophy-partner/products?query=PS8541;p-7974-diamond-columns
7;no;Varias medidas del mismo artículo — migrables ya;Diamond Glass Award On Chrome Base;PS6353;GI27A GI27B;GI27A: Starphire Glass with Brushed Silver Base- Medium | GI27B: Starphire Glass with Brushed Silver Base- Large;;;https://admin.shopify.com/store/trophy-partner/products?query=PS6353;p-5671-diamond-glass-award-on-chrome-base
7;no;Varias medidas del mismo artículo — migrables ya;Ebony Finish 12-Plt Layered Blue and Silver Border Plaque with Easy Perpetual Plate Release Program;PS10982;EP9 EP9PK;"EP9: Ebony Finish 12-Plt Layered Blue and Silver Border Plaque  with Easy Perpetual Plate Release Program | EP9PK: Ebony Finish 12-Plt Layered Blue and Silver Border Plaque  with Easy Perpetual Plate Release Program  and 12 Individual 5"" x 7"" Companion Plaques";;;https://admin.shopify.com/store/trophy-partner/products?query=PS10982;p-8831-ebony-finish-12-plt-layered-blue-and-silver-border-plaque-with-easy-perpetual-plate-release-program
7;no;Varias medidas del mismo artículo — migrables ya;Ebony Plaque with Raised Starphire Glass;PS6389;G0655A G0655B;G0655A: Ebony Piano Finish Board with Raised Starphire Glass | G0655B: Ebony Piano Finish Board with Raised Starphire Glass;;;https://admin.shopify.com/store/trophy-partner/products?query=PS6389;p-5707-ebony-plaque-with-raised-starphire-glass
7;no;Varias medidas del mismo artículo — migrables ya;Etched Premium Standing Jade Tablet Large;PS6402;GM446A GM446B;GM446A: Premium Standing Jade Glass Tablet - Small | GM446B: Premium Standing Jade Glass Tablet - Medium;;;https://admin.shopify.com/store/trophy-partner/products?query=PS6402;p-5720-etched-premium-standing-jade-tablet-large
7;no;Varias medidas del mismo artículo — migrables ya;Faceted Circle Wedge on Slant Side Base Large;PS8593;GM815A GM815B;GM815A: Faceted Circle Wedge on Slant Side Base | GM815B: Faceted Circle Wedge on Slant Side Base;;;https://admin.shopify.com/store/trophy-partner/products?query=PS8593;p-7987-faceted-circle-wedge-on-slant-side-base-large
7;no;Varias medidas del mismo artículo — migrables ya;Faceted Edge Circle Award on Slant Base;PS8597;GM814A GM814B GM814C;GM814A: Faceted Edge Circle on Slant Base | GM814B: Faceted Edge Circle on Slant Base | GM814C: Faceted Edge Circle on Slant Base;;;https://admin.shopify.com/store/trophy-partner/products?query=PS8597;p-7990-faceted-edge-circle-award-on-slant-base
7;no;Varias medidas del mismo artículo — migrables ya;Florence Series Faceted Crystal Circle Award;PS6410;GM615A GM615B GM615C;GM615A: Faceted Crystal Circle - Small | GM615B: Faceted Crystal Circle - Medium | GM615C: Faceted Crystal Circle - Large;;;https://admin.shopify.com/store/trophy-partner/products?query=PS6410;p-5728-florence-series-faceted-crystal-circle-award
7;no;Varias medidas del mismo artículo — migrables ya;Glass Droplets Indigo Stream Art Glass Award;PS6555;GM435B GM435C;GM435B: Indigo Stream Art Glass - Medium (Includes Silver Color-Fill on Base Only) | GM435C: Indigo Stream Art Glass - Large (Includes Silver Color-Fill on Base Only);;;https://admin.shopify.com/store/trophy-partner/products?query=PS6555;p-5873-glass-droplets-indigo-stream-art-glass-award
7;no;Varias medidas del mismo artículo — migrables ya;Glass Shield w/ Diamond On Base;PS6557;GM617A GM617B GM617C;GM617A: Reflective Glass Shield with Diamond  on Black Glass Base - Small | GM617B: Reflective Glass Shield with Diamond  on Black Glass Base - Medium | GM617C: Reflective Glass Shield with Diamond  on Black Glass Base - Large;;;https://admin.shopify.com/store/trophy-partner/products?query=PS6557;p-5875-glass-shield-w-diamond-on-base
7;no;Varias medidas del mismo artículo — migrables ya;Grooved Brilliance Plaque;PS6603;CD959G CD959S;CD959G: Grooved Brilliance Plaque | CD959S: Grooved Brilliance Plaque;;;https://admin.shopify.com/store/trophy-partner/products?query=PS6603;p-5921-grooved-brilliance-plaque
7;no;Varias medidas del mismo artículo — migrables ya;Jade Faceted Circle Award Trophy;PS6614;GM663A GM663B GM663C;GM663A: Pearl Edge Circle Clear - Small | GM663B: Pearl Edge Circle Clear - Medium | GM663C: Pearl Edge Circle Clear - Large;;;https://admin.shopify.com/store/trophy-partner/products?query=PS6614;p-5932-jade-faceted-circle-award-trophy
7;no;Varias medidas del mismo artículo — migrables ya;Jade Faceted Flame Award Trophy;PS6616;GM662A GM662B GM662C;GM662A: Pearl Edge Flame Clear - Small | GM662B: Pearl Edge Flame Clear - Medium | GM662C: Pearl Edge Flame Clear - Large;;;https://admin.shopify.com/store/trophy-partner/products?query=PS6616;p-5934-jade-faceted-flame-award-trophy
7;no;Varias medidas del mismo artículo — migrables ya;Jade Glass Circle On Base;PS6618;GI496A GI496B;GI496A: Jade Glass Circle on Base - Medium | GI496B: Jade Glass Circle on Base - Large;;;https://admin.shopify.com/store/trophy-partner/products?query=PS6618;p-5936-jade-glass-circle-on-base
7;no;Varias medidas del mismo artículo — migrables ya;Jade Glass Slant Peak On Base Award Trophy;PS6626;GI527A GI527B GI527C;GI527A: Jade Glass Slant Peak on Base - Small | GI527B: Jade Glass Slant Peak on Base - Medium | GI527C: Jade Glass Slant Peak on Base - Large;;;https://admin.shopify.com/store/trophy-partner/products?query=PS6626;p-5944-jade-glass-slant-peak-on-base-award-trophy
7;no;Varias medidas del mismo artículo — migrables ya;Jade Glass Star Crescent Award Trophy;PS6628;GM668A GM668B;GM668A: Jade Glass Star Crescent | GM668B: Jade Glass Star Crescent;;;https://admin.shopify.com/store/trophy-partner/products?query=PS6628;p-5946-jade-glass-star-crescent-award-trophy
7;no;Varias medidas del mismo artículo — migrables ya;Laser Carved Alder Wood Plaque;PS6640;CD83A CD83B;CD83A: Genuine Alder Wood Plaque | CD83B: Genuine Alder Wood Plaque;;;https://admin.shopify.com/store/trophy-partner/products?query=PS6640;p-5958-laser-carved-alder-wood-plaque
7;no;Varias medidas del mismo artículo — migrables ya;Laser Etched Premium Flame On Base;PS6641;GM442A GM442B GM442C;GM442A: Premium Jade Glass Flame on Base - Small | GM442B: Premium Jade Glass Flame on Base - Medium | GM442C: Premium Jade Glass Flame on Base - Large;;;https://admin.shopify.com/store/trophy-partner/products?query=PS6641;p-5959-laser-etched-premium-flame-on-base
7;no;Varias medidas del mismo artículo — migrables ya;Laser Etched Premium Octagon On Base Small;PS6642;GM444B GM444C;GM444B: Premium Jade Glass Octagon on Base - Medium | GM444C: Premium Jade Glass Octagon on Base - Large;;;https://admin.shopify.com/store/trophy-partner/products?query=PS6642;p-5960-laser-etched-premium-octagon-on-base-small
7;no;Varias medidas del mismo artículo — migrables ya;Modern Flame Clear Crystal Award;PS9176;GM816A GM816B GM816C;GM816A: Modern Flame Clear Crystal | GM816B: Modern Flame Clear Crystal | GM816C: Modern Flame Clear Crystal;;;https://admin.shopify.com/store/trophy-partner/products?query=PS9176;p-8113-modern-flame-clear-crystal-award
7;no;Varias medidas del mismo artículo — migrables ya;Octagon Tower;PS11021;GI23A GI23B GI23C;GI23A: Optic Crystal Octagon Tower - Small | GI23B: Optic Crystal Octagon Tower - Medium | GI23C: Optic Crystal Octagon Tower - Large;;;https://admin.shopify.com/store/trophy-partner/products?query=PS11021;p-8836-octagon-tower
7;no;Varias medidas del mismo artículo — migrables ya;Optic Crystal Circular Wedge Award;PS11046;GI30A GI30B GI30C;GI30A: Optic Crystal Circular Wedge | GI30B: Optic Crystal Circular Wedge | GI30C: Optic Crystal Circular Wedge;;;https://admin.shopify.com/store/trophy-partner/products?query=PS11046;p-8838-optic-crystal-circular-wedge-award
7;no;Varias medidas del mismo artículo — migrables ya;Optic Crystal Globe On Base Award Trophy;PS6801;G0713A G0713B;G0713A: Optic Crystal Globe on Base - Small | G0713B: Optic Crystal Globe on Base - Medium;;;https://admin.shopify.com/store/trophy-partner/products?query=PS6801;p-6119-optic-crystal-globe-on-base-award-trophy
7;no;Varias medidas del mismo artículo — migrables ya;Optic Crystal Obelisk;PS6805;GI26A GI26B;GI26A: Optic Crystal Obelisk - Medium | GI26B: Optic Crystal Obelisk - Large;;;https://admin.shopify.com/store/trophy-partner/products?query=PS6805;p-6123-optic-crystal-obelisk
7;no;Varias medidas del mismo artículo — migrables ya;Optic Crystal Palace Award Trophy;PS6807;GM713A GM713B GM713C;GM713A: Optic Crystal Palace Award - Small | GM713B: Optic Crystal Palace Award - Medium | GM713C: Optic Crystal Palace Award - Large;;;https://admin.shopify.com/store/trophy-partner/products?query=PS6807;p-6125-optic-crystal-palace-award-trophy
7;no;Varias medidas del mismo artículo — migrables ya;Optic Crystal Pyramid Award Trophy;PS6403;GNS180A GNS180B GNS180C;GNS180A: Optic Crystal Pyramid - Small | GNS180B: Optic Crystal Pyramid - Med | GNS180C: Optic Crystal Pyramid - Lrg;;;https://admin.shopify.com/store/trophy-partner/products?query=PS6403;p-5721-optic-crystal-pyramid-award-trophy
7;no;Varias medidas del mismo artículo — migrables ya;Optic Crystal Rectangle Award;PS11079;GI491A GI491B;GI491A: Optic Crystal Rectangle - Medium | GI491B: Optic Crystal Rectangle - Large;;;https://admin.shopify.com/store/trophy-partner/products?query=PS11079;p-8840-optic-crystal-rectangle-award
7;no;Varias medidas del mismo artículo — migrables ya;Optic Crystal Triangle Front Pillar;PS6821;GM631A GM631B;GM631A: Optic Crystal Triangle Front Pillar - Small | GM631B: Optic Crystal Triangle Front Pillar - Medium;;;https://admin.shopify.com/store/trophy-partner/products?query=PS6821;p-6139-optic-crystal-triangle-front-pillar
7;no;Varias medidas del mismo artículo — migrables ya;Optic Crystal With Blue Glass Pillars;PS6828;GM422B GM422C;GM422B: Optic Crystal with Blue Glass Pillars - Medium | GM422C: Optic Crystal with Blue Glass Pillars - Large;;;https://admin.shopify.com/store/trophy-partner/products?query=PS6828;p-6146-optic-crystal-with-blue-glass-pillars
7;no;Varias medidas del mismo artículo — migrables ya;Portable Wine Rack;PS9285;CM756A CM756B;CM756A: Portable Wine Rack | CM756B: Portable Wine Rack;;;https://admin.shopify.com/store/trophy-partner/products?query=PS9285;p-8142-portable-wine-rack
7;no;Varias medidas del mismo artículo — migrables ya;Promo Glass Award with Mirror and Texture Accent on Clear Base;PS6863;GM728A GM729A GM728B GM729B;GM728A: Promo Glass with Mirror and Texture Accent on Clear Base - Small | GM729A: Promo Glass with Mirror and Texture Accent on Clear Base - Small | GM728B: Promo Glass with Mirror and Texture Accent on Clear Base - Large | GM729B: Promo Glass with Mirror and Texture Accent on Clear Base - Large;;;https://admin.shopify.com/store/trophy-partner/products?query=PS6863;p-6181-promo-glass-award-with-mirror-and-texture-accent-on-clear-base
7;no;Varias medidas del mismo artículo — migrables ya;Raised Lucite Silver Swirl Perpetual Plaque;PS11202;EP10 EP10PKG;"EP10: Raised Lucite Silver Swirl 12-Plt Plaque  with Easy Perpetual Plate Release Program | EP10PKG: Raised Lucite Silver Swirl 12-Plt Plaque  with Easy Perpetual Plate Release Program and 12 Individual 5"" x 7"" Companion Plaques";;;https://admin.shopify.com/store/trophy-partner/products?query=PS11202;p-8855-raised-lucite-silver-swirl-perpetual-plaque
7;no;Varias medidas del mismo artículo — migrables ya;Rectangle Bevel Glass Award and Marble Pillar Base;PS6870;GM725A GM725B;GM725A: Rectangle Bevel Glass and Marble Pillar Base - Small | GM725B: Rectangle Bevel Glass and Marble Pillar Base - Large;;;https://admin.shopify.com/store/trophy-partner/products?query=PS6870;p-6188-rectangle-bevel-glass-award-and-marble-pillar-base
7;no;Varias medidas del mismo artículo — migrables ya;Rosewood Plaque w/ Raised Starphire Glass;PS6897;G0656A G0656B;G0656A: Rosewood Piano Finish Board with Raised Starphire Glass | G0656B: Rosewood Piano Finish Board with Raised Starphire Glass;;;https://admin.shopify.com/store/trophy-partner/products?query=PS6897;p-6215-rosewood-plaque-w-raised-starphire-glass
7;no;Varias medidas del mismo artículo — migrables ya;Round Crystal Plate with Crystal Stand;PS6914;GM730A GM730B GM730C;GM730A: Round Crystal Plate with Crystal Stand | GM730B: Round Crystal Plate with Crystal Stand | GM730C: Round Crystal Plate with Crystal Stand;;;https://admin.shopify.com/store/trophy-partner/products?query=PS6914;p-6232-round-crystal-plate-with-crystal-stand
7;no;Varias medidas del mismo artículo — migrables ya;Scroll Border Photo Plaque;PS11514;EP2 EP2PK;"EP2: Walnut Finish 13-Plt Scroll Border Photo Plaque  with Easy Perpetual Plate Release Program | EP2PK: Walnut Finish 13-Plt Scroll Border Photo Plaque  with Easy Perpetual Plate Release Program and 12 Individual 5"" x 7"" Companion Plaques";;;https://admin.shopify.com/store/trophy-partner/products?query=PS11514;p-8900-scroll-border-photo-plaque
7;no;Varias medidas del mismo artículo — migrables ya;Silver Star Cutout Trophy Cup;PS6932;CM400A CM400B CM400C;CM400A: Silver Star Cutout Trophy Cup - Small | CM400B: Silver Star Cutout Trophy Cup - Medium | CM400C: Silver Star Cutout Trophy Cup - Large;;;https://admin.shopify.com/store/trophy-partner/products?query=PS6932;p-6250-silver-star-cutout-trophy-cup
7;no;Varias medidas del mismo artículo — migrables ya;Star Tower Award;PS9482;GM744B GM744C;GM744B: Star Tower, Medium | GM744C: Star Tower, Large;;;https://admin.shopify.com/store/trophy-partner/products?query=PS9482;p-8193-star-tower-award
7;no;Varias medidas del mismo artículo — migrables ya;Sweeping Ribbon Award;PS11402;CD1022ABL CD1022AGO CD1022AGR CD1022ARD CD1022BBL CD1022BGO CD1022BGR CD1022BRD CD1022CBL CD1022CGO CD1022CGR CD1022CRD;CD1022ABL: Sweeping Ribbon Award - Small | CD1022AGO: Sweeping Ribbon Award  - Small | CD1022AGR: Sweeping Ribbon Award  - Small | CD1022ARD: Sweeping Ribbon Award  - Small | CD1022BBL: Sweeping Ribbon Award - Medium | CD1022BGO: Sweeping Ribbon Award - Medium | CD1022BGR: Sweeping Ribbon Award - Medium | CD1022BRD: Sweeping Ribbon Award - Medium | CD1022CBL: Sweeping Ribbon Award - Large | CD1022CGO: Sweeping Ribbon Award - Large | CD1022CGR: Sweeping Ribbon Award - Large | CD1022CRD: Sweeping Ribbon Award - Large;;;https://admin.shopify.com/store/trophy-partner/products?query=PS11402;p-8882-sweeping-ribbon-award
7;no;Varias medidas del mismo artículo — migrables ya;Sweeping Ribbon Award Clear;PS6984;CD1022ACL CD1022BCL CD1022CCL;CD1022ACL: Sweeping Ribbon Award  - Small | CD1022BCL: Sweeping Ribbon Award - Medium | CD1022CCL: Sweeping Ribbon Award - Large;;;https://admin.shopify.com/store/trophy-partner/products?query=PS6984;p-6302-sweeping-ribbon-award-clear
