paceSetter_part;paceSetter_line;store_products_after_sync
C1407LB;C1407L*;p-5911-green-diamond-carved-octagon-plaque p-6200-red-diamond-carve-lucite-octagon-plaque p-8715-blue-diamond-carve-lucite-octagon-plaque
C1407LG;C1407L*;p-5911-green-diamond-carved-octagon-plaque p-6200-red-diamond-carve-lucite-octagon-plaque p-8715-blue-diamond-carve-lucite-octagon-plaque
C1407LR;C1407L*;p-5911-green-diamond-carved-octagon-plaque p-6200-red-diamond-carve-lucite-octagon-plaque p-8715-blue-diamond-carve-lucite-octagon-plaque
C6801GO;C6801*;p-5890-lucite-riser-plaque-with-choice-of-plate p-6241-silver-lucite-riser-plaque
C6801S;C6801*;p-5890-lucite-riser-plaque-with-choice-of-plate p-6241-silver-lucite-riser-plaque
C6802GO;C6802*;p-5890-lucite-riser-plaque-with-choice-of-plate p-6241-silver-lucite-riser-plaque
C6802S;C6802*;p-5890-lucite-riser-plaque-with-choice-of-plate p-6241-silver-lucite-riser-plaque
CA21AXB;CA21AX*;p-5610-clear-star-power-sculptured-lucite-award p-5901-gold-star-power-sculptured-lucite-award
CA21AXC;CA21AX*;p-5610-clear-star-power-sculptured-lucite-award p-5901-gold-star-power-sculptured-lucite-award
CA21AXG;CA21AX*;p-5610-clear-star-power-sculptured-lucite-award p-5901-gold-star-power-sculptured-lucite-award
CA21BXB;CA21BX*;p-5610-clear-star-power-sculptured-lucite-award p-5901-gold-star-power-sculptured-lucite-award
CA21BXC;CA21BX*;p-5610-clear-star-power-sculptured-lucite-award p-5901-gold-star-power-sculptured-lucite-award
CA21BXG;CA21BX*;p-5610-clear-star-power-sculptured-lucite-award p-5901-gold-star-power-sculptured-lucite-award
CA21CXB;CA21CX*;p-5609-clear-star-power-sculptured-lucite-large p-5900-gold-star-power-sculptured-lucite-small
CA21CXC;CA21CX*;p-5609-clear-star-power-sculptured-lucite-large p-5900-gold-star-power-sculptured-lucite-small
CA21CXG;CA21CX*;p-5609-clear-star-power-sculptured-lucite-large p-5900-gold-star-power-sculptured-lucite-small
CD121G;CD121*;p-6268-slide-in-certificate-rosewood-plaque-in-gift-box p-6269-slide-in-certificate-rosewood-plaque-in-mailer-box
CD121M;CD121*;p-6268-slide-in-certificate-rosewood-plaque-in-gift-box p-6269-slide-in-certificate-rosewood-plaque-in-mailer-box
CD900AK;CD900*;p-5805-alaska-state-silhouette-awards p-5806-alabama-state-silhouette-awards p-5807-arkansas-state-silhouette-awards p-5808-arizona-state-silhouette-awards p-5809-california-state-silhouette-awards p-5810-colorado-state-silhouette-awards p-5811-connecticut-state-silhouette-awards p-5812-delaware-state-silhouette-awards p-5813-florida-state-silhouette-awards p-5814-georgia-state-silhouette-awards p-5815-hawaii-state-silhouette-awards p-5816-iowa-state-silhouette-awards p-5817-idaho-state-sillhouette-awards p-5818-indiana-state-silhouette-awards p-5819-kansas-state-silhouette-awards p-5820-kentucky-state-silhouette-awards p-5821-louisiana-state-silhouette-awards p-5822-massachusetts-state-silhouette-awards p-5823-maryland-state-silhouette-awards p-5824-maine-state-silhouette-awards p-5825-michigan-state-silhouette-awards p-5826-minnesota-state-silhouette-awards p-5827-missouri-state-silhouette-awards p-5828-mississippi-state-silhouette-awards p-5829-montana-state-silhouette-awards p-5830-north-carolina-state-silhouette-awards p-5831-north-dakota-state-silhouette-awards p-5832-nebraska-state-silhouette-awards p-5833-new-hampshire-state-silhouette-awards p-5834-new-jersey-state-silhouette-awards p-5835-new-mexico-state-silhouette-awards p-5836-nevada-state-silhouette-awards p-5837-new-york-state-silhouette-awards p-5838-ohio-state-silhouette-awards p-5839-oklahoma-state-silhouette-awards p-5843-oregon-state-silhouette-awards p-5844-frosted-lucite-oval-cutout-on-risers-award p-5845-pennsylvania-state-silhouette-awards p-5846-rhode-island-state-silhouette-awards p-5847-south-carolina-state-silhouette-awards p-5848-south-dakota-state-silhouette-awards p-5849-illinois-state-shaped-award-award p-5850-tennessee-state-silhouette-awards p-5851-texas-state-silhouette-awards p-5852-utah-state-silhouette-awards p-5853-virginia-state-silhouette-awards p-5854-vermont-state-silhouette-awards p-5855-washington-state-silhouette-awards p-5856-wisconsin-state-silhouette-awards p-5857-west-virginia-state-silhouette-awards p-5858-wyoming-state-silhouette-awards p-7115-frosted-lucite-star-cutout-on-risers-award
CD900AL;CD900*;p-5805-alaska-state-silhouette-awards p-5806-alabama-state-silhouette-awards p-5807-arkansas-state-silhouette-awards p-5808-arizona-state-silhouette-awards p-5809-california-state-silhouette-awards p-5810-colorado-state-silhouette-awards p-5811-connecticut-state-silhouette-awards p-5812-delaware-state-silhouette-awards p-5813-florida-state-silhouette-awards p-5814-georgia-state-silhouette-awards p-5815-hawaii-state-silhouette-awards p-5816-iowa-state-silhouette-awards p-5817-idaho-state-sillhouette-awards p-5818-indiana-state-silhouette-awards p-5819-kansas-state-silhouette-awards p-5820-kentucky-state-silhouette-awards p-5821-louisiana-state-silhouette-awards p-5822-massachusetts-state-silhouette-awards p-5823-maryland-state-silhouette-awards p-5824-maine-state-silhouette-awards p-5825-michigan-state-silhouette-awards p-5826-minnesota-state-silhouette-awards p-5827-missouri-state-silhouette-awards p-5828-mississippi-state-silhouette-awards p-5829-montana-state-silhouette-awards p-5830-north-carolina-state-silhouette-awards p-5831-north-dakota-state-silhouette-awards p-5832-nebraska-state-silhouette-awards p-5833-new-hampshire-state-silhouette-awards p-5834-new-jersey-state-silhouette-awards p-5835-new-mexico-state-silhouette-awards p-5836-nevada-state-silhouette-awards p-5837-new-york-state-silhouette-awards p-5838-ohio-state-silhouette-awards p-5839-oklahoma-state-silhouette-awards p-5843-oregon-state-silhouette-awards p-5844-frosted-lucite-oval-cutout-on-risers-award p-5845-pennsylvania-state-silhouette-awards p-5846-rhode-island-state-silhouette-awards p-5847-south-carolina-state-silhouette-awards p-5848-south-dakota-state-silhouette-awards p-5849-illinois-state-shaped-award-award p-5850-tennessee-state-silhouette-awards p-5851-texas-state-silhouette-awards p-5852-utah-state-silhouette-awards p-5853-virginia-state-silhouette-awards p-5854-vermont-state-silhouette-awards p-5855-washington-state-silhouette-awards p-5856-wisconsin-state-silhouette-awards p-5857-west-virginia-state-silhouette-awards p-5858-wyoming-state-silhouette-awards p-7115-frosted-lucite-star-cutout-on-risers-award
CD900AR;CD900*;p-5805-alaska-state-silhouette-awards p-5806-alabama-state-silhouette-awards p-5807-arkansas-state-silhouette-awards p-5808-arizona-state-silhouette-awards p-5809-california-state-silhouette-awards p-5810-colorado-state-silhouette-awards p-5811-connecticut-state-silhouette-awards p-5812-delaware-state-silhouette-awards p-5813-florida-state-silhouette-awards p-5814-georgia-state-silhouette-awards p-5815-hawaii-state-silhouette-awards p-5816-iowa-state-silhouette-awards p-5817-idaho-state-sillhouette-awards p-5818-indiana-state-silhouette-awards p-5819-kansas-state-silhouette-awards p-5820-kentucky-state-silhouette-awards p-5821-louisiana-state-silhouette-awards p-5822-massachusetts-state-silhouette-awards p-5823-maryland-state-silhouette-awards p-5824-maine-state-silhouette-awards p-5825-michigan-state-silhouette-awards p-5826-minnesota-state-silhouette-awards p-5827-missouri-state-silhouette-awards p-5828-mississippi-state-silhouette-awards p-5829-montana-state-silhouette-awards p-5830-north-carolina-state-silhouette-awards p-5831-north-dakota-state-silhouette-awards p-5832-nebraska-state-silhouette-awards p-5833-new-hampshire-state-silhouette-awards p-5834-new-jersey-state-silhouette-awards p-5835-new-mexico-state-silhouette-awards p-5836-nevada-state-silhouette-awards p-5837-new-york-state-silhouette-awards p-5838-ohio-state-silhouette-awards p-5839-oklahoma-state-silhouette-awards p-5843-oregon-state-silhouette-awards p-5844-frosted-lucite-oval-cutout-on-risers-award p-5845-pennsylvania-state-silhouette-awards p-5846-rhode-island-state-silhouette-awards p-5847-south-carolina-state-silhouette-awards p-5848-south-dakota-state-silhouette-awards p-5849-illinois-state-shaped-award-award p-5850-tennessee-state-silhouette-awards p-5851-texas-state-silhouette-awards p-5852-utah-state-silhouette-awards p-5853-virginia-state-silhouette-awards p-5854-vermont-state-silhouette-awards p-5855-washington-state-silhouette-awards p-5856-wisconsin-state-silhouette-awards p-5857-west-virginia-state-silhouette-awards p-5858-wyoming-state-silhouette-awards p-7115-frosted-lucite-star-cutout-on-risers-award
CD900AZ;CD900*;p-5805-alaska-state-silhouette-awards p-5806-alabama-state-silhouette-awards p-5807-arkansas-state-silhouette-awards p-5808-arizona-state-silhouette-awards p-5809-california-state-silhouette-awards p-5810-colorado-state-silhouette-awards p-5811-connecticut-state-silhouette-awards p-5812-delaware-state-silhouette-awards p-5813-florida-state-silhouette-awards p-5814-georgia-state-silhouette-awards p-5815-hawaii-state-silhouette-awards p-5816-iowa-state-silhouette-awards p-5817-idaho-state-sillhouette-awards p-5818-indiana-state-silhouette-awards p-5819-kansas-state-silhouette-awards p-5820-kentucky-state-silhouette-awards p-5821-louisiana-state-silhouette-awards p-5822-massachusetts-state-silhouette-awards p-5823-maryland-state-silhouette-awards p-5824-maine-state-silhouette-awards p-5825-michigan-state-silhouette-awards p-5826-minnesota-state-silhouette-awards p-5827-missouri-state-silhouette-awards p-5828-mississippi-state-silhouette-awards p-5829-montana-state-silhouette-awards p-5830-north-carolina-state-silhouette-awards p-5831-north-dakota-state-silhouette-awards p-5832-nebraska-state-silhouette-awards p-5833-new-hampshire-state-silhouette-awards p-5834-new-jersey-state-silhouette-awards p-5835-new-mexico-state-silhouette-awards p-5836-nevada-state-silhouette-awards p-5837-new-york-state-silhouette-awards p-5838-ohio-state-silhouette-awards p-5839-oklahoma-state-silhouette-awards p-5843-oregon-state-silhouette-awards p-5844-frosted-lucite-oval-cutout-on-risers-award p-5845-pennsylvania-state-silhouette-awards p-5846-rhode-island-state-silhouette-awards p-5847-south-carolina-state-silhouette-awards p-5848-south-dakota-state-silhouette-awards p-5849-illinois-state-shaped-award-award p-5850-tennessee-state-silhouette-awards p-5851-texas-state-silhouette-awards p-5852-utah-state-silhouette-awards p-5853-virginia-state-silhouette-awards p-5854-vermont-state-silhouette-awards p-5855-washington-state-silhouette-awards p-5856-wisconsin-state-silhouette-awards p-5857-west-virginia-state-silhouette-awards p-5858-wyoming-state-silhouette-awards p-7115-frosted-lucite-star-cutout-on-risers-award
CD900CA;CD900*;p-5805-alaska-state-silhouette-awards p-5806-alabama-state-silhouette-awards p-5807-arkansas-state-silhouette-awards p-5808-arizona-state-silhouette-awards p-5809-california-state-silhouette-awards p-5810-colorado-state-silhouette-awards p-5811-connecticut-state-silhouette-awards p-5812-delaware-state-silhouette-awards p-5813-florida-state-silhouette-awards p-5814-georgia-state-silhouette-awards p-5815-hawaii-state-silhouette-awards p-5816-iowa-state-silhouette-awards p-5817-idaho-state-sillhouette-awards p-5818-indiana-state-silhouette-awards p-5819-kansas-state-silhouette-awards p-5820-kentucky-state-silhouette-awards p-5821-louisiana-state-silhouette-awards p-5822-massachusetts-state-silhouette-awards p-5823-maryland-state-silhouette-awards p-5824-maine-state-silhouette-awards p-5825-michigan-state-silhouette-awards p-5826-minnesota-state-silhouette-awards p-5827-missouri-state-silhouette-awards p-5828-mississippi-state-silhouette-awards p-5829-montana-state-silhouette-awards p-5830-north-carolina-state-silhouette-awards p-5831-north-dakota-state-silhouette-awards p-5832-nebraska-state-silhouette-awards p-5833-new-hampshire-state-silhouette-awards p-5834-new-jersey-state-silhouette-awards p-5835-new-mexico-state-silhouette-awards p-5836-nevada-state-silhouette-awards p-5837-new-york-state-silhouette-awards p-5838-ohio-state-silhouette-awards p-5839-oklahoma-state-silhouette-awards p-5843-oregon-state-silhouette-awards p-5844-frosted-lucite-oval-cutout-on-risers-award p-5845-pennsylvania-state-silhouette-awards p-5846-rhode-island-state-silhouette-awards p-5847-south-carolina-state-silhouette-awards p-5848-south-dakota-state-silhouette-awards p-5849-illinois-state-shaped-award-award p-5850-tennessee-state-silhouette-awards p-5851-texas-state-silhouette-awards p-5852-utah-state-silhouette-awards p-5853-virginia-state-silhouette-awards p-5854-vermont-state-silhouette-awards p-5855-washington-state-silhouette-awards p-5856-wisconsin-state-silhouette-awards p-5857-west-virginia-state-silhouette-awards p-5858-wyoming-state-silhouette-awards p-7115-frosted-lucite-star-cutout-on-risers-award
CD900CO;CD900*;p-5805-alaska-state-silhouette-awards p-5806-alabama-state-silhouette-awards p-5807-arkansas-state-silhouette-awards p-5808-arizona-state-silhouette-awards p-5809-california-state-silhouette-awards p-5810-colorado-state-silhouette-awards p-5811-connecticut-state-silhouette-awards p-5812-delaware-state-silhouette-awards p-5813-florida-state-silhouette-awards p-5814-georgia-state-silhouette-awards p-5815-hawaii-state-silhouette-awards p-5816-iowa-state-silhouette-awards p-5817-idaho-state-sillhouette-awards p-5818-indiana-state-silhouette-awards p-5819-kansas-state-silhouette-awards p-5820-kentucky-state-silhouette-awards p-5821-louisiana-state-silhouette-awards p-5822-massachusetts-state-silhouette-awards p-5823-maryland-state-silhouette-awards p-5824-maine-state-silhouette-awards p-5825-michigan-state-silhouette-awards p-5826-minnesota-state-silhouette-awards p-5827-missouri-state-silhouette-awards p-5828-mississippi-state-silhouette-awards p-5829-montana-state-silhouette-awards p-5830-north-carolina-state-silhouette-awards p-5831-north-dakota-state-silhouette-awards p-5832-nebraska-state-silhouette-awards p-5833-new-hampshire-state-silhouette-awards p-5834-new-jersey-state-silhouette-awards p-5835-new-mexico-state-silhouette-awards p-5836-nevada-state-silhouette-awards p-5837-new-york-state-silhouette-awards p-5838-ohio-state-silhouette-awards p-5839-oklahoma-state-silhouette-awards p-5843-oregon-state-silhouette-awards p-5844-frosted-lucite-oval-cutout-on-risers-award p-5845-pennsylvania-state-silhouette-awards p-5846-rhode-island-state-silhouette-awards p-5847-south-carolina-state-silhouette-awards p-5848-south-dakota-state-silhouette-awards p-5849-illinois-state-shaped-award-award p-5850-tennessee-state-silhouette-awards p-5851-texas-state-silhouette-awards p-5852-utah-state-silhouette-awards p-5853-virginia-state-silhouette-awards p-5854-vermont-state-silhouette-awards p-5855-washington-state-silhouette-awards p-5856-wisconsin-state-silhouette-awards p-5857-west-virginia-state-silhouette-awards p-5858-wyoming-state-silhouette-awards p-7115-frosted-lucite-star-cutout-on-risers-award
CD900CT;CD900*;p-5805-alaska-state-silhouette-awards p-5806-alabama-state-silhouette-awards p-5807-arkansas-state-silhouette-awards p-5808-arizona-state-silhouette-awards p-5809-california-state-silhouette-awards p-5810-colorado-state-silhouette-awards p-5811-connecticut-state-silhouette-awards p-5812-delaware-state-silhouette-awards p-5813-florida-state-silhouette-awards p-5814-georgia-state-silhouette-awards p-5815-hawaii-state-silhouette-awards p-5816-iowa-state-silhouette-awards p-5817-idaho-state-sillhouette-awards p-5818-indiana-state-silhouette-awards p-5819-kansas-state-silhouette-awards p-5820-kentucky-state-silhouette-awards p-5821-louisiana-state-silhouette-awards p-5822-massachusetts-state-silhouette-awards p-5823-maryland-state-silhouette-awards p-5824-maine-state-silhouette-awards p-5825-michigan-state-silhouette-awards p-5826-minnesota-state-silhouette-awards p-5827-missouri-state-silhouette-awards p-5828-mississippi-state-silhouette-awards p-5829-montana-state-silhouette-awards p-5830-north-carolina-state-silhouette-awards p-5831-north-dakota-state-silhouette-awards p-5832-nebraska-state-silhouette-awards p-5833-new-hampshire-state-silhouette-awards p-5834-new-jersey-state-silhouette-awards p-5835-new-mexico-state-silhouette-awards p-5836-nevada-state-silhouette-awards p-5837-new-york-state-silhouette-awards p-5838-ohio-state-silhouette-awards p-5839-oklahoma-state-silhouette-awards p-5843-oregon-state-silhouette-awards p-5844-frosted-lucite-oval-cutout-on-risers-award p-5845-pennsylvania-state-silhouette-awards p-5846-rhode-island-state-silhouette-awards p-5847-south-carolina-state-silhouette-awards p-5848-south-dakota-state-silhouette-awards p-5849-illinois-state-shaped-award-award p-5850-tennessee-state-silhouette-awards p-5851-texas-state-silhouette-awards p-5852-utah-state-silhouette-awards p-5853-virginia-state-silhouette-awards p-5854-vermont-state-silhouette-awards p-5855-washington-state-silhouette-awards p-5856-wisconsin-state-silhouette-awards p-5857-west-virginia-state-silhouette-awards p-5858-wyoming-state-silhouette-awards p-7115-frosted-lucite-star-cutout-on-risers-award
CD900DE;CD900*;p-5805-alaska-state-silhouette-awards p-5806-alabama-state-silhouette-awards p-5807-arkansas-state-silhouette-awards p-5808-arizona-state-silhouette-awards p-5809-california-state-silhouette-awards p-5810-colorado-state-silhouette-awards p-5811-connecticut-state-silhouette-awards p-5812-delaware-state-silhouette-awards p-5813-florida-state-silhouette-awards p-5814-georgia-state-silhouette-awards p-5815-hawaii-state-silhouette-awards p-5816-iowa-state-silhouette-awards p-5817-idaho-state-sillhouette-awards p-5818-indiana-state-silhouette-awards p-5819-kansas-state-silhouette-awards p-5820-kentucky-state-silhouette-awards p-5821-louisiana-state-silhouette-awards p-5822-massachusetts-state-silhouette-awards p-5823-maryland-state-silhouette-awards p-5824-maine-state-silhouette-awards p-5825-michigan-state-silhouette-awards p-5826-minnesota-state-silhouette-awards p-5827-missouri-state-silhouette-awards p-5828-mississippi-state-silhouette-awards p-5829-montana-state-silhouette-awards p-5830-north-carolina-state-silhouette-awards p-5831-north-dakota-state-silhouette-awards p-5832-nebraska-state-silhouette-awards p-5833-new-hampshire-state-silhouette-awards p-5834-new-jersey-state-silhouette-awards p-5835-new-mexico-state-silhouette-awards p-5836-nevada-state-silhouette-awards p-5837-new-york-state-silhouette-awards p-5838-ohio-state-silhouette-awards p-5839-oklahoma-state-silhouette-awards p-5843-oregon-state-silhouette-awards p-5844-frosted-lucite-oval-cutout-on-risers-award p-5845-pennsylvania-state-silhouette-awards p-5846-rhode-island-state-silhouette-awards p-5847-south-carolina-state-silhouette-awards p-5848-south-dakota-state-silhouette-awards p-5849-illinois-state-shaped-award-award p-5850-tennessee-state-silhouette-awards p-5851-texas-state-silhouette-awards p-5852-utah-state-silhouette-awards p-5853-virginia-state-silhouette-awards p-5854-vermont-state-silhouette-awards p-5855-washington-state-silhouette-awards p-5856-wisconsin-state-silhouette-awards p-5857-west-virginia-state-silhouette-awards p-5858-wyoming-state-silhouette-awards p-7115-frosted-lucite-star-cutout-on-risers-award
CD900FL;CD900*;p-5805-alaska-state-silhouette-awards p-5806-alabama-state-silhouette-awards p-5807-arkansas-state-silhouette-awards p-5808-arizona-state-silhouette-awards p-5809-california-state-silhouette-awards p-5810-colorado-state-silhouette-awards p-5811-connecticut-state-silhouette-awards p-5812-delaware-state-silhouette-awards p-5813-florida-state-silhouette-awards p-5814-georgia-state-silhouette-awards p-5815-hawaii-state-silhouette-awards p-5816-iowa-state-silhouette-awards p-5817-idaho-state-sillhouette-awards p-5818-indiana-state-silhouette-awards p-5819-kansas-state-silhouette-awards p-5820-kentucky-state-silhouette-awards p-5821-louisiana-state-silhouette-awards p-5822-massachusetts-state-silhouette-awards p-5823-maryland-state-silhouette-awards p-5824-maine-state-silhouette-awards p-5825-michigan-state-silhouette-awards p-5826-minnesota-state-silhouette-awards p-5827-missouri-state-silhouette-awards p-5828-mississippi-state-silhouette-awards p-5829-montana-state-silhouette-awards p-5830-north-carolina-state-silhouette-awards p-5831-north-dakota-state-silhouette-awards p-5832-nebraska-state-silhouette-awards p-5833-new-hampshire-state-silhouette-awards p-5834-new-jersey-state-silhouette-awards p-5835-new-mexico-state-silhouette-awards p-5836-nevada-state-silhouette-awards p-5837-new-york-state-silhouette-awards p-5838-ohio-state-silhouette-awards p-5839-oklahoma-state-silhouette-awards p-5843-oregon-state-silhouette-awards p-5844-frosted-lucite-oval-cutout-on-risers-award p-5845-pennsylvania-state-silhouette-awards p-5846-rhode-island-state-silhouette-awards p-5847-south-carolina-state-silhouette-awards p-5848-south-dakota-state-silhouette-awards p-5849-illinois-state-shaped-award-award p-5850-tennessee-state-silhouette-awards p-5851-texas-state-silhouette-awards p-5852-utah-state-silhouette-awards p-5853-virginia-state-silhouette-awards p-5854-vermont-state-silhouette-awards p-5855-washington-state-silhouette-awards p-5856-wisconsin-state-silhouette-awards p-5857-west-virginia-state-silhouette-awards p-5858-wyoming-state-silhouette-awards p-7115-frosted-lucite-star-cutout-on-risers-award
CD900GA;CD900*;p-5805-alaska-state-silhouette-awards p-5806-alabama-state-silhouette-awards p-5807-arkansas-state-silhouette-awards p-5808-arizona-state-silhouette-awards p-5809-california-state-silhouette-awards p-5810-colorado-state-silhouette-awards p-5811-connecticut-state-silhouette-awards p-5812-delaware-state-silhouette-awards p-5813-florida-state-silhouette-awards p-5814-georgia-state-silhouette-awards p-5815-hawaii-state-silhouette-awards p-5816-iowa-state-silhouette-awards p-5817-idaho-state-sillhouette-awards p-5818-indiana-state-silhouette-awards p-5819-kansas-state-silhouette-awards p-5820-kentucky-state-silhouette-awards p-5821-louisiana-state-silhouette-awards p-5822-massachusetts-state-silhouette-awards p-5823-maryland-state-silhouette-awards p-5824-maine-state-silhouette-awards p-5825-michigan-state-silhouette-awards p-5826-minnesota-state-silhouette-awards p-5827-missouri-state-silhouette-awards p-5828-mississippi-state-silhouette-awards p-5829-montana-state-silhouette-awards p-5830-north-carolina-state-silhouette-awards p-5831-north-dakota-state-silhouette-awards p-5832-nebraska-state-silhouette-awards p-5833-new-hampshire-state-silhouette-awards p-5834-new-jersey-state-silhouette-awards p-5835-new-mexico-state-silhouette-awards p-5836-nevada-state-silhouette-awards p-5837-new-york-state-silhouette-awards p-5838-ohio-state-silhouette-awards p-5839-oklahoma-state-silhouette-awards p-5843-oregon-state-silhouette-awards p-5844-frosted-lucite-oval-cutout-on-risers-award p-5845-pennsylvania-state-silhouette-awards p-5846-rhode-island-state-silhouette-awards p-5847-south-carolina-state-silhouette-awards p-5848-south-dakota-state-silhouette-awards p-5849-illinois-state-shaped-award-award p-5850-tennessee-state-silhouette-awards p-5851-texas-state-silhouette-awards p-5852-utah-state-silhouette-awards p-5853-virginia-state-silhouette-awards p-5854-vermont-state-silhouette-awards p-5855-washington-state-silhouette-awards p-5856-wisconsin-state-silhouette-awards p-5857-west-virginia-state-silhouette-awards p-5858-wyoming-state-silhouette-awards p-7115-frosted-lucite-star-cutout-on-risers-award
CD900HI;CD900*;p-5805-alaska-state-silhouette-awards p-5806-alabama-state-silhouette-awards p-5807-arkansas-state-silhouette-awards p-5808-arizona-state-silhouette-awards p-5809-california-state-silhouette-awards p-5810-colorado-state-silhouette-awards p-5811-connecticut-state-silhouette-awards p-5812-delaware-state-silhouette-awards p-5813-florida-state-silhouette-awards p-5814-georgia-state-silhouette-awards p-5815-hawaii-state-silhouette-awards p-5816-iowa-state-silhouette-awards p-5817-idaho-state-sillhouette-awards p-5818-indiana-state-silhouette-awards p-5819-kansas-state-silhouette-awards p-5820-kentucky-state-silhouette-awards p-5821-louisiana-state-silhouette-awards p-5822-massachusetts-state-silhouette-awards p-5823-maryland-state-silhouette-awards p-5824-maine-state-silhouette-awards p-5825-michigan-state-silhouette-awards p-5826-minnesota-state-silhouette-awards p-5827-missouri-state-silhouette-awards p-5828-mississippi-state-silhouette-awards p-5829-montana-state-silhouette-awards p-5830-north-carolina-state-silhouette-awards p-5831-north-dakota-state-silhouette-awards p-5832-nebraska-state-silhouette-awards p-5833-new-hampshire-state-silhouette-awards p-5834-new-jersey-state-silhouette-awards p-5835-new-mexico-state-silhouette-awards p-5836-nevada-state-silhouette-awards p-5837-new-york-state-silhouette-awards p-5838-ohio-state-silhouette-awards p-5839-oklahoma-state-silhouette-awards p-5843-oregon-state-silhouette-awards p-5844-frosted-lucite-oval-cutout-on-risers-award p-5845-pennsylvania-state-silhouette-awards p-5846-rhode-island-state-silhouette-awards p-5847-south-carolina-state-silhouette-awards p-5848-south-dakota-state-silhouette-awards p-5849-illinois-state-shaped-award-award p-5850-tennessee-state-silhouette-awards p-5851-texas-state-silhouette-awards p-5852-utah-state-silhouette-awards p-5853-virginia-state-silhouette-awards p-5854-vermont-state-silhouette-awards p-5855-washington-state-silhouette-awards p-5856-wisconsin-state-silhouette-awards p-5857-west-virginia-state-silhouette-awards p-5858-wyoming-state-silhouette-awards p-7115-frosted-lucite-star-cutout-on-risers-award
CD900IA;CD900*;p-5805-alaska-state-silhouette-awards p-5806-alabama-state-silhouette-awards p-5807-arkansas-state-silhouette-awards p-5808-arizona-state-silhouette-awards p-5809-california-state-silhouette-awards p-5810-colorado-state-silhouette-awards p-5811-connecticut-state-silhouette-awards p-5812-delaware-state-silhouette-awards p-5813-florida-state-silhouette-awards p-5814-georgia-state-silhouette-awards p-5815-hawaii-state-silhouette-awards p-5816-iowa-state-silhouette-awards p-5817-idaho-state-sillhouette-awards p-5818-indiana-state-silhouette-awards p-5819-kansas-state-silhouette-awards p-5820-kentucky-state-silhouette-awards p-5821-louisiana-state-silhouette-awards p-5822-massachusetts-state-silhouette-awards p-5823-maryland-state-silhouette-awards p-5824-maine-state-silhouette-awards p-5825-michigan-state-silhouette-awards p-5826-minnesota-state-silhouette-awards p-5827-missouri-state-silhouette-awards p-5828-mississippi-state-silhouette-awards p-5829-montana-state-silhouette-awards p-5830-north-carolina-state-silhouette-awards p-5831-north-dakota-state-silhouette-awards p-5832-nebraska-state-silhouette-awards p-5833-new-hampshire-state-silhouette-awards p-5834-new-jersey-state-silhouette-awards p-5835-new-mexico-state-silhouette-awards p-5836-nevada-state-silhouette-awards p-5837-new-york-state-silhouette-awards p-5838-ohio-state-silhouette-awards p-5839-oklahoma-state-silhouette-awards p-5843-oregon-state-silhouette-awards p-5844-frosted-lucite-oval-cutout-on-risers-award p-5845-pennsylvania-state-silhouette-awards p-5846-rhode-island-state-silhouette-awards p-5847-south-carolina-state-silhouette-awards p-5848-south-dakota-state-silhouette-awards p-5849-illinois-state-shaped-award-award p-5850-tennessee-state-silhouette-awards p-5851-texas-state-silhouette-awards p-5852-utah-state-silhouette-awards p-5853-virginia-state-silhouette-awards p-5854-vermont-state-silhouette-awards p-5855-washington-state-silhouette-awards p-5856-wisconsin-state-silhouette-awards p-5857-west-virginia-state-silhouette-awards p-5858-wyoming-state-silhouette-awards p-7115-frosted-lucite-star-cutout-on-risers-award
CD900ID;CD900*;p-5805-alaska-state-silhouette-awards p-5806-alabama-state-silhouette-awards p-5807-arkansas-state-silhouette-awards p-5808-arizona-state-silhouette-awards p-5809-california-state-silhouette-awards p-5810-colorado-state-silhouette-awards p-5811-connecticut-state-silhouette-awards p-5812-delaware-state-silhouette-awards p-5813-florida-state-silhouette-awards p-5814-georgia-state-silhouette-awards p-5815-hawaii-state-silhouette-awards p-5816-iowa-state-silhouette-awards p-5817-idaho-state-sillhouette-awards p-5818-indiana-state-silhouette-awards p-5819-kansas-state-silhouette-awards p-5820-kentucky-state-silhouette-awards p-5821-louisiana-state-silhouette-awards p-5822-massachusetts-state-silhouette-awards p-5823-maryland-state-silhouette-awards p-5824-maine-state-silhouette-awards p-5825-michigan-state-silhouette-awards p-5826-minnesota-state-silhouette-awards p-5827-missouri-state-silhouette-awards p-5828-mississippi-state-silhouette-awards p-5829-montana-state-silhouette-awards p-5830-north-carolina-state-silhouette-awards p-5831-north-dakota-state-silhouette-awards p-5832-nebraska-state-silhouette-awards p-5833-new-hampshire-state-silhouette-awards p-5834-new-jersey-state-silhouette-awards p-5835-new-mexico-state-silhouette-awards p-5836-nevada-state-silhouette-awards p-5837-new-york-state-silhouette-awards p-5838-ohio-state-silhouette-awards p-5839-oklahoma-state-silhouette-awards p-5843-oregon-state-silhouette-awards p-5844-frosted-lucite-oval-cutout-on-risers-award p-5845-pennsylvania-state-silhouette-awards p-5846-rhode-island-state-silhouette-awards p-5847-south-carolina-state-silhouette-awards p-5848-south-dakota-state-silhouette-awards p-5849-illinois-state-shaped-award-award p-5850-tennessee-state-silhouette-awards p-5851-texas-state-silhouette-awards p-5852-utah-state-silhouette-awards p-5853-virginia-state-silhouette-awards p-5854-vermont-state-silhouette-awards p-5855-washington-state-silhouette-awards p-5856-wisconsin-state-silhouette-awards p-5857-west-virginia-state-silhouette-awards p-5858-wyoming-state-silhouette-awards p-7115-frosted-lucite-star-cutout-on-risers-award
CD900IL;CD900*;p-5805-alaska-state-silhouette-awards p-5806-alabama-state-silhouette-awards p-5807-arkansas-state-silhouette-awards p-5808-arizona-state-silhouette-awards p-5809-california-state-silhouette-awards p-5810-colorado-state-silhouette-awards p-5811-connecticut-state-silhouette-awards p-5812-delaware-state-silhouette-awards p-5813-florida-state-silhouette-awards p-5814-georgia-state-silhouette-awards p-5815-hawaii-state-silhouette-awards p-5816-iowa-state-silhouette-awards p-5817-idaho-state-sillhouette-awards p-5818-indiana-state-silhouette-awards p-5819-kansas-state-silhouette-awards p-5820-kentucky-state-silhouette-awards p-5821-louisiana-state-silhouette-awards p-5822-massachusetts-state-silhouette-awards p-5823-maryland-state-silhouette-awards p-5824-maine-state-silhouette-awards p-5825-michigan-state-silhouette-awards p-5826-minnesota-state-silhouette-awards p-5827-missouri-state-silhouette-awards p-5828-mississippi-state-silhouette-awards p-5829-montana-state-silhouette-awards p-5830-north-carolina-state-silhouette-awards p-5831-north-dakota-state-silhouette-awards p-5832-nebraska-state-silhouette-awards p-5833-new-hampshire-state-silhouette-awards p-5834-new-jersey-state-silhouette-awards p-5835-new-mexico-state-silhouette-awards p-5836-nevada-state-silhouette-awards p-5837-new-york-state-silhouette-awards p-5838-ohio-state-silhouette-awards p-5839-oklahoma-state-silhouette-awards p-5843-oregon-state-silhouette-awards p-5844-frosted-lucite-oval-cutout-on-risers-award p-5845-pennsylvania-state-silhouette-awards p-5846-rhode-island-state-silhouette-awards p-5847-south-carolina-state-silhouette-awards p-5848-south-dakota-state-silhouette-awards p-5849-illinois-state-shaped-award-award p-5850-tennessee-state-silhouette-awards p-5851-texas-state-silhouette-awards p-5852-utah-state-silhouette-awards p-5853-virginia-state-silhouette-awards p-5854-vermont-state-silhouette-awards p-5855-washington-state-silhouette-awards p-5856-wisconsin-state-silhouette-awards p-5857-west-virginia-state-silhouette-awards p-5858-wyoming-state-silhouette-awards p-7115-frosted-lucite-star-cutout-on-risers-award
CD900IN;CD900*;p-5805-alaska-state-silhouette-awards p-5806-alabama-state-silhouette-awards p-5807-arkansas-state-silhouette-awards p-5808-arizona-state-silhouette-awards p-5809-california-state-silhouette-awards p-5810-colorado-state-silhouette-awards p-5811-connecticut-state-silhouette-awards p-5812-delaware-state-silhouette-awards p-5813-florida-state-silhouette-awards p-5814-georgia-state-silhouette-awards p-5815-hawaii-state-silhouette-awards p-5816-iowa-state-silhouette-awards p-5817-idaho-state-sillhouette-awards p-5818-indiana-state-silhouette-awards p-5819-kansas-state-silhouette-awards p-5820-kentucky-state-silhouette-awards p-5821-louisiana-state-silhouette-awards p-5822-massachusetts-state-silhouette-awards p-5823-maryland-state-silhouette-awards p-5824-maine-state-silhouette-awards p-5825-michigan-state-silhouette-awards p-5826-minnesota-state-silhouette-awards p-5827-missouri-state-silhouette-awards p-5828-mississippi-state-silhouette-awards p-5829-montana-state-silhouette-awards p-5830-north-carolina-state-silhouette-awards p-5831-north-dakota-state-silhouette-awards p-5832-nebraska-state-silhouette-awards p-5833-new-hampshire-state-silhouette-awards p-5834-new-jersey-state-silhouette-awards p-5835-new-mexico-state-silhouette-awards p-5836-nevada-state-silhouette-awards p-5837-new-york-state-silhouette-awards p-5838-ohio-state-silhouette-awards p-5839-oklahoma-state-silhouette-awards p-5843-oregon-state-silhouette-awards p-5844-frosted-lucite-oval-cutout-on-risers-award p-5845-pennsylvania-state-silhouette-awards p-5846-rhode-island-state-silhouette-awards p-5847-south-carolina-state-silhouette-awards p-5848-south-dakota-state-silhouette-awards p-5849-illinois-state-shaped-award-award p-5850-tennessee-state-silhouette-awards p-5851-texas-state-silhouette-awards p-5852-utah-state-silhouette-awards p-5853-virginia-state-silhouette-awards p-5854-vermont-state-silhouette-awards p-5855-washington-state-silhouette-awards p-5856-wisconsin-state-silhouette-awards p-5857-west-virginia-state-silhouette-awards p-5858-wyoming-state-silhouette-awards p-7115-frosted-lucite-star-cutout-on-risers-award
CD900KS;CD900*;p-5805-alaska-state-silhouette-awards p-5806-alabama-state-silhouette-awards p-5807-arkansas-state-silhouette-awards p-5808-arizona-state-silhouette-awards p-5809-california-state-silhouette-awards p-5810-colorado-state-silhouette-awards p-5811-connecticut-state-silhouette-awards p-5812-delaware-state-silhouette-awards p-5813-florida-state-silhouette-awards p-5814-georgia-state-silhouette-awards p-5815-hawaii-state-silhouette-awards p-5816-iowa-state-silhouette-awards p-5817-idaho-state-sillhouette-awards p-5818-indiana-state-silhouette-awards p-5819-kansas-state-silhouette-awards p-5820-kentucky-state-silhouette-awards p-5821-louisiana-state-silhouette-awards p-5822-massachusetts-state-silhouette-awards p-5823-maryland-state-silhouette-awards p-5824-maine-state-silhouette-awards p-5825-michigan-state-silhouette-awards p-5826-minnesota-state-silhouette-awards p-5827-missouri-state-silhouette-awards p-5828-mississippi-state-silhouette-awards p-5829-montana-state-silhouette-awards p-5830-north-carolina-state-silhouette-awards p-5831-north-dakota-state-silhouette-awards p-5832-nebraska-state-silhouette-awards p-5833-new-hampshire-state-silhouette-awards p-5834-new-jersey-state-silhouette-awards p-5835-new-mexico-state-silhouette-awards p-5836-nevada-state-silhouette-awards p-5837-new-york-state-silhouette-awards p-5838-ohio-state-silhouette-awards p-5839-oklahoma-state-silhouette-awards p-5843-oregon-state-silhouette-awards p-5844-frosted-lucite-oval-cutout-on-risers-award p-5845-pennsylvania-state-silhouette-awards p-5846-rhode-island-state-silhouette-awards p-5847-south-carolina-state-silhouette-awards p-5848-south-dakota-state-silhouette-awards p-5849-illinois-state-shaped-award-award p-5850-tennessee-state-silhouette-awards p-5851-texas-state-silhouette-awards p-5852-utah-state-silhouette-awards p-5853-virginia-state-silhouette-awards p-5854-vermont-state-silhouette-awards p-5855-washington-state-silhouette-awards p-5856-wisconsin-state-silhouette-awards p-5857-west-virginia-state-silhouette-awards p-5858-wyoming-state-silhouette-awards p-7115-frosted-lucite-star-cutout-on-risers-award
CD900KY;CD900*;p-5805-alaska-state-silhouette-awards p-5806-alabama-state-silhouette-awards p-5807-arkansas-state-silhouette-awards p-5808-arizona-state-silhouette-awards p-5809-california-state-silhouette-awards p-5810-colorado-state-silhouette-awards p-5811-connecticut-state-silhouette-awards p-5812-delaware-state-silhouette-awards p-5813-florida-state-silhouette-awards p-5814-georgia-state-silhouette-awards p-5815-hawaii-state-silhouette-awards p-5816-iowa-state-silhouette-awards p-5817-idaho-state-sillhouette-awards p-5818-indiana-state-silhouette-awards p-5819-kansas-state-silhouette-awards p-5820-kentucky-state-silhouette-awards p-5821-louisiana-state-silhouette-awards p-5822-massachusetts-state-silhouette-awards p-5823-maryland-state-silhouette-awards p-5824-maine-state-silhouette-awards p-5825-michigan-state-silhouette-awards p-5826-minnesota-state-silhouette-awards p-5827-missouri-state-silhouette-awards p-5828-mississippi-state-silhouette-awards p-5829-montana-state-silhouette-awards p-5830-north-carolina-state-silhouette-awards p-5831-north-dakota-state-silhouette-awards p-5832-nebraska-state-silhouette-awards p-5833-new-hampshire-state-silhouette-awards p-5834-new-jersey-state-silhouette-awards p-5835-new-mexico-state-silhouette-awards p-5836-nevada-state-silhouette-awards p-5837-new-york-state-silhouette-awards p-5838-ohio-state-silhouette-awards p-5839-oklahoma-state-silhouette-awards p-5843-oregon-state-silhouette-awards p-5844-frosted-lucite-oval-cutout-on-risers-award p-5845-pennsylvania-state-silhouette-awards p-5846-rhode-island-state-silhouette-awards p-5847-south-carolina-state-silhouette-awards p-5848-south-dakota-state-silhouette-awards p-5849-illinois-state-shaped-award-award p-5850-tennessee-state-silhouette-awards p-5851-texas-state-silhouette-awards p-5852-utah-state-silhouette-awards p-5853-virginia-state-silhouette-awards p-5854-vermont-state-silhouette-awards p-5855-washington-state-silhouette-awards p-5856-wisconsin-state-silhouette-awards p-5857-west-virginia-state-silhouette-awards p-5858-wyoming-state-silhouette-awards p-7115-frosted-lucite-star-cutout-on-risers-award
CD900LA;CD900*;p-5805-alaska-state-silhouette-awards p-5806-alabama-state-silhouette-awards p-5807-arkansas-state-silhouette-awards p-5808-arizona-state-silhouette-awards p-5809-california-state-silhouette-awards p-5810-colorado-state-silhouette-awards p-5811-connecticut-state-silhouette-awards p-5812-delaware-state-silhouette-awards p-5813-florida-state-silhouette-awards p-5814-georgia-state-silhouette-awards p-5815-hawaii-state-silhouette-awards p-5816-iowa-state-silhouette-awards p-5817-idaho-state-sillhouette-awards p-5818-indiana-state-silhouette-awards p-5819-kansas-state-silhouette-awards p-5820-kentucky-state-silhouette-awards p-5821-louisiana-state-silhouette-awards p-5822-massachusetts-state-silhouette-awards p-5823-maryland-state-silhouette-awards p-5824-maine-state-silhouette-awards p-5825-michigan-state-silhouette-awards p-5826-minnesota-state-silhouette-awards p-5827-missouri-state-silhouette-awards p-5828-mississippi-state-silhouette-awards p-5829-montana-state-silhouette-awards p-5830-north-carolina-state-silhouette-awards p-5831-north-dakota-state-silhouette-awards p-5832-nebraska-state-silhouette-awards p-5833-new-hampshire-state-silhouette-awards p-5834-new-jersey-state-silhouette-awards p-5835-new-mexico-state-silhouette-awards p-5836-nevada-state-silhouette-awards p-5837-new-york-state-silhouette-awards p-5838-ohio-state-silhouette-awards p-5839-oklahoma-state-silhouette-awards p-5843-oregon-state-silhouette-awards p-5844-frosted-lucite-oval-cutout-on-risers-award p-5845-pennsylvania-state-silhouette-awards p-5846-rhode-island-state-silhouette-awards p-5847-south-carolina-state-silhouette-awards p-5848-south-dakota-state-silhouette-awards p-5849-illinois-state-shaped-award-award p-5850-tennessee-state-silhouette-awards p-5851-texas-state-silhouette-awards p-5852-utah-state-silhouette-awards p-5853-virginia-state-silhouette-awards p-5854-vermont-state-silhouette-awards p-5855-washington-state-silhouette-awards p-5856-wisconsin-state-silhouette-awards p-5857-west-virginia-state-silhouette-awards p-5858-wyoming-state-silhouette-awards p-7115-frosted-lucite-star-cutout-on-risers-award
CD900MA;CD900*;p-5805-alaska-state-silhouette-awards p-5806-alabama-state-silhouette-awards p-5807-arkansas-state-silhouette-awards p-5808-arizona-state-silhouette-awards p-5809-california-state-silhouette-awards p-5810-colorado-state-silhouette-awards p-5811-connecticut-state-silhouette-awards p-5812-delaware-state-silhouette-awards p-5813-florida-state-silhouette-awards p-5814-georgia-state-silhouette-awards p-5815-hawaii-state-silhouette-awards p-5816-iowa-state-silhouette-awards p-5817-idaho-state-sillhouette-awards p-5818-indiana-state-silhouette-awards p-5819-kansas-state-silhouette-awards p-5820-kentucky-state-silhouette-awards p-5821-louisiana-state-silhouette-awards p-5822-massachusetts-state-silhouette-awards p-5823-maryland-state-silhouette-awards p-5824-maine-state-silhouette-awards p-5825-michigan-state-silhouette-awards p-5826-minnesota-state-silhouette-awards p-5827-missouri-state-silhouette-awards p-5828-mississippi-state-silhouette-awards p-5829-montana-state-silhouette-awards p-5830-north-carolina-state-silhouette-awards p-5831-north-dakota-state-silhouette-awards p-5832-nebraska-state-silhouette-awards p-5833-new-hampshire-state-silhouette-awards p-5834-new-jersey-state-silhouette-awards p-5835-new-mexico-state-silhouette-awards p-5836-nevada-state-silhouette-awards p-5837-new-york-state-silhouette-awards p-5838-ohio-state-silhouette-awards p-5839-oklahoma-state-silhouette-awards p-5843-oregon-state-silhouette-awards p-5844-frosted-lucite-oval-cutout-on-risers-award p-5845-pennsylvania-state-silhouette-awards p-5846-rhode-island-state-silhouette-awards p-5847-south-carolina-state-silhouette-awards p-5848-south-dakota-state-silhouette-awards p-5849-illinois-state-shaped-award-award p-5850-tennessee-state-silhouette-awards p-5851-texas-state-silhouette-awards p-5852-utah-state-silhouette-awards p-5853-virginia-state-silhouette-awards p-5854-vermont-state-silhouette-awards p-5855-washington-state-silhouette-awards p-5856-wisconsin-state-silhouette-awards p-5857-west-virginia-state-silhouette-awards p-5858-wyoming-state-silhouette-awards p-7115-frosted-lucite-star-cutout-on-risers-award
CD900MD;CD900*;p-5805-alaska-state-silhouette-awards p-5806-alabama-state-silhouette-awards p-5807-arkansas-state-silhouette-awards p-5808-arizona-state-silhouette-awards p-5809-california-state-silhouette-awards p-5810-colorado-state-silhouette-awards p-5811-connecticut-state-silhouette-awards p-5812-delaware-state-silhouette-awards p-5813-florida-state-silhouette-awards p-5814-georgia-state-silhouette-awards p-5815-hawaii-state-silhouette-awards p-5816-iowa-state-silhouette-awards p-5817-idaho-state-sillhouette-awards p-5818-indiana-state-silhouette-awards p-5819-kansas-state-silhouette-awards p-5820-kentucky-state-silhouette-awards p-5821-louisiana-state-silhouette-awards p-5822-massachusetts-state-silhouette-awards p-5823-maryland-state-silhouette-awards p-5824-maine-state-silhouette-awards p-5825-michigan-state-silhouette-awards p-5826-minnesota-state-silhouette-awards p-5827-missouri-state-silhouette-awards p-5828-mississippi-state-silhouette-awards p-5829-montana-state-silhouette-awards p-5830-north-carolina-state-silhouette-awards p-5831-north-dakota-state-silhouette-awards p-5832-nebraska-state-silhouette-awards p-5833-new-hampshire-state-silhouette-awards p-5834-new-jersey-state-silhouette-awards p-5835-new-mexico-state-silhouette-awards p-5836-nevada-state-silhouette-awards p-5837-new-york-state-silhouette-awards p-5838-ohio-state-silhouette-awards p-5839-oklahoma-state-silhouette-awards p-5843-oregon-state-silhouette-awards p-5844-frosted-lucite-oval-cutout-on-risers-award p-5845-pennsylvania-state-silhouette-awards p-5846-rhode-island-state-silhouette-awards p-5847-south-carolina-state-silhouette-awards p-5848-south-dakota-state-silhouette-awards p-5849-illinois-state-shaped-award-award p-5850-tennessee-state-silhouette-awards p-5851-texas-state-silhouette-awards p-5852-utah-state-silhouette-awards p-5853-virginia-state-silhouette-awards p-5854-vermont-state-silhouette-awards p-5855-washington-state-silhouette-awards p-5856-wisconsin-state-silhouette-awards p-5857-west-virginia-state-silhouette-awards p-5858-wyoming-state-silhouette-awards p-7115-frosted-lucite-star-cutout-on-risers-award
CD900ME;CD900*;p-5805-alaska-state-silhouette-awards p-5806-alabama-state-silhouette-awards p-5807-arkansas-state-silhouette-awards p-5808-arizona-state-silhouette-awards p-5809-california-state-silhouette-awards p-5810-colorado-state-silhouette-awards p-5811-connecticut-state-silhouette-awards p-5812-delaware-state-silhouette-awards p-5813-florida-state-silhouette-awards p-5814-georgia-state-silhouette-awards p-5815-hawaii-state-silhouette-awards p-5816-iowa-state-silhouette-awards p-5817-idaho-state-sillhouette-awards p-5818-indiana-state-silhouette-awards p-5819-kansas-state-silhouette-awards p-5820-kentucky-state-silhouette-awards p-5821-louisiana-state-silhouette-awards p-5822-massachusetts-state-silhouette-awards p-5823-maryland-state-silhouette-awards p-5824-maine-state-silhouette-awards p-5825-michigan-state-silhouette-awards p-5826-minnesota-state-silhouette-awards p-5827-missouri-state-silhouette-awards p-5828-mississippi-state-silhouette-awards p-5829-montana-state-silhouette-awards p-5830-north-carolina-state-silhouette-awards p-5831-north-dakota-state-silhouette-awards p-5832-nebraska-state-silhouette-awards p-5833-new-hampshire-state-silhouette-awards p-5834-new-jersey-state-silhouette-awards p-5835-new-mexico-state-silhouette-awards p-5836-nevada-state-silhouette-awards p-5837-new-york-state-silhouette-awards p-5838-ohio-state-silhouette-awards p-5839-oklahoma-state-silhouette-awards p-5843-oregon-state-silhouette-awards p-5844-frosted-lucite-oval-cutout-on-risers-award p-5845-pennsylvania-state-silhouette-awards p-5846-rhode-island-state-silhouette-awards p-5847-south-carolina-state-silhouette-awards p-5848-south-dakota-state-silhouette-awards p-5849-illinois-state-shaped-award-award p-5850-tennessee-state-silhouette-awards p-5851-texas-state-silhouette-awards p-5852-utah-state-silhouette-awards p-5853-virginia-state-silhouette-awards p-5854-vermont-state-silhouette-awards p-5855-washington-state-silhouette-awards p-5856-wisconsin-state-silhouette-awards p-5857-west-virginia-state-silhouette-awards p-5858-wyoming-state-silhouette-awards p-7115-frosted-lucite-star-cutout-on-risers-award
CD900MI;CD900*;p-5805-alaska-state-silhouette-awards p-5806-alabama-state-silhouette-awards p-5807-arkansas-state-silhouette-awards p-5808-arizona-state-silhouette-awards p-5809-california-state-silhouette-awards p-5810-colorado-state-silhouette-awards p-5811-connecticut-state-silhouette-awards p-5812-delaware-state-silhouette-awards p-5813-florida-state-silhouette-awards p-5814-georgia-state-silhouette-awards p-5815-hawaii-state-silhouette-awards p-5816-iowa-state-silhouette-awards p-5817-idaho-state-sillhouette-awards p-5818-indiana-state-silhouette-awards p-5819-kansas-state-silhouette-awards p-5820-kentucky-state-silhouette-awards p-5821-louisiana-state-silhouette-awards p-5822-massachusetts-state-silhouette-awards p-5823-maryland-state-silhouette-awards p-5824-maine-state-silhouette-awards p-5825-michigan-state-silhouette-awards p-5826-minnesota-state-silhouette-awards p-5827-missouri-state-silhouette-awards p-5828-mississippi-state-silhouette-awards p-5829-montana-state-silhouette-awards p-5830-north-carolina-state-silhouette-awards p-5831-north-dakota-state-silhouette-awards p-5832-nebraska-state-silhouette-awards p-5833-new-hampshire-state-silhouette-awards p-5834-new-jersey-state-silhouette-awards p-5835-new-mexico-state-silhouette-awards p-5836-nevada-state-silhouette-awards p-5837-new-york-state-silhouette-awards p-5838-ohio-state-silhouette-awards p-5839-oklahoma-state-silhouette-awards p-5843-oregon-state-silhouette-awards p-5844-frosted-lucite-oval-cutout-on-risers-award p-5845-pennsylvania-state-silhouette-awards p-5846-rhode-island-state-silhouette-awards p-5847-south-carolina-state-silhouette-awards p-5848-south-dakota-state-silhouette-awards p-5849-illinois-state-shaped-award-award p-5850-tennessee-state-silhouette-awards p-5851-texas-state-silhouette-awards p-5852-utah-state-silhouette-awards p-5853-virginia-state-silhouette-awards p-5854-vermont-state-silhouette-awards p-5855-washington-state-silhouette-awards p-5856-wisconsin-state-silhouette-awards p-5857-west-virginia-state-silhouette-awards p-5858-wyoming-state-silhouette-awards p-7115-frosted-lucite-star-cutout-on-risers-award
CD900MN;CD900*;p-5805-alaska-state-silhouette-awards p-5806-alabama-state-silhouette-awards p-5807-arkansas-state-silhouette-awards p-5808-arizona-state-silhouette-awards p-5809-california-state-silhouette-awards p-5810-colorado-state-silhouette-awards p-5811-connecticut-state-silhouette-awards p-5812-delaware-state-silhouette-awards p-5813-florida-state-silhouette-awards p-5814-georgia-state-silhouette-awards p-5815-hawaii-state-silhouette-awards p-5816-iowa-state-silhouette-awards p-5817-idaho-state-sillhouette-awards p-5818-indiana-state-silhouette-awards p-5819-kansas-state-silhouette-awards p-5820-kentucky-state-silhouette-awards p-5821-louisiana-state-silhouette-awards p-5822-massachusetts-state-silhouette-awards p-5823-maryland-state-silhouette-awards p-5824-maine-state-silhouette-awards p-5825-michigan-state-silhouette-awards p-5826-minnesota-state-silhouette-awards p-5827-missouri-state-silhouette-awards p-5828-mississippi-state-silhouette-awards p-5829-montana-state-silhouette-awards p-5830-north-carolina-state-silhouette-awards p-5831-north-dakota-state-silhouette-awards p-5832-nebraska-state-silhouette-awards p-5833-new-hampshire-state-silhouette-awards p-5834-new-jersey-state-silhouette-awards p-5835-new-mexico-state-silhouette-awards p-5836-nevada-state-silhouette-awards p-5837-new-york-state-silhouette-awards p-5838-ohio-state-silhouette-awards p-5839-oklahoma-state-silhouette-awards p-5843-oregon-state-silhouette-awards p-5844-frosted-lucite-oval-cutout-on-risers-award p-5845-pennsylvania-state-silhouette-awards p-5846-rhode-island-state-silhouette-awards p-5847-south-carolina-state-silhouette-awards p-5848-south-dakota-state-silhouette-awards p-5849-illinois-state-shaped-award-award p-5850-tennessee-state-silhouette-awards p-5851-texas-state-silhouette-awards p-5852-utah-state-silhouette-awards p-5853-virginia-state-silhouette-awards p-5854-vermont-state-silhouette-awards p-5855-washington-state-silhouette-awards p-5856-wisconsin-state-silhouette-awards p-5857-west-virginia-state-silhouette-awards p-5858-wyoming-state-silhouette-awards p-7115-frosted-lucite-star-cutout-on-risers-award
CD900MO;CD900*;p-5805-alaska-state-silhouette-awards p-5806-alabama-state-silhouette-awards p-5807-arkansas-state-silhouette-awards p-5808-arizona-state-silhouette-awards p-5809-california-state-silhouette-awards p-5810-colorado-state-silhouette-awards p-5811-connecticut-state-silhouette-awards p-5812-delaware-state-silhouette-awards p-5813-florida-state-silhouette-awards p-5814-georgia-state-silhouette-awards p-5815-hawaii-state-silhouette-awards p-5816-iowa-state-silhouette-awards p-5817-idaho-state-sillhouette-awards p-5818-indiana-state-silhouette-awards p-5819-kansas-state-silhouette-awards p-5820-kentucky-state-silhouette-awards p-5821-louisiana-state-silhouette-awards p-5822-massachusetts-state-silhouette-awards p-5823-maryland-state-silhouette-awards p-5824-maine-state-silhouette-awards p-5825-michigan-state-silhouette-awards p-5826-minnesota-state-silhouette-awards p-5827-missouri-state-silhouette-awards p-5828-mississippi-state-silhouette-awards p-5829-montana-state-silhouette-awards p-5830-north-carolina-state-silhouette-awards p-5831-north-dakota-state-silhouette-awards p-5832-nebraska-state-silhouette-awards p-5833-new-hampshire-state-silhouette-awards p-5834-new-jersey-state-silhouette-awards p-5835-new-mexico-state-silhouette-awards p-5836-nevada-state-silhouette-awards p-5837-new-york-state-silhouette-awards p-5838-ohio-state-silhouette-awards p-5839-oklahoma-state-silhouette-awards p-5843-oregon-state-silhouette-awards p-5844-frosted-lucite-oval-cutout-on-risers-award p-5845-pennsylvania-state-silhouette-awards p-5846-rhode-island-state-silhouette-awards p-5847-south-carolina-state-silhouette-awards p-5848-south-dakota-state-silhouette-awards p-5849-illinois-state-shaped-award-award p-5850-tennessee-state-silhouette-awards p-5851-texas-state-silhouette-awards p-5852-utah-state-silhouette-awards p-5853-virginia-state-silhouette-awards p-5854-vermont-state-silhouette-awards p-5855-washington-state-silhouette-awards p-5856-wisconsin-state-silhouette-awards p-5857-west-virginia-state-silhouette-awards p-5858-wyoming-state-silhouette-awards p-7115-frosted-lucite-star-cutout-on-risers-award
CD900MS;CD900*;p-5805-alaska-state-silhouette-awards p-5806-alabama-state-silhouette-awards p-5807-arkansas-state-silhouette-awards p-5808-arizona-state-silhouette-awards p-5809-california-state-silhouette-awards p-5810-colorado-state-silhouette-awards p-5811-connecticut-state-silhouette-awards p-5812-delaware-state-silhouette-awards p-5813-florida-state-silhouette-awards p-5814-georgia-state-silhouette-awards p-5815-hawaii-state-silhouette-awards p-5816-iowa-state-silhouette-awards p-5817-idaho-state-sillhouette-awards p-5818-indiana-state-silhouette-awards p-5819-kansas-state-silhouette-awards p-5820-kentucky-state-silhouette-awards p-5821-louisiana-state-silhouette-awards p-5822-massachusetts-state-silhouette-awards p-5823-maryland-state-silhouette-awards p-5824-maine-state-silhouette-awards p-5825-michigan-state-silhouette-awards p-5826-minnesota-state-silhouette-awards p-5827-missouri-state-silhouette-awards p-5828-mississippi-state-silhouette-awards p-5829-montana-state-silhouette-awards p-5830-north-carolina-state-silhouette-awards p-5831-north-dakota-state-silhouette-awards p-5832-nebraska-state-silhouette-awards p-5833-new-hampshire-state-silhouette-awards p-5834-new-jersey-state-silhouette-awards p-5835-new-mexico-state-silhouette-awards p-5836-nevada-state-silhouette-awards p-5837-new-york-state-silhouette-awards p-5838-ohio-state-silhouette-awards p-5839-oklahoma-state-silhouette-awards p-5843-oregon-state-silhouette-awards p-5844-frosted-lucite-oval-cutout-on-risers-award p-5845-pennsylvania-state-silhouette-awards p-5846-rhode-island-state-silhouette-awards p-5847-south-carolina-state-silhouette-awards p-5848-south-dakota-state-silhouette-awards p-5849-illinois-state-shaped-award-award p-5850-tennessee-state-silhouette-awards p-5851-texas-state-silhouette-awards p-5852-utah-state-silhouette-awards p-5853-virginia-state-silhouette-awards p-5854-vermont-state-silhouette-awards p-5855-washington-state-silhouette-awards p-5856-wisconsin-state-silhouette-awards p-5857-west-virginia-state-silhouette-awards p-5858-wyoming-state-silhouette-awards p-7115-frosted-lucite-star-cutout-on-risers-award
CD900MT;CD900*;p-5805-alaska-state-silhouette-awards p-5806-alabama-state-silhouette-awards p-5807-arkansas-state-silhouette-awards p-5808-arizona-state-silhouette-awards p-5809-california-state-silhouette-awards p-5810-colorado-state-silhouette-awards p-5811-connecticut-state-silhouette-awards p-5812-delaware-state-silhouette-awards p-5813-florida-state-silhouette-awards p-5814-georgia-state-silhouette-awards p-5815-hawaii-state-silhouette-awards p-5816-iowa-state-silhouette-awards p-5817-idaho-state-sillhouette-awards p-5818-indiana-state-silhouette-awards p-5819-kansas-state-silhouette-awards p-5820-kentucky-state-silhouette-awards p-5821-louisiana-state-silhouette-awards p-5822-massachusetts-state-silhouette-awards p-5823-maryland-state-silhouette-awards p-5824-maine-state-silhouette-awards p-5825-michigan-state-silhouette-awards p-5826-minnesota-state-silhouette-awards p-5827-missouri-state-silhouette-awards p-5828-mississippi-state-silhouette-awards p-5829-montana-state-silhouette-awards p-5830-north-carolina-state-silhouette-awards p-5831-north-dakota-state-silhouette-awards p-5832-nebraska-state-silhouette-awards p-5833-new-hampshire-state-silhouette-awards p-5834-new-jersey-state-silhouette-awards p-5835-new-mexico-state-silhouette-awards p-5836-nevada-state-silhouette-awards p-5837-new-york-state-silhouette-awards p-5838-ohio-state-silhouette-awards p-5839-oklahoma-state-silhouette-awards p-5843-oregon-state-silhouette-awards p-5844-frosted-lucite-oval-cutout-on-risers-award p-5845-pennsylvania-state-silhouette-awards p-5846-rhode-island-state-silhouette-awards p-5847-south-carolina-state-silhouette-awards p-5848-south-dakota-state-silhouette-awards p-5849-illinois-state-shaped-award-award p-5850-tennessee-state-silhouette-awards p-5851-texas-state-silhouette-awards p-5852-utah-state-silhouette-awards p-5853-virginia-state-silhouette-awards p-5854-vermont-state-silhouette-awards p-5855-washington-state-silhouette-awards p-5856-wisconsin-state-silhouette-awards p-5857-west-virginia-state-silhouette-awards p-5858-wyoming-state-silhouette-awards p-7115-frosted-lucite-star-cutout-on-risers-award
CD900NC;CD900*;p-5805-alaska-state-silhouette-awards p-5806-alabama-state-silhouette-awards p-5807-arkansas-state-silhouette-awards p-5808-arizona-state-silhouette-awards p-5809-california-state-silhouette-awards p-5810-colorado-state-silhouette-awards p-5811-connecticut-state-silhouette-awards p-5812-delaware-state-silhouette-awards p-5813-florida-state-silhouette-awards p-5814-georgia-state-silhouette-awards p-5815-hawaii-state-silhouette-awards p-5816-iowa-state-silhouette-awards p-5817-idaho-state-sillhouette-awards p-5818-indiana-state-silhouette-awards p-5819-kansas-state-silhouette-awards p-5820-kentucky-state-silhouette-awards p-5821-louisiana-state-silhouette-awards p-5822-massachusetts-state-silhouette-awards p-5823-maryland-state-silhouette-awards p-5824-maine-state-silhouette-awards p-5825-michigan-state-silhouette-awards p-5826-minnesota-state-silhouette-awards p-5827-missouri-state-silhouette-awards p-5828-mississippi-state-silhouette-awards p-5829-montana-state-silhouette-awards p-5830-north-carolina-state-silhouette-awards p-5831-north-dakota-state-silhouette-awards p-5832-nebraska-state-silhouette-awards p-5833-new-hampshire-state-silhouette-awards p-5834-new-jersey-state-silhouette-awards p-5835-new-mexico-state-silhouette-awards p-5836-nevada-state-silhouette-awards p-5837-new-york-state-silhouette-awards p-5838-ohio-state-silhouette-awards p-5839-oklahoma-state-silhouette-awards p-5843-oregon-state-silhouette-awards p-5844-frosted-lucite-oval-cutout-on-risers-award p-5845-pennsylvania-state-silhouette-awards p-5846-rhode-island-state-silhouette-awards p-5847-south-carolina-state-silhouette-awards p-5848-south-dakota-state-silhouette-awards p-5849-illinois-state-shaped-award-award p-5850-tennessee-state-silhouette-awards p-5851-texas-state-silhouette-awards p-5852-utah-state-silhouette-awards p-5853-virginia-state-silhouette-awards p-5854-vermont-state-silhouette-awards p-5855-washington-state-silhouette-awards p-5856-wisconsin-state-silhouette-awards p-5857-west-virginia-state-silhouette-awards p-5858-wyoming-state-silhouette-awards p-7115-frosted-lucite-star-cutout-on-risers-award
CD900ND;CD900*;p-5805-alaska-state-silhouette-awards p-5806-alabama-state-silhouette-awards p-5807-arkansas-state-silhouette-awards p-5808-arizona-state-silhouette-awards p-5809-california-state-silhouette-awards p-5810-colorado-state-silhouette-awards p-5811-connecticut-state-silhouette-awards p-5812-delaware-state-silhouette-awards p-5813-florida-state-silhouette-awards p-5814-georgia-state-silhouette-awards p-5815-hawaii-state-silhouette-awards p-5816-iowa-state-silhouette-awards p-5817-idaho-state-sillhouette-awards p-5818-indiana-state-silhouette-awards p-5819-kansas-state-silhouette-awards p-5820-kentucky-state-silhouette-awards p-5821-louisiana-state-silhouette-awards p-5822-massachusetts-state-silhouette-awards p-5823-maryland-state-silhouette-awards p-5824-maine-state-silhouette-awards p-5825-michigan-state-silhouette-awards p-5826-minnesota-state-silhouette-awards p-5827-missouri-state-silhouette-awards p-5828-mississippi-state-silhouette-awards p-5829-montana-state-silhouette-awards p-5830-north-carolina-state-silhouette-awards p-5831-north-dakota-state-silhouette-awards p-5832-nebraska-state-silhouette-awards p-5833-new-hampshire-state-silhouette-awards p-5834-new-jersey-state-silhouette-awards p-5835-new-mexico-state-silhouette-awards p-5836-nevada-state-silhouette-awards p-5837-new-york-state-silhouette-awards p-5838-ohio-state-silhouette-awards p-5839-oklahoma-state-silhouette-awards p-5843-oregon-state-silhouette-awards p-5844-frosted-lucite-oval-cutout-on-risers-award p-5845-pennsylvania-state-silhouette-awards p-5846-rhode-island-state-silhouette-awards p-5847-south-carolina-state-silhouette-awards p-5848-south-dakota-state-silhouette-awards p-5849-illinois-state-shaped-award-award p-5850-tennessee-state-silhouette-awards p-5851-texas-state-silhouette-awards p-5852-utah-state-silhouette-awards p-5853-virginia-state-silhouette-awards p-5854-vermont-state-silhouette-awards p-5855-washington-state-silhouette-awards p-5856-wisconsin-state-silhouette-awards p-5857-west-virginia-state-silhouette-awards p-5858-wyoming-state-silhouette-awards p-7115-frosted-lucite-star-cutout-on-risers-award
CD900NE;CD900*;p-5805-alaska-state-silhouette-awards p-5806-alabama-state-silhouette-awards p-5807-arkansas-state-silhouette-awards p-5808-arizona-state-silhouette-awards p-5809-california-state-silhouette-awards p-5810-colorado-state-silhouette-awards p-5811-connecticut-state-silhouette-awards p-5812-delaware-state-silhouette-awards p-5813-florida-state-silhouette-awards p-5814-georgia-state-silhouette-awards p-5815-hawaii-state-silhouette-awards p-5816-iowa-state-silhouette-awards p-5817-idaho-state-sillhouette-awards p-5818-indiana-state-silhouette-awards p-5819-kansas-state-silhouette-awards p-5820-kentucky-state-silhouette-awards p-5821-louisiana-state-silhouette-awards p-5822-massachusetts-state-silhouette-awards p-5823-maryland-state-silhouette-awards p-5824-maine-state-silhouette-awards p-5825-michigan-state-silhouette-awards p-5826-minnesota-state-silhouette-awards p-5827-missouri-state-silhouette-awards p-5828-mississippi-state-silhouette-awards p-5829-montana-state-silhouette-awards p-5830-north-carolina-state-silhouette-awards p-5831-north-dakota-state-silhouette-awards p-5832-nebraska-state-silhouette-awards p-5833-new-hampshire-state-silhouette-awards p-5834-new-jersey-state-silhouette-awards p-5835-new-mexico-state-silhouette-awards p-5836-nevada-state-silhouette-awards p-5837-new-york-state-silhouette-awards p-5838-ohio-state-silhouette-awards p-5839-oklahoma-state-silhouette-awards p-5843-oregon-state-silhouette-awards p-5844-frosted-lucite-oval-cutout-on-risers-award p-5845-pennsylvania-state-silhouette-awards p-5846-rhode-island-state-silhouette-awards p-5847-south-carolina-state-silhouette-awards p-5848-south-dakota-state-silhouette-awards p-5849-illinois-state-shaped-award-award p-5850-tennessee-state-silhouette-awards p-5851-texas-state-silhouette-awards p-5852-utah-state-silhouette-awards p-5853-virginia-state-silhouette-awards p-5854-vermont-state-silhouette-awards p-5855-washington-state-silhouette-awards p-5856-wisconsin-state-silhouette-awards p-5857-west-virginia-state-silhouette-awards p-5858-wyoming-state-silhouette-awards p-7115-frosted-lucite-star-cutout-on-risers-award
CD900NH;CD900*;p-5805-alaska-state-silhouette-awards p-5806-alabama-state-silhouette-awards p-5807-arkansas-state-silhouette-awards p-5808-arizona-state-silhouette-awards p-5809-california-state-silhouette-awards p-5810-colorado-state-silhouette-awards p-5811-connecticut-state-silhouette-awards p-5812-delaware-state-silhouette-awards p-5813-florida-state-silhouette-awards p-5814-georgia-state-silhouette-awards p-5815-hawaii-state-silhouette-awards p-5816-iowa-state-silhouette-awards p-5817-idaho-state-sillhouette-awards p-5818-indiana-state-silhouette-awards p-5819-kansas-state-silhouette-awards p-5820-kentucky-state-silhouette-awards p-5821-louisiana-state-silhouette-awards p-5822-massachusetts-state-silhouette-awards p-5823-maryland-state-silhouette-awards p-5824-maine-state-silhouette-awards p-5825-michigan-state-silhouette-awards p-5826-minnesota-state-silhouette-awards p-5827-missouri-state-silhouette-awards p-5828-mississippi-state-silhouette-awards p-5829-montana-state-silhouette-awards p-5830-north-carolina-state-silhouette-awards p-5831-north-dakota-state-silhouette-awards p-5832-nebraska-state-silhouette-awards p-5833-new-hampshire-state-silhouette-awards p-5834-new-jersey-state-silhouette-awards p-5835-new-mexico-state-silhouette-awards p-5836-nevada-state-silhouette-awards p-5837-new-york-state-silhouette-awards p-5838-ohio-state-silhouette-awards p-5839-oklahoma-state-silhouette-awards p-5843-oregon-state-silhouette-awards p-5844-frosted-lucite-oval-cutout-on-risers-award p-5845-pennsylvania-state-silhouette-awards p-5846-rhode-island-state-silhouette-awards p-5847-south-carolina-state-silhouette-awards p-5848-south-dakota-state-silhouette-awards p-5849-illinois-state-shaped-award-award p-5850-tennessee-state-silhouette-awards p-5851-texas-state-silhouette-awards p-5852-utah-state-silhouette-awards p-5853-virginia-state-silhouette-awards p-5854-vermont-state-silhouette-awards p-5855-washington-state-silhouette-awards p-5856-wisconsin-state-silhouette-awards p-5857-west-virginia-state-silhouette-awards p-5858-wyoming-state-silhouette-awards p-7115-frosted-lucite-star-cutout-on-risers-award
CD900NJ;CD900*;p-5805-alaska-state-silhouette-awards p-5806-alabama-state-silhouette-awards p-5807-arkansas-state-silhouette-awards p-5808-arizona-state-silhouette-awards p-5809-california-state-silhouette-awards p-5810-colorado-state-silhouette-awards p-5811-connecticut-state-silhouette-awards p-5812-delaware-state-silhouette-awards p-5813-florida-state-silhouette-awards p-5814-georgia-state-silhouette-awards p-5815-hawaii-state-silhouette-awards p-5816-iowa-state-silhouette-awards p-5817-idaho-state-sillhouette-awards p-5818-indiana-state-silhouette-awards p-5819-kansas-state-silhouette-awards p-5820-kentucky-state-silhouette-awards p-5821-louisiana-state-silhouette-awards p-5822-massachusetts-state-silhouette-awards p-5823-maryland-state-silhouette-awards p-5824-maine-state-silhouette-awards p-5825-michigan-state-silhouette-awards p-5826-minnesota-state-silhouette-awards p-5827-missouri-state-silhouette-awards p-5828-mississippi-state-silhouette-awards p-5829-montana-state-silhouette-awards p-5830-north-carolina-state-silhouette-awards p-5831-north-dakota-state-silhouette-awards p-5832-nebraska-state-silhouette-awards p-5833-new-hampshire-state-silhouette-awards p-5834-new-jersey-state-silhouette-awards p-5835-new-mexico-state-silhouette-awards p-5836-nevada-state-silhouette-awards p-5837-new-york-state-silhouette-awards p-5838-ohio-state-silhouette-awards p-5839-oklahoma-state-silhouette-awards p-5843-oregon-state-silhouette-awards p-5844-frosted-lucite-oval-cutout-on-risers-award p-5845-pennsylvania-state-silhouette-awards p-5846-rhode-island-state-silhouette-awards p-5847-south-carolina-state-silhouette-awards p-5848-south-dakota-state-silhouette-awards p-5849-illinois-state-shaped-award-award p-5850-tennessee-state-silhouette-awards p-5851-texas-state-silhouette-awards p-5852-utah-state-silhouette-awards p-5853-virginia-state-silhouette-awards p-5854-vermont-state-silhouette-awards p-5855-washington-state-silhouette-awards p-5856-wisconsin-state-silhouette-awards p-5857-west-virginia-state-silhouette-awards p-5858-wyoming-state-silhouette-awards p-7115-frosted-lucite-star-cutout-on-risers-award
CD900NM;CD900*;p-5805-alaska-state-silhouette-awards p-5806-alabama-state-silhouette-awards p-5807-arkansas-state-silhouette-awards p-5808-arizona-state-silhouette-awards p-5809-california-state-silhouette-awards p-5810-colorado-state-silhouette-awards p-5811-connecticut-state-silhouette-awards p-5812-delaware-state-silhouette-awards p-5813-florida-state-silhouette-awards p-5814-georgia-state-silhouette-awards p-5815-hawaii-state-silhouette-awards p-5816-iowa-state-silhouette-awards p-5817-idaho-state-sillhouette-awards p-5818-indiana-state-silhouette-awards p-5819-kansas-state-silhouette-awards p-5820-kentucky-state-silhouette-awards p-5821-louisiana-state-silhouette-awards p-5822-massachusetts-state-silhouette-awards p-5823-maryland-state-silhouette-awards p-5824-maine-state-silhouette-awards p-5825-michigan-state-silhouette-awards p-5826-minnesota-state-silhouette-awards p-5827-missouri-state-silhouette-awards p-5828-mississippi-state-silhouette-awards p-5829-montana-state-silhouette-awards p-5830-north-carolina-state-silhouette-awards p-5831-north-dakota-state-silhouette-awards p-5832-nebraska-state-silhouette-awards p-5833-new-hampshire-state-silhouette-awards p-5834-new-jersey-state-silhouette-awards p-5835-new-mexico-state-silhouette-awards p-5836-nevada-state-silhouette-awards p-5837-new-york-state-silhouette-awards p-5838-ohio-state-silhouette-awards p-5839-oklahoma-state-silhouette-awards p-5843-oregon-state-silhouette-awards p-5844-frosted-lucite-oval-cutout-on-risers-award p-5845-pennsylvania-state-silhouette-awards p-5846-rhode-island-state-silhouette-awards p-5847-south-carolina-state-silhouette-awards p-5848-south-dakota-state-silhouette-awards p-5849-illinois-state-shaped-award-award p-5850-tennessee-state-silhouette-awards p-5851-texas-state-silhouette-awards p-5852-utah-state-silhouette-awards p-5853-virginia-state-silhouette-awards p-5854-vermont-state-silhouette-awards p-5855-washington-state-silhouette-awards p-5856-wisconsin-state-silhouette-awards p-5857-west-virginia-state-silhouette-awards p-5858-wyoming-state-silhouette-awards p-7115-frosted-lucite-star-cutout-on-risers-award
CD900NV;CD900*;p-5805-alaska-state-silhouette-awards p-5806-alabama-state-silhouette-awards p-5807-arkansas-state-silhouette-awards p-5808-arizona-state-silhouette-awards p-5809-california-state-silhouette-awards p-5810-colorado-state-silhouette-awards p-5811-connecticut-state-silhouette-awards p-5812-delaware-state-silhouette-awards p-5813-florida-state-silhouette-awards p-5814-georgia-state-silhouette-awards p-5815-hawaii-state-silhouette-awards p-5816-iowa-state-silhouette-awards p-5817-idaho-state-sillhouette-awards p-5818-indiana-state-silhouette-awards p-5819-kansas-state-silhouette-awards p-5820-kentucky-state-silhouette-awards p-5821-louisiana-state-silhouette-awards p-5822-massachusetts-state-silhouette-awards p-5823-maryland-state-silhouette-awards p-5824-maine-state-silhouette-awards p-5825-michigan-state-silhouette-awards p-5826-minnesota-state-silhouette-awards p-5827-missouri-state-silhouette-awards p-5828-mississippi-state-silhouette-awards p-5829-montana-state-silhouette-awards p-5830-north-carolina-state-silhouette-awards p-5831-north-dakota-state-silhouette-awards p-5832-nebraska-state-silhouette-awards p-5833-new-hampshire-state-silhouette-awards p-5834-new-jersey-state-silhouette-awards p-5835-new-mexico-state-silhouette-awards p-5836-nevada-state-silhouette-awards p-5837-new-york-state-silhouette-awards p-5838-ohio-state-silhouette-awards p-5839-oklahoma-state-silhouette-awards p-5843-oregon-state-silhouette-awards p-5844-frosted-lucite-oval-cutout-on-risers-award p-5845-pennsylvania-state-silhouette-awards p-5846-rhode-island-state-silhouette-awards p-5847-south-carolina-state-silhouette-awards p-5848-south-dakota-state-silhouette-awards p-5849-illinois-state-shaped-award-award p-5850-tennessee-state-silhouette-awards p-5851-texas-state-silhouette-awards p-5852-utah-state-silhouette-awards p-5853-virginia-state-silhouette-awards p-5854-vermont-state-silhouette-awards p-5855-washington-state-silhouette-awards p-5856-wisconsin-state-silhouette-awards p-5857-west-virginia-state-silhouette-awards p-5858-wyoming-state-silhouette-awards p-7115-frosted-lucite-star-cutout-on-risers-award
CD900NY;CD900*;p-5805-alaska-state-silhouette-awards p-5806-alabama-state-silhouette-awards p-5807-arkansas-state-silhouette-awards p-5808-arizona-state-silhouette-awards p-5809-california-state-silhouette-awards p-5810-colorado-state-silhouette-awards p-5811-connecticut-state-silhouette-awards p-5812-delaware-state-silhouette-awards p-5813-florida-state-silhouette-awards p-5814-georgia-state-silhouette-awards p-5815-hawaii-state-silhouette-awards p-5816-iowa-state-silhouette-awards p-5817-idaho-state-sillhouette-awards p-5818-indiana-state-silhouette-awards p-5819-kansas-state-silhouette-awards p-5820-kentucky-state-silhouette-awards p-5821-louisiana-state-silhouette-awards p-5822-massachusetts-state-silhouette-awards p-5823-maryland-state-silhouette-awards p-5824-maine-state-silhouette-awards p-5825-michigan-state-silhouette-awards p-5826-minnesota-state-silhouette-awards p-5827-missouri-state-silhouette-awards p-5828-mississippi-state-silhouette-awards p-5829-montana-state-silhouette-awards p-5830-north-carolina-state-silhouette-awards p-5831-north-dakota-state-silhouette-awards p-5832-nebraska-state-silhouette-awards p-5833-new-hampshire-state-silhouette-awards p-5834-new-jersey-state-silhouette-awards p-5835-new-mexico-state-silhouette-awards p-5836-nevada-state-silhouette-awards p-5837-new-york-state-silhouette-awards p-5838-ohio-state-silhouette-awards p-5839-oklahoma-state-silhouette-awards p-5843-oregon-state-silhouette-awards p-5844-frosted-lucite-oval-cutout-on-risers-award p-5845-pennsylvania-state-silhouette-awards p-5846-rhode-island-state-silhouette-awards p-5847-south-carolina-state-silhouette-awards p-5848-south-dakota-state-silhouette-awards p-5849-illinois-state-shaped-award-award p-5850-tennessee-state-silhouette-awards p-5851-texas-state-silhouette-awards p-5852-utah-state-silhouette-awards p-5853-virginia-state-silhouette-awards p-5854-vermont-state-silhouette-awards p-5855-washington-state-silhouette-awards p-5856-wisconsin-state-silhouette-awards p-5857-west-virginia-state-silhouette-awards p-5858-wyoming-state-silhouette-awards p-7115-frosted-lucite-star-cutout-on-risers-award
CD900OH;CD900*;p-5805-alaska-state-silhouette-awards p-5806-alabama-state-silhouette-awards p-5807-arkansas-state-silhouette-awards p-5808-arizona-state-silhouette-awards p-5809-california-state-silhouette-awards p-5810-colorado-state-silhouette-awards p-5811-connecticut-state-silhouette-awards p-5812-delaware-state-silhouette-awards p-5813-florida-state-silhouette-awards p-5814-georgia-state-silhouette-awards p-5815-hawaii-state-silhouette-awards p-5816-iowa-state-silhouette-awards p-5817-idaho-state-sillhouette-awards p-5818-indiana-state-silhouette-awards p-5819-kansas-state-silhouette-awards p-5820-kentucky-state-silhouette-awards p-5821-louisiana-state-silhouette-awards p-5822-massachusetts-state-silhouette-awards p-5823-maryland-state-silhouette-awards p-5824-maine-state-silhouette-awards p-5825-michigan-state-silhouette-awards p-5826-minnesota-state-silhouette-awards p-5827-missouri-state-silhouette-awards p-5828-mississippi-state-silhouette-awards p-5829-montana-state-silhouette-awards p-5830-north-carolina-state-silhouette-awards p-5831-north-dakota-state-silhouette-awards p-5832-nebraska-state-silhouette-awards p-5833-new-hampshire-state-silhouette-awards p-5834-new-jersey-state-silhouette-awards p-5835-new-mexico-state-silhouette-awards p-5836-nevada-state-silhouette-awards p-5837-new-york-state-silhouette-awards p-5838-ohio-state-silhouette-awards p-5839-oklahoma-state-silhouette-awards p-5843-oregon-state-silhouette-awards p-5844-frosted-lucite-oval-cutout-on-risers-award p-5845-pennsylvania-state-silhouette-awards p-5846-rhode-island-state-silhouette-awards p-5847-south-carolina-state-silhouette-awards p-5848-south-dakota-state-silhouette-awards p-5849-illinois-state-shaped-award-award p-5850-tennessee-state-silhouette-awards p-5851-texas-state-silhouette-awards p-5852-utah-state-silhouette-awards p-5853-virginia-state-silhouette-awards p-5854-vermont-state-silhouette-awards p-5855-washington-state-silhouette-awards p-5856-wisconsin-state-silhouette-awards p-5857-west-virginia-state-silhouette-awards p-5858-wyoming-state-silhouette-awards p-7115-frosted-lucite-star-cutout-on-risers-award
CD900OK;CD900*;p-5805-alaska-state-silhouette-awards p-5806-alabama-state-silhouette-awards p-5807-arkansas-state-silhouette-awards p-5808-arizona-state-silhouette-awards p-5809-california-state-silhouette-awards p-5810-colorado-state-silhouette-awards p-5811-connecticut-state-silhouette-awards p-5812-delaware-state-silhouette-awards p-5813-florida-state-silhouette-awards p-5814-georgia-state-silhouette-awards p-5815-hawaii-state-silhouette-awards p-5816-iowa-state-silhouette-awards p-5817-idaho-state-sillhouette-awards p-5818-indiana-state-silhouette-awards p-5819-kansas-state-silhouette-awards p-5820-kentucky-state-silhouette-awards p-5821-louisiana-state-silhouette-awards p-5822-massachusetts-state-silhouette-awards p-5823-maryland-state-silhouette-awards p-5824-maine-state-silhouette-awards p-5825-michigan-state-silhouette-awards p-5826-minnesota-state-silhouette-awards p-5827-missouri-state-silhouette-awards p-5828-mississippi-state-silhouette-awards p-5829-montana-state-silhouette-awards p-5830-north-carolina-state-silhouette-awards p-5831-north-dakota-state-silhouette-awards p-5832-nebraska-state-silhouette-awards p-5833-new-hampshire-state-silhouette-awards p-5834-new-jersey-state-silhouette-awards p-5835-new-mexico-state-silhouette-awards p-5836-nevada-state-silhouette-awards p-5837-new-york-state-silhouette-awards p-5838-ohio-state-silhouette-awards p-5839-oklahoma-state-silhouette-awards p-5843-oregon-state-silhouette-awards p-5844-frosted-lucite-oval-cutout-on-risers-award p-5845-pennsylvania-state-silhouette-awards p-5846-rhode-island-state-silhouette-awards p-5847-south-carolina-state-silhouette-awards p-5848-south-dakota-state-silhouette-awards p-5849-illinois-state-shaped-award-award p-5850-tennessee-state-silhouette-awards p-5851-texas-state-silhouette-awards p-5852-utah-state-silhouette-awards p-5853-virginia-state-silhouette-awards p-5854-vermont-state-silhouette-awards p-5855-washington-state-silhouette-awards p-5856-wisconsin-state-silhouette-awards p-5857-west-virginia-state-silhouette-awards p-5858-wyoming-state-silhouette-awards p-7115-frosted-lucite-star-cutout-on-risers-award
CD900OR;CD900*;p-5805-alaska-state-silhouette-awards p-5806-alabama-state-silhouette-awards p-5807-arkansas-state-silhouette-awards p-5808-arizona-state-silhouette-awards p-5809-california-state-silhouette-awards p-5810-colorado-state-silhouette-awards p-5811-connecticut-state-silhouette-awards p-5812-delaware-state-silhouette-awards p-5813-florida-state-silhouette-awards p-5814-georgia-state-silhouette-awards p-5815-hawaii-state-silhouette-awards p-5816-iowa-state-silhouette-awards p-5817-idaho-state-sillhouette-awards p-5818-indiana-state-silhouette-awards p-5819-kansas-state-silhouette-awards p-5820-kentucky-state-silhouette-awards p-5821-louisiana-state-silhouette-awards p-5822-massachusetts-state-silhouette-awards p-5823-maryland-state-silhouette-awards p-5824-maine-state-silhouette-awards p-5825-michigan-state-silhouette-awards p-5826-minnesota-state-silhouette-awards p-5827-missouri-state-silhouette-awards p-5828-mississippi-state-silhouette-awards p-5829-montana-state-silhouette-awards p-5830-north-carolina-state-silhouette-awards p-5831-north-dakota-state-silhouette-awards p-5832-nebraska-state-silhouette-awards p-5833-new-hampshire-state-silhouette-awards p-5834-new-jersey-state-silhouette-awards p-5835-new-mexico-state-silhouette-awards p-5836-nevada-state-silhouette-awards p-5837-new-york-state-silhouette-awards p-5838-ohio-state-silhouette-awards p-5839-oklahoma-state-silhouette-awards p-5843-oregon-state-silhouette-awards p-5844-frosted-lucite-oval-cutout-on-risers-award p-5845-pennsylvania-state-silhouette-awards p-5846-rhode-island-state-silhouette-awards p-5847-south-carolina-state-silhouette-awards p-5848-south-dakota-state-silhouette-awards p-5849-illinois-state-shaped-award-award p-5850-tennessee-state-silhouette-awards p-5851-texas-state-silhouette-awards p-5852-utah-state-silhouette-awards p-5853-virginia-state-silhouette-awards p-5854-vermont-state-silhouette-awards p-5855-washington-state-silhouette-awards p-5856-wisconsin-state-silhouette-awards p-5857-west-virginia-state-silhouette-awards p-5858-wyoming-state-silhouette-awards p-7115-frosted-lucite-star-cutout-on-risers-award
CD900OVAL;CD900*;p-5805-alaska-state-silhouette-awards p-5806-alabama-state-silhouette-awards p-5807-arkansas-state-silhouette-awards p-5808-arizona-state-silhouette-awards p-5809-california-state-silhouette-awards p-5810-colorado-state-silhouette-awards p-5811-connecticut-state-silhouette-awards p-5812-delaware-state-silhouette-awards p-5813-florida-state-silhouette-awards p-5814-georgia-state-silhouette-awards p-5815-hawaii-state-silhouette-awards p-5816-iowa-state-silhouette-awards p-5817-idaho-state-sillhouette-awards p-5818-indiana-state-silhouette-awards p-5819-kansas-state-silhouette-awards p-5820-kentucky-state-silhouette-awards p-5821-louisiana-state-silhouette-awards p-5822-massachusetts-state-silhouette-awards p-5823-maryland-state-silhouette-awards p-5824-maine-state-silhouette-awards p-5825-michigan-state-silhouette-awards p-5826-minnesota-state-silhouette-awards p-5827-missouri-state-silhouette-awards p-5828-mississippi-state-silhouette-awards p-5829-montana-state-silhouette-awards p-5830-north-carolina-state-silhouette-awards p-5831-north-dakota-state-silhouette-awards p-5832-nebraska-state-silhouette-awards p-5833-new-hampshire-state-silhouette-awards p-5834-new-jersey-state-silhouette-awards p-5835-new-mexico-state-silhouette-awards p-5836-nevada-state-silhouette-awards p-5837-new-york-state-silhouette-awards p-5838-ohio-state-silhouette-awards p-5839-oklahoma-state-silhouette-awards p-5843-oregon-state-silhouette-awards p-5844-frosted-lucite-oval-cutout-on-risers-award p-5845-pennsylvania-state-silhouette-awards p-5846-rhode-island-state-silhouette-awards p-5847-south-carolina-state-silhouette-awards p-5848-south-dakota-state-silhouette-awards p-5849-illinois-state-shaped-award-award p-5850-tennessee-state-silhouette-awards p-5851-texas-state-silhouette-awards p-5852-utah-state-silhouette-awards p-5853-virginia-state-silhouette-awards p-5854-vermont-state-silhouette-awards p-5855-washington-state-silhouette-awards p-5856-wisconsin-state-silhouette-awards p-5857-west-virginia-state-silhouette-awards p-5858-wyoming-state-silhouette-awards p-7115-frosted-lucite-star-cutout-on-risers-award
CD900PA;CD900*;p-5805-alaska-state-silhouette-awards p-5806-alabama-state-silhouette-awards p-5807-arkansas-state-silhouette-awards p-5808-arizona-state-silhouette-awards p-5809-california-state-silhouette-awards p-5810-colorado-state-silhouette-awards p-5811-connecticut-state-silhouette-awards p-5812-delaware-state-silhouette-awards p-5813-florida-state-silhouette-awards p-5814-georgia-state-silhouette-awards p-5815-hawaii-state-silhouette-awards p-5816-iowa-state-silhouette-awards p-5817-idaho-state-sillhouette-awards p-5818-indiana-state-silhouette-awards p-5819-kansas-state-silhouette-awards p-5820-kentucky-state-silhouette-awards p-5821-louisiana-state-silhouette-awards p-5822-massachusetts-state-silhouette-awards p-5823-maryland-state-silhouette-awards p-5824-maine-state-silhouette-awards p-5825-michigan-state-silhouette-awards p-5826-minnesota-state-silhouette-awards p-5827-missouri-state-silhouette-awards p-5828-mississippi-state-silhouette-awards p-5829-montana-state-silhouette-awards p-5830-north-carolina-state-silhouette-awards p-5831-north-dakota-state-silhouette-awards p-5832-nebraska-state-silhouette-awards p-5833-new-hampshire-state-silhouette-awards p-5834-new-jersey-state-silhouette-awards p-5835-new-mexico-state-silhouette-awards p-5836-nevada-state-silhouette-awards p-5837-new-york-state-silhouette-awards p-5838-ohio-state-silhouette-awards p-5839-oklahoma-state-silhouette-awards p-5843-oregon-state-silhouette-awards p-5844-frosted-lucite-oval-cutout-on-risers-award p-5845-pennsylvania-state-silhouette-awards p-5846-rhode-island-state-silhouette-awards p-5847-south-carolina-state-silhouette-awards p-5848-south-dakota-state-silhouette-awards p-5849-illinois-state-shaped-award-award p-5850-tennessee-state-silhouette-awards p-5851-texas-state-silhouette-awards p-5852-utah-state-silhouette-awards p-5853-virginia-state-silhouette-awards p-5854-vermont-state-silhouette-awards p-5855-washington-state-silhouette-awards p-5856-wisconsin-state-silhouette-awards p-5857-west-virginia-state-silhouette-awards p-5858-wyoming-state-silhouette-awards p-7115-frosted-lucite-star-cutout-on-risers-award
CD900RI;CD900*;p-5805-alaska-state-silhouette-awards p-5806-alabama-state-silhouette-awards p-5807-arkansas-state-silhouette-awards p-5808-arizona-state-silhouette-awards p-5809-california-state-silhouette-awards p-5810-colorado-state-silhouette-awards p-5811-connecticut-state-silhouette-awards p-5812-delaware-state-silhouette-awards p-5813-florida-state-silhouette-awards p-5814-georgia-state-silhouette-awards p-5815-hawaii-state-silhouette-awards p-5816-iowa-state-silhouette-awards p-5817-idaho-state-sillhouette-awards p-5818-indiana-state-silhouette-awards p-5819-kansas-state-silhouette-awards p-5820-kentucky-state-silhouette-awards p-5821-louisiana-state-silhouette-awards p-5822-massachusetts-state-silhouette-awards p-5823-maryland-state-silhouette-awards p-5824-maine-state-silhouette-awards p-5825-michigan-state-silhouette-awards p-5826-minnesota-state-silhouette-awards p-5827-missouri-state-silhouette-awards p-5828-mississippi-state-silhouette-awards p-5829-montana-state-silhouette-awards p-5830-north-carolina-state-silhouette-awards p-5831-north-dakota-state-silhouette-awards p-5832-nebraska-state-silhouette-awards p-5833-new-hampshire-state-silhouette-awards p-5834-new-jersey-state-silhouette-awards p-5835-new-mexico-state-silhouette-awards p-5836-nevada-state-silhouette-awards p-5837-new-york-state-silhouette-awards p-5838-ohio-state-silhouette-awards p-5839-oklahoma-state-silhouette-awards p-5843-oregon-state-silhouette-awards p-5844-frosted-lucite-oval-cutout-on-risers-award p-5845-pennsylvania-state-silhouette-awards p-5846-rhode-island-state-silhouette-awards p-5847-south-carolina-state-silhouette-awards p-5848-south-dakota-state-silhouette-awards p-5849-illinois-state-shaped-award-award p-5850-tennessee-state-silhouette-awards p-5851-texas-state-silhouette-awards p-5852-utah-state-silhouette-awards p-5853-virginia-state-silhouette-awards p-5854-vermont-state-silhouette-awards p-5855-washington-state-silhouette-awards p-5856-wisconsin-state-silhouette-awards p-5857-west-virginia-state-silhouette-awards p-5858-wyoming-state-silhouette-awards p-7115-frosted-lucite-star-cutout-on-risers-award
CD900SC;CD900*;p-5805-alaska-state-silhouette-awards p-5806-alabama-state-silhouette-awards p-5807-arkansas-state-silhouette-awards p-5808-arizona-state-silhouette-awards p-5809-california-state-silhouette-awards p-5810-colorado-state-silhouette-awards p-5811-connecticut-state-silhouette-awards p-5812-delaware-state-silhouette-awards p-5813-florida-state-silhouette-awards p-5814-georgia-state-silhouette-awards p-5815-hawaii-state-silhouette-awards p-5816-iowa-state-silhouette-awards p-5817-idaho-state-sillhouette-awards p-5818-indiana-state-silhouette-awards p-5819-kansas-state-silhouette-awards p-5820-kentucky-state-silhouette-awards p-5821-louisiana-state-silhouette-awards p-5822-massachusetts-state-silhouette-awards p-5823-maryland-state-silhouette-awards p-5824-maine-state-silhouette-awards p-5825-michigan-state-silhouette-awards p-5826-minnesota-state-silhouette-awards p-5827-missouri-state-silhouette-awards p-5828-mississippi-state-silhouette-awards p-5829-montana-state-silhouette-awards p-5830-north-carolina-state-silhouette-awards p-5831-north-dakota-state-silhouette-awards p-5832-nebraska-state-silhouette-awards p-5833-new-hampshire-state-silhouette-awards p-5834-new-jersey-state-silhouette-awards p-5835-new-mexico-state-silhouette-awards p-5836-nevada-state-silhouette-awards p-5837-new-york-state-silhouette-awards p-5838-ohio-state-silhouette-awards p-5839-oklahoma-state-silhouette-awards p-5843-oregon-state-silhouette-awards p-5844-frosted-lucite-oval-cutout-on-risers-award p-5845-pennsylvania-state-silhouette-awards p-5846-rhode-island-state-silhouette-awards p-5847-south-carolina-state-silhouette-awards p-5848-south-dakota-state-silhouette-awards p-5849-illinois-state-shaped-award-award p-5850-tennessee-state-silhouette-awards p-5851-texas-state-silhouette-awards p-5852-utah-state-silhouette-awards p-5853-virginia-state-silhouette-awards p-5854-vermont-state-silhouette-awards p-5855-washington-state-silhouette-awards p-5856-wisconsin-state-silhouette-awards p-5857-west-virginia-state-silhouette-awards p-5858-wyoming-state-silhouette-awards p-7115-frosted-lucite-star-cutout-on-risers-award
CD900SD;CD900*;p-5805-alaska-state-silhouette-awards p-5806-alabama-state-silhouette-awards p-5807-arkansas-state-silhouette-awards p-5808-arizona-state-silhouette-awards p-5809-california-state-silhouette-awards p-5810-colorado-state-silhouette-awards p-5811-connecticut-state-silhouette-awards p-5812-delaware-state-silhouette-awards p-5813-florida-state-silhouette-awards p-5814-georgia-state-silhouette-awards p-5815-hawaii-state-silhouette-awards p-5816-iowa-state-silhouette-awards p-5817-idaho-state-sillhouette-awards p-5818-indiana-state-silhouette-awards p-5819-kansas-state-silhouette-awards p-5820-kentucky-state-silhouette-awards p-5821-louisiana-state-silhouette-awards p-5822-massachusetts-state-silhouette-awards p-5823-maryland-state-silhouette-awards p-5824-maine-state-silhouette-awards p-5825-michigan-state-silhouette-awards p-5826-minnesota-state-silhouette-awards p-5827-missouri-state-silhouette-awards p-5828-mississippi-state-silhouette-awards p-5829-montana-state-silhouette-awards p-5830-north-carolina-state-silhouette-awards p-5831-north-dakota-state-silhouette-awards p-5832-nebraska-state-silhouette-awards p-5833-new-hampshire-state-silhouette-awards p-5834-new-jersey-state-silhouette-awards p-5835-new-mexico-state-silhouette-awards p-5836-nevada-state-silhouette-awards p-5837-new-york-state-silhouette-awards p-5838-ohio-state-silhouette-awards p-5839-oklahoma-state-silhouette-awards p-5843-oregon-state-silhouette-awards p-5844-frosted-lucite-oval-cutout-on-risers-award p-5845-pennsylvania-state-silhouette-awards p-5846-rhode-island-state-silhouette-awards p-5847-south-carolina-state-silhouette-awards p-5848-south-dakota-state-silhouette-awards p-5849-illinois-state-shaped-award-award p-5850-tennessee-state-silhouette-awards p-5851-texas-state-silhouette-awards p-5852-utah-state-silhouette-awards p-5853-virginia-state-silhouette-awards p-5854-vermont-state-silhouette-awards p-5855-washington-state-silhouette-awards p-5856-wisconsin-state-silhouette-awards p-5857-west-virginia-state-silhouette-awards p-5858-wyoming-state-silhouette-awards p-7115-frosted-lucite-star-cutout-on-risers-award
CD900STAR;CD900*;p-5805-alaska-state-silhouette-awards p-5806-alabama-state-silhouette-awards p-5807-arkansas-state-silhouette-awards p-5808-arizona-state-silhouette-awards p-5809-california-state-silhouette-awards p-5810-colorado-state-silhouette-awards p-5811-connecticut-state-silhouette-awards p-5812-delaware-state-silhouette-awards p-5813-florida-state-silhouette-awards p-5814-georgia-state-silhouette-awards p-5815-hawaii-state-silhouette-awards p-5816-iowa-state-silhouette-awards p-5817-idaho-state-sillhouette-awards p-5818-indiana-state-silhouette-awards p-5819-kansas-state-silhouette-awards p-5820-kentucky-state-silhouette-awards p-5821-louisiana-state-silhouette-awards p-5822-massachusetts-state-silhouette-awards p-5823-maryland-state-silhouette-awards p-5824-maine-state-silhouette-awards p-5825-michigan-state-silhouette-awards p-5826-minnesota-state-silhouette-awards p-5827-missouri-state-silhouette-awards p-5828-mississippi-state-silhouette-awards p-5829-montana-state-silhouette-awards p-5830-north-carolina-state-silhouette-awards p-5831-north-dakota-state-silhouette-awards p-5832-nebraska-state-silhouette-awards p-5833-new-hampshire-state-silhouette-awards p-5834-new-jersey-state-silhouette-awards p-5835-new-mexico-state-silhouette-awards p-5836-nevada-state-silhouette-awards p-5837-new-york-state-silhouette-awards p-5838-ohio-state-silhouette-awards p-5839-oklahoma-state-silhouette-awards p-5843-oregon-state-silhouette-awards p-5844-frosted-lucite-oval-cutout-on-risers-award p-5845-pennsylvania-state-silhouette-awards p-5846-rhode-island-state-silhouette-awards p-5847-south-carolina-state-silhouette-awards p-5848-south-dakota-state-silhouette-awards p-5849-illinois-state-shaped-award-award p-5850-tennessee-state-silhouette-awards p-5851-texas-state-silhouette-awards p-5852-utah-state-silhouette-awards p-5853-virginia-state-silhouette-awards p-5854-vermont-state-silhouette-awards p-5855-washington-state-silhouette-awards p-5856-wisconsin-state-silhouette-awards p-5857-west-virginia-state-silhouette-awards p-5858-wyoming-state-silhouette-awards p-7115-frosted-lucite-star-cutout-on-risers-award
CD900TN;CD900*;p-5805-alaska-state-silhouette-awards p-5806-alabama-state-silhouette-awards p-5807-arkansas-state-silhouette-awards p-5808-arizona-state-silhouette-awards p-5809-california-state-silhouette-awards p-5810-colorado-state-silhouette-awards p-5811-connecticut-state-silhouette-awards p-5812-delaware-state-silhouette-awards p-5813-florida-state-silhouette-awards p-5814-georgia-state-silhouette-awards p-5815-hawaii-state-silhouette-awards p-5816-iowa-state-silhouette-awards p-5817-idaho-state-sillhouette-awards p-5818-indiana-state-silhouette-awards p-5819-kansas-state-silhouette-awards p-5820-kentucky-state-silhouette-awards p-5821-louisiana-state-silhouette-awards p-5822-massachusetts-state-silhouette-awards p-5823-maryland-state-silhouette-awards p-5824-maine-state-silhouette-awards p-5825-michigan-state-silhouette-awards p-5826-minnesota-state-silhouette-awards p-5827-missouri-state-silhouette-awards p-5828-mississippi-state-silhouette-awards p-5829-montana-state-silhouette-awards p-5830-north-carolina-state-silhouette-awards p-5831-north-dakota-state-silhouette-awards p-5832-nebraska-state-silhouette-awards p-5833-new-hampshire-state-silhouette-awards p-5834-new-jersey-state-silhouette-awards p-5835-new-mexico-state-silhouette-awards p-5836-nevada-state-silhouette-awards p-5837-new-york-state-silhouette-awards p-5838-ohio-state-silhouette-awards p-5839-oklahoma-state-silhouette-awards p-5843-oregon-state-silhouette-awards p-5844-frosted-lucite-oval-cutout-on-risers-award p-5845-pennsylvania-state-silhouette-awards p-5846-rhode-island-state-silhouette-awards p-5847-south-carolina-state-silhouette-awards p-5848-south-dakota-state-silhouette-awards p-5849-illinois-state-shaped-award-award p-5850-tennessee-state-silhouette-awards p-5851-texas-state-silhouette-awards p-5852-utah-state-silhouette-awards p-5853-virginia-state-silhouette-awards p-5854-vermont-state-silhouette-awards p-5855-washington-state-silhouette-awards p-5856-wisconsin-state-silhouette-awards p-5857-west-virginia-state-silhouette-awards p-5858-wyoming-state-silhouette-awards p-7115-frosted-lucite-star-cutout-on-risers-award
CD900TX;CD900*;p-5805-alaska-state-silhouette-awards p-5806-alabama-state-silhouette-awards p-5807-arkansas-state-silhouette-awards p-5808-arizona-state-silhouette-awards p-5809-california-state-silhouette-awards p-5810-colorado-state-silhouette-awards p-5811-connecticut-state-silhouette-awards p-5812-delaware-state-silhouette-awards p-5813-florida-state-silhouette-awards p-5814-georgia-state-silhouette-awards p-5815-hawaii-state-silhouette-awards p-5816-iowa-state-silhouette-awards p-5817-idaho-state-sillhouette-awards p-5818-indiana-state-silhouette-awards p-5819-kansas-state-silhouette-awards p-5820-kentucky-state-silhouette-awards p-5821-louisiana-state-silhouette-awards p-5822-massachusetts-state-silhouette-awards p-5823-maryland-state-silhouette-awards p-5824-maine-state-silhouette-awards p-5825-michigan-state-silhouette-awards p-5826-minnesota-state-silhouette-awards p-5827-missouri-state-silhouette-awards p-5828-mississippi-state-silhouette-awards p-5829-montana-state-silhouette-awards p-5830-north-carolina-state-silhouette-awards p-5831-north-dakota-state-silhouette-awards p-5832-nebraska-state-silhouette-awards p-5833-new-hampshire-state-silhouette-awards p-5834-new-jersey-state-silhouette-awards p-5835-new-mexico-state-silhouette-awards p-5836-nevada-state-silhouette-awards p-5837-new-york-state-silhouette-awards p-5838-ohio-state-silhouette-awards p-5839-oklahoma-state-silhouette-awards p-5843-oregon-state-silhouette-awards p-5844-frosted-lucite-oval-cutout-on-risers-award p-5845-pennsylvania-state-silhouette-awards p-5846-rhode-island-state-silhouette-awards p-5847-south-carolina-state-silhouette-awards p-5848-south-dakota-state-silhouette-awards p-5849-illinois-state-shaped-award-award p-5850-tennessee-state-silhouette-awards p-5851-texas-state-silhouette-awards p-5852-utah-state-silhouette-awards p-5853-virginia-state-silhouette-awards p-5854-vermont-state-silhouette-awards p-5855-washington-state-silhouette-awards p-5856-wisconsin-state-silhouette-awards p-5857-west-virginia-state-silhouette-awards p-5858-wyoming-state-silhouette-awards p-7115-frosted-lucite-star-cutout-on-risers-award
CD900USA;CD900*;p-5805-alaska-state-silhouette-awards p-5806-alabama-state-silhouette-awards p-5807-arkansas-state-silhouette-awards p-5808-arizona-state-silhouette-awards p-5809-california-state-silhouette-awards p-5810-colorado-state-silhouette-awards p-5811-connecticut-state-silhouette-awards p-5812-delaware-state-silhouette-awards p-5813-florida-state-silhouette-awards p-5814-georgia-state-silhouette-awards p-5815-hawaii-state-silhouette-awards p-5816-iowa-state-silhouette-awards p-5817-idaho-state-sillhouette-awards p-5818-indiana-state-silhouette-awards p-5819-kansas-state-silhouette-awards p-5820-kentucky-state-silhouette-awards p-5821-louisiana-state-silhouette-awards p-5822-massachusetts-state-silhouette-awards p-5823-maryland-state-silhouette-awards p-5824-maine-state-silhouette-awards p-5825-michigan-state-silhouette-awards p-5826-minnesota-state-silhouette-awards p-5827-missouri-state-silhouette-awards p-5828-mississippi-state-silhouette-awards p-5829-montana-state-silhouette-awards p-5830-north-carolina-state-silhouette-awards p-5831-north-dakota-state-silhouette-awards p-5832-nebraska-state-silhouette-awards p-5833-new-hampshire-state-silhouette-awards p-5834-new-jersey-state-silhouette-awards p-5835-new-mexico-state-silhouette-awards p-5836-nevada-state-silhouette-awards p-5837-new-york-state-silhouette-awards p-5838-ohio-state-silhouette-awards p-5839-oklahoma-state-silhouette-awards p-5843-oregon-state-silhouette-awards p-5844-frosted-lucite-oval-cutout-on-risers-award p-5845-pennsylvania-state-silhouette-awards p-5846-rhode-island-state-silhouette-awards p-5847-south-carolina-state-silhouette-awards p-5848-south-dakota-state-silhouette-awards p-5849-illinois-state-shaped-award-award p-5850-tennessee-state-silhouette-awards p-5851-texas-state-silhouette-awards p-5852-utah-state-silhouette-awards p-5853-virginia-state-silhouette-awards p-5854-vermont-state-silhouette-awards p-5855-washington-state-silhouette-awards p-5856-wisconsin-state-silhouette-awards p-5857-west-virginia-state-silhouette-awards p-5858-wyoming-state-silhouette-awards p-7115-frosted-lucite-star-cutout-on-risers-award
CD900UT;CD900*;p-5805-alaska-state-silhouette-awards p-5806-alabama-state-silhouette-awards p-5807-arkansas-state-silhouette-awards p-5808-arizona-state-silhouette-awards p-5809-california-state-silhouette-awards p-5810-colorado-state-silhouette-awards p-5811-connecticut-state-silhouette-awards p-5812-delaware-state-silhouette-awards p-5813-florida-state-silhouette-awards p-5814-georgia-state-silhouette-awards p-5815-hawaii-state-silhouette-awards p-5816-iowa-state-silhouette-awards p-5817-idaho-state-sillhouette-awards p-5818-indiana-state-silhouette-awards p-5819-kansas-state-silhouette-awards p-5820-kentucky-state-silhouette-awards p-5821-louisiana-state-silhouette-awards p-5822-massachusetts-state-silhouette-awards p-5823-maryland-state-silhouette-awards p-5824-maine-state-silhouette-awards p-5825-michigan-state-silhouette-awards p-5826-minnesota-state-silhouette-awards p-5827-missouri-state-silhouette-awards p-5828-mississippi-state-silhouette-awards p-5829-montana-state-silhouette-awards p-5830-north-carolina-state-silhouette-awards p-5831-north-dakota-state-silhouette-awards p-5832-nebraska-state-silhouette-awards p-5833-new-hampshire-state-silhouette-awards p-5834-new-jersey-state-silhouette-awards p-5835-new-mexico-state-silhouette-awards p-5836-nevada-state-silhouette-awards p-5837-new-york-state-silhouette-awards p-5838-ohio-state-silhouette-awards p-5839-oklahoma-state-silhouette-awards p-5843-oregon-state-silhouette-awards p-5844-frosted-lucite-oval-cutout-on-risers-award p-5845-pennsylvania-state-silhouette-awards p-5846-rhode-island-state-silhouette-awards p-5847-south-carolina-state-silhouette-awards p-5848-south-dakota-state-silhouette-awards p-5849-illinois-state-shaped-award-award p-5850-tennessee-state-silhouette-awards p-5851-texas-state-silhouette-awards p-5852-utah-state-silhouette-awards p-5853-virginia-state-silhouette-awards p-5854-vermont-state-silhouette-awards p-5855-washington-state-silhouette-awards p-5856-wisconsin-state-silhouette-awards p-5857-west-virginia-state-silhouette-awards p-5858-wyoming-state-silhouette-awards p-7115-frosted-lucite-star-cutout-on-risers-award
CD900VA;CD900*;p-5805-alaska-state-silhouette-awards p-5806-alabama-state-silhouette-awards p-5807-arkansas-state-silhouette-awards p-5808-arizona-state-silhouette-awards p-5809-california-state-silhouette-awards p-5810-colorado-state-silhouette-awards p-5811-connecticut-state-silhouette-awards p-5812-delaware-state-silhouette-awards p-5813-florida-state-silhouette-awards p-5814-georgia-state-silhouette-awards p-5815-hawaii-state-silhouette-awards p-5816-iowa-state-silhouette-awards p-5817-idaho-state-sillhouette-awards p-5818-indiana-state-silhouette-awards p-5819-kansas-state-silhouette-awards p-5820-kentucky-state-silhouette-awards p-5821-louisiana-state-silhouette-awards p-5822-massachusetts-state-silhouette-awards p-5823-maryland-state-silhouette-awards p-5824-maine-state-silhouette-awards p-5825-michigan-state-silhouette-awards p-5826-minnesota-state-silhouette-awards p-5827-missouri-state-silhouette-awards p-5828-mississippi-state-silhouette-awards p-5829-montana-state-silhouette-awards p-5830-north-carolina-state-silhouette-awards p-5831-north-dakota-state-silhouette-awards p-5832-nebraska-state-silhouette-awards p-5833-new-hampshire-state-silhouette-awards p-5834-new-jersey-state-silhouette-awards p-5835-new-mexico-state-silhouette-awards p-5836-nevada-state-silhouette-awards p-5837-new-york-state-silhouette-awards p-5838-ohio-state-silhouette-awards p-5839-oklahoma-state-silhouette-awards p-5843-oregon-state-silhouette-awards p-5844-frosted-lucite-oval-cutout-on-risers-award p-5845-pennsylvania-state-silhouette-awards p-5846-rhode-island-state-silhouette-awards p-5847-south-carolina-state-silhouette-awards p-5848-south-dakota-state-silhouette-awards p-5849-illinois-state-shaped-award-award p-5850-tennessee-state-silhouette-awards p-5851-texas-state-silhouette-awards p-5852-utah-state-silhouette-awards p-5853-virginia-state-silhouette-awards p-5854-vermont-state-silhouette-awards p-5855-washington-state-silhouette-awards p-5856-wisconsin-state-silhouette-awards p-5857-west-virginia-state-silhouette-awards p-5858-wyoming-state-silhouette-awards p-7115-frosted-lucite-star-cutout-on-risers-award
CD900VT;CD900*;p-5805-alaska-state-silhouette-awards p-5806-alabama-state-silhouette-awards p-5807-arkansas-state-silhouette-awards p-5808-arizona-state-silhouette-awards p-5809-california-state-silhouette-awards p-5810-colorado-state-silhouette-awards p-5811-connecticut-state-silhouette-awards p-5812-delaware-state-silhouette-awards p-5813-florida-state-silhouette-awards p-5814-georgia-state-silhouette-awards p-5815-hawaii-state-silhouette-awards p-5816-iowa-state-silhouette-awards p-5817-idaho-state-sillhouette-awards p-5818-indiana-state-silhouette-awards p-5819-kansas-state-silhouette-awards p-5820-kentucky-state-silhouette-awards p-5821-louisiana-state-silhouette-awards p-5822-massachusetts-state-silhouette-awards p-5823-maryland-state-silhouette-awards p-5824-maine-state-silhouette-awards p-5825-michigan-state-silhouette-awards p-5826-minnesota-state-silhouette-awards p-5827-missouri-state-silhouette-awards p-5828-mississippi-state-silhouette-awards p-5829-montana-state-silhouette-awards p-5830-north-carolina-state-silhouette-awards p-5831-north-dakota-state-silhouette-awards p-5832-nebraska-state-silhouette-awards p-5833-new-hampshire-state-silhouette-awards p-5834-new-jersey-state-silhouette-awards p-5835-new-mexico-state-silhouette-awards p-5836-nevada-state-silhouette-awards p-5837-new-york-state-silhouette-awards p-5838-ohio-state-silhouette-awards p-5839-oklahoma-state-silhouette-awards p-5843-oregon-state-silhouette-awards p-5844-frosted-lucite-oval-cutout-on-risers-award p-5845-pennsylvania-state-silhouette-awards p-5846-rhode-island-state-silhouette-awards p-5847-south-carolina-state-silhouette-awards p-5848-south-dakota-state-silhouette-awards p-5849-illinois-state-shaped-award-award p-5850-tennessee-state-silhouette-awards p-5851-texas-state-silhouette-awards p-5852-utah-state-silhouette-awards p-5853-virginia-state-silhouette-awards p-5854-vermont-state-silhouette-awards p-5855-washington-state-silhouette-awards p-5856-wisconsin-state-silhouette-awards p-5857-west-virginia-state-silhouette-awards p-5858-wyoming-state-silhouette-awards p-7115-frosted-lucite-star-cutout-on-risers-award
CD900WA;CD900*;p-5805-alaska-state-silhouette-awards p-5806-alabama-state-silhouette-awards p-5807-arkansas-state-silhouette-awards p-5808-arizona-state-silhouette-awards p-5809-california-state-silhouette-awards p-5810-colorado-state-silhouette-awards p-5811-connecticut-state-silhouette-awards p-5812-delaware-state-silhouette-awards p-5813-florida-state-silhouette-awards p-5814-georgia-state-silhouette-awards p-5815-hawaii-state-silhouette-awards p-5816-iowa-state-silhouette-awards p-5817-idaho-state-sillhouette-awards p-5818-indiana-state-silhouette-awards p-5819-kansas-state-silhouette-awards p-5820-kentucky-state-silhouette-awards p-5821-louisiana-state-silhouette-awards p-5822-massachusetts-state-silhouette-awards p-5823-maryland-state-silhouette-awards p-5824-maine-state-silhouette-awards p-5825-michigan-state-silhouette-awards p-5826-minnesota-state-silhouette-awards p-5827-missouri-state-silhouette-awards p-5828-mississippi-state-silhouette-awards p-5829-montana-state-silhouette-awards p-5830-north-carolina-state-silhouette-awards p-5831-north-dakota-state-silhouette-awards p-5832-nebraska-state-silhouette-awards p-5833-new-hampshire-state-silhouette-awards p-5834-new-jersey-state-silhouette-awards p-5835-new-mexico-state-silhouette-awards p-5836-nevada-state-silhouette-awards p-5837-new-york-state-silhouette-awards p-5838-ohio-state-silhouette-awards p-5839-oklahoma-state-silhouette-awards p-5843-oregon-state-silhouette-awards p-5844-frosted-lucite-oval-cutout-on-risers-award p-5845-pennsylvania-state-silhouette-awards p-5846-rhode-island-state-silhouette-awards p-5847-south-carolina-state-silhouette-awards p-5848-south-dakota-state-silhouette-awards p-5849-illinois-state-shaped-award-award p-5850-tennessee-state-silhouette-awards p-5851-texas-state-silhouette-awards p-5852-utah-state-silhouette-awards p-5853-virginia-state-silhouette-awards p-5854-vermont-state-silhouette-awards p-5855-washington-state-silhouette-awards p-5856-wisconsin-state-silhouette-awards p-5857-west-virginia-state-silhouette-awards p-5858-wyoming-state-silhouette-awards p-7115-frosted-lucite-star-cutout-on-risers-award
CD900WI;CD900*;p-5805-alaska-state-silhouette-awards p-5806-alabama-state-silhouette-awards p-5807-arkansas-state-silhouette-awards p-5808-arizona-state-silhouette-awards p-5809-california-state-silhouette-awards p-5810-colorado-state-silhouette-awards p-5811-connecticut-state-silhouette-awards p-5812-delaware-state-silhouette-awards p-5813-florida-state-silhouette-awards p-5814-georgia-state-silhouette-awards p-5815-hawaii-state-silhouette-awards p-5816-iowa-state-silhouette-awards p-5817-idaho-state-sillhouette-awards p-5818-indiana-state-silhouette-awards p-5819-kansas-state-silhouette-awards p-5820-kentucky-state-silhouette-awards p-5821-louisiana-state-silhouette-awards p-5822-massachusetts-state-silhouette-awards p-5823-maryland-state-silhouette-awards p-5824-maine-state-silhouette-awards p-5825-michigan-state-silhouette-awards p-5826-minnesota-state-silhouette-awards p-5827-missouri-state-silhouette-awards p-5828-mississippi-state-silhouette-awards p-5829-montana-state-silhouette-awards p-5830-north-carolina-state-silhouette-awards p-5831-north-dakota-state-silhouette-awards p-5832-nebraska-state-silhouette-awards p-5833-new-hampshire-state-silhouette-awards p-5834-new-jersey-state-silhouette-awards p-5835-new-mexico-state-silhouette-awards p-5836-nevada-state-silhouette-awards p-5837-new-york-state-silhouette-awards p-5838-ohio-state-silhouette-awards p-5839-oklahoma-state-silhouette-awards p-5843-oregon-state-silhouette-awards p-5844-frosted-lucite-oval-cutout-on-risers-award p-5845-pennsylvania-state-silhouette-awards p-5846-rhode-island-state-silhouette-awards p-5847-south-carolina-state-silhouette-awards p-5848-south-dakota-state-silhouette-awards p-5849-illinois-state-shaped-award-award p-5850-tennessee-state-silhouette-awards p-5851-texas-state-silhouette-awards p-5852-utah-state-silhouette-awards p-5853-virginia-state-silhouette-awards p-5854-vermont-state-silhouette-awards p-5855-washington-state-silhouette-awards p-5856-wisconsin-state-silhouette-awards p-5857-west-virginia-state-silhouette-awards p-5858-wyoming-state-silhouette-awards p-7115-frosted-lucite-star-cutout-on-risers-award
CD900WV;CD900*;p-5805-alaska-state-silhouette-awards p-5806-alabama-state-silhouette-awards p-5807-arkansas-state-silhouette-awards p-5808-arizona-state-silhouette-awards p-5809-california-state-silhouette-awards p-5810-colorado-state-silhouette-awards p-5811-connecticut-state-silhouette-awards p-5812-delaware-state-silhouette-awards p-5813-florida-state-silhouette-awards p-5814-georgia-state-silhouette-awards p-5815-hawaii-state-silhouette-awards p-5816-iowa-state-silhouette-awards p-5817-idaho-state-sillhouette-awards p-5818-indiana-state-silhouette-awards p-5819-kansas-state-silhouette-awards p-5820-kentucky-state-silhouette-awards p-5821-louisiana-state-silhouette-awards p-5822-massachusetts-state-silhouette-awards p-5823-maryland-state-silhouette-awards p-5824-maine-state-silhouette-awards p-5825-michigan-state-silhouette-awards p-5826-minnesota-state-silhouette-awards p-5827-missouri-state-silhouette-awards p-5828-mississippi-state-silhouette-awards p-5829-montana-state-silhouette-awards p-5830-north-carolina-state-silhouette-awards p-5831-north-dakota-state-silhouette-awards p-5832-nebraska-state-silhouette-awards p-5833-new-hampshire-state-silhouette-awards p-5834-new-jersey-state-silhouette-awards p-5835-new-mexico-state-silhouette-awards p-5836-nevada-state-silhouette-awards p-5837-new-york-state-silhouette-awards p-5838-ohio-state-silhouette-awards p-5839-oklahoma-state-silhouette-awards p-5843-oregon-state-silhouette-awards p-5844-frosted-lucite-oval-cutout-on-risers-award p-5845-pennsylvania-state-silhouette-awards p-5846-rhode-island-state-silhouette-awards p-5847-south-carolina-state-silhouette-awards p-5848-south-dakota-state-silhouette-awards p-5849-illinois-state-shaped-award-award p-5850-tennessee-state-silhouette-awards p-5851-texas-state-silhouette-awards p-5852-utah-state-silhouette-awards p-5853-virginia-state-silhouette-awards p-5854-vermont-state-silhouette-awards p-5855-washington-state-silhouette-awards p-5856-wisconsin-state-silhouette-awards p-5857-west-virginia-state-silhouette-awards p-5858-wyoming-state-silhouette-awards p-7115-frosted-lucite-star-cutout-on-risers-award
CD900WY;CD900*;p-5805-alaska-state-silhouette-awards p-5806-alabama-state-silhouette-awards p-5807-arkansas-state-silhouette-awards p-5808-arizona-state-silhouette-awards p-5809-california-state-silhouette-awards p-5810-colorado-state-silhouette-awards p-5811-connecticut-state-silhouette-awards p-5812-delaware-state-silhouette-awards p-5813-florida-state-silhouette-awards p-5814-georgia-state-silhouette-awards p-5815-hawaii-state-silhouette-awards p-5816-iowa-state-silhouette-awards p-5817-idaho-state-sillhouette-awards p-5818-indiana-state-silhouette-awards p-5819-kansas-state-silhouette-awards p-5820-kentucky-state-silhouette-awards p-5821-louisiana-state-silhouette-awards p-5822-massachusetts-state-silhouette-awards p-5823-maryland-state-silhouette-awards p-5824-maine-state-silhouette-awards p-5825-michigan-state-silhouette-awards p-5826-minnesota-state-silhouette-awards p-5827-missouri-state-silhouette-awards p-5828-mississippi-state-silhouette-awards p-5829-montana-state-silhouette-awards p-5830-north-carolina-state-silhouette-awards p-5831-north-dakota-state-silhouette-awards p-5832-nebraska-state-silhouette-awards p-5833-new-hampshire-state-silhouette-awards p-5834-new-jersey-state-silhouette-awards p-5835-new-mexico-state-silhouette-awards p-5836-nevada-state-silhouette-awards p-5837-new-york-state-silhouette-awards p-5838-ohio-state-silhouette-awards p-5839-oklahoma-state-silhouette-awards p-5843-oregon-state-silhouette-awards p-5844-frosted-lucite-oval-cutout-on-risers-award p-5845-pennsylvania-state-silhouette-awards p-5846-rhode-island-state-silhouette-awards p-5847-south-carolina-state-silhouette-awards p-5848-south-dakota-state-silhouette-awards p-5849-illinois-state-shaped-award-award p-5850-tennessee-state-silhouette-awards p-5851-texas-state-silhouette-awards p-5852-utah-state-silhouette-awards p-5853-virginia-state-silhouette-awards p-5854-vermont-state-silhouette-awards p-5855-washington-state-silhouette-awards p-5856-wisconsin-state-silhouette-awards p-5857-west-virginia-state-silhouette-awards p-5858-wyoming-state-silhouette-awards p-7115-frosted-lucite-star-cutout-on-risers-award
CD953AK;CD953*;p-7997-frosted-acrylic-ak-state-cutout-on-black-plaque p-7998-frosted-acrylic-al-state-cutout-on-black-plaque p-7999-frosted-acrylic-ar-state-cutout-on-black-plaque p-8000-frosted-acrylic-az-state-cutout-on-black-plaque p-8002-frosted-acrylic-co-state-cutout-on-black-plaque p-8003-frosted-acrylic-ct-state-cutout-on-black-plaque p-8006-frosted-acrylic-ga-state-cutout-on-black-plaque p-8008-frosted-acrylic-ia-state-cutout-on-black-plaque p-8010-frosted-acrylic-il-state-cutout-on-black-plaque p-8011-frosted-acrylic-in-state-cutout-on-black-plaque p-8012-frosted-acrylic-ks-state-cutout-on-black-plaque p-8013-frosted-acrylic-ky-state-cutout-on-black-plaque p-8014-frosted-acrylic-la-state-cutout-on-black-plaque p-8017-frosted-acrylic-me-state-cutout-on-black-plaque p-8019-frosted-acrylic-mn-state-cutout-on-black-plaque p-8020-frosted-acrylic-mo-state-cutout-on-black-plaque p-8021-frosted-acrylic-ms-state-cutout-on-black-plaque p-8022-frosted-acrylic-mt-state-cutout-on-black-plaque p-8024-frosted-acrylic-nd-state-cutout-on-black-plaque p-8025-frosted-acrylic-ne-state-cutout-on-black-plaque p-8026-frosted-acrylic-nh-state-cutout-on-black-plaque p-8027-frosted-acrylic-nj-state-cutout-on-black-plaque p-8028-frosted-acrylic-nm-state-cutout-on-black-plaque p-8029-frosted-acrylic-nv-state-cutout-on-black-plaque p-8030-frosted-acrylic-ny-state-cutout-on-black-plaque p-8031-frosted-acrylic-oh-state-cutout-on-black-plaque p-8032-frosted-acrylic-ok-state-cutout-on-black-plaque p-8033-frosted-acrylic-or-state-cutout-on-black-plaque p-8034-frosted-acrylic-pa-state-cutout-on-black-plaque p-8035-frosted-acrylic-ri-state-cutout-on-black-plaque p-8036-frosted-acrylic-sc-state-cutout-on-black-plaque p-8037-frosted-acrylic-sd-state-cutout-on-black-plaque p-8039-frosted-acrylic-tx-state-cutout-on-black-plaque p-8040-frosted-acrylic-ut-state-cutout-on-black-plaque p-8041-frosted-acrylic-va-state-cutout-on-black-plaque p-8042-frosted-acrylic-vt-state-cutout-on-black-plaque p-8043-frosted-acrylic-wa-state-cutout-on-black-plaque p-8044-frosted-acrylic-wi-state-cutout-on-black-plaque p-8045-frosted-acrylic-wv-state-cutout-on-black-plaque p-8046-frosted-acrylic-wy-state-cutout-on-black-plaque
CD953AL;CD953*;p-7997-frosted-acrylic-ak-state-cutout-on-black-plaque p-7998-frosted-acrylic-al-state-cutout-on-black-plaque p-7999-frosted-acrylic-ar-state-cutout-on-black-plaque p-8000-frosted-acrylic-az-state-cutout-on-black-plaque p-8002-frosted-acrylic-co-state-cutout-on-black-plaque p-8003-frosted-acrylic-ct-state-cutout-on-black-plaque p-8006-frosted-acrylic-ga-state-cutout-on-black-plaque p-8008-frosted-acrylic-ia-state-cutout-on-black-plaque p-8010-frosted-acrylic-il-state-cutout-on-black-plaque p-8011-frosted-acrylic-in-state-cutout-on-black-plaque p-8012-frosted-acrylic-ks-state-cutout-on-black-plaque p-8013-frosted-acrylic-ky-state-cutout-on-black-plaque p-8014-frosted-acrylic-la-state-cutout-on-black-plaque p-8017-frosted-acrylic-me-state-cutout-on-black-plaque p-8019-frosted-acrylic-mn-state-cutout-on-black-plaque p-8020-frosted-acrylic-mo-state-cutout-on-black-plaque p-8021-frosted-acrylic-ms-state-cutout-on-black-plaque p-8022-frosted-acrylic-mt-state-cutout-on-black-plaque p-8024-frosted-acrylic-nd-state-cutout-on-black-plaque p-8025-frosted-acrylic-ne-state-cutout-on-black-plaque p-8026-frosted-acrylic-nh-state-cutout-on-black-plaque p-8027-frosted-acrylic-nj-state-cutout-on-black-plaque p-8028-frosted-acrylic-nm-state-cutout-on-black-plaque p-8029-frosted-acrylic-nv-state-cutout-on-black-plaque p-8030-frosted-acrylic-ny-state-cutout-on-black-plaque p-8031-frosted-acrylic-oh-state-cutout-on-black-plaque p-8032-frosted-acrylic-ok-state-cutout-on-black-plaque p-8033-frosted-acrylic-or-state-cutout-on-black-plaque p-8034-frosted-acrylic-pa-state-cutout-on-black-plaque p-8035-frosted-acrylic-ri-state-cutout-on-black-plaque p-8036-frosted-acrylic-sc-state-cutout-on-black-plaque p-8037-frosted-acrylic-sd-state-cutout-on-black-plaque p-8039-frosted-acrylic-tx-state-cutout-on-black-plaque p-8040-frosted-acrylic-ut-state-cutout-on-black-plaque p-8041-frosted-acrylic-va-state-cutout-on-black-plaque p-8042-frosted-acrylic-vt-state-cutout-on-black-plaque p-8043-frosted-acrylic-wa-state-cutout-on-black-plaque p-8044-frosted-acrylic-wi-state-cutout-on-black-plaque p-8045-frosted-acrylic-wv-state-cutout-on-black-plaque p-8046-frosted-acrylic-wy-state-cutout-on-black-plaque
CD953AR;CD953*;p-7997-frosted-acrylic-ak-state-cutout-on-black-plaque p-7998-frosted-acrylic-al-state-cutout-on-black-plaque p-7999-frosted-acrylic-ar-state-cutout-on-black-plaque p-8000-frosted-acrylic-az-state-cutout-on-black-plaque p-8002-frosted-acrylic-co-state-cutout-on-black-plaque p-8003-frosted-acrylic-ct-state-cutout-on-black-plaque p-8006-frosted-acrylic-ga-state-cutout-on-black-plaque p-8008-frosted-acrylic-ia-state-cutout-on-black-plaque p-8010-frosted-acrylic-il-state-cutout-on-black-plaque p-8011-frosted-acrylic-in-state-cutout-on-black-plaque p-8012-frosted-acrylic-ks-state-cutout-on-black-plaque p-8013-frosted-acrylic-ky-state-cutout-on-black-plaque p-8014-frosted-acrylic-la-state-cutout-on-black-plaque p-8017-frosted-acrylic-me-state-cutout-on-black-plaque p-8019-frosted-acrylic-mn-state-cutout-on-black-plaque p-8020-frosted-acrylic-mo-state-cutout-on-black-plaque p-8021-frosted-acrylic-ms-state-cutout-on-black-plaque p-8022-frosted-acrylic-mt-state-cutout-on-black-plaque p-8024-frosted-acrylic-nd-state-cutout-on-black-plaque p-8025-frosted-acrylic-ne-state-cutout-on-black-plaque p-8026-frosted-acrylic-nh-state-cutout-on-black-plaque p-8027-frosted-acrylic-nj-state-cutout-on-black-plaque p-8028-frosted-acrylic-nm-state-cutout-on-black-plaque p-8029-frosted-acrylic-nv-state-cutout-on-black-plaque p-8030-frosted-acrylic-ny-state-cutout-on-black-plaque p-8031-frosted-acrylic-oh-state-cutout-on-black-plaque p-8032-frosted-acrylic-ok-state-cutout-on-black-plaque p-8033-frosted-acrylic-or-state-cutout-on-black-plaque p-8034-frosted-acrylic-pa-state-cutout-on-black-plaque p-8035-frosted-acrylic-ri-state-cutout-on-black-plaque p-8036-frosted-acrylic-sc-state-cutout-on-black-plaque p-8037-frosted-acrylic-sd-state-cutout-on-black-plaque p-8039-frosted-acrylic-tx-state-cutout-on-black-plaque p-8040-frosted-acrylic-ut-state-cutout-on-black-plaque p-8041-frosted-acrylic-va-state-cutout-on-black-plaque p-8042-frosted-acrylic-vt-state-cutout-on-black-plaque p-8043-frosted-acrylic-wa-state-cutout-on-black-plaque p-8044-frosted-acrylic-wi-state-cutout-on-black-plaque p-8045-frosted-acrylic-wv-state-cutout-on-black-plaque p-8046-frosted-acrylic-wy-state-cutout-on-black-plaque
CD953AZ;CD953*;p-7997-frosted-acrylic-ak-state-cutout-on-black-plaque p-7998-frosted-acrylic-al-state-cutout-on-black-plaque p-7999-frosted-acrylic-ar-state-cutout-on-black-plaque p-8000-frosted-acrylic-az-state-cutout-on-black-plaque p-8002-frosted-acrylic-co-state-cutout-on-black-plaque p-8003-frosted-acrylic-ct-state-cutout-on-black-plaque p-8006-frosted-acrylic-ga-state-cutout-on-black-plaque p-8008-frosted-acrylic-ia-state-cutout-on-black-plaque p-8010-frosted-acrylic-il-state-cutout-on-black-plaque p-8011-frosted-acrylic-in-state-cutout-on-black-plaque p-8012-frosted-acrylic-ks-state-cutout-on-black-plaque p-8013-frosted-acrylic-ky-state-cutout-on-black-plaque p-8014-frosted-acrylic-la-state-cutout-on-black-plaque p-8017-frosted-acrylic-me-state-cutout-on-black-plaque p-8019-frosted-acrylic-mn-state-cutout-on-black-plaque p-8020-frosted-acrylic-mo-state-cutout-on-black-plaque p-8021-frosted-acrylic-ms-state-cutout-on-black-plaque p-8022-frosted-acrylic-mt-state-cutout-on-black-plaque p-8024-frosted-acrylic-nd-state-cutout-on-black-plaque p-8025-frosted-acrylic-ne-state-cutout-on-black-plaque p-8026-frosted-acrylic-nh-state-cutout-on-black-plaque p-8027-frosted-acrylic-nj-state-cutout-on-black-plaque p-8028-frosted-acrylic-nm-state-cutout-on-black-plaque p-8029-frosted-acrylic-nv-state-cutout-on-black-plaque p-8030-frosted-acrylic-ny-state-cutout-on-black-plaque p-8031-frosted-acrylic-oh-state-cutout-on-black-plaque p-8032-frosted-acrylic-ok-state-cutout-on-black-plaque p-8033-frosted-acrylic-or-state-cutout-on-black-plaque p-8034-frosted-acrylic-pa-state-cutout-on-black-plaque p-8035-frosted-acrylic-ri-state-cutout-on-black-plaque p-8036-frosted-acrylic-sc-state-cutout-on-black-plaque p-8037-frosted-acrylic-sd-state-cutout-on-black-plaque p-8039-frosted-acrylic-tx-state-cutout-on-black-plaque p-8040-frosted-acrylic-ut-state-cutout-on-black-plaque p-8041-frosted-acrylic-va-state-cutout-on-black-plaque p-8042-frosted-acrylic-vt-state-cutout-on-black-plaque p-8043-frosted-acrylic-wa-state-cutout-on-black-plaque p-8044-frosted-acrylic-wi-state-cutout-on-black-plaque p-8045-frosted-acrylic-wv-state-cutout-on-black-plaque p-8046-frosted-acrylic-wy-state-cutout-on-black-plaque
CD953CA;CD953*;p-7997-frosted-acrylic-ak-state-cutout-on-black-plaque p-7998-frosted-acrylic-al-state-cutout-on-black-plaque p-7999-frosted-acrylic-ar-state-cutout-on-black-plaque p-8000-frosted-acrylic-az-state-cutout-on-black-plaque p-8002-frosted-acrylic-co-state-cutout-on-black-plaque p-8003-frosted-acrylic-ct-state-cutout-on-black-plaque p-8006-frosted-acrylic-ga-state-cutout-on-black-plaque p-8008-frosted-acrylic-ia-state-cutout-on-black-plaque p-8010-frosted-acrylic-il-state-cutout-on-black-plaque p-8011-frosted-acrylic-in-state-cutout-on-black-plaque p-8012-frosted-acrylic-ks-state-cutout-on-black-plaque p-8013-frosted-acrylic-ky-state-cutout-on-black-plaque p-8014-frosted-acrylic-la-state-cutout-on-black-plaque p-8017-frosted-acrylic-me-state-cutout-on-black-plaque p-8019-frosted-acrylic-mn-state-cutout-on-black-plaque p-8020-frosted-acrylic-mo-state-cutout-on-black-plaque p-8021-frosted-acrylic-ms-state-cutout-on-black-plaque p-8022-frosted-acrylic-mt-state-cutout-on-black-plaque p-8024-frosted-acrylic-nd-state-cutout-on-black-plaque p-8025-frosted-acrylic-ne-state-cutout-on-black-plaque p-8026-frosted-acrylic-nh-state-cutout-on-black-plaque p-8027-frosted-acrylic-nj-state-cutout-on-black-plaque p-8028-frosted-acrylic-nm-state-cutout-on-black-plaque p-8029-frosted-acrylic-nv-state-cutout-on-black-plaque p-8030-frosted-acrylic-ny-state-cutout-on-black-plaque p-8031-frosted-acrylic-oh-state-cutout-on-black-plaque p-8032-frosted-acrylic-ok-state-cutout-on-black-plaque p-8033-frosted-acrylic-or-state-cutout-on-black-plaque p-8034-frosted-acrylic-pa-state-cutout-on-black-plaque p-8035-frosted-acrylic-ri-state-cutout-on-black-plaque p-8036-frosted-acrylic-sc-state-cutout-on-black-plaque p-8037-frosted-acrylic-sd-state-cutout-on-black-plaque p-8039-frosted-acrylic-tx-state-cutout-on-black-plaque p-8040-frosted-acrylic-ut-state-cutout-on-black-plaque p-8041-frosted-acrylic-va-state-cutout-on-black-plaque p-8042-frosted-acrylic-vt-state-cutout-on-black-plaque p-8043-frosted-acrylic-wa-state-cutout-on-black-plaque p-8044-frosted-acrylic-wi-state-cutout-on-black-plaque p-8045-frosted-acrylic-wv-state-cutout-on-black-plaque p-8046-frosted-acrylic-wy-state-cutout-on-black-plaque
CD953CO;CD953*;p-7997-frosted-acrylic-ak-state-cutout-on-black-plaque p-7998-frosted-acrylic-al-state-cutout-on-black-plaque p-7999-frosted-acrylic-ar-state-cutout-on-black-plaque p-8000-frosted-acrylic-az-state-cutout-on-black-plaque p-8002-frosted-acrylic-co-state-cutout-on-black-plaque p-8003-frosted-acrylic-ct-state-cutout-on-black-plaque p-8006-frosted-acrylic-ga-state-cutout-on-black-plaque p-8008-frosted-acrylic-ia-state-cutout-on-black-plaque p-8010-frosted-acrylic-il-state-cutout-on-black-plaque p-8011-frosted-acrylic-in-state-cutout-on-black-plaque p-8012-frosted-acrylic-ks-state-cutout-on-black-plaque p-8013-frosted-acrylic-ky-state-cutout-on-black-plaque p-8014-frosted-acrylic-la-state-cutout-on-black-plaque p-8017-frosted-acrylic-me-state-cutout-on-black-plaque p-8019-frosted-acrylic-mn-state-cutout-on-black-plaque p-8020-frosted-acrylic-mo-state-cutout-on-black-plaque p-8021-frosted-acrylic-ms-state-cutout-on-black-plaque p-8022-frosted-acrylic-mt-state-cutout-on-black-plaque p-8024-frosted-acrylic-nd-state-cutout-on-black-plaque p-8025-frosted-acrylic-ne-state-cutout-on-black-plaque p-8026-frosted-acrylic-nh-state-cutout-on-black-plaque p-8027-frosted-acrylic-nj-state-cutout-on-black-plaque p-8028-frosted-acrylic-nm-state-cutout-on-black-plaque p-8029-frosted-acrylic-nv-state-cutout-on-black-plaque p-8030-frosted-acrylic-ny-state-cutout-on-black-plaque p-8031-frosted-acrylic-oh-state-cutout-on-black-plaque p-8032-frosted-acrylic-ok-state-cutout-on-black-plaque p-8033-frosted-acrylic-or-state-cutout-on-black-plaque p-8034-frosted-acrylic-pa-state-cutout-on-black-plaque p-8035-frosted-acrylic-ri-state-cutout-on-black-plaque p-8036-frosted-acrylic-sc-state-cutout-on-black-plaque p-8037-frosted-acrylic-sd-state-cutout-on-black-plaque p-8039-frosted-acrylic-tx-state-cutout-on-black-plaque p-8040-frosted-acrylic-ut-state-cutout-on-black-plaque p-8041-frosted-acrylic-va-state-cutout-on-black-plaque p-8042-frosted-acrylic-vt-state-cutout-on-black-plaque p-8043-frosted-acrylic-wa-state-cutout-on-black-plaque p-8044-frosted-acrylic-wi-state-cutout-on-black-plaque p-8045-frosted-acrylic-wv-state-cutout-on-black-plaque p-8046-frosted-acrylic-wy-state-cutout-on-black-plaque
CD953CT;CD953*;p-7997-frosted-acrylic-ak-state-cutout-on-black-plaque p-7998-frosted-acrylic-al-state-cutout-on-black-plaque p-7999-frosted-acrylic-ar-state-cutout-on-black-plaque p-8000-frosted-acrylic-az-state-cutout-on-black-plaque p-8002-frosted-acrylic-co-state-cutout-on-black-plaque p-8003-frosted-acrylic-ct-state-cutout-on-black-plaque p-8006-frosted-acrylic-ga-state-cutout-on-black-plaque p-8008-frosted-acrylic-ia-state-cutout-on-black-plaque p-8010-frosted-acrylic-il-state-cutout-on-black-plaque p-8011-frosted-acrylic-in-state-cutout-on-black-plaque p-8012-frosted-acrylic-ks-state-cutout-on-black-plaque p-8013-frosted-acrylic-ky-state-cutout-on-black-plaque p-8014-frosted-acrylic-la-state-cutout-on-black-plaque p-8017-frosted-acrylic-me-state-cutout-on-black-plaque p-8019-frosted-acrylic-mn-state-cutout-on-black-plaque p-8020-frosted-acrylic-mo-state-cutout-on-black-plaque p-8021-frosted-acrylic-ms-state-cutout-on-black-plaque p-8022-frosted-acrylic-mt-state-cutout-on-black-plaque p-8024-frosted-acrylic-nd-state-cutout-on-black-plaque p-8025-frosted-acrylic-ne-state-cutout-on-black-plaque p-8026-frosted-acrylic-nh-state-cutout-on-black-plaque p-8027-frosted-acrylic-nj-state-cutout-on-black-plaque p-8028-frosted-acrylic-nm-state-cutout-on-black-plaque p-8029-frosted-acrylic-nv-state-cutout-on-black-plaque p-8030-frosted-acrylic-ny-state-cutout-on-black-plaque p-8031-frosted-acrylic-oh-state-cutout-on-black-plaque p-8032-frosted-acrylic-ok-state-cutout-on-black-plaque p-8033-frosted-acrylic-or-state-cutout-on-black-plaque p-8034-frosted-acrylic-pa-state-cutout-on-black-plaque p-8035-frosted-acrylic-ri-state-cutout-on-black-plaque p-8036-frosted-acrylic-sc-state-cutout-on-black-plaque p-8037-frosted-acrylic-sd-state-cutout-on-black-plaque p-8039-frosted-acrylic-tx-state-cutout-on-black-plaque p-8040-frosted-acrylic-ut-state-cutout-on-black-plaque p-8041-frosted-acrylic-va-state-cutout-on-black-plaque p-8042-frosted-acrylic-vt-state-cutout-on-black-plaque p-8043-frosted-acrylic-wa-state-cutout-on-black-plaque p-8044-frosted-acrylic-wi-state-cutout-on-black-plaque p-8045-frosted-acrylic-wv-state-cutout-on-black-plaque p-8046-frosted-acrylic-wy-state-cutout-on-black-plaque
CD953DE;CD953*;p-7997-frosted-acrylic-ak-state-cutout-on-black-plaque p-7998-frosted-acrylic-al-state-cutout-on-black-plaque p-7999-frosted-acrylic-ar-state-cutout-on-black-plaque p-8000-frosted-acrylic-az-state-cutout-on-black-plaque p-8002-frosted-acrylic-co-state-cutout-on-black-plaque p-8003-frosted-acrylic-ct-state-cutout-on-black-plaque p-8006-frosted-acrylic-ga-state-cutout-on-black-plaque p-8008-frosted-acrylic-ia-state-cutout-on-black-plaque p-8010-frosted-acrylic-il-state-cutout-on-black-plaque p-8011-frosted-acrylic-in-state-cutout-on-black-plaque p-8012-frosted-acrylic-ks-state-cutout-on-black-plaque p-8013-frosted-acrylic-ky-state-cutout-on-black-plaque p-8014-frosted-acrylic-la-state-cutout-on-black-plaque p-8017-frosted-acrylic-me-state-cutout-on-black-plaque p-8019-frosted-acrylic-mn-state-cutout-on-black-plaque p-8020-frosted-acrylic-mo-state-cutout-on-black-plaque p-8021-frosted-acrylic-ms-state-cutout-on-black-plaque p-8022-frosted-acrylic-mt-state-cutout-on-black-plaque p-8024-frosted-acrylic-nd-state-cutout-on-black-plaque p-8025-frosted-acrylic-ne-state-cutout-on-black-plaque p-8026-frosted-acrylic-nh-state-cutout-on-black-plaque p-8027-frosted-acrylic-nj-state-cutout-on-black-plaque p-8028-frosted-acrylic-nm-state-cutout-on-black-plaque p-8029-frosted-acrylic-nv-state-cutout-on-black-plaque p-8030-frosted-acrylic-ny-state-cutout-on-black-plaque p-8031-frosted-acrylic-oh-state-cutout-on-black-plaque p-8032-frosted-acrylic-ok-state-cutout-on-black-plaque p-8033-frosted-acrylic-or-state-cutout-on-black-plaque p-8034-frosted-acrylic-pa-state-cutout-on-black-plaque p-8035-frosted-acrylic-ri-state-cutout-on-black-plaque p-8036-frosted-acrylic-sc-state-cutout-on-black-plaque p-8037-frosted-acrylic-sd-state-cutout-on-black-plaque p-8039-frosted-acrylic-tx-state-cutout-on-black-plaque p-8040-frosted-acrylic-ut-state-cutout-on-black-plaque p-8041-frosted-acrylic-va-state-cutout-on-black-plaque p-8042-frosted-acrylic-vt-state-cutout-on-black-plaque p-8043-frosted-acrylic-wa-state-cutout-on-black-plaque p-8044-frosted-acrylic-wi-state-cutout-on-black-plaque p-8045-frosted-acrylic-wv-state-cutout-on-black-plaque p-8046-frosted-acrylic-wy-state-cutout-on-black-plaque
CD953FL;CD953*;p-7997-frosted-acrylic-ak-state-cutout-on-black-plaque p-7998-frosted-acrylic-al-state-cutout-on-black-plaque p-7999-frosted-acrylic-ar-state-cutout-on-black-plaque p-8000-frosted-acrylic-az-state-cutout-on-black-plaque p-8002-frosted-acrylic-co-state-cutout-on-black-plaque p-8003-frosted-acrylic-ct-state-cutout-on-black-plaque p-8006-frosted-acrylic-ga-state-cutout-on-black-plaque p-8008-frosted-acrylic-ia-state-cutout-on-black-plaque p-8010-frosted-acrylic-il-state-cutout-on-black-plaque p-8011-frosted-acrylic-in-state-cutout-on-black-plaque p-8012-frosted-acrylic-ks-state-cutout-on-black-plaque p-8013-frosted-acrylic-ky-state-cutout-on-black-plaque p-8014-frosted-acrylic-la-state-cutout-on-black-plaque p-8017-frosted-acrylic-me-state-cutout-on-black-plaque p-8019-frosted-acrylic-mn-state-cutout-on-black-plaque p-8020-frosted-acrylic-mo-state-cutout-on-black-plaque p-8021-frosted-acrylic-ms-state-cutout-on-black-plaque p-8022-frosted-acrylic-mt-state-cutout-on-black-plaque p-8024-frosted-acrylic-nd-state-cutout-on-black-plaque p-8025-frosted-acrylic-ne-state-cutout-on-black-plaque p-8026-frosted-acrylic-nh-state-cutout-on-black-plaque p-8027-frosted-acrylic-nj-state-cutout-on-black-plaque p-8028-frosted-acrylic-nm-state-cutout-on-black-plaque p-8029-frosted-acrylic-nv-state-cutout-on-black-plaque p-8030-frosted-acrylic-ny-state-cutout-on-black-plaque p-8031-frosted-acrylic-oh-state-cutout-on-black-plaque p-8032-frosted-acrylic-ok-state-cutout-on-black-plaque p-8033-frosted-acrylic-or-state-cutout-on-black-plaque p-8034-frosted-acrylic-pa-state-cutout-on-black-plaque p-8035-frosted-acrylic-ri-state-cutout-on-black-plaque p-8036-frosted-acrylic-sc-state-cutout-on-black-plaque p-8037-frosted-acrylic-sd-state-cutout-on-black-plaque p-8039-frosted-acrylic-tx-state-cutout-on-black-plaque p-8040-frosted-acrylic-ut-state-cutout-on-black-plaque p-8041-frosted-acrylic-va-state-cutout-on-black-plaque p-8042-frosted-acrylic-vt-state-cutout-on-black-plaque p-8043-frosted-acrylic-wa-state-cutout-on-black-plaque p-8044-frosted-acrylic-wi-state-cutout-on-black-plaque p-8045-frosted-acrylic-wv-state-cutout-on-black-plaque p-8046-frosted-acrylic-wy-state-cutout-on-black-plaque
CD953GA;CD953*;p-7997-frosted-acrylic-ak-state-cutout-on-black-plaque p-7998-frosted-acrylic-al-state-cutout-on-black-plaque p-7999-frosted-acrylic-ar-state-cutout-on-black-plaque p-8000-frosted-acrylic-az-state-cutout-on-black-plaque p-8002-frosted-acrylic-co-state-cutout-on-black-plaque p-8003-frosted-acrylic-ct-state-cutout-on-black-plaque p-8006-frosted-acrylic-ga-state-cutout-on-black-plaque p-8008-frosted-acrylic-ia-state-cutout-on-black-plaque p-8010-frosted-acrylic-il-state-cutout-on-black-plaque p-8011-frosted-acrylic-in-state-cutout-on-black-plaque p-8012-frosted-acrylic-ks-state-cutout-on-black-plaque p-8013-frosted-acrylic-ky-state-cutout-on-black-plaque p-8014-frosted-acrylic-la-state-cutout-on-black-plaque p-8017-frosted-acrylic-me-state-cutout-on-black-plaque p-8019-frosted-acrylic-mn-state-cutout-on-black-plaque p-8020-frosted-acrylic-mo-state-cutout-on-black-plaque p-8021-frosted-acrylic-ms-state-cutout-on-black-plaque p-8022-frosted-acrylic-mt-state-cutout-on-black-plaque p-8024-frosted-acrylic-nd-state-cutout-on-black-plaque p-8025-frosted-acrylic-ne-state-cutout-on-black-plaque p-8026-frosted-acrylic-nh-state-cutout-on-black-plaque p-8027-frosted-acrylic-nj-state-cutout-on-black-plaque p-8028-frosted-acrylic-nm-state-cutout-on-black-plaque p-8029-frosted-acrylic-nv-state-cutout-on-black-plaque p-8030-frosted-acrylic-ny-state-cutout-on-black-plaque p-8031-frosted-acrylic-oh-state-cutout-on-black-plaque p-8032-frosted-acrylic-ok-state-cutout-on-black-plaque p-8033-frosted-acrylic-or-state-cutout-on-black-plaque p-8034-frosted-acrylic-pa-state-cutout-on-black-plaque p-8035-frosted-acrylic-ri-state-cutout-on-black-plaque p-8036-frosted-acrylic-sc-state-cutout-on-black-plaque p-8037-frosted-acrylic-sd-state-cutout-on-black-plaque p-8039-frosted-acrylic-tx-state-cutout-on-black-plaque p-8040-frosted-acrylic-ut-state-cutout-on-black-plaque p-8041-frosted-acrylic-va-state-cutout-on-black-plaque p-8042-frosted-acrylic-vt-state-cutout-on-black-plaque p-8043-frosted-acrylic-wa-state-cutout-on-black-plaque p-8044-frosted-acrylic-wi-state-cutout-on-black-plaque p-8045-frosted-acrylic-wv-state-cutout-on-black-plaque p-8046-frosted-acrylic-wy-state-cutout-on-black-plaque
CD953HI;CD953*;p-7997-frosted-acrylic-ak-state-cutout-on-black-plaque p-7998-frosted-acrylic-al-state-cutout-on-black-plaque p-7999-frosted-acrylic-ar-state-cutout-on-black-plaque p-8000-frosted-acrylic-az-state-cutout-on-black-plaque p-8002-frosted-acrylic-co-state-cutout-on-black-plaque p-8003-frosted-acrylic-ct-state-cutout-on-black-plaque p-8006-frosted-acrylic-ga-state-cutout-on-black-plaque p-8008-frosted-acrylic-ia-state-cutout-on-black-plaque p-8010-frosted-acrylic-il-state-cutout-on-black-plaque p-8011-frosted-acrylic-in-state-cutout-on-black-plaque p-8012-frosted-acrylic-ks-state-cutout-on-black-plaque p-8013-frosted-acrylic-ky-state-cutout-on-black-plaque p-8014-frosted-acrylic-la-state-cutout-on-black-plaque p-8017-frosted-acrylic-me-state-cutout-on-black-plaque p-8019-frosted-acrylic-mn-state-cutout-on-black-plaque p-8020-frosted-acrylic-mo-state-cutout-on-black-plaque p-8021-frosted-acrylic-ms-state-cutout-on-black-plaque p-8022-frosted-acrylic-mt-state-cutout-on-black-plaque p-8024-frosted-acrylic-nd-state-cutout-on-black-plaque p-8025-frosted-acrylic-ne-state-cutout-on-black-plaque p-8026-frosted-acrylic-nh-state-cutout-on-black-plaque p-8027-frosted-acrylic-nj-state-cutout-on-black-plaque p-8028-frosted-acrylic-nm-state-cutout-on-black-plaque p-8029-frosted-acrylic-nv-state-cutout-on-black-plaque p-8030-frosted-acrylic-ny-state-cutout-on-black-plaque p-8031-frosted-acrylic-oh-state-cutout-on-black-plaque p-8032-frosted-acrylic-ok-state-cutout-on-black-plaque p-8033-frosted-acrylic-or-state-cutout-on-black-plaque p-8034-frosted-acrylic-pa-state-cutout-on-black-plaque p-8035-frosted-acrylic-ri-state-cutout-on-black-plaque p-8036-frosted-acrylic-sc-state-cutout-on-black-plaque p-8037-frosted-acrylic-sd-state-cutout-on-black-plaque p-8039-frosted-acrylic-tx-state-cutout-on-black-plaque p-8040-frosted-acrylic-ut-state-cutout-on-black-plaque p-8041-frosted-acrylic-va-state-cutout-on-black-plaque p-8042-frosted-acrylic-vt-state-cutout-on-black-plaque p-8043-frosted-acrylic-wa-state-cutout-on-black-plaque p-8044-frosted-acrylic-wi-state-cutout-on-black-plaque p-8045-frosted-acrylic-wv-state-cutout-on-black-plaque p-8046-frosted-acrylic-wy-state-cutout-on-black-plaque
CD953IA;CD953*;p-7997-frosted-acrylic-ak-state-cutout-on-black-plaque p-7998-frosted-acrylic-al-state-cutout-on-black-plaque p-7999-frosted-acrylic-ar-state-cutout-on-black-plaque p-8000-frosted-acrylic-az-state-cutout-on-black-plaque p-8002-frosted-acrylic-co-state-cutout-on-black-plaque p-8003-frosted-acrylic-ct-state-cutout-on-black-plaque p-8006-frosted-acrylic-ga-state-cutout-on-black-plaque p-8008-frosted-acrylic-ia-state-cutout-on-black-plaque p-8010-frosted-acrylic-il-state-cutout-on-black-plaque p-8011-frosted-acrylic-in-state-cutout-on-black-plaque p-8012-frosted-acrylic-ks-state-cutout-on-black-plaque p-8013-frosted-acrylic-ky-state-cutout-on-black-plaque p-8014-frosted-acrylic-la-state-cutout-on-black-plaque p-8017-frosted-acrylic-me-state-cutout-on-black-plaque p-8019-frosted-acrylic-mn-state-cutout-on-black-plaque p-8020-frosted-acrylic-mo-state-cutout-on-black-plaque p-8021-frosted-acrylic-ms-state-cutout-on-black-plaque p-8022-frosted-acrylic-mt-state-cutout-on-black-plaque p-8024-frosted-acrylic-nd-state-cutout-on-black-plaque p-8025-frosted-acrylic-ne-state-cutout-on-black-plaque p-8026-frosted-acrylic-nh-state-cutout-on-black-plaque p-8027-frosted-acrylic-nj-state-cutout-on-black-plaque p-8028-frosted-acrylic-nm-state-cutout-on-black-plaque p-8029-frosted-acrylic-nv-state-cutout-on-black-plaque p-8030-frosted-acrylic-ny-state-cutout-on-black-plaque p-8031-frosted-acrylic-oh-state-cutout-on-black-plaque p-8032-frosted-acrylic-ok-state-cutout-on-black-plaque p-8033-frosted-acrylic-or-state-cutout-on-black-plaque p-8034-frosted-acrylic-pa-state-cutout-on-black-plaque p-8035-frosted-acrylic-ri-state-cutout-on-black-plaque p-8036-frosted-acrylic-sc-state-cutout-on-black-plaque p-8037-frosted-acrylic-sd-state-cutout-on-black-plaque p-8039-frosted-acrylic-tx-state-cutout-on-black-plaque p-8040-frosted-acrylic-ut-state-cutout-on-black-plaque p-8041-frosted-acrylic-va-state-cutout-on-black-plaque p-8042-frosted-acrylic-vt-state-cutout-on-black-plaque p-8043-frosted-acrylic-wa-state-cutout-on-black-plaque p-8044-frosted-acrylic-wi-state-cutout-on-black-plaque p-8045-frosted-acrylic-wv-state-cutout-on-black-plaque p-8046-frosted-acrylic-wy-state-cutout-on-black-plaque
CD953ID;CD953*;p-7997-frosted-acrylic-ak-state-cutout-on-black-plaque p-7998-frosted-acrylic-al-state-cutout-on-black-plaque p-7999-frosted-acrylic-ar-state-cutout-on-black-plaque p-8000-frosted-acrylic-az-state-cutout-on-black-plaque p-8002-frosted-acrylic-co-state-cutout-on-black-plaque p-8003-frosted-acrylic-ct-state-cutout-on-black-plaque p-8006-frosted-acrylic-ga-state-cutout-on-black-plaque p-8008-frosted-acrylic-ia-state-cutout-on-black-plaque p-8010-frosted-acrylic-il-state-cutout-on-black-plaque p-8011-frosted-acrylic-in-state-cutout-on-black-plaque p-8012-frosted-acrylic-ks-state-cutout-on-black-plaque p-8013-frosted-acrylic-ky-state-cutout-on-black-plaque p-8014-frosted-acrylic-la-state-cutout-on-black-plaque p-8017-frosted-acrylic-me-state-cutout-on-black-plaque p-8019-frosted-acrylic-mn-state-cutout-on-black-plaque p-8020-frosted-acrylic-mo-state-cutout-on-black-plaque p-8021-frosted-acrylic-ms-state-cutout-on-black-plaque p-8022-frosted-acrylic-mt-state-cutout-on-black-plaque p-8024-frosted-acrylic-nd-state-cutout-on-black-plaque p-8025-frosted-acrylic-ne-state-cutout-on-black-plaque p-8026-frosted-acrylic-nh-state-cutout-on-black-plaque p-8027-frosted-acrylic-nj-state-cutout-on-black-plaque p-8028-frosted-acrylic-nm-state-cutout-on-black-plaque p-8029-frosted-acrylic-nv-state-cutout-on-black-plaque p-8030-frosted-acrylic-ny-state-cutout-on-black-plaque p-8031-frosted-acrylic-oh-state-cutout-on-black-plaque p-8032-frosted-acrylic-ok-state-cutout-on-black-plaque p-8033-frosted-acrylic-or-state-cutout-on-black-plaque p-8034-frosted-acrylic-pa-state-cutout-on-black-plaque p-8035-frosted-acrylic-ri-state-cutout-on-black-plaque p-8036-frosted-acrylic-sc-state-cutout-on-black-plaque p-8037-frosted-acrylic-sd-state-cutout-on-black-plaque p-8039-frosted-acrylic-tx-state-cutout-on-black-plaque p-8040-frosted-acrylic-ut-state-cutout-on-black-plaque p-8041-frosted-acrylic-va-state-cutout-on-black-plaque p-8042-frosted-acrylic-vt-state-cutout-on-black-plaque p-8043-frosted-acrylic-wa-state-cutout-on-black-plaque p-8044-frosted-acrylic-wi-state-cutout-on-black-plaque p-8045-frosted-acrylic-wv-state-cutout-on-black-plaque p-8046-frosted-acrylic-wy-state-cutout-on-black-plaque
CD953IL;CD953*;p-7997-frosted-acrylic-ak-state-cutout-on-black-plaque p-7998-frosted-acrylic-al-state-cutout-on-black-plaque p-7999-frosted-acrylic-ar-state-cutout-on-black-plaque p-8000-frosted-acrylic-az-state-cutout-on-black-plaque p-8002-frosted-acrylic-co-state-cutout-on-black-plaque p-8003-frosted-acrylic-ct-state-cutout-on-black-plaque p-8006-frosted-acrylic-ga-state-cutout-on-black-plaque p-8008-frosted-acrylic-ia-state-cutout-on-black-plaque p-8010-frosted-acrylic-il-state-cutout-on-black-plaque p-8011-frosted-acrylic-in-state-cutout-on-black-plaque p-8012-frosted-acrylic-ks-state-cutout-on-black-plaque p-8013-frosted-acrylic-ky-state-cutout-on-black-plaque p-8014-frosted-acrylic-la-state-cutout-on-black-plaque p-8017-frosted-acrylic-me-state-cutout-on-black-plaque p-8019-frosted-acrylic-mn-state-cutout-on-black-plaque p-8020-frosted-acrylic-mo-state-cutout-on-black-plaque p-8021-frosted-acrylic-ms-state-cutout-on-black-plaque p-8022-frosted-acrylic-mt-state-cutout-on-black-plaque p-8024-frosted-acrylic-nd-state-cutout-on-black-plaque p-8025-frosted-acrylic-ne-state-cutout-on-black-plaque p-8026-frosted-acrylic-nh-state-cutout-on-black-plaque p-8027-frosted-acrylic-nj-state-cutout-on-black-plaque p-8028-frosted-acrylic-nm-state-cutout-on-black-plaque p-8029-frosted-acrylic-nv-state-cutout-on-black-plaque p-8030-frosted-acrylic-ny-state-cutout-on-black-plaque p-8031-frosted-acrylic-oh-state-cutout-on-black-plaque p-8032-frosted-acrylic-ok-state-cutout-on-black-plaque p-8033-frosted-acrylic-or-state-cutout-on-black-plaque p-8034-frosted-acrylic-pa-state-cutout-on-black-plaque p-8035-frosted-acrylic-ri-state-cutout-on-black-plaque p-8036-frosted-acrylic-sc-state-cutout-on-black-plaque p-8037-frosted-acrylic-sd-state-cutout-on-black-plaque p-8039-frosted-acrylic-tx-state-cutout-on-black-plaque p-8040-frosted-acrylic-ut-state-cutout-on-black-plaque p-8041-frosted-acrylic-va-state-cutout-on-black-plaque p-8042-frosted-acrylic-vt-state-cutout-on-black-plaque p-8043-frosted-acrylic-wa-state-cutout-on-black-plaque p-8044-frosted-acrylic-wi-state-cutout-on-black-plaque p-8045-frosted-acrylic-wv-state-cutout-on-black-plaque p-8046-frosted-acrylic-wy-state-cutout-on-black-plaque
CD953IN;CD953*;p-7997-frosted-acrylic-ak-state-cutout-on-black-plaque p-7998-frosted-acrylic-al-state-cutout-on-black-plaque p-7999-frosted-acrylic-ar-state-cutout-on-black-plaque p-8000-frosted-acrylic-az-state-cutout-on-black-plaque p-8002-frosted-acrylic-co-state-cutout-on-black-plaque p-8003-frosted-acrylic-ct-state-cutout-on-black-plaque p-8006-frosted-acrylic-ga-state-cutout-on-black-plaque p-8008-frosted-acrylic-ia-state-cutout-on-black-plaque p-8010-frosted-acrylic-il-state-cutout-on-black-plaque p-8011-frosted-acrylic-in-state-cutout-on-black-plaque p-8012-frosted-acrylic-ks-state-cutout-on-black-plaque p-8013-frosted-acrylic-ky-state-cutout-on-black-plaque p-8014-frosted-acrylic-la-state-cutout-on-black-plaque p-8017-frosted-acrylic-me-state-cutout-on-black-plaque p-8019-frosted-acrylic-mn-state-cutout-on-black-plaque p-8020-frosted-acrylic-mo-state-cutout-on-black-plaque p-8021-frosted-acrylic-ms-state-cutout-on-black-plaque p-8022-frosted-acrylic-mt-state-cutout-on-black-plaque p-8024-frosted-acrylic-nd-state-cutout-on-black-plaque p-8025-frosted-acrylic-ne-state-cutout-on-black-plaque p-8026-frosted-acrylic-nh-state-cutout-on-black-plaque p-8027-frosted-acrylic-nj-state-cutout-on-black-plaque p-8028-frosted-acrylic-nm-state-cutout-on-black-plaque p-8029-frosted-acrylic-nv-state-cutout-on-black-plaque p-8030-frosted-acrylic-ny-state-cutout-on-black-plaque p-8031-frosted-acrylic-oh-state-cutout-on-black-plaque p-8032-frosted-acrylic-ok-state-cutout-on-black-plaque p-8033-frosted-acrylic-or-state-cutout-on-black-plaque p-8034-frosted-acrylic-pa-state-cutout-on-black-plaque p-8035-frosted-acrylic-ri-state-cutout-on-black-plaque p-8036-frosted-acrylic-sc-state-cutout-on-black-plaque p-8037-frosted-acrylic-sd-state-cutout-on-black-plaque p-8039-frosted-acrylic-tx-state-cutout-on-black-plaque p-8040-frosted-acrylic-ut-state-cutout-on-black-plaque p-8041-frosted-acrylic-va-state-cutout-on-black-plaque p-8042-frosted-acrylic-vt-state-cutout-on-black-plaque p-8043-frosted-acrylic-wa-state-cutout-on-black-plaque p-8044-frosted-acrylic-wi-state-cutout-on-black-plaque p-8045-frosted-acrylic-wv-state-cutout-on-black-plaque p-8046-frosted-acrylic-wy-state-cutout-on-black-plaque
CD953KS;CD953*;p-7997-frosted-acrylic-ak-state-cutout-on-black-plaque p-7998-frosted-acrylic-al-state-cutout-on-black-plaque p-7999-frosted-acrylic-ar-state-cutout-on-black-plaque p-8000-frosted-acrylic-az-state-cutout-on-black-plaque p-8002-frosted-acrylic-co-state-cutout-on-black-plaque p-8003-frosted-acrylic-ct-state-cutout-on-black-plaque p-8006-frosted-acrylic-ga-state-cutout-on-black-plaque p-8008-frosted-acrylic-ia-state-cutout-on-black-plaque p-8010-frosted-acrylic-il-state-cutout-on-black-plaque p-8011-frosted-acrylic-in-state-cutout-on-black-plaque p-8012-frosted-acrylic-ks-state-cutout-on-black-plaque p-8013-frosted-acrylic-ky-state-cutout-on-black-plaque p-8014-frosted-acrylic-la-state-cutout-on-black-plaque p-8017-frosted-acrylic-me-state-cutout-on-black-plaque p-8019-frosted-acrylic-mn-state-cutout-on-black-plaque p-8020-frosted-acrylic-mo-state-cutout-on-black-plaque p-8021-frosted-acrylic-ms-state-cutout-on-black-plaque p-8022-frosted-acrylic-mt-state-cutout-on-black-plaque p-8024-frosted-acrylic-nd-state-cutout-on-black-plaque p-8025-frosted-acrylic-ne-state-cutout-on-black-plaque p-8026-frosted-acrylic-nh-state-cutout-on-black-plaque p-8027-frosted-acrylic-nj-state-cutout-on-black-plaque p-8028-frosted-acrylic-nm-state-cutout-on-black-plaque p-8029-frosted-acrylic-nv-state-cutout-on-black-plaque p-8030-frosted-acrylic-ny-state-cutout-on-black-plaque p-8031-frosted-acrylic-oh-state-cutout-on-black-plaque p-8032-frosted-acrylic-ok-state-cutout-on-black-plaque p-8033-frosted-acrylic-or-state-cutout-on-black-plaque p-8034-frosted-acrylic-pa-state-cutout-on-black-plaque p-8035-frosted-acrylic-ri-state-cutout-on-black-plaque p-8036-frosted-acrylic-sc-state-cutout-on-black-plaque p-8037-frosted-acrylic-sd-state-cutout-on-black-plaque p-8039-frosted-acrylic-tx-state-cutout-on-black-plaque p-8040-frosted-acrylic-ut-state-cutout-on-black-plaque p-8041-frosted-acrylic-va-state-cutout-on-black-plaque p-8042-frosted-acrylic-vt-state-cutout-on-black-plaque p-8043-frosted-acrylic-wa-state-cutout-on-black-plaque p-8044-frosted-acrylic-wi-state-cutout-on-black-plaque p-8045-frosted-acrylic-wv-state-cutout-on-black-plaque p-8046-frosted-acrylic-wy-state-cutout-on-black-plaque
CD953KY;CD953*;p-7997-frosted-acrylic-ak-state-cutout-on-black-plaque p-7998-frosted-acrylic-al-state-cutout-on-black-plaque p-7999-frosted-acrylic-ar-state-cutout-on-black-plaque p-8000-frosted-acrylic-az-state-cutout-on-black-plaque p-8002-frosted-acrylic-co-state-cutout-on-black-plaque p-8003-frosted-acrylic-ct-state-cutout-on-black-plaque p-8006-frosted-acrylic-ga-state-cutout-on-black-plaque p-8008-frosted-acrylic-ia-state-cutout-on-black-plaque p-8010-frosted-acrylic-il-state-cutout-on-black-plaque p-8011-frosted-acrylic-in-state-cutout-on-black-plaque p-8012-frosted-acrylic-ks-state-cutout-on-black-plaque p-8013-frosted-acrylic-ky-state-cutout-on-black-plaque p-8014-frosted-acrylic-la-state-cutout-on-black-plaque p-8017-frosted-acrylic-me-state-cutout-on-black-plaque p-8019-frosted-acrylic-mn-state-cutout-on-black-plaque p-8020-frosted-acrylic-mo-state-cutout-on-black-plaque p-8021-frosted-acrylic-ms-state-cutout-on-black-plaque p-8022-frosted-acrylic-mt-state-cutout-on-black-plaque p-8024-frosted-acrylic-nd-state-cutout-on-black-plaque p-8025-frosted-acrylic-ne-state-cutout-on-black-plaque p-8026-frosted-acrylic-nh-state-cutout-on-black-plaque p-8027-frosted-acrylic-nj-state-cutout-on-black-plaque p-8028-frosted-acrylic-nm-state-cutout-on-black-plaque p-8029-frosted-acrylic-nv-state-cutout-on-black-plaque p-8030-frosted-acrylic-ny-state-cutout-on-black-plaque p-8031-frosted-acrylic-oh-state-cutout-on-black-plaque p-8032-frosted-acrylic-ok-state-cutout-on-black-plaque p-8033-frosted-acrylic-or-state-cutout-on-black-plaque p-8034-frosted-acrylic-pa-state-cutout-on-black-plaque p-8035-frosted-acrylic-ri-state-cutout-on-black-plaque p-8036-frosted-acrylic-sc-state-cutout-on-black-plaque p-8037-frosted-acrylic-sd-state-cutout-on-black-plaque p-8039-frosted-acrylic-tx-state-cutout-on-black-plaque p-8040-frosted-acrylic-ut-state-cutout-on-black-plaque p-8041-frosted-acrylic-va-state-cutout-on-black-plaque p-8042-frosted-acrylic-vt-state-cutout-on-black-plaque p-8043-frosted-acrylic-wa-state-cutout-on-black-plaque p-8044-frosted-acrylic-wi-state-cutout-on-black-plaque p-8045-frosted-acrylic-wv-state-cutout-on-black-plaque p-8046-frosted-acrylic-wy-state-cutout-on-black-plaque
CD953LA;CD953*;p-7997-frosted-acrylic-ak-state-cutout-on-black-plaque p-7998-frosted-acrylic-al-state-cutout-on-black-plaque p-7999-frosted-acrylic-ar-state-cutout-on-black-plaque p-8000-frosted-acrylic-az-state-cutout-on-black-plaque p-8002-frosted-acrylic-co-state-cutout-on-black-plaque p-8003-frosted-acrylic-ct-state-cutout-on-black-plaque p-8006-frosted-acrylic-ga-state-cutout-on-black-plaque p-8008-frosted-acrylic-ia-state-cutout-on-black-plaque p-8010-frosted-acrylic-il-state-cutout-on-black-plaque p-8011-frosted-acrylic-in-state-cutout-on-black-plaque p-8012-frosted-acrylic-ks-state-cutout-on-black-plaque p-8013-frosted-acrylic-ky-state-cutout-on-black-plaque p-8014-frosted-acrylic-la-state-cutout-on-black-plaque p-8017-frosted-acrylic-me-state-cutout-on-black-plaque p-8019-frosted-acrylic-mn-state-cutout-on-black-plaque p-8020-frosted-acrylic-mo-state-cutout-on-black-plaque p-8021-frosted-acrylic-ms-state-cutout-on-black-plaque p-8022-frosted-acrylic-mt-state-cutout-on-black-plaque p-8024-frosted-acrylic-nd-state-cutout-on-black-plaque p-8025-frosted-acrylic-ne-state-cutout-on-black-plaque p-8026-frosted-acrylic-nh-state-cutout-on-black-plaque p-8027-frosted-acrylic-nj-state-cutout-on-black-plaque p-8028-frosted-acrylic-nm-state-cutout-on-black-plaque p-8029-frosted-acrylic-nv-state-cutout-on-black-plaque p-8030-frosted-acrylic-ny-state-cutout-on-black-plaque p-8031-frosted-acrylic-oh-state-cutout-on-black-plaque p-8032-frosted-acrylic-ok-state-cutout-on-black-plaque p-8033-frosted-acrylic-or-state-cutout-on-black-plaque p-8034-frosted-acrylic-pa-state-cutout-on-black-plaque p-8035-frosted-acrylic-ri-state-cutout-on-black-plaque p-8036-frosted-acrylic-sc-state-cutout-on-black-plaque p-8037-frosted-acrylic-sd-state-cutout-on-black-plaque p-8039-frosted-acrylic-tx-state-cutout-on-black-plaque p-8040-frosted-acrylic-ut-state-cutout-on-black-plaque p-8041-frosted-acrylic-va-state-cutout-on-black-plaque p-8042-frosted-acrylic-vt-state-cutout-on-black-plaque p-8043-frosted-acrylic-wa-state-cutout-on-black-plaque p-8044-frosted-acrylic-wi-state-cutout-on-black-plaque p-8045-frosted-acrylic-wv-state-cutout-on-black-plaque p-8046-frosted-acrylic-wy-state-cutout-on-black-plaque
CD953MA;CD953*;p-7997-frosted-acrylic-ak-state-cutout-on-black-plaque p-7998-frosted-acrylic-al-state-cutout-on-black-plaque p-7999-frosted-acrylic-ar-state-cutout-on-black-plaque p-8000-frosted-acrylic-az-state-cutout-on-black-plaque p-8002-frosted-acrylic-co-state-cutout-on-black-plaque p-8003-frosted-acrylic-ct-state-cutout-on-black-plaque p-8006-frosted-acrylic-ga-state-cutout-on-black-plaque p-8008-frosted-acrylic-ia-state-cutout-on-black-plaque p-8010-frosted-acrylic-il-state-cutout-on-black-plaque p-8011-frosted-acrylic-in-state-cutout-on-black-plaque p-8012-frosted-acrylic-ks-state-cutout-on-black-plaque p-8013-frosted-acrylic-ky-state-cutout-on-black-plaque p-8014-frosted-acrylic-la-state-cutout-on-black-plaque p-8017-frosted-acrylic-me-state-cutout-on-black-plaque p-8019-frosted-acrylic-mn-state-cutout-on-black-plaque p-8020-frosted-acrylic-mo-state-cutout-on-black-plaque p-8021-frosted-acrylic-ms-state-cutout-on-black-plaque p-8022-frosted-acrylic-mt-state-cutout-on-black-plaque p-8024-frosted-acrylic-nd-state-cutout-on-black-plaque p-8025-frosted-acrylic-ne-state-cutout-on-black-plaque p-8026-frosted-acrylic-nh-state-cutout-on-black-plaque p-8027-frosted-acrylic-nj-state-cutout-on-black-plaque p-8028-frosted-acrylic-nm-state-cutout-on-black-plaque p-8029-frosted-acrylic-nv-state-cutout-on-black-plaque p-8030-frosted-acrylic-ny-state-cutout-on-black-plaque p-8031-frosted-acrylic-oh-state-cutout-on-black-plaque p-8032-frosted-acrylic-ok-state-cutout-on-black-plaque p-8033-frosted-acrylic-or-state-cutout-on-black-plaque p-8034-frosted-acrylic-pa-state-cutout-on-black-plaque p-8035-frosted-acrylic-ri-state-cutout-on-black-plaque p-8036-frosted-acrylic-sc-state-cutout-on-black-plaque p-8037-frosted-acrylic-sd-state-cutout-on-black-plaque p-8039-frosted-acrylic-tx-state-cutout-on-black-plaque p-8040-frosted-acrylic-ut-state-cutout-on-black-plaque p-8041-frosted-acrylic-va-state-cutout-on-black-plaque p-8042-frosted-acrylic-vt-state-cutout-on-black-plaque p-8043-frosted-acrylic-wa-state-cutout-on-black-plaque p-8044-frosted-acrylic-wi-state-cutout-on-black-plaque p-8045-frosted-acrylic-wv-state-cutout-on-black-plaque p-8046-frosted-acrylic-wy-state-cutout-on-black-plaque
CD953MD;CD953*;p-7997-frosted-acrylic-ak-state-cutout-on-black-plaque p-7998-frosted-acrylic-al-state-cutout-on-black-plaque p-7999-frosted-acrylic-ar-state-cutout-on-black-plaque p-8000-frosted-acrylic-az-state-cutout-on-black-plaque p-8002-frosted-acrylic-co-state-cutout-on-black-plaque p-8003-frosted-acrylic-ct-state-cutout-on-black-plaque p-8006-frosted-acrylic-ga-state-cutout-on-black-plaque p-8008-frosted-acrylic-ia-state-cutout-on-black-plaque p-8010-frosted-acrylic-il-state-cutout-on-black-plaque p-8011-frosted-acrylic-in-state-cutout-on-black-plaque p-8012-frosted-acrylic-ks-state-cutout-on-black-plaque p-8013-frosted-acrylic-ky-state-cutout-on-black-plaque p-8014-frosted-acrylic-la-state-cutout-on-black-plaque p-8017-frosted-acrylic-me-state-cutout-on-black-plaque p-8019-frosted-acrylic-mn-state-cutout-on-black-plaque p-8020-frosted-acrylic-mo-state-cutout-on-black-plaque p-8021-frosted-acrylic-ms-state-cutout-on-black-plaque p-8022-frosted-acrylic-mt-state-cutout-on-black-plaque p-8024-frosted-acrylic-nd-state-cutout-on-black-plaque p-8025-frosted-acrylic-ne-state-cutout-on-black-plaque p-8026-frosted-acrylic-nh-state-cutout-on-black-plaque p-8027-frosted-acrylic-nj-state-cutout-on-black-plaque p-8028-frosted-acrylic-nm-state-cutout-on-black-plaque p-8029-frosted-acrylic-nv-state-cutout-on-black-plaque p-8030-frosted-acrylic-ny-state-cutout-on-black-plaque p-8031-frosted-acrylic-oh-state-cutout-on-black-plaque p-8032-frosted-acrylic-ok-state-cutout-on-black-plaque p-8033-frosted-acrylic-or-state-cutout-on-black-plaque p-8034-frosted-acrylic-pa-state-cutout-on-black-plaque p-8035-frosted-acrylic-ri-state-cutout-on-black-plaque p-8036-frosted-acrylic-sc-state-cutout-on-black-plaque p-8037-frosted-acrylic-sd-state-cutout-on-black-plaque p-8039-frosted-acrylic-tx-state-cutout-on-black-plaque p-8040-frosted-acrylic-ut-state-cutout-on-black-plaque p-8041-frosted-acrylic-va-state-cutout-on-black-plaque p-8042-frosted-acrylic-vt-state-cutout-on-black-plaque p-8043-frosted-acrylic-wa-state-cutout-on-black-plaque p-8044-frosted-acrylic-wi-state-cutout-on-black-plaque p-8045-frosted-acrylic-wv-state-cutout-on-black-plaque p-8046-frosted-acrylic-wy-state-cutout-on-black-plaque
CD953ME;CD953*;p-7997-frosted-acrylic-ak-state-cutout-on-black-plaque p-7998-frosted-acrylic-al-state-cutout-on-black-plaque p-7999-frosted-acrylic-ar-state-cutout-on-black-plaque p-8000-frosted-acrylic-az-state-cutout-on-black-plaque p-8002-frosted-acrylic-co-state-cutout-on-black-plaque p-8003-frosted-acrylic-ct-state-cutout-on-black-plaque p-8006-frosted-acrylic-ga-state-cutout-on-black-plaque p-8008-frosted-acrylic-ia-state-cutout-on-black-plaque p-8010-frosted-acrylic-il-state-cutout-on-black-plaque p-8011-frosted-acrylic-in-state-cutout-on-black-plaque p-8012-frosted-acrylic-ks-state-cutout-on-black-plaque p-8013-frosted-acrylic-ky-state-cutout-on-black-plaque p-8014-frosted-acrylic-la-state-cutout-on-black-plaque p-8017-frosted-acrylic-me-state-cutout-on-black-plaque p-8019-frosted-acrylic-mn-state-cutout-on-black-plaque p-8020-frosted-acrylic-mo-state-cutout-on-black-plaque p-8021-frosted-acrylic-ms-state-cutout-on-black-plaque p-8022-frosted-acrylic-mt-state-cutout-on-black-plaque p-8024-frosted-acrylic-nd-state-cutout-on-black-plaque p-8025-frosted-acrylic-ne-state-cutout-on-black-plaque p-8026-frosted-acrylic-nh-state-cutout-on-black-plaque p-8027-frosted-acrylic-nj-state-cutout-on-black-plaque p-8028-frosted-acrylic-nm-state-cutout-on-black-plaque p-8029-frosted-acrylic-nv-state-cutout-on-black-plaque p-8030-frosted-acrylic-ny-state-cutout-on-black-plaque p-8031-frosted-acrylic-oh-state-cutout-on-black-plaque p-8032-frosted-acrylic-ok-state-cutout-on-black-plaque p-8033-frosted-acrylic-or-state-cutout-on-black-plaque p-8034-frosted-acrylic-pa-state-cutout-on-black-plaque p-8035-frosted-acrylic-ri-state-cutout-on-black-plaque p-8036-frosted-acrylic-sc-state-cutout-on-black-plaque p-8037-frosted-acrylic-sd-state-cutout-on-black-plaque p-8039-frosted-acrylic-tx-state-cutout-on-black-plaque p-8040-frosted-acrylic-ut-state-cutout-on-black-plaque p-8041-frosted-acrylic-va-state-cutout-on-black-plaque p-8042-frosted-acrylic-vt-state-cutout-on-black-plaque p-8043-frosted-acrylic-wa-state-cutout-on-black-plaque p-8044-frosted-acrylic-wi-state-cutout-on-black-plaque p-8045-frosted-acrylic-wv-state-cutout-on-black-plaque p-8046-frosted-acrylic-wy-state-cutout-on-black-plaque
CD953MI;CD953*;p-7997-frosted-acrylic-ak-state-cutout-on-black-plaque p-7998-frosted-acrylic-al-state-cutout-on-black-plaque p-7999-frosted-acrylic-ar-state-cutout-on-black-plaque p-8000-frosted-acrylic-az-state-cutout-on-black-plaque p-8002-frosted-acrylic-co-state-cutout-on-black-plaque p-8003-frosted-acrylic-ct-state-cutout-on-black-plaque p-8006-frosted-acrylic-ga-state-cutout-on-black-plaque p-8008-frosted-acrylic-ia-state-cutout-on-black-plaque p-8010-frosted-acrylic-il-state-cutout-on-black-plaque p-8011-frosted-acrylic-in-state-cutout-on-black-plaque p-8012-frosted-acrylic-ks-state-cutout-on-black-plaque p-8013-frosted-acrylic-ky-state-cutout-on-black-plaque p-8014-frosted-acrylic-la-state-cutout-on-black-plaque p-8017-frosted-acrylic-me-state-cutout-on-black-plaque p-8019-frosted-acrylic-mn-state-cutout-on-black-plaque p-8020-frosted-acrylic-mo-state-cutout-on-black-plaque p-8021-frosted-acrylic-ms-state-cutout-on-black-plaque p-8022-frosted-acrylic-mt-state-cutout-on-black-plaque p-8024-frosted-acrylic-nd-state-cutout-on-black-plaque p-8025-frosted-acrylic-ne-state-cutout-on-black-plaque p-8026-frosted-acrylic-nh-state-cutout-on-black-plaque p-8027-frosted-acrylic-nj-state-cutout-on-black-plaque p-8028-frosted-acrylic-nm-state-cutout-on-black-plaque p-8029-frosted-acrylic-nv-state-cutout-on-black-plaque p-8030-frosted-acrylic-ny-state-cutout-on-black-plaque p-8031-frosted-acrylic-oh-state-cutout-on-black-plaque p-8032-frosted-acrylic-ok-state-cutout-on-black-plaque p-8033-frosted-acrylic-or-state-cutout-on-black-plaque p-8034-frosted-acrylic-pa-state-cutout-on-black-plaque p-8035-frosted-acrylic-ri-state-cutout-on-black-plaque p-8036-frosted-acrylic-sc-state-cutout-on-black-plaque p-8037-frosted-acrylic-sd-state-cutout-on-black-plaque p-8039-frosted-acrylic-tx-state-cutout-on-black-plaque p-8040-frosted-acrylic-ut-state-cutout-on-black-plaque p-8041-frosted-acrylic-va-state-cutout-on-black-plaque p-8042-frosted-acrylic-vt-state-cutout-on-black-plaque p-8043-frosted-acrylic-wa-state-cutout-on-black-plaque p-8044-frosted-acrylic-wi-state-cutout-on-black-plaque p-8045-frosted-acrylic-wv-state-cutout-on-black-plaque p-8046-frosted-acrylic-wy-state-cutout-on-black-plaque
CD953MN;CD953*;p-7997-frosted-acrylic-ak-state-cutout-on-black-plaque p-7998-frosted-acrylic-al-state-cutout-on-black-plaque p-7999-frosted-acrylic-ar-state-cutout-on-black-plaque p-8000-frosted-acrylic-az-state-cutout-on-black-plaque p-8002-frosted-acrylic-co-state-cutout-on-black-plaque p-8003-frosted-acrylic-ct-state-cutout-on-black-plaque p-8006-frosted-acrylic-ga-state-cutout-on-black-plaque p-8008-frosted-acrylic-ia-state-cutout-on-black-plaque p-8010-frosted-acrylic-il-state-cutout-on-black-plaque p-8011-frosted-acrylic-in-state-cutout-on-black-plaque p-8012-frosted-acrylic-ks-state-cutout-on-black-plaque p-8013-frosted-acrylic-ky-state-cutout-on-black-plaque p-8014-frosted-acrylic-la-state-cutout-on-black-plaque p-8017-frosted-acrylic-me-state-cutout-on-black-plaque p-8019-frosted-acrylic-mn-state-cutout-on-black-plaque p-8020-frosted-acrylic-mo-state-cutout-on-black-plaque p-8021-frosted-acrylic-ms-state-cutout-on-black-plaque p-8022-frosted-acrylic-mt-state-cutout-on-black-plaque p-8024-frosted-acrylic-nd-state-cutout-on-black-plaque p-8025-frosted-acrylic-ne-state-cutout-on-black-plaque p-8026-frosted-acrylic-nh-state-cutout-on-black-plaque p-8027-frosted-acrylic-nj-state-cutout-on-black-plaque p-8028-frosted-acrylic-nm-state-cutout-on-black-plaque p-8029-frosted-acrylic-nv-state-cutout-on-black-plaque p-8030-frosted-acrylic-ny-state-cutout-on-black-plaque p-8031-frosted-acrylic-oh-state-cutout-on-black-plaque p-8032-frosted-acrylic-ok-state-cutout-on-black-plaque p-8033-frosted-acrylic-or-state-cutout-on-black-plaque p-8034-frosted-acrylic-pa-state-cutout-on-black-plaque p-8035-frosted-acrylic-ri-state-cutout-on-black-plaque p-8036-frosted-acrylic-sc-state-cutout-on-black-plaque p-8037-frosted-acrylic-sd-state-cutout-on-black-plaque p-8039-frosted-acrylic-tx-state-cutout-on-black-plaque p-8040-frosted-acrylic-ut-state-cutout-on-black-plaque p-8041-frosted-acrylic-va-state-cutout-on-black-plaque p-8042-frosted-acrylic-vt-state-cutout-on-black-plaque p-8043-frosted-acrylic-wa-state-cutout-on-black-plaque p-8044-frosted-acrylic-wi-state-cutout-on-black-plaque p-8045-frosted-acrylic-wv-state-cutout-on-black-plaque p-8046-frosted-acrylic-wy-state-cutout-on-black-plaque
CD953MO;CD953*;p-7997-frosted-acrylic-ak-state-cutout-on-black-plaque p-7998-frosted-acrylic-al-state-cutout-on-black-plaque p-7999-frosted-acrylic-ar-state-cutout-on-black-plaque p-8000-frosted-acrylic-az-state-cutout-on-black-plaque p-8002-frosted-acrylic-co-state-cutout-on-black-plaque p-8003-frosted-acrylic-ct-state-cutout-on-black-plaque p-8006-frosted-acrylic-ga-state-cutout-on-black-plaque p-8008-frosted-acrylic-ia-state-cutout-on-black-plaque p-8010-frosted-acrylic-il-state-cutout-on-black-plaque p-8011-frosted-acrylic-in-state-cutout-on-black-plaque p-8012-frosted-acrylic-ks-state-cutout-on-black-plaque p-8013-frosted-acrylic-ky-state-cutout-on-black-plaque p-8014-frosted-acrylic-la-state-cutout-on-black-plaque p-8017-frosted-acrylic-me-state-cutout-on-black-plaque p-8019-frosted-acrylic-mn-state-cutout-on-black-plaque p-8020-frosted-acrylic-mo-state-cutout-on-black-plaque p-8021-frosted-acrylic-ms-state-cutout-on-black-plaque p-8022-frosted-acrylic-mt-state-cutout-on-black-plaque p-8024-frosted-acrylic-nd-state-cutout-on-black-plaque p-8025-frosted-acrylic-ne-state-cutout-on-black-plaque p-8026-frosted-acrylic-nh-state-cutout-on-black-plaque p-8027-frosted-acrylic-nj-state-cutout-on-black-plaque p-8028-frosted-acrylic-nm-state-cutout-on-black-plaque p-8029-frosted-acrylic-nv-state-cutout-on-black-plaque p-8030-frosted-acrylic-ny-state-cutout-on-black-plaque p-8031-frosted-acrylic-oh-state-cutout-on-black-plaque p-8032-frosted-acrylic-ok-state-cutout-on-black-plaque p-8033-frosted-acrylic-or-state-cutout-on-black-plaque p-8034-frosted-acrylic-pa-state-cutout-on-black-plaque p-8035-frosted-acrylic-ri-state-cutout-on-black-plaque p-8036-frosted-acrylic-sc-state-cutout-on-black-plaque p-8037-frosted-acrylic-sd-state-cutout-on-black-plaque p-8039-frosted-acrylic-tx-state-cutout-on-black-plaque p-8040-frosted-acrylic-ut-state-cutout-on-black-plaque p-8041-frosted-acrylic-va-state-cutout-on-black-plaque p-8042-frosted-acrylic-vt-state-cutout-on-black-plaque p-8043-frosted-acrylic-wa-state-cutout-on-black-plaque p-8044-frosted-acrylic-wi-state-cutout-on-black-plaque p-8045-frosted-acrylic-wv-state-cutout-on-black-plaque p-8046-frosted-acrylic-wy-state-cutout-on-black-plaque
CD953MS;CD953*;p-7997-frosted-acrylic-ak-state-cutout-on-black-plaque p-7998-frosted-acrylic-al-state-cutout-on-black-plaque p-7999-frosted-acrylic-ar-state-cutout-on-black-plaque p-8000-frosted-acrylic-az-state-cutout-on-black-plaque p-8002-frosted-acrylic-co-state-cutout-on-black-plaque p-8003-frosted-acrylic-ct-state-cutout-on-black-plaque p-8006-frosted-acrylic-ga-state-cutout-on-black-plaque p-8008-frosted-acrylic-ia-state-cutout-on-black-plaque p-8010-frosted-acrylic-il-state-cutout-on-black-plaque p-8011-frosted-acrylic-in-state-cutout-on-black-plaque p-8012-frosted-acrylic-ks-state-cutout-on-black-plaque p-8013-frosted-acrylic-ky-state-cutout-on-black-plaque p-8014-frosted-acrylic-la-state-cutout-on-black-plaque p-8017-frosted-acrylic-me-state-cutout-on-black-plaque p-8019-frosted-acrylic-mn-state-cutout-on-black-plaque p-8020-frosted-acrylic-mo-state-cutout-on-black-plaque p-8021-frosted-acrylic-ms-state-cutout-on-black-plaque p-8022-frosted-acrylic-mt-state-cutout-on-black-plaque p-8024-frosted-acrylic-nd-state-cutout-on-black-plaque p-8025-frosted-acrylic-ne-state-cutout-on-black-plaque p-8026-frosted-acrylic-nh-state-cutout-on-black-plaque p-8027-frosted-acrylic-nj-state-cutout-on-black-plaque p-8028-frosted-acrylic-nm-state-cutout-on-black-plaque p-8029-frosted-acrylic-nv-state-cutout-on-black-plaque p-8030-frosted-acrylic-ny-state-cutout-on-black-plaque p-8031-frosted-acrylic-oh-state-cutout-on-black-plaque p-8032-frosted-acrylic-ok-state-cutout-on-black-plaque p-8033-frosted-acrylic-or-state-cutout-on-black-plaque p-8034-frosted-acrylic-pa-state-cutout-on-black-plaque p-8035-frosted-acrylic-ri-state-cutout-on-black-plaque p-8036-frosted-acrylic-sc-state-cutout-on-black-plaque p-8037-frosted-acrylic-sd-state-cutout-on-black-plaque p-8039-frosted-acrylic-tx-state-cutout-on-black-plaque p-8040-frosted-acrylic-ut-state-cutout-on-black-plaque p-8041-frosted-acrylic-va-state-cutout-on-black-plaque p-8042-frosted-acrylic-vt-state-cutout-on-black-plaque p-8043-frosted-acrylic-wa-state-cutout-on-black-plaque p-8044-frosted-acrylic-wi-state-cutout-on-black-plaque p-8045-frosted-acrylic-wv-state-cutout-on-black-plaque p-8046-frosted-acrylic-wy-state-cutout-on-black-plaque
CD953MT;CD953*;p-7997-frosted-acrylic-ak-state-cutout-on-black-plaque p-7998-frosted-acrylic-al-state-cutout-on-black-plaque p-7999-frosted-acrylic-ar-state-cutout-on-black-plaque p-8000-frosted-acrylic-az-state-cutout-on-black-plaque p-8002-frosted-acrylic-co-state-cutout-on-black-plaque p-8003-frosted-acrylic-ct-state-cutout-on-black-plaque p-8006-frosted-acrylic-ga-state-cutout-on-black-plaque p-8008-frosted-acrylic-ia-state-cutout-on-black-plaque p-8010-frosted-acrylic-il-state-cutout-on-black-plaque p-8011-frosted-acrylic-in-state-cutout-on-black-plaque p-8012-frosted-acrylic-ks-state-cutout-on-black-plaque p-8013-frosted-acrylic-ky-state-cutout-on-black-plaque p-8014-frosted-acrylic-la-state-cutout-on-black-plaque p-8017-frosted-acrylic-me-state-cutout-on-black-plaque p-8019-frosted-acrylic-mn-state-cutout-on-black-plaque p-8020-frosted-acrylic-mo-state-cutout-on-black-plaque p-8021-frosted-acrylic-ms-state-cutout-on-black-plaque p-8022-frosted-acrylic-mt-state-cutout-on-black-plaque p-8024-frosted-acrylic-nd-state-cutout-on-black-plaque p-8025-frosted-acrylic-ne-state-cutout-on-black-plaque p-8026-frosted-acrylic-nh-state-cutout-on-black-plaque p-8027-frosted-acrylic-nj-state-cutout-on-black-plaque p-8028-frosted-acrylic-nm-state-cutout-on-black-plaque p-8029-frosted-acrylic-nv-state-cutout-on-black-plaque p-8030-frosted-acrylic-ny-state-cutout-on-black-plaque p-8031-frosted-acrylic-oh-state-cutout-on-black-plaque p-8032-frosted-acrylic-ok-state-cutout-on-black-plaque p-8033-frosted-acrylic-or-state-cutout-on-black-plaque p-8034-frosted-acrylic-pa-state-cutout-on-black-plaque p-8035-frosted-acrylic-ri-state-cutout-on-black-plaque p-8036-frosted-acrylic-sc-state-cutout-on-black-plaque p-8037-frosted-acrylic-sd-state-cutout-on-black-plaque p-8039-frosted-acrylic-tx-state-cutout-on-black-plaque p-8040-frosted-acrylic-ut-state-cutout-on-black-plaque p-8041-frosted-acrylic-va-state-cutout-on-black-plaque p-8042-frosted-acrylic-vt-state-cutout-on-black-plaque p-8043-frosted-acrylic-wa-state-cutout-on-black-plaque p-8044-frosted-acrylic-wi-state-cutout-on-black-plaque p-8045-frosted-acrylic-wv-state-cutout-on-black-plaque p-8046-frosted-acrylic-wy-state-cutout-on-black-plaque
CD953NC;CD953*;p-7997-frosted-acrylic-ak-state-cutout-on-black-plaque p-7998-frosted-acrylic-al-state-cutout-on-black-plaque p-7999-frosted-acrylic-ar-state-cutout-on-black-plaque p-8000-frosted-acrylic-az-state-cutout-on-black-plaque p-8002-frosted-acrylic-co-state-cutout-on-black-plaque p-8003-frosted-acrylic-ct-state-cutout-on-black-plaque p-8006-frosted-acrylic-ga-state-cutout-on-black-plaque p-8008-frosted-acrylic-ia-state-cutout-on-black-plaque p-8010-frosted-acrylic-il-state-cutout-on-black-plaque p-8011-frosted-acrylic-in-state-cutout-on-black-plaque p-8012-frosted-acrylic-ks-state-cutout-on-black-plaque p-8013-frosted-acrylic-ky-state-cutout-on-black-plaque p-8014-frosted-acrylic-la-state-cutout-on-black-plaque p-8017-frosted-acrylic-me-state-cutout-on-black-plaque p-8019-frosted-acrylic-mn-state-cutout-on-black-plaque p-8020-frosted-acrylic-mo-state-cutout-on-black-plaque p-8021-frosted-acrylic-ms-state-cutout-on-black-plaque p-8022-frosted-acrylic-mt-state-cutout-on-black-plaque p-8024-frosted-acrylic-nd-state-cutout-on-black-plaque p-8025-frosted-acrylic-ne-state-cutout-on-black-plaque p-8026-frosted-acrylic-nh-state-cutout-on-black-plaque p-8027-frosted-acrylic-nj-state-cutout-on-black-plaque p-8028-frosted-acrylic-nm-state-cutout-on-black-plaque p-8029-frosted-acrylic-nv-state-cutout-on-black-plaque p-8030-frosted-acrylic-ny-state-cutout-on-black-plaque p-8031-frosted-acrylic-oh-state-cutout-on-black-plaque p-8032-frosted-acrylic-ok-state-cutout-on-black-plaque p-8033-frosted-acrylic-or-state-cutout-on-black-plaque p-8034-frosted-acrylic-pa-state-cutout-on-black-plaque p-8035-frosted-acrylic-ri-state-cutout-on-black-plaque p-8036-frosted-acrylic-sc-state-cutout-on-black-plaque p-8037-frosted-acrylic-sd-state-cutout-on-black-plaque p-8039-frosted-acrylic-tx-state-cutout-on-black-plaque p-8040-frosted-acrylic-ut-state-cutout-on-black-plaque p-8041-frosted-acrylic-va-state-cutout-on-black-plaque p-8042-frosted-acrylic-vt-state-cutout-on-black-plaque p-8043-frosted-acrylic-wa-state-cutout-on-black-plaque p-8044-frosted-acrylic-wi-state-cutout-on-black-plaque p-8045-frosted-acrylic-wv-state-cutout-on-black-plaque p-8046-frosted-acrylic-wy-state-cutout-on-black-plaque
CD953ND;CD953*;p-7997-frosted-acrylic-ak-state-cutout-on-black-plaque p-7998-frosted-acrylic-al-state-cutout-on-black-plaque p-7999-frosted-acrylic-ar-state-cutout-on-black-plaque p-8000-frosted-acrylic-az-state-cutout-on-black-plaque p-8002-frosted-acrylic-co-state-cutout-on-black-plaque p-8003-frosted-acrylic-ct-state-cutout-on-black-plaque p-8006-frosted-acrylic-ga-state-cutout-on-black-plaque p-8008-frosted-acrylic-ia-state-cutout-on-black-plaque p-8010-frosted-acrylic-il-state-cutout-on-black-plaque p-8011-frosted-acrylic-in-state-cutout-on-black-plaque p-8012-frosted-acrylic-ks-state-cutout-on-black-plaque p-8013-frosted-acrylic-ky-state-cutout-on-black-plaque p-8014-frosted-acrylic-la-state-cutout-on-black-plaque p-8017-frosted-acrylic-me-state-cutout-on-black-plaque p-8019-frosted-acrylic-mn-state-cutout-on-black-plaque p-8020-frosted-acrylic-mo-state-cutout-on-black-plaque p-8021-frosted-acrylic-ms-state-cutout-on-black-plaque p-8022-frosted-acrylic-mt-state-cutout-on-black-plaque p-8024-frosted-acrylic-nd-state-cutout-on-black-plaque p-8025-frosted-acrylic-ne-state-cutout-on-black-plaque p-8026-frosted-acrylic-nh-state-cutout-on-black-plaque p-8027-frosted-acrylic-nj-state-cutout-on-black-plaque p-8028-frosted-acrylic-nm-state-cutout-on-black-plaque p-8029-frosted-acrylic-nv-state-cutout-on-black-plaque p-8030-frosted-acrylic-ny-state-cutout-on-black-plaque p-8031-frosted-acrylic-oh-state-cutout-on-black-plaque p-8032-frosted-acrylic-ok-state-cutout-on-black-plaque p-8033-frosted-acrylic-or-state-cutout-on-black-plaque p-8034-frosted-acrylic-pa-state-cutout-on-black-plaque p-8035-frosted-acrylic-ri-state-cutout-on-black-plaque p-8036-frosted-acrylic-sc-state-cutout-on-black-plaque p-8037-frosted-acrylic-sd-state-cutout-on-black-plaque p-8039-frosted-acrylic-tx-state-cutout-on-black-plaque p-8040-frosted-acrylic-ut-state-cutout-on-black-plaque p-8041-frosted-acrylic-va-state-cutout-on-black-plaque p-8042-frosted-acrylic-vt-state-cutout-on-black-plaque p-8043-frosted-acrylic-wa-state-cutout-on-black-plaque p-8044-frosted-acrylic-wi-state-cutout-on-black-plaque p-8045-frosted-acrylic-wv-state-cutout-on-black-plaque p-8046-frosted-acrylic-wy-state-cutout-on-black-plaque
CD953NE;CD953*;p-7997-frosted-acrylic-ak-state-cutout-on-black-plaque p-7998-frosted-acrylic-al-state-cutout-on-black-plaque p-7999-frosted-acrylic-ar-state-cutout-on-black-plaque p-8000-frosted-acrylic-az-state-cutout-on-black-plaque p-8002-frosted-acrylic-co-state-cutout-on-black-plaque p-8003-frosted-acrylic-ct-state-cutout-on-black-plaque p-8006-frosted-acrylic-ga-state-cutout-on-black-plaque p-8008-frosted-acrylic-ia-state-cutout-on-black-plaque p-8010-frosted-acrylic-il-state-cutout-on-black-plaque p-8011-frosted-acrylic-in-state-cutout-on-black-plaque p-8012-frosted-acrylic-ks-state-cutout-on-black-plaque p-8013-frosted-acrylic-ky-state-cutout-on-black-plaque p-8014-frosted-acrylic-la-state-cutout-on-black-plaque p-8017-frosted-acrylic-me-state-cutout-on-black-plaque p-8019-frosted-acrylic-mn-state-cutout-on-black-plaque p-8020-frosted-acrylic-mo-state-cutout-on-black-plaque p-8021-frosted-acrylic-ms-state-cutout-on-black-plaque p-8022-frosted-acrylic-mt-state-cutout-on-black-plaque p-8024-frosted-acrylic-nd-state-cutout-on-black-plaque p-8025-frosted-acrylic-ne-state-cutout-on-black-plaque p-8026-frosted-acrylic-nh-state-cutout-on-black-plaque p-8027-frosted-acrylic-nj-state-cutout-on-black-plaque p-8028-frosted-acrylic-nm-state-cutout-on-black-plaque p-8029-frosted-acrylic-nv-state-cutout-on-black-plaque p-8030-frosted-acrylic-ny-state-cutout-on-black-plaque p-8031-frosted-acrylic-oh-state-cutout-on-black-plaque p-8032-frosted-acrylic-ok-state-cutout-on-black-plaque p-8033-frosted-acrylic-or-state-cutout-on-black-plaque p-8034-frosted-acrylic-pa-state-cutout-on-black-plaque p-8035-frosted-acrylic-ri-state-cutout-on-black-plaque p-8036-frosted-acrylic-sc-state-cutout-on-black-plaque p-8037-frosted-acrylic-sd-state-cutout-on-black-plaque p-8039-frosted-acrylic-tx-state-cutout-on-black-plaque p-8040-frosted-acrylic-ut-state-cutout-on-black-plaque p-8041-frosted-acrylic-va-state-cutout-on-black-plaque p-8042-frosted-acrylic-vt-state-cutout-on-black-plaque p-8043-frosted-acrylic-wa-state-cutout-on-black-plaque p-8044-frosted-acrylic-wi-state-cutout-on-black-plaque p-8045-frosted-acrylic-wv-state-cutout-on-black-plaque p-8046-frosted-acrylic-wy-state-cutout-on-black-plaque
CD953NH;CD953*;p-7997-frosted-acrylic-ak-state-cutout-on-black-plaque p-7998-frosted-acrylic-al-state-cutout-on-black-plaque p-7999-frosted-acrylic-ar-state-cutout-on-black-plaque p-8000-frosted-acrylic-az-state-cutout-on-black-plaque p-8002-frosted-acrylic-co-state-cutout-on-black-plaque p-8003-frosted-acrylic-ct-state-cutout-on-black-plaque p-8006-frosted-acrylic-ga-state-cutout-on-black-plaque p-8008-frosted-acrylic-ia-state-cutout-on-black-plaque p-8010-frosted-acrylic-il-state-cutout-on-black-plaque p-8011-frosted-acrylic-in-state-cutout-on-black-plaque p-8012-frosted-acrylic-ks-state-cutout-on-black-plaque p-8013-frosted-acrylic-ky-state-cutout-on-black-plaque p-8014-frosted-acrylic-la-state-cutout-on-black-plaque p-8017-frosted-acrylic-me-state-cutout-on-black-plaque p-8019-frosted-acrylic-mn-state-cutout-on-black-plaque p-8020-frosted-acrylic-mo-state-cutout-on-black-plaque p-8021-frosted-acrylic-ms-state-cutout-on-black-plaque p-8022-frosted-acrylic-mt-state-cutout-on-black-plaque p-8024-frosted-acrylic-nd-state-cutout-on-black-plaque p-8025-frosted-acrylic-ne-state-cutout-on-black-plaque p-8026-frosted-acrylic-nh-state-cutout-on-black-plaque p-8027-frosted-acrylic-nj-state-cutout-on-black-plaque p-8028-frosted-acrylic-nm-state-cutout-on-black-plaque p-8029-frosted-acrylic-nv-state-cutout-on-black-plaque p-8030-frosted-acrylic-ny-state-cutout-on-black-plaque p-8031-frosted-acrylic-oh-state-cutout-on-black-plaque p-8032-frosted-acrylic-ok-state-cutout-on-black-plaque p-8033-frosted-acrylic-or-state-cutout-on-black-plaque p-8034-frosted-acrylic-pa-state-cutout-on-black-plaque p-8035-frosted-acrylic-ri-state-cutout-on-black-plaque p-8036-frosted-acrylic-sc-state-cutout-on-black-plaque p-8037-frosted-acrylic-sd-state-cutout-on-black-plaque p-8039-frosted-acrylic-tx-state-cutout-on-black-plaque p-8040-frosted-acrylic-ut-state-cutout-on-black-plaque p-8041-frosted-acrylic-va-state-cutout-on-black-plaque p-8042-frosted-acrylic-vt-state-cutout-on-black-plaque p-8043-frosted-acrylic-wa-state-cutout-on-black-plaque p-8044-frosted-acrylic-wi-state-cutout-on-black-plaque p-8045-frosted-acrylic-wv-state-cutout-on-black-plaque p-8046-frosted-acrylic-wy-state-cutout-on-black-plaque
CD953NJ;CD953*;p-7997-frosted-acrylic-ak-state-cutout-on-black-plaque p-7998-frosted-acrylic-al-state-cutout-on-black-plaque p-7999-frosted-acrylic-ar-state-cutout-on-black-plaque p-8000-frosted-acrylic-az-state-cutout-on-black-plaque p-8002-frosted-acrylic-co-state-cutout-on-black-plaque p-8003-frosted-acrylic-ct-state-cutout-on-black-plaque p-8006-frosted-acrylic-ga-state-cutout-on-black-plaque p-8008-frosted-acrylic-ia-state-cutout-on-black-plaque p-8010-frosted-acrylic-il-state-cutout-on-black-plaque p-8011-frosted-acrylic-in-state-cutout-on-black-plaque p-8012-frosted-acrylic-ks-state-cutout-on-black-plaque p-8013-frosted-acrylic-ky-state-cutout-on-black-plaque p-8014-frosted-acrylic-la-state-cutout-on-black-plaque p-8017-frosted-acrylic-me-state-cutout-on-black-plaque p-8019-frosted-acrylic-mn-state-cutout-on-black-plaque p-8020-frosted-acrylic-mo-state-cutout-on-black-plaque p-8021-frosted-acrylic-ms-state-cutout-on-black-plaque p-8022-frosted-acrylic-mt-state-cutout-on-black-plaque p-8024-frosted-acrylic-nd-state-cutout-on-black-plaque p-8025-frosted-acrylic-ne-state-cutout-on-black-plaque p-8026-frosted-acrylic-nh-state-cutout-on-black-plaque p-8027-frosted-acrylic-nj-state-cutout-on-black-plaque p-8028-frosted-acrylic-nm-state-cutout-on-black-plaque p-8029-frosted-acrylic-nv-state-cutout-on-black-plaque p-8030-frosted-acrylic-ny-state-cutout-on-black-plaque p-8031-frosted-acrylic-oh-state-cutout-on-black-plaque p-8032-frosted-acrylic-ok-state-cutout-on-black-plaque p-8033-frosted-acrylic-or-state-cutout-on-black-plaque p-8034-frosted-acrylic-pa-state-cutout-on-black-plaque p-8035-frosted-acrylic-ri-state-cutout-on-black-plaque p-8036-frosted-acrylic-sc-state-cutout-on-black-plaque p-8037-frosted-acrylic-sd-state-cutout-on-black-plaque p-8039-frosted-acrylic-tx-state-cutout-on-black-plaque p-8040-frosted-acrylic-ut-state-cutout-on-black-plaque p-8041-frosted-acrylic-va-state-cutout-on-black-plaque p-8042-frosted-acrylic-vt-state-cutout-on-black-plaque p-8043-frosted-acrylic-wa-state-cutout-on-black-plaque p-8044-frosted-acrylic-wi-state-cutout-on-black-plaque p-8045-frosted-acrylic-wv-state-cutout-on-black-plaque p-8046-frosted-acrylic-wy-state-cutout-on-black-plaque
CD953NM;CD953*;p-7997-frosted-acrylic-ak-state-cutout-on-black-plaque p-7998-frosted-acrylic-al-state-cutout-on-black-plaque p-7999-frosted-acrylic-ar-state-cutout-on-black-plaque p-8000-frosted-acrylic-az-state-cutout-on-black-plaque p-8002-frosted-acrylic-co-state-cutout-on-black-plaque p-8003-frosted-acrylic-ct-state-cutout-on-black-plaque p-8006-frosted-acrylic-ga-state-cutout-on-black-plaque p-8008-frosted-acrylic-ia-state-cutout-on-black-plaque p-8010-frosted-acrylic-il-state-cutout-on-black-plaque p-8011-frosted-acrylic-in-state-cutout-on-black-plaque p-8012-frosted-acrylic-ks-state-cutout-on-black-plaque p-8013-frosted-acrylic-ky-state-cutout-on-black-plaque p-8014-frosted-acrylic-la-state-cutout-on-black-plaque p-8017-frosted-acrylic-me-state-cutout-on-black-plaque p-8019-frosted-acrylic-mn-state-cutout-on-black-plaque p-8020-frosted-acrylic-mo-state-cutout-on-black-plaque p-8021-frosted-acrylic-ms-state-cutout-on-black-plaque p-8022-frosted-acrylic-mt-state-cutout-on-black-plaque p-8024-frosted-acrylic-nd-state-cutout-on-black-plaque p-8025-frosted-acrylic-ne-state-cutout-on-black-plaque p-8026-frosted-acrylic-nh-state-cutout-on-black-plaque p-8027-frosted-acrylic-nj-state-cutout-on-black-plaque p-8028-frosted-acrylic-nm-state-cutout-on-black-plaque p-8029-frosted-acrylic-nv-state-cutout-on-black-plaque p-8030-frosted-acrylic-ny-state-cutout-on-black-plaque p-8031-frosted-acrylic-oh-state-cutout-on-black-plaque p-8032-frosted-acrylic-ok-state-cutout-on-black-plaque p-8033-frosted-acrylic-or-state-cutout-on-black-plaque p-8034-frosted-acrylic-pa-state-cutout-on-black-plaque p-8035-frosted-acrylic-ri-state-cutout-on-black-plaque p-8036-frosted-acrylic-sc-state-cutout-on-black-plaque p-8037-frosted-acrylic-sd-state-cutout-on-black-plaque p-8039-frosted-acrylic-tx-state-cutout-on-black-plaque p-8040-frosted-acrylic-ut-state-cutout-on-black-plaque p-8041-frosted-acrylic-va-state-cutout-on-black-plaque p-8042-frosted-acrylic-vt-state-cutout-on-black-plaque p-8043-frosted-acrylic-wa-state-cutout-on-black-plaque p-8044-frosted-acrylic-wi-state-cutout-on-black-plaque p-8045-frosted-acrylic-wv-state-cutout-on-black-plaque p-8046-frosted-acrylic-wy-state-cutout-on-black-plaque
CD953NV;CD953*;p-7997-frosted-acrylic-ak-state-cutout-on-black-plaque p-7998-frosted-acrylic-al-state-cutout-on-black-plaque p-7999-frosted-acrylic-ar-state-cutout-on-black-plaque p-8000-frosted-acrylic-az-state-cutout-on-black-plaque p-8002-frosted-acrylic-co-state-cutout-on-black-plaque p-8003-frosted-acrylic-ct-state-cutout-on-black-plaque p-8006-frosted-acrylic-ga-state-cutout-on-black-plaque p-8008-frosted-acrylic-ia-state-cutout-on-black-plaque p-8010-frosted-acrylic-il-state-cutout-on-black-plaque p-8011-frosted-acrylic-in-state-cutout-on-black-plaque p-8012-frosted-acrylic-ks-state-cutout-on-black-plaque p-8013-frosted-acrylic-ky-state-cutout-on-black-plaque p-8014-frosted-acrylic-la-state-cutout-on-black-plaque p-8017-frosted-acrylic-me-state-cutout-on-black-plaque p-8019-frosted-acrylic-mn-state-cutout-on-black-plaque p-8020-frosted-acrylic-mo-state-cutout-on-black-plaque p-8021-frosted-acrylic-ms-state-cutout-on-black-plaque p-8022-frosted-acrylic-mt-state-cutout-on-black-plaque p-8024-frosted-acrylic-nd-state-cutout-on-black-plaque p-8025-frosted-acrylic-ne-state-cutout-on-black-plaque p-8026-frosted-acrylic-nh-state-cutout-on-black-plaque p-8027-frosted-acrylic-nj-state-cutout-on-black-plaque p-8028-frosted-acrylic-nm-state-cutout-on-black-plaque p-8029-frosted-acrylic-nv-state-cutout-on-black-plaque p-8030-frosted-acrylic-ny-state-cutout-on-black-plaque p-8031-frosted-acrylic-oh-state-cutout-on-black-plaque p-8032-frosted-acrylic-ok-state-cutout-on-black-plaque p-8033-frosted-acrylic-or-state-cutout-on-black-plaque p-8034-frosted-acrylic-pa-state-cutout-on-black-plaque p-8035-frosted-acrylic-ri-state-cutout-on-black-plaque p-8036-frosted-acrylic-sc-state-cutout-on-black-plaque p-8037-frosted-acrylic-sd-state-cutout-on-black-plaque p-8039-frosted-acrylic-tx-state-cutout-on-black-plaque p-8040-frosted-acrylic-ut-state-cutout-on-black-plaque p-8041-frosted-acrylic-va-state-cutout-on-black-plaque p-8042-frosted-acrylic-vt-state-cutout-on-black-plaque p-8043-frosted-acrylic-wa-state-cutout-on-black-plaque p-8044-frosted-acrylic-wi-state-cutout-on-black-plaque p-8045-frosted-acrylic-wv-state-cutout-on-black-plaque p-8046-frosted-acrylic-wy-state-cutout-on-black-plaque
CD953NY;CD953*;p-7997-frosted-acrylic-ak-state-cutout-on-black-plaque p-7998-frosted-acrylic-al-state-cutout-on-black-plaque p-7999-frosted-acrylic-ar-state-cutout-on-black-plaque p-8000-frosted-acrylic-az-state-cutout-on-black-plaque p-8002-frosted-acrylic-co-state-cutout-on-black-plaque p-8003-frosted-acrylic-ct-state-cutout-on-black-plaque p-8006-frosted-acrylic-ga-state-cutout-on-black-plaque p-8008-frosted-acrylic-ia-state-cutout-on-black-plaque p-8010-frosted-acrylic-il-state-cutout-on-black-plaque p-8011-frosted-acrylic-in-state-cutout-on-black-plaque p-8012-frosted-acrylic-ks-state-cutout-on-black-plaque p-8013-frosted-acrylic-ky-state-cutout-on-black-plaque p-8014-frosted-acrylic-la-state-cutout-on-black-plaque p-8017-frosted-acrylic-me-state-cutout-on-black-plaque p-8019-frosted-acrylic-mn-state-cutout-on-black-plaque p-8020-frosted-acrylic-mo-state-cutout-on-black-plaque p-8021-frosted-acrylic-ms-state-cutout-on-black-plaque p-8022-frosted-acrylic-mt-state-cutout-on-black-plaque p-8024-frosted-acrylic-nd-state-cutout-on-black-plaque p-8025-frosted-acrylic-ne-state-cutout-on-black-plaque p-8026-frosted-acrylic-nh-state-cutout-on-black-plaque p-8027-frosted-acrylic-nj-state-cutout-on-black-plaque p-8028-frosted-acrylic-nm-state-cutout-on-black-plaque p-8029-frosted-acrylic-nv-state-cutout-on-black-plaque p-8030-frosted-acrylic-ny-state-cutout-on-black-plaque p-8031-frosted-acrylic-oh-state-cutout-on-black-plaque p-8032-frosted-acrylic-ok-state-cutout-on-black-plaque p-8033-frosted-acrylic-or-state-cutout-on-black-plaque p-8034-frosted-acrylic-pa-state-cutout-on-black-plaque p-8035-frosted-acrylic-ri-state-cutout-on-black-plaque p-8036-frosted-acrylic-sc-state-cutout-on-black-plaque p-8037-frosted-acrylic-sd-state-cutout-on-black-plaque p-8039-frosted-acrylic-tx-state-cutout-on-black-plaque p-8040-frosted-acrylic-ut-state-cutout-on-black-plaque p-8041-frosted-acrylic-va-state-cutout-on-black-plaque p-8042-frosted-acrylic-vt-state-cutout-on-black-plaque p-8043-frosted-acrylic-wa-state-cutout-on-black-plaque p-8044-frosted-acrylic-wi-state-cutout-on-black-plaque p-8045-frosted-acrylic-wv-state-cutout-on-black-plaque p-8046-frosted-acrylic-wy-state-cutout-on-black-plaque
CD953OH;CD953*;p-7997-frosted-acrylic-ak-state-cutout-on-black-plaque p-7998-frosted-acrylic-al-state-cutout-on-black-plaque p-7999-frosted-acrylic-ar-state-cutout-on-black-plaque p-8000-frosted-acrylic-az-state-cutout-on-black-plaque p-8002-frosted-acrylic-co-state-cutout-on-black-plaque p-8003-frosted-acrylic-ct-state-cutout-on-black-plaque p-8006-frosted-acrylic-ga-state-cutout-on-black-plaque p-8008-frosted-acrylic-ia-state-cutout-on-black-plaque p-8010-frosted-acrylic-il-state-cutout-on-black-plaque p-8011-frosted-acrylic-in-state-cutout-on-black-plaque p-8012-frosted-acrylic-ks-state-cutout-on-black-plaque p-8013-frosted-acrylic-ky-state-cutout-on-black-plaque p-8014-frosted-acrylic-la-state-cutout-on-black-plaque p-8017-frosted-acrylic-me-state-cutout-on-black-plaque p-8019-frosted-acrylic-mn-state-cutout-on-black-plaque p-8020-frosted-acrylic-mo-state-cutout-on-black-plaque p-8021-frosted-acrylic-ms-state-cutout-on-black-plaque p-8022-frosted-acrylic-mt-state-cutout-on-black-plaque p-8024-frosted-acrylic-nd-state-cutout-on-black-plaque p-8025-frosted-acrylic-ne-state-cutout-on-black-plaque p-8026-frosted-acrylic-nh-state-cutout-on-black-plaque p-8027-frosted-acrylic-nj-state-cutout-on-black-plaque p-8028-frosted-acrylic-nm-state-cutout-on-black-plaque p-8029-frosted-acrylic-nv-state-cutout-on-black-plaque p-8030-frosted-acrylic-ny-state-cutout-on-black-plaque p-8031-frosted-acrylic-oh-state-cutout-on-black-plaque p-8032-frosted-acrylic-ok-state-cutout-on-black-plaque p-8033-frosted-acrylic-or-state-cutout-on-black-plaque p-8034-frosted-acrylic-pa-state-cutout-on-black-plaque p-8035-frosted-acrylic-ri-state-cutout-on-black-plaque p-8036-frosted-acrylic-sc-state-cutout-on-black-plaque p-8037-frosted-acrylic-sd-state-cutout-on-black-plaque p-8039-frosted-acrylic-tx-state-cutout-on-black-plaque p-8040-frosted-acrylic-ut-state-cutout-on-black-plaque p-8041-frosted-acrylic-va-state-cutout-on-black-plaque p-8042-frosted-acrylic-vt-state-cutout-on-black-plaque p-8043-frosted-acrylic-wa-state-cutout-on-black-plaque p-8044-frosted-acrylic-wi-state-cutout-on-black-plaque p-8045-frosted-acrylic-wv-state-cutout-on-black-plaque p-8046-frosted-acrylic-wy-state-cutout-on-black-plaque
CD953OK;CD953*;p-7997-frosted-acrylic-ak-state-cutout-on-black-plaque p-7998-frosted-acrylic-al-state-cutout-on-black-plaque p-7999-frosted-acrylic-ar-state-cutout-on-black-plaque p-8000-frosted-acrylic-az-state-cutout-on-black-plaque p-8002-frosted-acrylic-co-state-cutout-on-black-plaque p-8003-frosted-acrylic-ct-state-cutout-on-black-plaque p-8006-frosted-acrylic-ga-state-cutout-on-black-plaque p-8008-frosted-acrylic-ia-state-cutout-on-black-plaque p-8010-frosted-acrylic-il-state-cutout-on-black-plaque p-8011-frosted-acrylic-in-state-cutout-on-black-plaque p-8012-frosted-acrylic-ks-state-cutout-on-black-plaque p-8013-frosted-acrylic-ky-state-cutout-on-black-plaque p-8014-frosted-acrylic-la-state-cutout-on-black-plaque p-8017-frosted-acrylic-me-state-cutout-on-black-plaque p-8019-frosted-acrylic-mn-state-cutout-on-black-plaque p-8020-frosted-acrylic-mo-state-cutout-on-black-plaque p-8021-frosted-acrylic-ms-state-cutout-on-black-plaque p-8022-frosted-acrylic-mt-state-cutout-on-black-plaque p-8024-frosted-acrylic-nd-state-cutout-on-black-plaque p-8025-frosted-acrylic-ne-state-cutout-on-black-plaque p-8026-frosted-acrylic-nh-state-cutout-on-black-plaque p-8027-frosted-acrylic-nj-state-cutout-on-black-plaque p-8028-frosted-acrylic-nm-state-cutout-on-black-plaque p-8029-frosted-acrylic-nv-state-cutout-on-black-plaque p-8030-frosted-acrylic-ny-state-cutout-on-black-plaque p-8031-frosted-acrylic-oh-state-cutout-on-black-plaque p-8032-frosted-acrylic-ok-state-cutout-on-black-plaque p-8033-frosted-acrylic-or-state-cutout-on-black-plaque p-8034-frosted-acrylic-pa-state-cutout-on-black-plaque p-8035-frosted-acrylic-ri-state-cutout-on-black-plaque p-8036-frosted-acrylic-sc-state-cutout-on-black-plaque p-8037-frosted-acrylic-sd-state-cutout-on-black-plaque p-8039-frosted-acrylic-tx-state-cutout-on-black-plaque p-8040-frosted-acrylic-ut-state-cutout-on-black-plaque p-8041-frosted-acrylic-va-state-cutout-on-black-plaque p-8042-frosted-acrylic-vt-state-cutout-on-black-plaque p-8043-frosted-acrylic-wa-state-cutout-on-black-plaque p-8044-frosted-acrylic-wi-state-cutout-on-black-plaque p-8045-frosted-acrylic-wv-state-cutout-on-black-plaque p-8046-frosted-acrylic-wy-state-cutout-on-black-plaque
CD953OR;CD953*;p-7997-frosted-acrylic-ak-state-cutout-on-black-plaque p-7998-frosted-acrylic-al-state-cutout-on-black-plaque p-7999-frosted-acrylic-ar-state-cutout-on-black-plaque p-8000-frosted-acrylic-az-state-cutout-on-black-plaque p-8002-frosted-acrylic-co-state-cutout-on-black-plaque p-8003-frosted-acrylic-ct-state-cutout-on-black-plaque p-8006-frosted-acrylic-ga-state-cutout-on-black-plaque p-8008-frosted-acrylic-ia-state-cutout-on-black-plaque p-8010-frosted-acrylic-il-state-cutout-on-black-plaque p-8011-frosted-acrylic-in-state-cutout-on-black-plaque p-8012-frosted-acrylic-ks-state-cutout-on-black-plaque p-8013-frosted-acrylic-ky-state-cutout-on-black-plaque p-8014-frosted-acrylic-la-state-cutout-on-black-plaque p-8017-frosted-acrylic-me-state-cutout-on-black-plaque p-8019-frosted-acrylic-mn-state-cutout-on-black-plaque p-8020-frosted-acrylic-mo-state-cutout-on-black-plaque p-8021-frosted-acrylic-ms-state-cutout-on-black-plaque p-8022-frosted-acrylic-mt-state-cutout-on-black-plaque p-8024-frosted-acrylic-nd-state-cutout-on-black-plaque p-8025-frosted-acrylic-ne-state-cutout-on-black-plaque p-8026-frosted-acrylic-nh-state-cutout-on-black-plaque p-8027-frosted-acrylic-nj-state-cutout-on-black-plaque p-8028-frosted-acrylic-nm-state-cutout-on-black-plaque p-8029-frosted-acrylic-nv-state-cutout-on-black-plaque p-8030-frosted-acrylic-ny-state-cutout-on-black-plaque p-8031-frosted-acrylic-oh-state-cutout-on-black-plaque p-8032-frosted-acrylic-ok-state-cutout-on-black-plaque p-8033-frosted-acrylic-or-state-cutout-on-black-plaque p-8034-frosted-acrylic-pa-state-cutout-on-black-plaque p-8035-frosted-acrylic-ri-state-cutout-on-black-plaque p-8036-frosted-acrylic-sc-state-cutout-on-black-plaque p-8037-frosted-acrylic-sd-state-cutout-on-black-plaque p-8039-frosted-acrylic-tx-state-cutout-on-black-plaque p-8040-frosted-acrylic-ut-state-cutout-on-black-plaque p-8041-frosted-acrylic-va-state-cutout-on-black-plaque p-8042-frosted-acrylic-vt-state-cutout-on-black-plaque p-8043-frosted-acrylic-wa-state-cutout-on-black-plaque p-8044-frosted-acrylic-wi-state-cutout-on-black-plaque p-8045-frosted-acrylic-wv-state-cutout-on-black-plaque p-8046-frosted-acrylic-wy-state-cutout-on-black-plaque
CD953PA;CD953*;p-7997-frosted-acrylic-ak-state-cutout-on-black-plaque p-7998-frosted-acrylic-al-state-cutout-on-black-plaque p-7999-frosted-acrylic-ar-state-cutout-on-black-plaque p-8000-frosted-acrylic-az-state-cutout-on-black-plaque p-8002-frosted-acrylic-co-state-cutout-on-black-plaque p-8003-frosted-acrylic-ct-state-cutout-on-black-plaque p-8006-frosted-acrylic-ga-state-cutout-on-black-plaque p-8008-frosted-acrylic-ia-state-cutout-on-black-plaque p-8010-frosted-acrylic-il-state-cutout-on-black-plaque p-8011-frosted-acrylic-in-state-cutout-on-black-plaque p-8012-frosted-acrylic-ks-state-cutout-on-black-plaque p-8013-frosted-acrylic-ky-state-cutout-on-black-plaque p-8014-frosted-acrylic-la-state-cutout-on-black-plaque p-8017-frosted-acrylic-me-state-cutout-on-black-plaque p-8019-frosted-acrylic-mn-state-cutout-on-black-plaque p-8020-frosted-acrylic-mo-state-cutout-on-black-plaque p-8021-frosted-acrylic-ms-state-cutout-on-black-plaque p-8022-frosted-acrylic-mt-state-cutout-on-black-plaque p-8024-frosted-acrylic-nd-state-cutout-on-black-plaque p-8025-frosted-acrylic-ne-state-cutout-on-black-plaque p-8026-frosted-acrylic-nh-state-cutout-on-black-plaque p-8027-frosted-acrylic-nj-state-cutout-on-black-plaque p-8028-frosted-acrylic-nm-state-cutout-on-black-plaque p-8029-frosted-acrylic-nv-state-cutout-on-black-plaque p-8030-frosted-acrylic-ny-state-cutout-on-black-plaque p-8031-frosted-acrylic-oh-state-cutout-on-black-plaque p-8032-frosted-acrylic-ok-state-cutout-on-black-plaque p-8033-frosted-acrylic-or-state-cutout-on-black-plaque p-8034-frosted-acrylic-pa-state-cutout-on-black-plaque p-8035-frosted-acrylic-ri-state-cutout-on-black-plaque p-8036-frosted-acrylic-sc-state-cutout-on-black-plaque p-8037-frosted-acrylic-sd-state-cutout-on-black-plaque p-8039-frosted-acrylic-tx-state-cutout-on-black-plaque p-8040-frosted-acrylic-ut-state-cutout-on-black-plaque p-8041-frosted-acrylic-va-state-cutout-on-black-plaque p-8042-frosted-acrylic-vt-state-cutout-on-black-plaque p-8043-frosted-acrylic-wa-state-cutout-on-black-plaque p-8044-frosted-acrylic-wi-state-cutout-on-black-plaque p-8045-frosted-acrylic-wv-state-cutout-on-black-plaque p-8046-frosted-acrylic-wy-state-cutout-on-black-plaque
CD953RI;CD953*;p-7997-frosted-acrylic-ak-state-cutout-on-black-plaque p-7998-frosted-acrylic-al-state-cutout-on-black-plaque p-7999-frosted-acrylic-ar-state-cutout-on-black-plaque p-8000-frosted-acrylic-az-state-cutout-on-black-plaque p-8002-frosted-acrylic-co-state-cutout-on-black-plaque p-8003-frosted-acrylic-ct-state-cutout-on-black-plaque p-8006-frosted-acrylic-ga-state-cutout-on-black-plaque p-8008-frosted-acrylic-ia-state-cutout-on-black-plaque p-8010-frosted-acrylic-il-state-cutout-on-black-plaque p-8011-frosted-acrylic-in-state-cutout-on-black-plaque p-8012-frosted-acrylic-ks-state-cutout-on-black-plaque p-8013-frosted-acrylic-ky-state-cutout-on-black-plaque p-8014-frosted-acrylic-la-state-cutout-on-black-plaque p-8017-frosted-acrylic-me-state-cutout-on-black-plaque p-8019-frosted-acrylic-mn-state-cutout-on-black-plaque p-8020-frosted-acrylic-mo-state-cutout-on-black-plaque p-8021-frosted-acrylic-ms-state-cutout-on-black-plaque p-8022-frosted-acrylic-mt-state-cutout-on-black-plaque p-8024-frosted-acrylic-nd-state-cutout-on-black-plaque p-8025-frosted-acrylic-ne-state-cutout-on-black-plaque p-8026-frosted-acrylic-nh-state-cutout-on-black-plaque p-8027-frosted-acrylic-nj-state-cutout-on-black-plaque p-8028-frosted-acrylic-nm-state-cutout-on-black-plaque p-8029-frosted-acrylic-nv-state-cutout-on-black-plaque p-8030-frosted-acrylic-ny-state-cutout-on-black-plaque p-8031-frosted-acrylic-oh-state-cutout-on-black-plaque p-8032-frosted-acrylic-ok-state-cutout-on-black-plaque p-8033-frosted-acrylic-or-state-cutout-on-black-plaque p-8034-frosted-acrylic-pa-state-cutout-on-black-plaque p-8035-frosted-acrylic-ri-state-cutout-on-black-plaque p-8036-frosted-acrylic-sc-state-cutout-on-black-plaque p-8037-frosted-acrylic-sd-state-cutout-on-black-plaque p-8039-frosted-acrylic-tx-state-cutout-on-black-plaque p-8040-frosted-acrylic-ut-state-cutout-on-black-plaque p-8041-frosted-acrylic-va-state-cutout-on-black-plaque p-8042-frosted-acrylic-vt-state-cutout-on-black-plaque p-8043-frosted-acrylic-wa-state-cutout-on-black-plaque p-8044-frosted-acrylic-wi-state-cutout-on-black-plaque p-8045-frosted-acrylic-wv-state-cutout-on-black-plaque p-8046-frosted-acrylic-wy-state-cutout-on-black-plaque
CD953SC;CD953*;p-7997-frosted-acrylic-ak-state-cutout-on-black-plaque p-7998-frosted-acrylic-al-state-cutout-on-black-plaque p-7999-frosted-acrylic-ar-state-cutout-on-black-plaque p-8000-frosted-acrylic-az-state-cutout-on-black-plaque p-8002-frosted-acrylic-co-state-cutout-on-black-plaque p-8003-frosted-acrylic-ct-state-cutout-on-black-plaque p-8006-frosted-acrylic-ga-state-cutout-on-black-plaque p-8008-frosted-acrylic-ia-state-cutout-on-black-plaque p-8010-frosted-acrylic-il-state-cutout-on-black-plaque p-8011-frosted-acrylic-in-state-cutout-on-black-plaque p-8012-frosted-acrylic-ks-state-cutout-on-black-plaque p-8013-frosted-acrylic-ky-state-cutout-on-black-plaque p-8014-frosted-acrylic-la-state-cutout-on-black-plaque p-8017-frosted-acrylic-me-state-cutout-on-black-plaque p-8019-frosted-acrylic-mn-state-cutout-on-black-plaque p-8020-frosted-acrylic-mo-state-cutout-on-black-plaque p-8021-frosted-acrylic-ms-state-cutout-on-black-plaque p-8022-frosted-acrylic-mt-state-cutout-on-black-plaque p-8024-frosted-acrylic-nd-state-cutout-on-black-plaque p-8025-frosted-acrylic-ne-state-cutout-on-black-plaque p-8026-frosted-acrylic-nh-state-cutout-on-black-plaque p-8027-frosted-acrylic-nj-state-cutout-on-black-plaque p-8028-frosted-acrylic-nm-state-cutout-on-black-plaque p-8029-frosted-acrylic-nv-state-cutout-on-black-plaque p-8030-frosted-acrylic-ny-state-cutout-on-black-plaque p-8031-frosted-acrylic-oh-state-cutout-on-black-plaque p-8032-frosted-acrylic-ok-state-cutout-on-black-plaque p-8033-frosted-acrylic-or-state-cutout-on-black-plaque p-8034-frosted-acrylic-pa-state-cutout-on-black-plaque p-8035-frosted-acrylic-ri-state-cutout-on-black-plaque p-8036-frosted-acrylic-sc-state-cutout-on-black-plaque p-8037-frosted-acrylic-sd-state-cutout-on-black-plaque p-8039-frosted-acrylic-tx-state-cutout-on-black-plaque p-8040-frosted-acrylic-ut-state-cutout-on-black-plaque p-8041-frosted-acrylic-va-state-cutout-on-black-plaque p-8042-frosted-acrylic-vt-state-cutout-on-black-plaque p-8043-frosted-acrylic-wa-state-cutout-on-black-plaque p-8044-frosted-acrylic-wi-state-cutout-on-black-plaque p-8045-frosted-acrylic-wv-state-cutout-on-black-plaque p-8046-frosted-acrylic-wy-state-cutout-on-black-plaque
CD953SD;CD953*;p-7997-frosted-acrylic-ak-state-cutout-on-black-plaque p-7998-frosted-acrylic-al-state-cutout-on-black-plaque p-7999-frosted-acrylic-ar-state-cutout-on-black-plaque p-8000-frosted-acrylic-az-state-cutout-on-black-plaque p-8002-frosted-acrylic-co-state-cutout-on-black-plaque p-8003-frosted-acrylic-ct-state-cutout-on-black-plaque p-8006-frosted-acrylic-ga-state-cutout-on-black-plaque p-8008-frosted-acrylic-ia-state-cutout-on-black-plaque p-8010-frosted-acrylic-il-state-cutout-on-black-plaque p-8011-frosted-acrylic-in-state-cutout-on-black-plaque p-8012-frosted-acrylic-ks-state-cutout-on-black-plaque p-8013-frosted-acrylic-ky-state-cutout-on-black-plaque p-8014-frosted-acrylic-la-state-cutout-on-black-plaque p-8017-frosted-acrylic-me-state-cutout-on-black-plaque p-8019-frosted-acrylic-mn-state-cutout-on-black-plaque p-8020-frosted-acrylic-mo-state-cutout-on-black-plaque p-8021-frosted-acrylic-ms-state-cutout-on-black-plaque p-8022-frosted-acrylic-mt-state-cutout-on-black-plaque p-8024-frosted-acrylic-nd-state-cutout-on-black-plaque p-8025-frosted-acrylic-ne-state-cutout-on-black-plaque p-8026-frosted-acrylic-nh-state-cutout-on-black-plaque p-8027-frosted-acrylic-nj-state-cutout-on-black-plaque p-8028-frosted-acrylic-nm-state-cutout-on-black-plaque p-8029-frosted-acrylic-nv-state-cutout-on-black-plaque p-8030-frosted-acrylic-ny-state-cutout-on-black-plaque p-8031-frosted-acrylic-oh-state-cutout-on-black-plaque p-8032-frosted-acrylic-ok-state-cutout-on-black-plaque p-8033-frosted-acrylic-or-state-cutout-on-black-plaque p-8034-frosted-acrylic-pa-state-cutout-on-black-plaque p-8035-frosted-acrylic-ri-state-cutout-on-black-plaque p-8036-frosted-acrylic-sc-state-cutout-on-black-plaque p-8037-frosted-acrylic-sd-state-cutout-on-black-plaque p-8039-frosted-acrylic-tx-state-cutout-on-black-plaque p-8040-frosted-acrylic-ut-state-cutout-on-black-plaque p-8041-frosted-acrylic-va-state-cutout-on-black-plaque p-8042-frosted-acrylic-vt-state-cutout-on-black-plaque p-8043-frosted-acrylic-wa-state-cutout-on-black-plaque p-8044-frosted-acrylic-wi-state-cutout-on-black-plaque p-8045-frosted-acrylic-wv-state-cutout-on-black-plaque p-8046-frosted-acrylic-wy-state-cutout-on-black-plaque
CD953TN;CD953*;p-7997-frosted-acrylic-ak-state-cutout-on-black-plaque p-7998-frosted-acrylic-al-state-cutout-on-black-plaque p-7999-frosted-acrylic-ar-state-cutout-on-black-plaque p-8000-frosted-acrylic-az-state-cutout-on-black-plaque p-8002-frosted-acrylic-co-state-cutout-on-black-plaque p-8003-frosted-acrylic-ct-state-cutout-on-black-plaque p-8006-frosted-acrylic-ga-state-cutout-on-black-plaque p-8008-frosted-acrylic-ia-state-cutout-on-black-plaque p-8010-frosted-acrylic-il-state-cutout-on-black-plaque p-8011-frosted-acrylic-in-state-cutout-on-black-plaque p-8012-frosted-acrylic-ks-state-cutout-on-black-plaque p-8013-frosted-acrylic-ky-state-cutout-on-black-plaque p-8014-frosted-acrylic-la-state-cutout-on-black-plaque p-8017-frosted-acrylic-me-state-cutout-on-black-plaque p-8019-frosted-acrylic-mn-state-cutout-on-black-plaque p-8020-frosted-acrylic-mo-state-cutout-on-black-plaque p-8021-frosted-acrylic-ms-state-cutout-on-black-plaque p-8022-frosted-acrylic-mt-state-cutout-on-black-plaque p-8024-frosted-acrylic-nd-state-cutout-on-black-plaque p-8025-frosted-acrylic-ne-state-cutout-on-black-plaque p-8026-frosted-acrylic-nh-state-cutout-on-black-plaque p-8027-frosted-acrylic-nj-state-cutout-on-black-plaque p-8028-frosted-acrylic-nm-state-cutout-on-black-plaque p-8029-frosted-acrylic-nv-state-cutout-on-black-plaque p-8030-frosted-acrylic-ny-state-cutout-on-black-plaque p-8031-frosted-acrylic-oh-state-cutout-on-black-plaque p-8032-frosted-acrylic-ok-state-cutout-on-black-plaque p-8033-frosted-acrylic-or-state-cutout-on-black-plaque p-8034-frosted-acrylic-pa-state-cutout-on-black-plaque p-8035-frosted-acrylic-ri-state-cutout-on-black-plaque p-8036-frosted-acrylic-sc-state-cutout-on-black-plaque p-8037-frosted-acrylic-sd-state-cutout-on-black-plaque p-8039-frosted-acrylic-tx-state-cutout-on-black-plaque p-8040-frosted-acrylic-ut-state-cutout-on-black-plaque p-8041-frosted-acrylic-va-state-cutout-on-black-plaque p-8042-frosted-acrylic-vt-state-cutout-on-black-plaque p-8043-frosted-acrylic-wa-state-cutout-on-black-plaque p-8044-frosted-acrylic-wi-state-cutout-on-black-plaque p-8045-frosted-acrylic-wv-state-cutout-on-black-plaque p-8046-frosted-acrylic-wy-state-cutout-on-black-plaque
CD953TX;CD953*;p-7997-frosted-acrylic-ak-state-cutout-on-black-plaque p-7998-frosted-acrylic-al-state-cutout-on-black-plaque p-7999-frosted-acrylic-ar-state-cutout-on-black-plaque p-8000-frosted-acrylic-az-state-cutout-on-black-plaque p-8002-frosted-acrylic-co-state-cutout-on-black-plaque p-8003-frosted-acrylic-ct-state-cutout-on-black-plaque p-8006-frosted-acrylic-ga-state-cutout-on-black-plaque p-8008-frosted-acrylic-ia-state-cutout-on-black-plaque p-8010-frosted-acrylic-il-state-cutout-on-black-plaque p-8011-frosted-acrylic-in-state-cutout-on-black-plaque p-8012-frosted-acrylic-ks-state-cutout-on-black-plaque p-8013-frosted-acrylic-ky-state-cutout-on-black-plaque p-8014-frosted-acrylic-la-state-cutout-on-black-plaque p-8017-frosted-acrylic-me-state-cutout-on-black-plaque p-8019-frosted-acrylic-mn-state-cutout-on-black-plaque p-8020-frosted-acrylic-mo-state-cutout-on-black-plaque p-8021-frosted-acrylic-ms-state-cutout-on-black-plaque p-8022-frosted-acrylic-mt-state-cutout-on-black-plaque p-8024-frosted-acrylic-nd-state-cutout-on-black-plaque p-8025-frosted-acrylic-ne-state-cutout-on-black-plaque p-8026-frosted-acrylic-nh-state-cutout-on-black-plaque p-8027-frosted-acrylic-nj-state-cutout-on-black-plaque p-8028-frosted-acrylic-nm-state-cutout-on-black-plaque p-8029-frosted-acrylic-nv-state-cutout-on-black-plaque p-8030-frosted-acrylic-ny-state-cutout-on-black-plaque p-8031-frosted-acrylic-oh-state-cutout-on-black-plaque p-8032-frosted-acrylic-ok-state-cutout-on-black-plaque p-8033-frosted-acrylic-or-state-cutout-on-black-plaque p-8034-frosted-acrylic-pa-state-cutout-on-black-plaque p-8035-frosted-acrylic-ri-state-cutout-on-black-plaque p-8036-frosted-acrylic-sc-state-cutout-on-black-plaque p-8037-frosted-acrylic-sd-state-cutout-on-black-plaque p-8039-frosted-acrylic-tx-state-cutout-on-black-plaque p-8040-frosted-acrylic-ut-state-cutout-on-black-plaque p-8041-frosted-acrylic-va-state-cutout-on-black-plaque p-8042-frosted-acrylic-vt-state-cutout-on-black-plaque p-8043-frosted-acrylic-wa-state-cutout-on-black-plaque p-8044-frosted-acrylic-wi-state-cutout-on-black-plaque p-8045-frosted-acrylic-wv-state-cutout-on-black-plaque p-8046-frosted-acrylic-wy-state-cutout-on-black-plaque
CD953US;CD953*;p-7997-frosted-acrylic-ak-state-cutout-on-black-plaque p-7998-frosted-acrylic-al-state-cutout-on-black-plaque p-7999-frosted-acrylic-ar-state-cutout-on-black-plaque p-8000-frosted-acrylic-az-state-cutout-on-black-plaque p-8002-frosted-acrylic-co-state-cutout-on-black-plaque p-8003-frosted-acrylic-ct-state-cutout-on-black-plaque p-8006-frosted-acrylic-ga-state-cutout-on-black-plaque p-8008-frosted-acrylic-ia-state-cutout-on-black-plaque p-8010-frosted-acrylic-il-state-cutout-on-black-plaque p-8011-frosted-acrylic-in-state-cutout-on-black-plaque p-8012-frosted-acrylic-ks-state-cutout-on-black-plaque p-8013-frosted-acrylic-ky-state-cutout-on-black-plaque p-8014-frosted-acrylic-la-state-cutout-on-black-plaque p-8017-frosted-acrylic-me-state-cutout-on-black-plaque p-8019-frosted-acrylic-mn-state-cutout-on-black-plaque p-8020-frosted-acrylic-mo-state-cutout-on-black-plaque p-8021-frosted-acrylic-ms-state-cutout-on-black-plaque p-8022-frosted-acrylic-mt-state-cutout-on-black-plaque p-8024-frosted-acrylic-nd-state-cutout-on-black-plaque p-8025-frosted-acrylic-ne-state-cutout-on-black-plaque p-8026-frosted-acrylic-nh-state-cutout-on-black-plaque p-8027-frosted-acrylic-nj-state-cutout-on-black-plaque p-8028-frosted-acrylic-nm-state-cutout-on-black-plaque p-8029-frosted-acrylic-nv-state-cutout-on-black-plaque p-8030-frosted-acrylic-ny-state-cutout-on-black-plaque p-8031-frosted-acrylic-oh-state-cutout-on-black-plaque p-8032-frosted-acrylic-ok-state-cutout-on-black-plaque p-8033-frosted-acrylic-or-state-cutout-on-black-plaque p-8034-frosted-acrylic-pa-state-cutout-on-black-plaque p-8035-frosted-acrylic-ri-state-cutout-on-black-plaque p-8036-frosted-acrylic-sc-state-cutout-on-black-plaque p-8037-frosted-acrylic-sd-state-cutout-on-black-plaque p-8039-frosted-acrylic-tx-state-cutout-on-black-plaque p-8040-frosted-acrylic-ut-state-cutout-on-black-plaque p-8041-frosted-acrylic-va-state-cutout-on-black-plaque p-8042-frosted-acrylic-vt-state-cutout-on-black-plaque p-8043-frosted-acrylic-wa-state-cutout-on-black-plaque p-8044-frosted-acrylic-wi-state-cutout-on-black-plaque p-8045-frosted-acrylic-wv-state-cutout-on-black-plaque p-8046-frosted-acrylic-wy-state-cutout-on-black-plaque
CD953UT;CD953*;p-7997-frosted-acrylic-ak-state-cutout-on-black-plaque p-7998-frosted-acrylic-al-state-cutout-on-black-plaque p-7999-frosted-acrylic-ar-state-cutout-on-black-plaque p-8000-frosted-acrylic-az-state-cutout-on-black-plaque p-8002-frosted-acrylic-co-state-cutout-on-black-plaque p-8003-frosted-acrylic-ct-state-cutout-on-black-plaque p-8006-frosted-acrylic-ga-state-cutout-on-black-plaque p-8008-frosted-acrylic-ia-state-cutout-on-black-plaque p-8010-frosted-acrylic-il-state-cutout-on-black-plaque p-8011-frosted-acrylic-in-state-cutout-on-black-plaque p-8012-frosted-acrylic-ks-state-cutout-on-black-plaque p-8013-frosted-acrylic-ky-state-cutout-on-black-plaque p-8014-frosted-acrylic-la-state-cutout-on-black-plaque p-8017-frosted-acrylic-me-state-cutout-on-black-plaque p-8019-frosted-acrylic-mn-state-cutout-on-black-plaque p-8020-frosted-acrylic-mo-state-cutout-on-black-plaque p-8021-frosted-acrylic-ms-state-cutout-on-black-plaque p-8022-frosted-acrylic-mt-state-cutout-on-black-plaque p-8024-frosted-acrylic-nd-state-cutout-on-black-plaque p-8025-frosted-acrylic-ne-state-cutout-on-black-plaque p-8026-frosted-acrylic-nh-state-cutout-on-black-plaque p-8027-frosted-acrylic-nj-state-cutout-on-black-plaque p-8028-frosted-acrylic-nm-state-cutout-on-black-plaque p-8029-frosted-acrylic-nv-state-cutout-on-black-plaque p-8030-frosted-acrylic-ny-state-cutout-on-black-plaque p-8031-frosted-acrylic-oh-state-cutout-on-black-plaque p-8032-frosted-acrylic-ok-state-cutout-on-black-plaque p-8033-frosted-acrylic-or-state-cutout-on-black-plaque p-8034-frosted-acrylic-pa-state-cutout-on-black-plaque p-8035-frosted-acrylic-ri-state-cutout-on-black-plaque p-8036-frosted-acrylic-sc-state-cutout-on-black-plaque p-8037-frosted-acrylic-sd-state-cutout-on-black-plaque p-8039-frosted-acrylic-tx-state-cutout-on-black-plaque p-8040-frosted-acrylic-ut-state-cutout-on-black-plaque p-8041-frosted-acrylic-va-state-cutout-on-black-plaque p-8042-frosted-acrylic-vt-state-cutout-on-black-plaque p-8043-frosted-acrylic-wa-state-cutout-on-black-plaque p-8044-frosted-acrylic-wi-state-cutout-on-black-plaque p-8045-frosted-acrylic-wv-state-cutout-on-black-plaque p-8046-frosted-acrylic-wy-state-cutout-on-black-plaque
CD953VA;CD953*;p-7997-frosted-acrylic-ak-state-cutout-on-black-plaque p-7998-frosted-acrylic-al-state-cutout-on-black-plaque p-7999-frosted-acrylic-ar-state-cutout-on-black-plaque p-8000-frosted-acrylic-az-state-cutout-on-black-plaque p-8002-frosted-acrylic-co-state-cutout-on-black-plaque p-8003-frosted-acrylic-ct-state-cutout-on-black-plaque p-8006-frosted-acrylic-ga-state-cutout-on-black-plaque p-8008-frosted-acrylic-ia-state-cutout-on-black-plaque p-8010-frosted-acrylic-il-state-cutout-on-black-plaque p-8011-frosted-acrylic-in-state-cutout-on-black-plaque p-8012-frosted-acrylic-ks-state-cutout-on-black-plaque p-8013-frosted-acrylic-ky-state-cutout-on-black-plaque p-8014-frosted-acrylic-la-state-cutout-on-black-plaque p-8017-frosted-acrylic-me-state-cutout-on-black-plaque p-8019-frosted-acrylic-mn-state-cutout-on-black-plaque p-8020-frosted-acrylic-mo-state-cutout-on-black-plaque p-8021-frosted-acrylic-ms-state-cutout-on-black-plaque p-8022-frosted-acrylic-mt-state-cutout-on-black-plaque p-8024-frosted-acrylic-nd-state-cutout-on-black-plaque p-8025-frosted-acrylic-ne-state-cutout-on-black-plaque p-8026-frosted-acrylic-nh-state-cutout-on-black-plaque p-8027-frosted-acrylic-nj-state-cutout-on-black-plaque p-8028-frosted-acrylic-nm-state-cutout-on-black-plaque p-8029-frosted-acrylic-nv-state-cutout-on-black-plaque p-8030-frosted-acrylic-ny-state-cutout-on-black-plaque p-8031-frosted-acrylic-oh-state-cutout-on-black-plaque p-8032-frosted-acrylic-ok-state-cutout-on-black-plaque p-8033-frosted-acrylic-or-state-cutout-on-black-plaque p-8034-frosted-acrylic-pa-state-cutout-on-black-plaque p-8035-frosted-acrylic-ri-state-cutout-on-black-plaque p-8036-frosted-acrylic-sc-state-cutout-on-black-plaque p-8037-frosted-acrylic-sd-state-cutout-on-black-plaque p-8039-frosted-acrylic-tx-state-cutout-on-black-plaque p-8040-frosted-acrylic-ut-state-cutout-on-black-plaque p-8041-frosted-acrylic-va-state-cutout-on-black-plaque p-8042-frosted-acrylic-vt-state-cutout-on-black-plaque p-8043-frosted-acrylic-wa-state-cutout-on-black-plaque p-8044-frosted-acrylic-wi-state-cutout-on-black-plaque p-8045-frosted-acrylic-wv-state-cutout-on-black-plaque p-8046-frosted-acrylic-wy-state-cutout-on-black-plaque
CD953VT;CD953*;p-7997-frosted-acrylic-ak-state-cutout-on-black-plaque p-7998-frosted-acrylic-al-state-cutout-on-black-plaque p-7999-frosted-acrylic-ar-state-cutout-on-black-plaque p-8000-frosted-acrylic-az-state-cutout-on-black-plaque p-8002-frosted-acrylic-co-state-cutout-on-black-plaque p-8003-frosted-acrylic-ct-state-cutout-on-black-plaque p-8006-frosted-acrylic-ga-state-cutout-on-black-plaque p-8008-frosted-acrylic-ia-state-cutout-on-black-plaque p-8010-frosted-acrylic-il-state-cutout-on-black-plaque p-8011-frosted-acrylic-in-state-cutout-on-black-plaque p-8012-frosted-acrylic-ks-state-cutout-on-black-plaque p-8013-frosted-acrylic-ky-state-cutout-on-black-plaque p-8014-frosted-acrylic-la-state-cutout-on-black-plaque p-8017-frosted-acrylic-me-state-cutout-on-black-plaque p-8019-frosted-acrylic-mn-state-cutout-on-black-plaque p-8020-frosted-acrylic-mo-state-cutout-on-black-plaque p-8021-frosted-acrylic-ms-state-cutout-on-black-plaque p-8022-frosted-acrylic-mt-state-cutout-on-black-plaque p-8024-frosted-acrylic-nd-state-cutout-on-black-plaque p-8025-frosted-acrylic-ne-state-cutout-on-black-plaque p-8026-frosted-acrylic-nh-state-cutout-on-black-plaque p-8027-frosted-acrylic-nj-state-cutout-on-black-plaque p-8028-frosted-acrylic-nm-state-cutout-on-black-plaque p-8029-frosted-acrylic-nv-state-cutout-on-black-plaque p-8030-frosted-acrylic-ny-state-cutout-on-black-plaque p-8031-frosted-acrylic-oh-state-cutout-on-black-plaque p-8032-frosted-acrylic-ok-state-cutout-on-black-plaque p-8033-frosted-acrylic-or-state-cutout-on-black-plaque p-8034-frosted-acrylic-pa-state-cutout-on-black-plaque p-8035-frosted-acrylic-ri-state-cutout-on-black-plaque p-8036-frosted-acrylic-sc-state-cutout-on-black-plaque p-8037-frosted-acrylic-sd-state-cutout-on-black-plaque p-8039-frosted-acrylic-tx-state-cutout-on-black-plaque p-8040-frosted-acrylic-ut-state-cutout-on-black-plaque p-8041-frosted-acrylic-va-state-cutout-on-black-plaque p-8042-frosted-acrylic-vt-state-cutout-on-black-plaque p-8043-frosted-acrylic-wa-state-cutout-on-black-plaque p-8044-frosted-acrylic-wi-state-cutout-on-black-plaque p-8045-frosted-acrylic-wv-state-cutout-on-black-plaque p-8046-frosted-acrylic-wy-state-cutout-on-black-plaque
CD953WA;CD953*;p-7997-frosted-acrylic-ak-state-cutout-on-black-plaque p-7998-frosted-acrylic-al-state-cutout-on-black-plaque p-7999-frosted-acrylic-ar-state-cutout-on-black-plaque p-8000-frosted-acrylic-az-state-cutout-on-black-plaque p-8002-frosted-acrylic-co-state-cutout-on-black-plaque p-8003-frosted-acrylic-ct-state-cutout-on-black-plaque p-8006-frosted-acrylic-ga-state-cutout-on-black-plaque p-8008-frosted-acrylic-ia-state-cutout-on-black-plaque p-8010-frosted-acrylic-il-state-cutout-on-black-plaque p-8011-frosted-acrylic-in-state-cutout-on-black-plaque p-8012-frosted-acrylic-ks-state-cutout-on-black-plaque p-8013-frosted-acrylic-ky-state-cutout-on-black-plaque p-8014-frosted-acrylic-la-state-cutout-on-black-plaque p-8017-frosted-acrylic-me-state-cutout-on-black-plaque p-8019-frosted-acrylic-mn-state-cutout-on-black-plaque p-8020-frosted-acrylic-mo-state-cutout-on-black-plaque p-8021-frosted-acrylic-ms-state-cutout-on-black-plaque p-8022-frosted-acrylic-mt-state-cutout-on-black-plaque p-8024-frosted-acrylic-nd-state-cutout-on-black-plaque p-8025-frosted-acrylic-ne-state-cutout-on-black-plaque p-8026-frosted-acrylic-nh-state-cutout-on-black-plaque p-8027-frosted-acrylic-nj-state-cutout-on-black-plaque p-8028-frosted-acrylic-nm-state-cutout-on-black-plaque p-8029-frosted-acrylic-nv-state-cutout-on-black-plaque p-8030-frosted-acrylic-ny-state-cutout-on-black-plaque p-8031-frosted-acrylic-oh-state-cutout-on-black-plaque p-8032-frosted-acrylic-ok-state-cutout-on-black-plaque p-8033-frosted-acrylic-or-state-cutout-on-black-plaque p-8034-frosted-acrylic-pa-state-cutout-on-black-plaque p-8035-frosted-acrylic-ri-state-cutout-on-black-plaque p-8036-frosted-acrylic-sc-state-cutout-on-black-plaque p-8037-frosted-acrylic-sd-state-cutout-on-black-plaque p-8039-frosted-acrylic-tx-state-cutout-on-black-plaque p-8040-frosted-acrylic-ut-state-cutout-on-black-plaque p-8041-frosted-acrylic-va-state-cutout-on-black-plaque p-8042-frosted-acrylic-vt-state-cutout-on-black-plaque p-8043-frosted-acrylic-wa-state-cutout-on-black-plaque p-8044-frosted-acrylic-wi-state-cutout-on-black-plaque p-8045-frosted-acrylic-wv-state-cutout-on-black-plaque p-8046-frosted-acrylic-wy-state-cutout-on-black-plaque
CD953WI;CD953*;p-7997-frosted-acrylic-ak-state-cutout-on-black-plaque p-7998-frosted-acrylic-al-state-cutout-on-black-plaque p-7999-frosted-acrylic-ar-state-cutout-on-black-plaque p-8000-frosted-acrylic-az-state-cutout-on-black-plaque p-8002-frosted-acrylic-co-state-cutout-on-black-plaque p-8003-frosted-acrylic-ct-state-cutout-on-black-plaque p-8006-frosted-acrylic-ga-state-cutout-on-black-plaque p-8008-frosted-acrylic-ia-state-cutout-on-black-plaque p-8010-frosted-acrylic-il-state-cutout-on-black-plaque p-8011-frosted-acrylic-in-state-cutout-on-black-plaque p-8012-frosted-acrylic-ks-state-cutout-on-black-plaque p-8013-frosted-acrylic-ky-state-cutout-on-black-plaque p-8014-frosted-acrylic-la-state-cutout-on-black-plaque p-8017-frosted-acrylic-me-state-cutout-on-black-plaque p-8019-frosted-acrylic-mn-state-cutout-on-black-plaque p-8020-frosted-acrylic-mo-state-cutout-on-black-plaque p-8021-frosted-acrylic-ms-state-cutout-on-black-plaque p-8022-frosted-acrylic-mt-state-cutout-on-black-plaque p-8024-frosted-acrylic-nd-state-cutout-on-black-plaque p-8025-frosted-acrylic-ne-state-cutout-on-black-plaque p-8026-frosted-acrylic-nh-state-cutout-on-black-plaque p-8027-frosted-acrylic-nj-state-cutout-on-black-plaque p-8028-frosted-acrylic-nm-state-cutout-on-black-plaque p-8029-frosted-acrylic-nv-state-cutout-on-black-plaque p-8030-frosted-acrylic-ny-state-cutout-on-black-plaque p-8031-frosted-acrylic-oh-state-cutout-on-black-plaque p-8032-frosted-acrylic-ok-state-cutout-on-black-plaque p-8033-frosted-acrylic-or-state-cutout-on-black-plaque p-8034-frosted-acrylic-pa-state-cutout-on-black-plaque p-8035-frosted-acrylic-ri-state-cutout-on-black-plaque p-8036-frosted-acrylic-sc-state-cutout-on-black-plaque p-8037-frosted-acrylic-sd-state-cutout-on-black-plaque p-8039-frosted-acrylic-tx-state-cutout-on-black-plaque p-8040-frosted-acrylic-ut-state-cutout-on-black-plaque p-8041-frosted-acrylic-va-state-cutout-on-black-plaque p-8042-frosted-acrylic-vt-state-cutout-on-black-plaque p-8043-frosted-acrylic-wa-state-cutout-on-black-plaque p-8044-frosted-acrylic-wi-state-cutout-on-black-plaque p-8045-frosted-acrylic-wv-state-cutout-on-black-plaque p-8046-frosted-acrylic-wy-state-cutout-on-black-plaque
CD953WV;CD953*;p-7997-frosted-acrylic-ak-state-cutout-on-black-plaque p-7998-frosted-acrylic-al-state-cutout-on-black-plaque p-7999-frosted-acrylic-ar-state-cutout-on-black-plaque p-8000-frosted-acrylic-az-state-cutout-on-black-plaque p-8002-frosted-acrylic-co-state-cutout-on-black-plaque p-8003-frosted-acrylic-ct-state-cutout-on-black-plaque p-8006-frosted-acrylic-ga-state-cutout-on-black-plaque p-8008-frosted-acrylic-ia-state-cutout-on-black-plaque p-8010-frosted-acrylic-il-state-cutout-on-black-plaque p-8011-frosted-acrylic-in-state-cutout-on-black-plaque p-8012-frosted-acrylic-ks-state-cutout-on-black-plaque p-8013-frosted-acrylic-ky-state-cutout-on-black-plaque p-8014-frosted-acrylic-la-state-cutout-on-black-plaque p-8017-frosted-acrylic-me-state-cutout-on-black-plaque p-8019-frosted-acrylic-mn-state-cutout-on-black-plaque p-8020-frosted-acrylic-mo-state-cutout-on-black-plaque p-8021-frosted-acrylic-ms-state-cutout-on-black-plaque p-8022-frosted-acrylic-mt-state-cutout-on-black-plaque p-8024-frosted-acrylic-nd-state-cutout-on-black-plaque p-8025-frosted-acrylic-ne-state-cutout-on-black-plaque p-8026-frosted-acrylic-nh-state-cutout-on-black-plaque p-8027-frosted-acrylic-nj-state-cutout-on-black-plaque p-8028-frosted-acrylic-nm-state-cutout-on-black-plaque p-8029-frosted-acrylic-nv-state-cutout-on-black-plaque p-8030-frosted-acrylic-ny-state-cutout-on-black-plaque p-8031-frosted-acrylic-oh-state-cutout-on-black-plaque p-8032-frosted-acrylic-ok-state-cutout-on-black-plaque p-8033-frosted-acrylic-or-state-cutout-on-black-plaque p-8034-frosted-acrylic-pa-state-cutout-on-black-plaque p-8035-frosted-acrylic-ri-state-cutout-on-black-plaque p-8036-frosted-acrylic-sc-state-cutout-on-black-plaque p-8037-frosted-acrylic-sd-state-cutout-on-black-plaque p-8039-frosted-acrylic-tx-state-cutout-on-black-plaque p-8040-frosted-acrylic-ut-state-cutout-on-black-plaque p-8041-frosted-acrylic-va-state-cutout-on-black-plaque p-8042-frosted-acrylic-vt-state-cutout-on-black-plaque p-8043-frosted-acrylic-wa-state-cutout-on-black-plaque p-8044-frosted-acrylic-wi-state-cutout-on-black-plaque p-8045-frosted-acrylic-wv-state-cutout-on-black-plaque p-8046-frosted-acrylic-wy-state-cutout-on-black-plaque
CD953WY;CD953*;p-7997-frosted-acrylic-ak-state-cutout-on-black-plaque p-7998-frosted-acrylic-al-state-cutout-on-black-plaque p-7999-frosted-acrylic-ar-state-cutout-on-black-plaque p-8000-frosted-acrylic-az-state-cutout-on-black-plaque p-8002-frosted-acrylic-co-state-cutout-on-black-plaque p-8003-frosted-acrylic-ct-state-cutout-on-black-plaque p-8006-frosted-acrylic-ga-state-cutout-on-black-plaque p-8008-frosted-acrylic-ia-state-cutout-on-black-plaque p-8010-frosted-acrylic-il-state-cutout-on-black-plaque p-8011-frosted-acrylic-in-state-cutout-on-black-plaque p-8012-frosted-acrylic-ks-state-cutout-on-black-plaque p-8013-frosted-acrylic-ky-state-cutout-on-black-plaque p-8014-frosted-acrylic-la-state-cutout-on-black-plaque p-8017-frosted-acrylic-me-state-cutout-on-black-plaque p-8019-frosted-acrylic-mn-state-cutout-on-black-plaque p-8020-frosted-acrylic-mo-state-cutout-on-black-plaque p-8021-frosted-acrylic-ms-state-cutout-on-black-plaque p-8022-frosted-acrylic-mt-state-cutout-on-black-plaque p-8024-frosted-acrylic-nd-state-cutout-on-black-plaque p-8025-frosted-acrylic-ne-state-cutout-on-black-plaque p-8026-frosted-acrylic-nh-state-cutout-on-black-plaque p-8027-frosted-acrylic-nj-state-cutout-on-black-plaque p-8028-frosted-acrylic-nm-state-cutout-on-black-plaque p-8029-frosted-acrylic-nv-state-cutout-on-black-plaque p-8030-frosted-acrylic-ny-state-cutout-on-black-plaque p-8031-frosted-acrylic-oh-state-cutout-on-black-plaque p-8032-frosted-acrylic-ok-state-cutout-on-black-plaque p-8033-frosted-acrylic-or-state-cutout-on-black-plaque p-8034-frosted-acrylic-pa-state-cutout-on-black-plaque p-8035-frosted-acrylic-ri-state-cutout-on-black-plaque p-8036-frosted-acrylic-sc-state-cutout-on-black-plaque p-8037-frosted-acrylic-sd-state-cutout-on-black-plaque p-8039-frosted-acrylic-tx-state-cutout-on-black-plaque p-8040-frosted-acrylic-ut-state-cutout-on-black-plaque p-8041-frosted-acrylic-va-state-cutout-on-black-plaque p-8042-frosted-acrylic-vt-state-cutout-on-black-plaque p-8043-frosted-acrylic-wa-state-cutout-on-black-plaque p-8044-frosted-acrylic-wi-state-cutout-on-black-plaque p-8045-frosted-acrylic-wv-state-cutout-on-black-plaque p-8046-frosted-acrylic-wy-state-cutout-on-black-plaque
CM286BB;CM286*;p-5620-cork-flask p-8082-leatherette-flask p-8793-leatherette-flask
CM286BL;CM286*;p-5620-cork-flask p-8082-leatherette-flask p-8793-leatherette-flask
CM286BS;CM286*;p-5620-cork-flask p-8082-leatherette-flask p-8793-leatherette-flask
CM286BV;CM286*;p-5620-cork-flask p-8082-leatherette-flask p-8793-leatherette-flask
CM286CK;CM286*;p-5620-cork-flask p-8082-leatherette-flask p-8793-leatherette-flask
CM286DB;CM286*;p-5620-cork-flask p-8082-leatherette-flask p-8793-leatherette-flask
CM286GR;CM286*;p-5620-cork-flask p-8082-leatherette-flask p-8793-leatherette-flask
CM286LB;CM286*;p-5620-cork-flask p-8082-leatherette-flask p-8793-leatherette-flask
CM286PK;CM286*;p-5620-cork-flask p-8082-leatherette-flask p-8793-leatherette-flask
CM286RS;CM286*;p-5620-cork-flask p-8082-leatherette-flask p-8793-leatherette-flask
CM286RW;CM286*;p-5620-cork-flask p-8082-leatherette-flask p-8793-leatherette-flask
CM286TL;CM286*;p-5620-cork-flask p-8082-leatherette-flask p-8793-leatherette-flask
CM288BS;CM288*;p-8824-leatherette-wine-bag-small p-8825-leatherette-wine-bag-large
CM288DB;CM288*;p-8824-leatherette-wine-bag-small p-8825-leatherette-wine-bag-large
CM288RW;CM288*;p-8824-leatherette-wine-bag-small p-8825-leatherette-wine-bag-large
CM288TL;CM288*;p-8824-leatherette-wine-bag-small p-8825-leatherette-wine-bag-large
CM289BB;CM289*;p-5617-cork-beverage-holder p-8077-leatherette-beverage-holder p-8781-leatherette-beverage-holder-large
CM289BL;CM289*;p-5617-cork-beverage-holder p-8077-leatherette-beverage-holder p-8781-leatherette-beverage-holder-large
CM289BS;CM289*;p-5617-cork-beverage-holder p-8077-leatherette-beverage-holder p-8781-leatherette-beverage-holder-large
CM289BV;CM289*;p-5617-cork-beverage-holder p-8077-leatherette-beverage-holder p-8781-leatherette-beverage-holder-large
CM289CK;CM289*;p-5617-cork-beverage-holder p-8077-leatherette-beverage-holder p-8781-leatherette-beverage-holder-large
CM289DB;CM289*;p-5617-cork-beverage-holder p-8077-leatherette-beverage-holder p-8781-leatherette-beverage-holder-large
CM289GR;CM289*;p-5617-cork-beverage-holder p-8077-leatherette-beverage-holder p-8781-leatherette-beverage-holder-large
CM289LB;CM289*;p-5617-cork-beverage-holder p-8077-leatherette-beverage-holder p-8781-leatherette-beverage-holder-large
CM289PK;CM289*;p-5617-cork-beverage-holder p-8077-leatherette-beverage-holder p-8781-leatherette-beverage-holder-large
CM289RS;CM289*;p-5617-cork-beverage-holder p-8077-leatherette-beverage-holder p-8781-leatherette-beverage-holder-large
CM289RW;CM289*;p-5617-cork-beverage-holder p-8077-leatherette-beverage-holder p-8781-leatherette-beverage-holder-large
CM289TL;CM289*;p-5617-cork-beverage-holder p-8077-leatherette-beverage-holder p-8781-leatherette-beverage-holder-large
CM289WM;CM289*;p-5617-cork-beverage-holder p-8077-leatherette-beverage-holder p-8781-leatherette-beverage-holder-large
CM415BB;CM415*;p-8085-leatherette-journal p-8797-leatherette-journal
CM415BS;CM415*;p-8085-leatherette-journal p-8797-leatherette-journal
CM415BV;CM415*;p-8085-leatherette-journal p-8797-leatherette-journal
CM415CK;CM415*;p-8085-leatherette-journal p-8797-leatherette-journal
CM415DB;CM415*;p-8085-leatherette-journal p-8797-leatherette-journal
CM415GR;CM415*;p-8085-leatherette-journal p-8797-leatherette-journal
CM415LB;CM415*;p-8085-leatherette-journal p-8797-leatherette-journal
CM415PK;CM415*;p-8085-leatherette-journal p-8797-leatherette-journal
CM415RS;CM415*;p-8085-leatherette-journal p-8797-leatherette-journal
CM415RW;CM415*;p-8085-leatherette-journal p-8797-leatherette-journal
CM415TL;CM415*;p-8085-leatherette-journal p-8797-leatherette-journal
CM415WM;CM415*;p-8085-leatherette-journal p-8797-leatherette-journal
CM721BS;CM721*;p-8773-journal-with-phone-pouch-small p-8774-journal-with-phone-pouch-large
CM721GR;CM721*;p-8773-journal-with-phone-pouch-small p-8774-journal-with-phone-pouch-large
CM721RW;CM721*;p-8773-journal-with-phone-pouch-small p-8774-journal-with-phone-pouch-large
CM722ABB;CM722A;p-8794-leatherette-frame-holds-small p-8795-leatherette-frame-holds-large
CM722ABS;CM722A;p-8794-leatherette-frame-holds-small p-8795-leatherette-frame-holds-large
CM722ABV;CM722A;p-8794-leatherette-frame-holds-small p-8795-leatherette-frame-holds-large
CM722AGR;CM722A;p-8794-leatherette-frame-holds-small p-8795-leatherette-frame-holds-large
CM722ALB;CM722A;p-8794-leatherette-frame-holds-small p-8795-leatherette-frame-holds-large
CM722ARW;CM722A;p-8794-leatherette-frame-holds-small p-8795-leatherette-frame-holds-large
CM722ATL;CM722A;p-8794-leatherette-frame-holds-small p-8795-leatherette-frame-holds-large
DCC3001CEB;DCC3001C*;p-6327-walnut-finish-plaque-w-choice-of-plate-board p-7912-choice-of-digi-medium
DCC3001CWN;DCC3001C*;p-6327-walnut-finish-plaque-w-choice-of-plate-board p-7912-choice-of-digi-medium
DCCD424ACU;DCCD424**;p-5678-large-rectangular-custom-digi-color-lucite-award p-8160-rectangular-digi-color-lucite-ribbon-award
DCCD424ARB;DCCD424**;p-5678-large-rectangular-custom-digi-color-lucite-award p-8160-rectangular-digi-color-lucite-ribbon-award
GI586BK;GI586*;p-6317-clear-and-black-crescent-curved-glass-award-trophy p-8896-two-tone-clear-and-blue-crescent-curved-glass-includes-silver-color
GI586BL;GI586*;p-6317-clear-and-black-crescent-curved-glass-award-trophy p-8896-two-tone-clear-and-blue-crescent-curved-glass-includes-silver-color
GI602BK;GI602*;p-5681-deco-clear-glass-with-black-glass-accents p-8750-deco-clear-glass-with-blue-glass-accents
GI602BL;GI602*;p-5681-deco-clear-glass-with-black-glass-accents p-8750-deco-clear-glass-with-blue-glass-accents
GM809ABL;GM809A*;p-8151-red-accent-clear-center-crystal p-8712-blue-accent-clear-center-crystal
GM809ARE;GM809A*;p-8151-red-accent-clear-center-crystal p-8712-blue-accent-clear-center-crystal
GM809BBL;GM809B*;p-8151-red-accent-clear-center-crystal p-8712-blue-accent-clear-center-crystal
GM809BRE;GM809B*;p-8151-red-accent-clear-center-crystal p-8712-blue-accent-clear-center-crystal
GM809CBL;GM809C*;p-8151-red-accent-clear-center-crystal p-8712-blue-accent-clear-center-crystal
GM809CRE;GM809C*;p-8151-red-accent-clear-center-crystal p-8712-blue-accent-clear-center-crystal
ZDCCD424RB;DCCD424**;p-5678-large-rectangular-custom-digi-color-lucite-award p-8160-rectangular-digi-color-lucite-ribbon-award
