verdict;healthy;blockers;handle;title;status;variants_now;expected_variants;ps_product_id;seed_id;ps_product_ids;kinds;paceSetter_lines;paceSetter_names;part_of;repoint;shared_with;appended_by_union;flags;legacy_sku;synced
MULTI_PRODUCT;no;varias familias;p-5318-custom-lasercut-lucite-awards-on-black-base;Custom Lasercut Lucite Awards on Black Base;ACTIVE;1;4;CD561B;CD561B;CD561B CD561C CD561D CD561E;CD561B=PRODUCT CD561C=PRODUCT CD561D=PRODUCT CD561E=PRODUCT;CD561B CD561C CD561D CD561E;"CD561B: Laser-Cut Lucite Contour 1/2"" Thick Up To 33 Sq In | CD561C: Laser-Cut Lucite Contour 1/2"" Thick Up To 47 Sq In | CD561D: Laser-Cut Lucite Contour 1/2"" Thick Up To 62 Sq In | CD561E: Laser-Cut Lucite Contour 1/2"" Thick Up To 79 Sq In";;;;;;PS6000;no
MULTI_PRODUCT;no;varias familias;p-5334-2-layer-multi-dimensional-digi-color-award;2-Layer Multi-Dimensional Digi-Color Award;ACTIVE;1;2;DCC0501A;DCC0501A;DCC0501A DCC0501B;DCC0501A=PRODUCT DCC0501B=PRODUCT;DCC0501A DCC0501B;DCC0501A: 2-Layer Multi-Dimensional Digi-Color Award | DCC0501B: 2-Layer Multi-Dimensional Digi-Color Award;;;;;;PS6016;no
MULTI_PRODUCT;no;varias familias;p-5336-2-tone-bamboo-cutting-board;2-Tone Bamboo Cutting Board;ACTIVE;1;2;CM419A;CM419A;CM419A CM419B;CM419A=PRODUCT CM419B=PRODUCT;CM419A CM419B;CM419A: 2-Tone Bamboo Cutting Board - Small | CM419B: 2-Tone Bamboo Cutting Board - Large;;;;;;PS6018;no
MULTI_PRODUCT;no;varias familias;p-5382-aquus-lucite-peak-award;Aquus Lucite Peak Award;ACTIVE;1;3;CDUS02A;CDUS02A;CDUS02A CDUS02B;CDUS02A=PRODUCT CDUS02B=PRODUCT;CDUS02A CDUS02B;CDUS02A: Aquus Lucite Peak Award - Small | CDUS02B: Aquus Lucite Peak Award - Medium;;;;;;PS6064;no
MULTI_PRODUCT;no;varias familias;p-5384-aquus-series-lucite-tablet-award;Aquus Series Lucite Tablet Award;ACTIVE;1;2;CDUS01A;CDUS01A;CDUS01A CDUS01B;CDUS01A=PRODUCT CDUS01B=PRODUCT;CDUS01A CDUS01B;CDUS01A: Aquus Lucite Tablet Award - Medium | CDUS01B: Aquus Lucite Tablet Award - Large;;;;;;PS6066;no
MULTI_PRODUCT;no;varias familias;p-5395-ashbourne-series-diamond-on-base;Ashbourne Series Diamond On Base;ACTIVE;1;3;GM410A;GM410A;GM410A GM410B GM410C;GM410A=PRODUCT GM410B=PRODUCT GM410C=PRODUCT;GM410A GM410B GM410C;GM410A: Diamond on Base - Small | GM410B: Diamond on Base - Medium | GM410C: Diamond on Base - Large;;;;;;PS6077;no
MULTI_PRODUCT;no;varias familias;p-5396-beveled-jade-glass-award-plaque;Beveled Jade Glass Award Plaque;ACTIVE;1;2;GM456C;GM456C;GM456C GM456D;GM456C=PRODUCT GM456D=PRODUCT;GM456C GM456D;GM456C: Beveled Jade Glass Crescent Plaque | GM456D: Beveled Jade Glass Crescent Plaque;;;;;;PS6078;no
MULTI_PRODUCT;no;varias familias;p-5397-avignon-crescents-beveled-jade-glass-plaque-award-trophy;Avignon Crescents Beveled Jade Glass Plaque Award Trophy;ACTIVE;1;2;GM456A;GM456A;GM456A GM456B;GM456A=PRODUCT GM456B=PRODUCT;GM456A GM456B;GM456A: Beveled Jade Glass Crescent Plaque | GM456B: Beveled Jade Glass Crescent Plaque;;;;;;PS6079;no
MULTI_PRODUCT;no;varias familias;p-5422-beveled-jade-glass-crescent-plaque;Beveled Jade Glass Crescent Plaque;ACTIVE;1;4;GM665A;GM665A;GM665A GM665B GM665C GM665D;GM665A=PRODUCT GM665B=PRODUCT GM665C=PRODUCT GM665D=PRODUCT;GM665A GM665B GM665C GM665D;GM665A: Beveled Jade Glass Crescent Plaque | GM665B: Beveled Jade Glass Crescent Plaque | GM665C: Beveled Jade Glass Crescent Plaque | GM665D: Beveled Jade Glass Crescent Plaque;;;;;;PS6104;no
MULTI_PRODUCT;no;varias familias;p-5475-blue-award-with-clear-lucite-base;Blue Award with Clear Lucite Base;ACTIVE;1;2;C0613;C0613;C0613 C0614;C0613=PRODUCT C0614=PRODUCT;C0613 C0614;C0613: Small Blue Dynasty Award with Clear Lucite Base | C0614: Large Blue Dynasty Award with Clear Lucite Base;;;;;;PS6157;no
MULTI_PRODUCT;no;varias familias;p-5526-bold-clear-crystal-wedge-award;Bold Clear Crystal Wedge Award;ACTIVE;1;2;GI635A;GI635A;GI635A GI635B;GI635A=PRODUCT GI635B=PRODUCT;GI635A GI635B;GI635A: Bold Clear Crystal Wedge - Medium | GI635B: Bold Clear Crystal Wedge - Large;;;;;;PS6208;no
MULTI_PRODUCT;no;varias familias;p-5586-clear-beveled-arrowhead-award-on-base;Clear Beveled Arrowhead Award on Base;ACTIVE;1;3;GM716A;GM716A;GM716A GM716B GM716C;GM716A=PRODUCT GM716B=PRODUCT GM716C=PRODUCT;GM716A GM716B GM716C;GM716A: Clear Glass Arrowhead on Base,  | GM716B: Clear Beveled Glass Arrowhead on Base - Medium | GM716C: Clear Beveled Glass Arrowhead on Base - Large;;;;;;PS6268;no
MULTI_PRODUCT;no;varias familias;p-5595-clear-crystal-star-award-on-base;Clear Crystal Star Award on Base;ACTIVE;1;3;GM711A;GM711A;GM711A GM711B GM711C;GM711A=PRODUCT GM711B=PRODUCT GM711C=PRODUCT;GM711A GM711B GM711C;GM711A: Clear Crystal Star on Base - Small | GM711B: Clear Crystal Star on Base - Medium | GM711C: Clear Crystal Star on Base - Large;;;;;;PS6277;no
MULTI_PRODUCT;no;varias familias · familia compartida con otro producto · variantes que lista otro producto · variantes que acabarían en otro producto;p-5610-clear-star-power-sculptured-lucite-award;Clear Star Power Sculptured Lucite Award;ACTIVE;1;6;CA21AXC;CA21AXC;CA21AXC CA21BXC;CA21AXC=PRODUCT CA21BXC=PRODUCT;CA21AX* CA21BX*;CA21AXC: Sculptured Lucite Star - Small | CA21BXC: Sculptured Lucite Star - Medium;;;;CA21AXB CA21AXG CA21BXB CA21BXG;+4 id(s) appended by the union · union reaches ids another store product owns;PS6292;no
MULTI_PRODUCT;no;varias familias;p-5612-cobalt-and-clear-optic-crystal-ribbon-award;Cobalt and Clear Optic Crystal Ribbon Award;ACTIVE;1;3;GM714A;GM714A;GM714A GM714B GM714C;GM714A=PRODUCT GM714B=PRODUCT GM714C=PRODUCT;GM714A GM714B GM714C;GM714A: Cobalt and Clear Optic Crystal Ribbon - Small | GM714B: Cobalt and Clear Optic Crystal Ribbon - Med | GM714C: Cobalt and Clear Optic Crystal Ribbon - Lrg;;;;;;PS6294;no
MULTI_PRODUCT;no;varias familias;p-5648-crystal-reaching-arch-award-on-glass-base;Crystal Reaching Arch Award on Glass Base;ACTIVE;1;2;GI524A;GI524A;GI524A GI524B;GI524A=PRODUCT GI524B=PRODUCT;GI524A GI524B;GI524A: Optic Crystal Reaching Arch on Black Glass Base - Small | GI524B: Optic Crystal Reaching Arch on Black Glass Base - Large;;;;;;PS6330;no
MULTI_PRODUCT;no;varias familias;p-5671-diamond-glass-award-on-chrome-base;Diamond Glass Award On Chrome Base;ACTIVE;1;2;GI27A;GI27A;GI27A GI27B;GI27A=PRODUCT GI27B=PRODUCT;GI27A GI27B;GI27A: Starphire Glass with Brushed Silver Base- Medium | GI27B: Starphire Glass with Brushed Silver Base- Large;;;;;;PS6353;no
MULTI_PRODUCT;no;varias familias;p-5673-crystal-with-metal-stars-topped-tower-award;Crystal with Metal Stars Topped Tower Award;ACTIVE;1;2;GM562B;GM562B;GM562B GM562C;GM562B=PRODUCT GM562C=PRODUCT;GM562B GM562C;GM562B: Silver Star Topped Optic Crystal Tower - Medium | GM562C: Silver Star Topped Optic Crystal Tower - Large;;;;;;PS6355;no
MULTI_PRODUCT;no;varias familias · familia compartida con otro producto · variantes que lista otro producto · variantes que acabarían en otro producto;p-5678-large-rectangular-custom-digi-color-lucite-award;Large Rectangular Custom Digi Color Lucite Award;ACTIVE;1;5;DCCD424ACU;DCCD424ACU;DCCD424ACU DCCD424BCU;DCCD424ACU=PRODUCT DCCD424BCU=PRODUCT;DCCD424** DCCD424B;DCCD424ACU: Medium Digi-Color Lucite Award | DCCD424BCU: Medium Digi-Color Lucite Award;;;;DCCD424ARB;+1 id(s) appended by the union · union reaches ids another store product owns;PS6360;no
MULTI_PRODUCT;no;varias familias;p-5683-deep-beveled-back-on-base;Deep Beveled Back On Base;ACTIVE;1;3;GM411A;GM411A;GM411A GM411B GM411C;GM411A=PRODUCT GM411B=PRODUCT GM411C=PRODUCT;GM411A GM411B GM411C;GM411A: Deep Beveled Back on Base - Small | GM411B: Deep Beveled Back on Base - Medium | GM411C: Deep Beveled Back on Base - Large;;;;;;PS6365;no
MULTI_PRODUCT;no;varias familias;p-5685-diamond-bevel-glass-and-marble-pillar-base-award;Diamond Bevel Glass and Marble Pillar Base Award;ACTIVE;1;2;GM726A;GM726A;GM726A GM726B;GM726A=PRODUCT GM726B=PRODUCT;GM726A GM726B;GM726A: Diamond Bevel Glass and Marble Pillar Base - Small | GM726B: Diamond Bevel Glass and Marble Pillar Base - Large;;;;;;PS6367;no
MULTI_PRODUCT;no;varias familias;p-5707-ebony-plaque-with-raised-starphire-glass;Ebony Plaque with Raised Starphire Glass;ACTIVE;1;2;G0655A;G0655A;G0655A G0655B;G0655A=PRODUCT G0655B=PRODUCT;G0655A G0655B;G0655A: Ebony Piano Finish Board with Raised Starphire Glass | G0655B: Ebony Piano Finish Board with Raised Starphire Glass;;;;;;PS6389;no
MULTI_PRODUCT;no;varias familias;p-5720-etched-premium-standing-jade-tablet-large;Etched Premium Standing Jade Tablet Large;ACTIVE;1;2;GM446A;GM446A;GM446A GM446B;GM446A=PRODUCT GM446B=PRODUCT;GM446A GM446B;GM446A: Premium Standing Jade Glass Tablet - Small | GM446B: Premium Standing Jade Glass Tablet - Medium;;;;;;PS6402;no
MULTI_PRODUCT;no;varias familias;p-5721-optic-crystal-pyramid-award-trophy;Optic Crystal Pyramid Award Trophy;ACTIVE;1;3;GNS180A;GNS180A;GNS180A GNS180B GNS180C;GNS180A=PRODUCT GNS180B=PRODUCT GNS180C=PRODUCT;GNS180A GNS180B GNS180C;GNS180A: Optic Crystal Pyramid - Small | GNS180B: Optic Crystal Pyramid - Med | GNS180C: Optic Crystal Pyramid - Lrg;;;;;;PS6403;no
MULTI_PRODUCT;no;varias familias;p-5728-florence-series-faceted-crystal-circle-award;Florence Series Faceted Crystal Circle Award;ACTIVE;1;3;GM615A;GM615A;GM615A GM615B GM615C;GM615A=PRODUCT GM615B=PRODUCT GM615C=PRODUCT;GM615A GM615B GM615C;GM615A: Faceted Crystal Circle - Small | GM615B: Faceted Crystal Circle - Medium | GM615C: Faceted Crystal Circle - Large;;;;;;PS6410;no
MULTI_PRODUCT;no;ids que no son un producto vivo · varias familias · familia compartida con otro producto;p-5753-freestanding-lucite-block;Freestanding Lucite Block;ACTIVE;1;2;CD549B;C0813A;CD549B C0812A CD549C C0813A C0812B C0813B C0812C;CD549B=PART C0812A=PART CD549C=PART C0813A=PRODUCT C0812B=PART C0813B=PRODUCT C0812C=PART;C0813A C0813B;C0813A: Freestanding Lucite Block | C0813B: Freestanding Lucite Block;CD549B->CD549 C0812A->C0812 CD549C->CD549 C0812B->C0812 C0812C->C0812;shared;;;canonical CD549B unusable, drive by C0813A · 5 dead id(s) · lists part ids of another product;PS6435;no
MULTI_PRODUCT;no;varias familias;p-5873-glass-droplets-indigo-stream-art-glass-award;Glass Droplets Indigo Stream Art Glass Award;ACTIVE;1;2;GM435B;GM435B;GM435B GM435C;GM435B=PRODUCT GM435C=PRODUCT;GM435B GM435C;GM435B: Indigo Stream Art Glass - Medium (Includes Silver Color-Fill on Base Only) | GM435C: Indigo Stream Art Glass - Large (Includes Silver Color-Fill on Base Only);;;;;;PS6555;no
MULTI_PRODUCT;no;varias familias;p-5875-glass-shield-w-diamond-on-base;Glass Shield w/ Diamond On Base;ACTIVE;1;3;GM617A;GM617A;GM617A GM617B GM617C;GM617A=PRODUCT GM617B=PRODUCT GM617C=PRODUCT;GM617A GM617B GM617C;GM617A: Reflective Glass Shield with Diamond  on Black Glass Base - Small | GM617B: Reflective Glass Shield with Diamond  on Black Glass Base - Medium | GM617C: Reflective Glass Shield with Diamond  on Black Glass Base - Large;;;;;;PS6557;no
MULTI_PRODUCT;no;varias familias · familia compartida con otro producto · variantes que lista otro producto · variantes que acabarían en otro producto;p-5890-lucite-riser-plaque-with-choice-of-plate;Lucite Riser Plaque with Choice Of Plate;ACTIVE;1;4;C6801GO;C6801GO;C6801GO C6802GO;C6801GO=PRODUCT C6802GO=PRODUCT;C6801* C6802*;C6801GO: Hi-Tech Lucite Riser Plaque with Wood Backing and Plate | C6802GO: Hi-Tech Lucite Riser Plaque with Wood Backing and Plate;;;;C6801S C6802S;+2 id(s) appended by the union · union reaches ids another store product owns;PS6572;no
MULTI_PRODUCT;no;varias familias · familia compartida con otro producto · variantes que lista otro producto · variantes que acabarían en otro producto;p-5901-gold-star-power-sculptured-lucite-award;Gold Star Power Sculptured Lucite Award;ACTIVE;1;6;CA21AXG;CA21AXG;CA21AXG CA21BXG;CA21AXG=PRODUCT CA21BXG=PRODUCT;CA21AX* CA21BX*;CA21AXG: Sculptured Lucite Star - Small | CA21BXG: Sculptured Lucite Star - Medium;;;;CA21AXB CA21AXC CA21BXB CA21BXC;+4 id(s) appended by the union · union reaches ids another store product owns;PS6583;no
MULTI_PRODUCT;no;varias familias;p-5921-grooved-brilliance-plaque;Grooved Brilliance Plaque;ACTIVE;1;2;CD959G;CD959G;CD959G CD959S;CD959G=PRODUCT CD959S=PRODUCT;CD959G CD959*;CD959G: Grooved Brilliance Plaque | CD959S: Grooved Brilliance Plaque;;;;;;PS6603;no
MULTI_PRODUCT;no;varias familias;p-5932-jade-faceted-circle-award-trophy;Jade Faceted Circle Award Trophy;ACTIVE;1;3;GM663A;GM663A;GM663A GM663B GM663C;GM663A=PRODUCT GM663B=PRODUCT GM663C=PRODUCT;GM663A GM663B GM663C;GM663A: Pearl Edge Circle Clear - Small | GM663B: Pearl Edge Circle Clear - Medium | GM663C: Pearl Edge Circle Clear - Large;;;;;;PS6614;no
MULTI_PRODUCT;no;varias familias;p-5934-jade-faceted-flame-award-trophy;Jade Faceted Flame Award Trophy;ACTIVE;1;3;GM662A;GM662A;GM662A GM662B GM662C;GM662A=PRODUCT GM662B=PRODUCT GM662C=PRODUCT;GM662A GM662B GM662C;GM662A: Pearl Edge Flame Clear - Small | GM662B: Pearl Edge Flame Clear - Medium | GM662C: Pearl Edge Flame Clear - Large;;;;;;PS6616;no
MULTI_PRODUCT;no;varias familias;p-5936-jade-glass-circle-on-base;Jade Glass Circle On Base;ACTIVE;1;2;GI496A;GI496A;GI496A GI496B;GI496A=PRODUCT GI496B=PRODUCT;GI496A GI496B;GI496A: Jade Glass Circle on Base - Medium | GI496B: Jade Glass Circle on Base - Large;;;;;;PS6618;no
MULTI_PRODUCT;no;varias familias;p-5944-jade-glass-slant-peak-on-base-award-trophy;Jade Glass Slant Peak On Base Award Trophy;ACTIVE;1;3;GI527A;GI527A;GI527A GI527B GI527C;GI527A=PRODUCT GI527B=PRODUCT GI527C=PRODUCT;GI527A GI527B GI527C;GI527A: Jade Glass Slant Peak on Base - Small | GI527B: Jade Glass Slant Peak on Base - Medium | GI527C: Jade Glass Slant Peak on Base - Large;;;;;;PS6626;no
MULTI_PRODUCT;no;varias familias;p-5946-jade-glass-star-crescent-award-trophy;Jade Glass Star Crescent Award Trophy;ACTIVE;1;2;GM668A;GM668A;GM668A GM668B;GM668A=PRODUCT GM668B=PRODUCT;GM668A GM668B;GM668A: Jade Glass Star Crescent | GM668B: Jade Glass Star Crescent;;;;;;PS6628;no
MULTI_PRODUCT;no;varias familias;p-5958-laser-carved-alder-wood-plaque;Laser Carved Alder Wood Plaque;ACTIVE;1;2;CD83A;CD83A;CD83A CD83B;CD83A=PRODUCT CD83B=PRODUCT;CD83A CD83B;CD83A: Genuine Alder Wood Plaque | CD83B: Genuine Alder Wood Plaque;;;;;;PS6640;no
MULTI_PRODUCT;no;varias familias;p-5959-laser-etched-premium-flame-on-base;Laser Etched Premium Flame On Base;ACTIVE;1;3;GM442A;GM442A;GM442A GM442B GM442C;GM442A=PRODUCT GM442B=PRODUCT GM442C=PRODUCT;GM442A GM442B GM442C;GM442A: Premium Jade Glass Flame on Base - Small | GM442B: Premium Jade Glass Flame on Base - Medium | GM442C: Premium Jade Glass Flame on Base - Large;;;;;;PS6641;no
MULTI_PRODUCT;no;varias familias;p-5960-laser-etched-premium-octagon-on-base-small;Laser Etched Premium Octagon On Base Small;ACTIVE;1;2;GM444B;GM444B;GM444B GM444C;GM444B=PRODUCT GM444C=PRODUCT;GM444B GM444C;GM444B: Premium Jade Glass Octagon on Base - Medium | GM444C: Premium Jade Glass Octagon on Base - Large;;;;;;PS6642;no
MULTI_PRODUCT;no;varias familias;p-5973-custom-layered-lasercut-awards;Custom Layered Lasercut Awards;ACTIVE;1;2;CD571B;CD571B;CD571B CD571C;CD571B=PRODUCT CD571C=PRODUCT;CD571B CD571C;"CD571B: Layered Laser-Cut Lucite Contour 3/8"" Thick Up To 33 Sq In | CD571C: Layered Laser-Cut Lucite Contour 3/8"" Thick Up To 47 Sq In";;;;;;PS6655;no
MULTI_PRODUCT;no;varias familias;p-6119-optic-crystal-globe-on-base-award-trophy;Optic Crystal Globe On Base Award Trophy;ACTIVE;1;2;G0713A;G0713A;G0713A G0713B;G0713A=PRODUCT G0713B=PRODUCT;G0713A G0713B;G0713A: Optic Crystal Globe on Base - Small | G0713B: Optic Crystal Globe on Base - Medium;;;;;;PS6801;no
MULTI_PRODUCT;no;varias familias;p-6123-optic-crystal-obelisk;Optic Crystal Obelisk;ACTIVE;1;2;GI26A;GI26A;GI26A GI26B;GI26A=PRODUCT GI26B=PRODUCT;GI26A GI26B;GI26A: Optic Crystal Obelisk - Medium | GI26B: Optic Crystal Obelisk - Large;;;;;;PS6805;no
MULTI_PRODUCT;no;varias familias;p-6125-optic-crystal-palace-award-trophy;Optic Crystal Palace Award Trophy;ACTIVE;1;3;GM713A;GM713A;GM713A GM713B GM713C;GM713A=PRODUCT GM713B=PRODUCT GM713C=PRODUCT;GM713A GM713B GM713C;GM713A: Optic Crystal Palace Award - Small | GM713B: Optic Crystal Palace Award - Medium | GM713C: Optic Crystal Palace Award - Large;;;;;;PS6807;no
MULTI_PRODUCT;no;varias familias;p-6139-optic-crystal-triangle-front-pillar;Optic Crystal Triangle Front Pillar;ACTIVE;1;2;GM631A;GM631A;GM631A GM631B;GM631A=PRODUCT GM631B=PRODUCT;GM631A GM631B;GM631A: Optic Crystal Triangle Front Pillar - Small | GM631B: Optic Crystal Triangle Front Pillar - Medium;;;;;;PS6821;no
MULTI_PRODUCT;no;varias familias;p-6146-optic-crystal-with-blue-glass-pillars;Optic Crystal With Blue Glass Pillars;ACTIVE;1;2;GM422B;GM422B;GM422B GM422C;GM422B=PRODUCT GM422C=PRODUCT;GM422B GM422C;GM422B: Optic Crystal with Blue Glass Pillars - Medium | GM422C: Optic Crystal with Blue Glass Pillars - Large;;;;;;PS6828;no
MULTI_PRODUCT;no;ids que no son un producto vivo · varias familias;p-6180-promo-glass-clear-leaf-award-on-black-and-clear-base;Promo Glass Clear Leaf Award on Black and Clear Base;ACTIVE;1;3;GM715A;GM715A;GM715A GM715B GM715C;GM715A=PRODUCT GM715B=PART GM715C=PRODUCT;GM715A GM715C;GM715A: Promo Glass Clear Leaf on Black and Clear Glass Base - Sm | GM715C: Promo Glass Clear Leaf on Black and Clear Glass Base - Lrg;GM715B->GM715A;simple;;;1 dead id(s) · lists part ids of another product;PS6862;no
MULTI_PRODUCT;no;varias familias;p-6181-promo-glass-award-with-mirror-and-texture-accent-on-clear-base;Promo Glass Award with Mirror and Texture Accent on Clear Base;ACTIVE;1;4;GM728A;GM728A;GM728A GM729A GM728B GM729B;GM728A=PRODUCT GM729A=PRODUCT GM728B=PRODUCT GM729B=PRODUCT;GM728A GM729A GM728B GM729B;GM728A: Promo Glass with Mirror and Texture Accent on Clear Base - Small | GM729A: Promo Glass with Mirror and Texture Accent on Clear Base - Small | GM728B: Promo Glass with Mirror and Texture Accent on Clear Base - Large | GM729B: Promo Glass with Mirror and Texture Accent on Clear Base - Large;;;;;;PS6863;no
MULTI_PRODUCT;no;varias familias;p-6188-rectangle-bevel-glass-award-and-marble-pillar-base;Rectangle Bevel Glass Award and Marble Pillar Base;ACTIVE;1;2;GM725A;GM725A;GM725A GM725B;GM725A=PRODUCT GM725B=PRODUCT;GM725A GM725B;GM725A: Rectangle Bevel Glass and Marble Pillar Base - Small | GM725B: Rectangle Bevel Glass and Marble Pillar Base - Large;;;;;;PS6870;no
MULTI_PRODUCT;no;varias familias;p-6215-rosewood-plaque-w-raised-starphire-glass;Rosewood Plaque w/ Raised Starphire Glass;ACTIVE;1;2;G0656A;G0656A;G0656A G0656B;G0656A=PRODUCT G0656B=PRODUCT;G0656A G0656B;G0656A: Rosewood Piano Finish Board with Raised Starphire Glass | G0656B: Rosewood Piano Finish Board with Raised Starphire Glass;;;;;;PS6897;no
MULTI_PRODUCT;no;varias familias;p-6232-round-crystal-plate-with-crystal-stand;Round Crystal Plate with Crystal Stand;ACTIVE;1;3;GM730A;GM730A;GM730A GM730B GM730C;GM730A=PRODUCT GM730B=PRODUCT GM730C=PRODUCT;GM730A GM730B GM730C;GM730A: Round Crystal Plate with Crystal Stand | GM730B: Round Crystal Plate with Crystal Stand | GM730C: Round Crystal Plate with Crystal Stand;;;;;;PS6914;no
MULTI_PRODUCT;no;varias familias · familia compartida con otro producto · variantes que lista otro producto · variantes que acabarían en otro producto;p-6241-silver-lucite-riser-plaque;Silver Lucite Riser Plaque;ACTIVE;1;4;C6801S;C6801S;C6801S C6802S;C6801S=PRODUCT C6802S=PRODUCT;C6801* C6802*;C6801S: Hi-Tech Lucite Riser Plaque with Wood Backing and Plate | C6802S: Hi-Tech Lucite Riser Plaque with Wood Backing and Plate;;;;C6801GO C6802GO;+2 id(s) appended by the union · union reaches ids another store product owns;PS6923;no
MULTI_PRODUCT;no;varias familias;p-6250-silver-star-cutout-trophy-cup;Silver Star Cutout Trophy Cup;ACTIVE;1;3;CM400A;CM400A;CM400A CM400B CM400C;CM400A=PRODUCT CM400B=PRODUCT CM400C=PRODUCT;CM400A CM400B CM400C;CM400A: Silver Star Cutout Trophy Cup - Small | CM400B: Silver Star Cutout Trophy Cup - Medium | CM400C: Silver Star Cutout Trophy Cup - Large;;;;;;PS6932;no
MULTI_PRODUCT;no;ids que no son un producto vivo · varias familias;p-6280-soaring-excellence-gold-eagle-award-trophy;Soaring Excellence Gold Eagle Award Trophy;ACTIVE;1;3;CBE109A;CBE109A;CBE109A CBE109B CBE109C AE700 AE710 AE720;CBE109A=PRODUCT CBE109B=PRODUCT CBE109C=PRODUCT AE700=ORPHAN AE710=ORPHAN AE720=ORPHAN;CBE109A CBE109B CBE109C;CBE109A: Gold Antique Finish Resin Cast Eagle - Small | CBE109B: Gold Antique Finish Resin Cast Eagle - Medium | CBE109C: Gold Antique Finish Resin Cast Eagle - Large;;;;;3 dead id(s);PS6962;no
MULTI_PRODUCT;no;varias familias;p-6302-sweeping-ribbon-award-clear;Sweeping Ribbon Award Clear;ACTIVE;1;4;CD1022ACL;CD1022ACL;CD1022ACL CD1022BCL CD1022CCL;CD1022ACL=PRODUCT CD1022BCL=PRODUCT CD1022CCL=PRODUCT;CD1022ACL CD1022BCL CD1022CCL;CD1022ACL: Sweeping Ribbon Award  - Small | CD1022BCL: Sweeping Ribbon Award - Medium | CD1022CCL: Sweeping Ribbon Award - Large;;;;;;PS6984;no
MULTI_PRODUCT;no;varias familias · familia compartida con otro producto · variantes que lista otro producto · variantes que acabarían en otro producto;p-6327-walnut-finish-plaque-w-choice-of-plate-board;Walnut Finish Plaque w/ Choice Of Plate & Board;ACTIVE;1;6;DCC3001CWN;DCC3001CWN;DCC3001CWN DCC3001DWN DCC3001EWN;DCC3001CWN=PRODUCT DCC3001DWN=PRODUCT DCC3001EWN=PRODUCT;DCC3001C* DCC3001D* DCC3001E*;DCC3001CWN: Choice of Digi-Color Plate on Economy Board | DCC3001DWN: Choice of Digi-Color Plate on Economy Board | DCC3001EWN: Choice of Digi-Color Plate on Economy Board;;;;DCC3001CEB DCC3001DEB DCC3001EEB;+3 id(s) appended by the union · union reaches ids another store product owns;PS7009;no
MULTI_PRODUCT;no;varias familias;p-7864-beveled-crystal-circle-award-trophy;Beveled Crystal Circle Award Trophy;ACTIVE;1;2;GM757B;GM757B;GM757B GM757C;GM757B=PRODUCT GM757C=PRODUCT;GM757B GM757C;GM757B: Beveled Crystal Circle, Med | GM757C: Beveled Crystal Circle, Lrg;;;;;;PS8174;no
MULTI_PRODUCT;no;varias familias;p-7869-beveled-jade-glass-crescent-plaque-small;Beveled Jade Glass Crescent Plaque Small;ACTIVE;1;3;GM823C;GM823C;GM823C GM823D GM823E;GM823C=PRODUCT GM823D=PRODUCT GM823E=PRODUCT;GM823C GM823D GM823E;GM823C: Beveled Jade Glass Crescent Plaque | GM823D: Beveled Jade Glass Crescent Plaque | GM823E: Beveled Jade Glass Crescent Plaque;;;;;;PS8188;no
MULTI_PRODUCT;no;varias familias;p-7878-black-diamond-carve-lucite-award;Black Diamond Carve Lucite Award;ACTIVE;1;2;CD1103A;CD1103A;CD1103A CD1103B;CD1103A=PRODUCT CD1103B=PRODUCT;CD1103A CD1103B;CD1103A: Black Diamond Carve, Small | CD1103B: Black Diamond Carve, Med;;;;;;PS8213;no
MULTI_PRODUCT;no;varias familias;p-7909-carved-flame-with-blue-accent-award;Carved Flame with Blue Accent Award;ACTIVE;1;2;GM822A;GM822A;GM822A GM822B;GM822A=PRODUCT GM822B=PRODUCT;GM822A GM822B;GM822A: Carved Flame with Blue Accent | GM822B: Carved Flame with Blue Accent;;;;;;PS8335;no
MULTI_PRODUCT;no;varias familias;p-7928-clear-crystal-wave-small;Clear Crystal Wave Small;ACTIVE;1;2;GM817B;GM817B;GM817B GM817C;GM817B=PRODUCT GM817C=PRODUCT;GM817B GM817C;GM817B: Clear Crystal Wave | GM817C: Clear Crystal Wave;;;;;;PS8394;no
MULTI_PRODUCT;no;varias familias;p-7934-clear-monolith-with-blue-insert;Clear Monolith with Blue Insert;ACTIVE;1;2;GM748A;GM748A;GM748A GM748B;GM748A=PRODUCT GM748B=PRODUCT;GM748A GM748B;GM748A: Clear Monolith with Blue Insert, Small | GM748B: Clear Monolith with Blue Insert, Large;;;;;;PS8412;no
MULTI_PRODUCT;no;varias familias;p-7935-clear-star-award-with-blue-triangle-base;Clear Star Award with Blue Triangle Base;ACTIVE;1;2;GM746A;GM746A;GM746A GM746B;GM746A=PRODUCT GM746B=PRODUCT;GM746A GM746B;GM746A: Clear Star with Blue Triangle Base, Small | GM746B: Clear Star with Blue Triangle Base, Large;;;;;;PS8418;no
MULTI_PRODUCT;no;varias familias;p-7937-clear-swoop-with-black-clear-base-large;Clear Swoop  with Black & Clear Base Large;ACTIVE;1;2;GM811A;GM811A;GM811A GM811B;GM811A=PRODUCT GM811B=PRODUCT;GM811A GM811B;GM811A: Clear Swoop  with Black & Clear Base | GM811B: Clear Swoop  with Black & Clear Base;;;;;;PS8420;no
MULTI_PRODUCT;no;varias familias;p-7938-clear-swoop-with-black-accent;Clear Swoop with Black Accent;ACTIVE;1;3;GM812A;GM812A;GM812A GM812B GM812C;GM812A=PRODUCT GM812B=PRODUCT GM812C=PRODUCT;GM812A GM812B GM812C;GM812A: Clear Swoop with Black Accent | GM812B: Clear Swoop with Black Accent | GM812C: Clear Swoop with Black Accent;;;;;;PS8421;no
MULTI_PRODUCT;no;ids que no son un producto vivo · varias familias;p-7951-crystal-column-sports-award-with-ball;Crystal Column Sports Award with Ball;ACTIVE;1;12;GM833B;GM833B;GM833B GM833L GM833M GM833A GM833D GM833H GM833J GM833G GM833F GM833K GM833C GM833I GM833E;GM833B=PRODUCT GM833L=PRODUCT GM833M=PRODUCT GM833A=PRODUCT GM833D=PRODUCT GM833H=PRODUCT GM833J=PRODUCT GM833G=PRODUCT GM833F=ORPHAN GM833K=PRODUCT GM833C=PRODUCT GM833I=PRODUCT GM833E=PRODUCT;GM833B GM833L GM833M GM833A GM833D GM833H GM833J GM833G GM833K GM833C GM833I GM833E;GM833B: Crystal Column with Ball, Female Softball | GM833L: Crystal Column with Ball, Male Volleyball | GM833M: Crystal Column with Ball, Female Volleyball | GM833A: Crystal Column with Ball, Male Baseball | GM833D: Crystal Column with Ball, Female Basketball | GM833H: Crystal Column with Ball, Male Soccer | GM833J: Crystal Column with Ball, Male Tennis | GM833G: Crystal Column with Ball, Female Golf | GM833K: Crystal Column with Ball, Female Tennis | GM833C: Crystal Column with Ball, Male Basketball | GM833I: Crystal Column with Ball, Female Soccer | GM833E: Crystal Column with Ball, Football;;;;;1 dead id(s);PS8464;no
MULTI_PRODUCT;no;varias familias;p-7956-crystal-octagon;Crystal Octagon;ACTIVE;1;3;GM756A;GM756A;GM756A GM756B GM756C;GM756A=PRODUCT GM756B=PRODUCT GM756C=PRODUCT;GM756A GM756B GM756C;GM756A: Crystal Octagon, Small | GM756B: Crystal Octagon, Med | GM756C: Crystal Octagon, Lrg;;;;;;PS8474;no
MULTI_PRODUCT;no;varias familias;p-7964-crystal-sports-tower;Crystal Sports Tower;ACTIVE;1;19;GM832G;GM832G;GM832G GM832E GM832Q GM832B GM832L GM832J GM832K GM806C GM832C GM832M GM806D GM832I GM832D GM832N GM832A GM832H GM832O GM832P GM806E;GM832G=PRODUCT GM832E=PRODUCT GM832Q=PRODUCT GM832B=PRODUCT GM832L=PRODUCT GM832J=PRODUCT GM832K=PRODUCT GM806C=PRODUCT GM832C=PRODUCT GM832M=PRODUCT GM806D=PRODUCT GM832I=PRODUCT GM832D=PRODUCT GM832N=PRODUCT GM832A=PRODUCT GM832H=PRODUCT GM832O=PRODUCT GM832P=PRODUCT GM806E=PRODUCT;GM832G GM832E GM832Q GM832C GM832L GM832J GM832K GM806C GM832M GM806D GM832I GM832D GM832N GM832A GM832H GM832O GM832P GM806E;GM832G: Crystal Tower, Cheerleader | GM832E: Crystal Tower, Football | GM832Q: Crystal Tower, Wrestling | GM832B: Crystal Tower, Male Basketball | GM832L: Crystal Tower, Female Soccer | GM832J: Crystal Tower, Hockey | GM832K: Crystal Tower, Male Soccer | GM806C: Crystal Tower    | GM832C: Crystal Tower, Male Basketball | GM832M: Crystal Tower, Male Tennis | GM806D: Crystal Tower    | GM832I: Crystal Tower, Female Golf | GM832D: Crystal Tower, Female Basketball | GM832N: Crystal Tower, Female Tennis | GM832A: Crystal Tower, Male Baseball | GM832H: Crystal Tower, Male Golf | GM832O: Crystal Tower, Male Volleyball | GM832P: Crystal Tower, Female Volleyball | GM806E: Crystal Tower   ;;;;;;PS8501;no
MULTI_PRODUCT;no;varias familias;p-7965-crystal-tower-award;Crystal Tower Award;ACTIVE;1;2;GM806A;GM806A;GM806A GM806B;GM806A=PRODUCT GM806B=PRODUCT;GM806A GM806B;GM806A: Crystal Tower    | GM806B: Crystal Tower   ;;;;;;PS8502;no
MULTI_PRODUCT;no;varias familias;p-7974-diamond-columns;Diamond Columns;ACTIVE;1;3;GM818A;GM818A;GM818A GM818B GM818C;GM818A=PRODUCT GM818B=PRODUCT GM818C=PRODUCT;GM818A GM818B GM818C;GM818A: Diamond Columns | GM818B: Diamond Columns | GM818C: Diamond Columns;;;;;;PS8541;no
MULTI_PRODUCT;no;varias familias;p-7987-faceted-circle-wedge-on-slant-side-base-large;Faceted Circle Wedge on Slant Side Base Large;ACTIVE;1;2;GM815A;GM815A;GM815A GM815B;GM815A=PRODUCT GM815B=PRODUCT;GM815A GM815B;GM815A: Faceted Circle Wedge on Slant Side Base | GM815B: Faceted Circle Wedge on Slant Side Base;;;;;;PS8593;no
MULTI_PRODUCT;no;varias familias;p-7990-faceted-edge-circle-award-on-slant-base;Faceted Edge Circle Award on Slant Base;ACTIVE;1;3;GM814A;GM814A;GM814A GM814B GM814C;GM814A=PRODUCT GM814B=PRODUCT GM814C=PRODUCT;GM814A GM814B GM814C;GM814A: Faceted Edge Circle on Slant Base | GM814B: Faceted Edge Circle on Slant Base | GM814C: Faceted Edge Circle on Slant Base;;;;;;PS8597;no
MULTI_PRODUCT;no;varias familias;p-8113-modern-flame-clear-crystal-award;Modern Flame Clear Crystal Award;ACTIVE;1;3;GM816A;GM816A;GM816A GM816B GM816C;GM816A=PRODUCT GM816B=PRODUCT GM816C=PRODUCT;GM816A GM816B GM816C;GM816A: Modern Flame Clear Crystal | GM816B: Modern Flame Clear Crystal | GM816C: Modern Flame Clear Crystal;;;;;;PS9176;no
MULTI_PRODUCT;no;varias familias;p-8142-portable-wine-rack;Portable Wine Rack;ACTIVE;1;2;CM756A;CM756A;CM756A CM756B;CM756A=PRODUCT CM756B=PRODUCT;CM756A CM756B;CM756A: Portable Wine Rack | CM756B: Portable Wine Rack;;;;;;PS9285;no
MULTI_PRODUCT;no;varias familias;p-8149-puzzle-piece-awards;Puzzle Piece Awards;ACTIVE;1;3;CD1050A;CD1050A;CD1050A CD1050B CD1050C;CD1050A=PRODUCT CD1050B=PRODUCT CD1050C=PRODUCT;CD1050A CD1050B CD1050C;CD1050A: Puzzle Piece, Beginning  | CD1050B: Puzzle Piece, Middle | CD1050C: Puzzle Piece, End;;;;;;PS9311;no
MULTI_PRODUCT;no;varias familias · familia compartida con otro producto · variantes que lista otro producto · variantes que acabarían en otro producto;p-8151-red-accent-clear-center-crystal;Red Accent Clear Center Crystal;ACTIVE;1;6;GM809ARE;GM809ARE;GM809ARE GM809BRE GM809CRE;GM809ARE=PRODUCT GM809BRE=PRODUCT GM809CRE=PRODUCT;GM809A* GM809B* GM809C*;GM809ARE: Red Accent Clear Center Crystal | GM809BRE: Red Accent Clear Center Crystal | GM809CRE: Red Accent Clear Center Crystal;;;;GM809ABL GM809BBL GM809CBL;+3 id(s) appended by the union · union reaches ids another store product owns;PS9323;no
MULTI_PRODUCT;no;varias familias · familia compartida con otro producto · variantes que lista otro producto · variantes que acabarían en otro producto;p-8160-rectangular-digi-color-lucite-ribbon-award;Rectangular Digi Color Lucite Ribbon Award;ACTIVE;1;4;DCCD424ARB;DCCD424ARB;DCCD424ARB DCCD424BRB;DCCD424ARB=PRODUCT DCCD424BRB=PRODUCT;DCCD424** DCCD425**;DCCD424ARB: Medium Digi-Color Lucite Award | DCCD424BRB: Large Digi-Color Lucite Award;;;;DCCD424ACU;+1 id(s) appended by the union · union reaches ids another store product owns;PS9350;no
MULTI_PRODUCT;no;varias familias;p-8193-star-tower-award;Star Tower Award;ACTIVE;1;2;GM744B;GM744B;GM744B GM744C;GM744B=PRODUCT GM744C=PRODUCT;GM744B GM744C;GM744B: Star Tower, Medium | GM744C: Star Tower, Large;;;;;;PS9482;no
MULTI_PRODUCT;no;ids que no son un producto vivo · varias familias;p-8213-two-tone-wood-alder-plaque;Two-Tone Wood Alder Plaque;ACTIVE;1;2;CD1038A;CD1038A;CD1038A CD1037A CD1039A CD1038B CD1037B CD1039B;CD1038A=PRODUCT CD1037A=PART CD1039A=ORPHAN CD1038B=PRODUCT CD1037B=PART CD1039B=ORPHAN;CD1038A CD1038B;CD1038A: Two-Tone Wood Plaque, 8x10 | CD1038B: Two-Tone Wood Plaque, 9x12;CD1037A->CD1037 CD1037B->CD1037;simple;;;4 dead id(s) · lists part ids of another product;PS9538;no
MULTI_PRODUCT;no;varias familias · familia compartida con otro producto · variantes que lista otro producto · variantes que acabarían en otro producto;p-8712-blue-accent-clear-center-crystal;Blue  Accent Clear Center Crystal;ACTIVE;1;6;GM809ABL;GM809ABL;GM809ABL GM809BBL GM809CBL;GM809ABL=PRODUCT GM809BBL=PRODUCT GM809CBL=PRODUCT;GM809A* GM809B* GM809C*;GM809ABL: Blue  Accent Clear Center Crystal | GM809BBL: Blue  Accent Clear Center Crystal | GM809CBL: Blue  Accent Clear Center Crystal;;;;GM809ARE GM809BRE GM809CRE;+3 id(s) appended by the union · union reaches ids another store product owns;PS10044;no
MULTI_PRODUCT;no;varias familias;p-8723-bold-clear-crystal-facet-oval;Bold Clear Crystal Facet Oval;ACTIVE;1;3;GI647A;GI647A;GI647A GI647B GI647C;GI647A=PRODUCT GI647B=PRODUCT GI647C=PRODUCT;GI647A GI647B GI647C;GI647A: Bold Clear Crystal Facet Oval, Small | GI647B: Bold Clear Crystal Facet Oval, Med | GI647C: Bold Clear Crystal Facet Oval;;;;;;PS10120;no
MULTI_PRODUCT;no;varias familias · familia compartida con otro producto · variantes que lista otro producto · variantes que acabarían en otro producto;p-8794-leatherette-frame-holds-small;Leatherette Frame  Holds Small;ACTIVE;1;14;CM722ABS;CM722ABS;CM722ABS CM722ABV CM722AGR CM722ALB CM722ARW CM722ATL CM722BBB CM722BBS CM722BBV CM722BGR CM722BLB CM722BRW CM722BTL;CM722ABS=PRODUCT CM722ABV=PRODUCT CM722AGR=PRODUCT CM722ALB=PRODUCT CM722ARW=PRODUCT CM722ATL=PRODUCT CM722BBB=PRODUCT CM722BBS=PRODUCT CM722BBV=PRODUCT CM722BGR=PRODUCT CM722BLB=PRODUCT CM722BRW=PRODUCT CM722BTL=PRODUCT;CM722A CM722B;CM722ABS: Leatherette Frame  Holds 4 x 6, Black/Silver | CM722ABV: Leatherette Frame  Holds 4 x 6, Blue/Silver | CM722AGR: Leatherette Frame  Holds 4 x 6, Gray | CM722ALB: Leatherette Frame  Holds 4 x 6, Light Brown | CM722ARW: Leatherette Frame  Holds 4 x 6, Rawhide | CM722ATL: Leatherette Frame  Holds 4 x 6, Teal | CM722BBB: Leatherette Frame  Holds 5 x 7, Bamboo | CM722BBS: Leatherette Frame  Holds 5 x 7, Black/Silver | CM722BBV: Leatherette Frame  Holds 5 x 7, Blue/Silver | CM722BGR: Leatherette Frame  Holds 5 x 7, Gray | CM722BLB: Leatherette Frame  Holds 5 x 7, Light Brown | CM722BRW: Leatherette Frame  Holds 5 x 7, Rawhide | CM722BTL: Leatherette Frame  Holds 5 x 7, Teal;;;;CM722ABB;+1 id(s) appended by the union · union reaches ids another store product owns;PS10879;no
MULTI_PRODUCT;no;varias familias;p-8831-ebony-finish-12-plt-layered-blue-and-silver-border-plaque-with-easy-perpetual-plate-release-program;Ebony Finish 12-Plt Layered Blue and Silver Border Plaque with Easy Perpetual Plate Release Program;ACTIVE;1;2;EP9;EP9;EP9 EP9PK;EP9=PRODUCT EP9PK=PRODUCT;EP9 EP9PK;"EP9: Ebony Finish 12-Plt Layered Blue and Silver Border Plaque  with Easy Perpetual Plate Release Program | EP9PK: Ebony Finish 12-Plt Layered Blue and Silver Border Plaque  with Easy Perpetual Plate Release Program  and 12 Individual 5"" x 7"" Companion Plaques";;;;;;PS10982;no
MULTI_PRODUCT;no;varias familias;p-8836-octagon-tower;Octagon Tower;ACTIVE;1;3;GI23A;GI23A;GI23A GI23B GI23C;GI23A=PRODUCT GI23B=PRODUCT GI23C=PRODUCT;GI23 GI23B GI23C;GI23A: Optic Crystal Octagon Tower - Small | GI23B: Optic Crystal Octagon Tower - Medium | GI23C: Optic Crystal Octagon Tower - Large;;;;;;PS11021;no
MULTI_PRODUCT;no;varias familias;p-8838-optic-crystal-circular-wedge-award;Optic Crystal Circular Wedge Award;ACTIVE;1;3;GI30A;GI30A;GI30A GI30B GI30C;GI30A=PRODUCT GI30B=PRODUCT GI30C=PRODUCT;GI30A GI30B GI30C;GI30A: Optic Crystal Circular Wedge | GI30B: Optic Crystal Circular Wedge | GI30C: Optic Crystal Circular Wedge;;;;;;PS11046;no
MULTI_PRODUCT;no;varias familias;p-8840-optic-crystal-rectangle-award;Optic Crystal Rectangle Award;ACTIVE;1;6;GI491A;GI491A;GI491A GI491B;GI491A=PRODUCT GI491B=PRODUCT;G0680 GI491B;GI491A: Optic Crystal Rectangle - Medium | GI491B: Optic Crystal Rectangle - Large;;;;;;PS11079;no
MULTI_PRODUCT;no;varias familias;p-8855-raised-lucite-silver-swirl-perpetual-plaque;Raised Lucite Silver Swirl Perpetual Plaque;ACTIVE;1;2;EP10;EP10;EP10 EP10PKG;EP10=PRODUCT EP10PKG=PRODUCT;EP10 EP10PKG;"EP10: Raised Lucite Silver Swirl 12-Plt Plaque  with Easy Perpetual Plate Release Program | EP10PKG: Raised Lucite Silver Swirl 12-Plt Plaque  with Easy Perpetual Plate Release Program and 12 Individual 5"" x 7"" Companion Plaques";;;;;;PS11202;no
MULTI_PRODUCT;no;varias familias;p-8882-sweeping-ribbon-award;Sweeping Ribbon Award;ACTIVE;1;12;CD1022ABL;CD1022ABL;CD1022ABL CD1022AGO CD1022AGR CD1022ARD CD1022BBL CD1022BGO CD1022BGR CD1022BRD CD1022CBL CD1022CGO CD1022CGR CD1022CRD;CD1022ABL=PRODUCT CD1022AGO=PRODUCT CD1022AGR=PRODUCT CD1022ARD=PRODUCT CD1022BBL=PRODUCT CD1022BGO=PRODUCT CD1022BGR=PRODUCT CD1022BRD=PRODUCT CD1022CBL=PRODUCT CD1022CGO=PRODUCT CD1022CGR=PRODUCT CD1022CRD=PRODUCT;CD1022ABL CD1022AGO CD1022AGR CD1022ARD CD1022BBL CD1022BGO CD1022BGR CD1022BRD CD1022CBL CD1022CGO CD1022CGR CD1022CRD;CD1022ABL: Sweeping Ribbon Award - Small | CD1022AGO: Sweeping Ribbon Award  - Small | CD1022AGR: Sweeping Ribbon Award  - Small | CD1022ARD: Sweeping Ribbon Award  - Small | CD1022BBL: Sweeping Ribbon Award - Medium | CD1022BGO: Sweeping Ribbon Award - Medium | CD1022BGR: Sweeping Ribbon Award - Medium | CD1022BRD: Sweeping Ribbon Award - Medium | CD1022CBL: Sweeping Ribbon Award - Large | CD1022CGO: Sweeping Ribbon Award - Large | CD1022CGR: Sweeping Ribbon Award - Large | CD1022CRD: Sweeping Ribbon Award - Large;;;;;;PS11402;no
MULTI_PRODUCT;no;varias familias;p-8900-scroll-border-photo-plaque;Scroll Border Photo Plaque;ACTIVE;1;2;EP2;EP2;EP2 EP2PK;EP2=PRODUCT EP2PK=PRODUCT;EP2 EP2PK;"EP2: Walnut Finish 13-Plt Scroll Border Photo Plaque  with Easy Perpetual Plate Release Program | EP2PK: Walnut Finish 13-Plt Scroll Border Photo Plaque  with Easy Perpetual Plate Release Program and 12 Individual 5"" x 7"" Companion Plaques";;;;;;PS11514;no
OK;yes;;p-10294-acrylic-awareness-ribbon-awards;Acrylic Awareness Ribbon Awards;ACTIVE;1;1;CD1268;CD1268;CD1268;CD1268=PRODUCT;CD1268;CD1268: Acrylic Awareness Ribbon on Black Base Award;;;;;;PS7100;no
OK;yes;;p-5339-lasercut-lucite-awards-34-thick-up-to-33-square-inches;"Lasercut Lucite Awards 3/4"" Thick (up to 33 square inches)";ACTIVE;1;1;CD562B;CD562B;CD562B;CD562B=PRODUCT;CD562B;"CD562B: Laser-Cut Lucite Contour 3/4"" Thick Up To 33 Sq In";;;;;;PS6021;no
OK;yes;;p-5342-custom-shaped-acrylic-awards-38-thick-up-to-23-square-inches;"Custom Shaped Acrylic Awards 3/8"" thick (up to 23 square inches)";ACTIVE;1;1;CD560A;CD560A;CD560A;CD560A=PRODUCT;CD560A;"CD560A: Laser-Cut Lucite Contour 3/8"" Thick Up To 23 Sq In";;;;;;PS6024;no
OK;yes;;p-5365-alder-wood-oval-name-bar;Alder Wood Oval Name Bar;ACTIVE;1;1;CM464;CM464;CM464;CM464=PRODUCT;CM464;CM464: Alder Wood Oval Name Bar;;;;;;PS6047;no
OK;yes;;p-5366-alder-wood-rectangle-name-bar;Alder Wood Rectangle Name Bar;ACTIVE;1;1;CM465;CM465;CM465;CM465=PRODUCT;CM465;CM465: Alder Wood Rectangle Name Bar;;;;;;PS6048;no
OK;yes;;p-5383-aquus-series-lucite-peak-award;Aquus Series Lucite Peak Award;ACTIVE;1;1;CDUS02C;CDUS02C;CDUS02C;CDUS02C=PRODUCT;CDUS02C;CDUS02C: Aquus Lucite Peak Award - Large;;;;;;PS6065;no
OK;yes;;p-5385-art-glass-award-on-glass-base-with-plate;Art Glass Award on Glass Base with Plate;ACTIVE;1;1;GM577;GM577;GM577;GM577=PRODUCT;GM577;GM577: Colorful Art Glass Award on Black Glass Base  with Silver Lasered Plate;;;;;;PS6067;no
OK;yes;;p-5386-art-glass-black-gold-coral-award-on-base;Art Glass Black & Gold Coral Award on Base;ACTIVE;1;1;GM639;GM639;GM639;GM639=PRODUCT;GM639;GM639: Black and Gold Coral Art Glass on Black Glass Base (Includes Black Lasered Plate);;;;;;PS6068;no
OK;yes;;p-5387-art-glass-black-gold-curve-on-base-award;Art Glass Black & Gold Curve on Base Award;ACTIVE;1;1;GM640;GM640;GM640;GM640=PRODUCT;GM640;GM640: Black and Gold Curve Art Glass on Black Glass Base (Includes Black Lasered Plate);;;;;;PS6069;no
OK;yes;;p-5388-art-glass-blue-gold-drop-on-base;Art Glass Blue & Gold Drop On Base;ACTIVE;1;1;GM637;GM637;GM637;GM637=PRODUCT;GM637;GM637: Blue and Gold Art Glass Drop on Black Glass Base (Includes Black Lasered Plate);;;;;;PS6070;no
OK;yes;;p-5389-art-glass-green-and-gold-drop-on-base;Art Glass Green And Gold Drop On Base;ACTIVE;1;1;GM638;GM638;GM638;GM638=PRODUCT;GM638;GM638: Green and Gold Art Glass Drop on Black Glass Base (Includes Black Lasered Plate);;;;;;PS6071;no
OK;yes;;p-5390-art-glass-green-spiral-on-black-glass-base-award;Art Glass Green Spiral on Black Glass Base Award;ACTIVE;1;1;GI206;GI206;GI206;GI206=PRODUCT;GI206;GI206: Spiral Art Glass on Black Glass Base  (Includes Silver Color-Fill on Base);;;;;;PS6072;no
OK;yes;;p-5398-bamboo-bbq-set;Bamboo BBQ Set;ACTIVE;1;1;CM416;CM416;CM416;CM416=PRODUCT;CM416;CM416: Bamboo BBQ Set;;;;;;PS6080;no
OK;yes;;p-5399-bamboo-cheese-cutting-board;Bamboo Cheese Cutting Board;ACTIVE;1;1;CM420;CM420;CM420;CM420=PRODUCT;CM420;CM420: Bamboo Cheese Cutting Board;;;;;;PS6081;no
OK;no;ids que no son un producto vivo · varias familias;p-5400-bamboo-cutting-board-with-handle-cutout;Bamboo Cutting Board with Handle Cutout;ACTIVE;1;1;CM418;CM418;CM418 CM417A CM417B;CM418=PRODUCT CM417A=PART CM417B=PART;CM418;CM418: Bamboo Cutting Board with Handle Cutout - Bar Size;CM417A->CM417 CM417B->CM417;simple;;;2 dead id(s) · lists part ids of another product;PS6082;no
OK;yes;;p-5404-bamboo-wine-presentation-box-with-tools;Bamboo Wine Presentation Box with Tools;ACTIVE;1;1;CM460;CM460;CM460;CM460=PRODUCT;CM460;CM460: Bamboo Wine Presentation Box with Tools;;;;;;PS6086;no
OK;yes;;p-5415-beveled-crystal-w-gold-glass-accent;Beveled Crystal w/ Gold Glass Accent;ACTIVE;1;1;GI215;GI215;GI215;GI215=PRODUCT;GI215;GI215: Deep Beveled Optic Crystal  with Thick Honey Gold Glass Accent;;;;;;PS6097;no
OK;yes;;p-5419-beveled-freeform-blue-and-optic-crystal-award;Beveled Freeform Blue And Optic Crystal Award;ACTIVE;1;1;GI213;GI213;GI213;GI213=PRODUCT;GI213;GI213: Beveled Freeform Blue and Optic Crystal;;;;;;PS6101;no
OK;yes;;p-5421-beveled-glass-with-metal-pin-award-trophy;Beveled Glass with Metal Pin Award Trophy;ACTIVE;1;1;GI604;GI604;GI604;GI604=PRODUCT;GI604;GI604: Beveled Glass with Metal Pin;;;;;;PS6103;no
OK;yes;;p-5424-black-9-led-flashlight-with-strap;Black 9 Led Flashlight With Strap;ACTIVE;1;1;CM239;CM239;CM239;CM239=PRODUCT;CM239;CM239: Black 9 LED Lasered Flashlight with Strap;;;;;;PS6106;no
OK;yes;;p-5426-black-and-clear-glass-award-on-black-base;Black and Clear Glass Award on Black Base;ACTIVE;1;1;GI643;GI643;GI643;GI643=PRODUCT;GI643;GI643: Black and Clear Glass on Black Base;;;;;;PS6108;no
OK;yes;;p-5434-black-or-blue-glass-perpetual-bar-with-silver-color;Black or Blue Glass Perpetual Bar with Silver Color;ACTIVE;1;2;GI606BARK;GI606BARK;GI606BARK;GI606BARK=PRODUCT;GI606BAR*;GI606BARK: Glass Bar with Silver Color-Fill (Includes FREE Sandblast Text Set-up);;;;GI606BARB;+1 id(s) appended by the union;PS6116;no
OK;yes;;p-5436-black-piano-arch-clock;Black Piano Arch Clock;ACTIVE;1;1;CM410;CM410;CM410;CM410=PRODUCT;CM410;CM410: Black Piano Arch Clock;;;;;;PS6118;no
OK;yes;;p-5437-black-piano-rectangle-clock;Black Piano Rectangle Clock;ACTIVE;1;1;CM411;CM411;CM411;CM411=PRODUCT;CM411;CM411: Black Piano Rectangle Clock;;;;;;PS6119;no
OK;yes;;p-5468-blue-optic-crystal-peak-perpetual-award;Blue & Optic Crystal Peak Perpetual Award;ACTIVE;1;1;GI322;GI322;GI322;GI322=PRODUCT;GI322;GI322: Blue and Optic Crystal Peak on Aluminum Base  (Includes Silver Color-Fill - Date Tabs Sold Separately);;;;;;PS6150;no
OK;yes;;p-5469-blue-optic-crystal-peak-on-base;Blue & Optic Crystal Peak On Base;ACTIVE;1;1;GI18;GI18;GI18;GI18=PRODUCT;GI18;GI18: Blue and Optic Crystal Peak on Aluminum Base  (Includes Sandblast in 2 Locations and Silver Color-Fill on Blue Glass);;;;;;PS6151;no
OK;yes;;p-5470-blue-and-crystal-beveled-glass-towers;Blue And Crystal Beveled Glass Towers;ACTIVE;1;1;GI310;GI310;GI310;GI310=PRODUCT;GI310;GI310: Blue and Optic Crystal Beveled Glass Towers (Includes 1 Glass Bar with Silver Color-Fill);;;;;;PS6152;no
OK;yes;;p-5472-blue-and-optic-crystal-victory-award;Blue And Optic Crystal Victory Award;ACTIVE;1;1;GI498;GI498;GI498;GI498=PRODUCT;GI498;GI498: Blue and Optic Crystal Victory Award;;;;;;PS6154;no
OK;yes;;p-5491-blue-dynasty-award;Blue Dynasty Award;ACTIVE;1;1;C0611;C0611;C0611;C0611=PRODUCT;C0611;C0611: Large Blue Dynasty Award;;;;;;PS6173;no
OK;yes;;p-5492-blue-edge-crystal-skeleton-clock;Blue Edge Crystal Skeleton Clock;ACTIVE;1;1;GM724;GM724;GM724;GM724=PRODUCT;GM724;GM724: Blue Edge Crystal Skeleton Clock;;;;;;PS6174;no
OK;yes;;p-5498-blue-glass-bar-with-silver-color;Blue Glass Bar with Silver Color;ACTIVE;1;2;GI311BAR;GI311BAR;GI311BAR;GI311BAR=PRODUCT;GI311BAR;GI311BAR: Blue Glass Bar with Silver Color-Fill (Includes FREE Text Set-up);;;;GI311BARK;+1 id(s) appended by the union;PS6180;no
OK;yes;;p-5518-blue-steel-background-beveled-lucite-perpetual-plaque;Blue Steel Background Beveled Lucite Perpetual Plaque;ACTIVE;1;1;EP22;EP22;EP22;EP22=PRODUCT;EP22;EP22: Blue Steel Background Beveled Lucite 12-Plt Plaque  with Easy Perpetual Plate Release Program;;;;;;PS6200;no
OK;yes;;p-5524-bold-artistic-glass-award-on-black-glass-base;Bold Artistic Glass Award on Black Glass Base;ACTIVE;1;1;GM660;GM660;GM660;GM660=PRODUCT;GM660;GM660: Bold Artistic Glass on Black Glass Base  with Black Lasered Plate;;;;;;PS6206;no
OK;yes;;p-5528-bottle-opener-keychain;Bottle Opener Keychain;ACTIVE;1;1;CM235;CM235;CM235;CM235=PRODUCT;CM235;CM235: Silver and Black Lasered Bottle Opener Keychain;;;;;;PS6210;no
OK;no;ids que no son un producto vivo · varias familias;p-5531-bronze-resin-eagle-with-crystal-tablet-trophy;Bronze Resin Eagle with Crystal Tablet Trophy;ACTIVE;1;1;GM549;GM549;GM549 RFB806;GM549=PRODUCT RFB806=ORPHAN;GM549;GM549: Landing Bronze Antique Resin Eagle with Crystal Tablet;;;;;1 dead id(s);PS6213;no
OK;yes;;p-5532-bronze-star-arch-award;Bronze Star Arch Award;ACTIVE;1;1;CD831;CD831;CD831;CD831=PRODUCT;CD831;CD831: Bronze Brilliance Star Arch Award;;;;;;PS6214;no
OK;yes;;p-5533-bronze-star-arch-with-ebony-background-award-trophy;Bronze Star Arch with Ebony Background Award Trophy;ACTIVE;1;1;CD829;CD829;CD829;CD829=PRODUCT;CD829;CD829: Bronze Brilliance Star Arch Award with Ebony Background;;;;;;PS6215;no
OK;yes;;p-5534-bronze-star-award-with-ebony-background;Bronze Star Award with Ebony Background;ACTIVE;1;1;CD830;CD830;CD830;CD830=PRODUCT;CD830;CD830: Bronze Brilliance Star Award with Ebony Background;;;;;;PS6216;no
OK;yes;;p-5535-bronze-star-award;Bronze Star Award;ACTIVE;1;1;CD832;CD832;CD832;CD832=PRODUCT;CD832;CD832: Bronze Brilliance Star Award;;;;;;PS6217;no
OK;no;familia compartida con otro producto · variantes que lista otro producto;p-5546-carved-clear-crystal-on-black-base-with-compass-medallion;Carved Clear Crystal on Black Base with Compass Medallion;ACTIVE;1;2;GI583M;GI583M;GI583M;GI583M=PRODUCT;GI583M;GI583M: Carved Clear Crystal on Black Base with Choice of Medallion (Includes Silver Color-Fill on Black);;;;;;PS6228;no
OK;yes;;p-5553-celestial-stars-award-on-base;Celestial Stars Award On Base;ACTIVE;1;1;C1925;C1925;C1925;C1925=PRODUCT;C1925;C1925: Star Award on Base;;;;;;PS6235;no
OK;yes;;p-5584-clear-and-blue-glass-award-on-black-base;Clear and Blue Glass Award on Black base;ACTIVE;1;1;GI644;GI644;GI644;GI644=PRODUCT;GI644;GI644: Clear and Blue Glass on Black base;;;;;;PS6266;no
OK;yes;;p-5587-clear-beveled-octagon-lucite-paperweight;Clear Beveled Octagon Lucite Paperweight;ACTIVE;1;1;C1908C;C1908C;C1908C;C1908C=PRODUCT;C1908C;C1908C: Beveled Octagon Lucite Paperweight;;;;;;PS6269;no
OK;yes;;p-5589-clear-crystal-arrowhead-clock;Clear Crystal Arrowhead Clock;ACTIVE;1;1;CM409;CM409;CM409;CM409=PRODUCT;CM409;CM409: Clear Crystal Arrowhead Clock;;;;;;PS6271;no
OK;yes;;p-5590-clear-crystal-book-clock-with-aluminum-accent;Clear Crystal Book Clock with Aluminum Accent;ACTIVE;1;1;GM681;GM681;GM681;GM681=PRODUCT;GM681;GM681: Clear Crystal Book Clock with Aluminum Accent;;;;;;PS6272;no
OK;yes;;p-5594-clear-crystal-on-base-award;Clear Crystal on Base Award;ACTIVE;1;1;GI637;GI637;GI637;GI637=PRODUCT;GI637;GI637: Clear Crystal on Base;;;;;;PS6276;no
OK;yes;;p-5598-clear-glass-box;Clear Glass Box;ACTIVE;1;1;G0983;G0983;G0983;G0983=PRODUCT;G0983;G0983: Clear Glass Box;;;;;;PS6280;no
OK;yes;;p-5599-clear-glass-sculpted-ice-vase;Clear Glass Sculpted Ice Vase;ACTIVE;1;1;G0982;G0982;G0982;G0982=PRODUCT;G0982;G0982: Clear Glass Sculpted Ice Vase;;;;;;PS6281;no
OK;yes;;p-5605-clear-lucite-large-perpetual-award;Clear Lucite Large Perpetual Award;ACTIVE;1;1;CD978B;CD978B;CD978B;CD978B=PRODUCT;CD978B;CD978B: Clear Lucite Perpetual Award - Large (Glass Bars Sold Separately);;;;;;PS6287;no
OK;yes;;p-5606-clear-lucite-perpetual-award-small;Clear Lucite Perpetual Award Small;ACTIVE;1;1;CD978A;CD978A;CD978A;CD978A=PRODUCT;CD978A;CD978A: Clear Lucite Perpetual Award - Small (Glass Bars Sold Separately);;;;;;PS6288;no
OK;no;familia compartida con otro producto · variantes que lista otro producto · variantes que acabarían en otro producto;p-5609-clear-star-power-sculptured-lucite-large;Clear Star Power Sculptured Lucite Large;ACTIVE;1;3;CA21CXC;CA21CXC;CA21CXC;CA21CXC=PRODUCT;CA21CX*;CA21CXC: Sculptured Lucite Star - Large;;;;CA21CXB CA21CXG;+2 id(s) appended by the union · union reaches ids another store product owns;PS6291;no
OK;no;familia compartida con otro producto · variantes que lista otro producto · variantes que acabarían en otro producto;p-5617-cork-beverage-holder;Cork Beverage Holder;ACTIVE;1;13;CM289CK;CM289CK;CM289CK;CM289CK=PRODUCT;CM289*;CM289CK: Cork Beverage Holder;;;;CM289BB CM289BL CM289BS CM289BV CM289DB CM289GR CM289LB CM289PK CM289RS CM289RW CM289TL;+11 id(s) appended by the union · union reaches ids another store product owns;PS6299;no
OK;no;familia compartida con otro producto · variantes que lista otro producto · variantes que acabarían en otro producto;p-5620-cork-flask;Cork Flask;ACTIVE;1;12;CM286CK;CM286CK;CM286CK;CM286CK=PRODUCT;CM286*;CM286CK: Cork Flask;;;;CM286BB CM286BL CM286BS CM286BV CM286DB CM286GR CM286LB CM286PK CM286RS CM286RW CM286TL;+11 id(s) appended by the union · union reaches ids another store product owns;PS6302;no
OK;yes;;p-5639-crystal-centerpiece-bowl-award;Crystal Centerpiece Bowl Award;ACTIVE;1;1;GI631;GI631;GI631;GI631=PRODUCT;GI631;GI631: Crystal Centerpiece Bowl;;;;;;PS6321;no
OK;yes;;p-5642-crystal-diamond-spires-on-black-glass-base;Crystal Diamond Spires On Black Glass Base;ACTIVE;1;1;GM429;GM429;GM429;GM429=PRODUCT;GM429;GM429: Optic Crystal Diamond Spires on Black Glass Base (Includes Silver Color-Fill on Base);;;;;;PS6324;no
OK;yes;;p-5644-crystal-globe-award-on-base-w-plate;Crystal Globe Award On Base w/ Plate;ACTIVE;1;1;GM633;GM633;GM633;GM633=PRODUCT;GM633;GM633: Optic Crystal Hands Holding Globe on Black Glass Base  with Black Lasered Plate;;;;;;PS6326;no
OK;yes;;p-5645-crystal-globe-in-holder-on-base-w-plate;Crystal Globe In Holder On Base w/ Plate;ACTIVE;1;1;GM461;GM461;GM461;GM461=PRODUCT;GM461;GM461: Optic Crystal Globe in Semi-Meridian Holder on Black Glass Base with Lasered Plate;;;;;;PS6327;no
OK;no;ids que no son un producto vivo · varias familias;p-5657-crystal-tablet-with-subsurface-star-streams-award;Crystal Tablet with Subsurface Star Streams Award;ACTIVE;1;4;GI658;GI657;GI658 GI657 GI657B;GI658=ORPHAN GI657=PRODUCT GI657B=PRODUCT;GI657;GI657: Crystal Tablet with Sub-Surface Window | GI657B: Crystal Tablet with Sub-Surface Window;;;;;canonical GI658 unusable, drive by GI657 · 1 dead id(s);PS6339;no
OK;yes;;p-5658-crystal-tablet-small;Crystal Tablet Small;ACTIVE;1;1;GI540C;GI540C;GI540C;GI540C=PRODUCT;GI540C;GI540C: Crystal Tablet - Large;;;;;;PS6340;no
OK;yes;;p-5659-crystal-tablet-large;Crystal Tablet Large;ACTIVE;1;1;GI540B;GI540B;GI540B;GI540B=PRODUCT;GI540B;GI540B: Crystal Tablet - Medium;;;;;;PS6341;no
OK;yes;;p-5660-crystal-tablet-medium;Crystal Tablet Medium;ACTIVE;1;1;GI540A;GI540A;GI540A;GI540A=PRODUCT;GI540A;GI540A: Crystal Tablet - Small;;;;;;PS6342;no
OK;yes;;p-5661-crystal-tablets-round-glass-paperweight;Crystal Tablets Round Glass Paperweight;ACTIVE;1;1;GI567;GI567;GI567;GI567=PRODUCT;GI567;GI567: Round Clear Glass Paperweight;;;;;;PS6343;no
OK;yes;;p-5666-crystal-diamond-tower-award;Crystal Diamond Tower Award;ACTIVE;1;1;GI607;GI607;GI607;GI607=PRODUCT;GI607;GI607: Clear and Black Crystal Diamond-Front Tower;;;;;;PS6348;no
OK;yes;;p-5674-crystal-with-metal-stars-award-tower;Crystal with Metal Stars Award Tower;ACTIVE;1;1;GM562A;GM562A;GM562A;GM562A=PRODUCT;GM562A;GM562A: Silver Star Topped Optic Crystal Tower - Small;;;;;;PS6356;no
OK;yes;;p-5677-curved-beveled-top-crystal-award-on-base;Curved Beveled Top Crystal Award on Base;ACTIVE;1;1;GI514;GI514;GI514;GI514=PRODUCT;GI514;GI514: Curved Beveled-Top Crystal on Beveled Base;;;;;;PS6359;no
OK;no;familia compartida con otro producto · variantes que lista otro producto · variantes que acabarían en otro producto;p-5681-deco-clear-glass-with-black-glass-accents;Deco Clear Glass with Black Glass Accents;ACTIVE;1;2;GI602BK;GI602BK;GI602BK;GI602BK=PRODUCT;GI602*;GI602BK: Deco Clear Glass with Colorful Glass Accents;;;;GI602BL;+1 id(s) appended by the union · union reaches ids another store product owns;PS6363;no
OK;yes;;p-5684-desk-essentials-set;Desk Essentials Set;ACTIVE;1;1;C5854;C5854;C5854;C5854=PRODUCT;C5854;C5854: Rosewood Pen - Pencil - Letter Opener and Case Set;;;;;;PS6366;no
OK;yes;;p-5688-diamond-carved-clear-rectangle;Diamond Carved Clear Rectangle;ACTIVE;1;1;C511;C511;C511;C511=PRODUCT;C511;C511: Clear Diamond Carved Rectangle;;;;;;PS6370;no
OK;yes;;p-5690-diamond-carved-jade-rectangle;Diamond Carved Jade Rectangle;ACTIVE;1;1;C504;C504;C504;C504=PRODUCT;C504;C504: Jade Diamond Carved Rectangle;;;;;;PS6372;no
OK;yes;;p-5698-digi-color-on-lucite-webony-piano-wood-riser-plaque;Digi-color On Lucite w/Ebony Piano Wood Riser Plaque;ACTIVE;1;2;CD489;CD489;CD489;CD489=PRODUCT;CD489;CD489: Digi-Color Emblem on Lucite/Ebony Piano Finish Riser Plaque;;;;;;PS6380;no
OK;yes;;p-5701-distinctive-art-glass-cubes-award;Distinctive Art Glass Cubes Award;ACTIVE;1;1;GM661;GM661;GM661;GM661=PRODUCT;GM661;GM661: Distinctive Art Glass Cubes with Black Lasered Plate;;;;;;PS6383;no
OK;yes;;p-5702-double-helix-art-glass-egg-on-base-award;Double Helix Art Glass Egg on Base Award;ACTIVE;1;1;GM721;GM721;GM721;GM721=PRODUCT;GM721;GM721: Double Helix Art Glass Egg on Base;;;;;;PS6384;no
OK;yes;;p-5704-dynasty-collection-blue-award;Dynasty Collection Blue Award;ACTIVE;1;1;C0610;C0610;C0610;C0610=PRODUCT;C0610;C0610: Small Blue Dynasty Award;;;;;;PS6386;no
OK;yes;;p-5710-ebony-finish-certificate-frame;Ebony Finish Certificate Frame;ACTIVE;1;1;C4803;C4803;C4803;C4803=PRODUCT;C4803;C4803: Ebony Finish Certificate Frame;;;;;;PS6392;no
OK;yes;;p-5719-etched-premium-standing-jade-tablet-small;Etched Premium Standing Jade Tablet Small;ACTIVE;1;1;GM446C;GM446C;GM446C;GM446C=PRODUCT;GM446C;GM446C: Premium Standing Jade Glass Tablet - Large;;;;;;PS6401;no
OK;yes;;p-5722-expanded-line-glass-vase-w-swirl-accents;Expanded Line Glass Vase w/ Swirl Accents;ACTIVE;1;1;GNS116;GNS116;GNS116;GNS116=PRODUCT;GNS116;GNS116: Clear Glass Vase with Blue Swirl Accents;;;;;;PS6404;no
OK;yes;;p-5723-orbit-vase-crystal-award;Orbit Vase Crystal Award;ACTIVE;1;1;GNS118;GNS118;GNS118;GNS118=PRODUCT;GNS118;GNS118: Orbit Vase Crystal;;;;;;PS6405;no
OK;yes;;p-5725-faceted-crystal-heart-paperweight;Faceted Crystal Heart Paperweight;ACTIVE;1;1;G0984;G0984;G0984;G0984=PRODUCT;G0984;G0984: Faceted Crystal Heart Paperweight;;;;;;PS6407;no
OK;yes;;p-5727-faceted-optic-crystal-round-paperweight;Faceted Optic Crystal Round Paperweight;ACTIVE;1;1;GM447;GM447;GM447;GM447=PRODUCT;GM447;GM447: Faceted Optic Crystal Round Paperweight;;;;;;PS6409;no
OK;no;familia compartida con otro producto · variantes que lista otro producto · variantes que acabarían en otro producto;p-5805-alaska-state-silhouette-awards;Alaska State Silhouette Awards;ACTIVE;1;53;CD900AK;CD900AK;CD900AK;CD900AK=PRODUCT;CD900*;CD900AK: Frosted Lucite Cutout on Risers Award  with Choice of State or Special Stock Shape;;;;CD900AL CD900AR CD900AZ CD900CA CD900CO CD900CT CD900DE CD900FL CD900GA CD900HI CD900IA CD900ID CD900IL CD900IN CD900KS CD900KY CD900LA CD900MA CD900MD CD900ME CD900MI CD900MN CD900MO CD900MS CD900MT CD900NC CD900ND CD900NE CD900NH CD900NJ CD900NM CD900NV CD900NY CD900OH CD900OK CD900OR CD900OVAL CD900PA CD900RI CD900SC CD900SD CD900STAR CD900TN CD900TX CD900UT CD900VA CD900VT CD900WA CD900WI CD900WV CD900WY;+51 id(s) appended by the union · union reaches ids another store product owns;PS6487;no
OK;no;familia compartida con otro producto · variantes que lista otro producto · variantes que acabarían en otro producto;p-5806-alabama-state-silhouette-awards;Alabama State Silhouette Awards;ACTIVE;1;53;CD900AL;CD900AL;CD900AL;CD900AL=PRODUCT;CD900*;CD900AL: Frosted Lucite Cutout on Risers Award  with Choice of State or Special Stock Shape;;;;CD900AK CD900AR CD900AZ CD900CA CD900CO CD900CT CD900DE CD900FL CD900GA CD900HI CD900IA CD900ID CD900IL CD900IN CD900KS CD900KY CD900LA CD900MA CD900MD CD900ME CD900MI CD900MN CD900MO CD900MS CD900MT CD900NC CD900ND CD900NE CD900NH CD900NJ CD900NM CD900NV CD900NY CD900OH CD900OK CD900OR CD900OVAL CD900PA CD900RI CD900SC CD900SD CD900STAR CD900TN CD900TX CD900UT CD900VA CD900VT CD900WA CD900WI CD900WV CD900WY;+51 id(s) appended by the union · union reaches ids another store product owns;PS6488;no
OK;no;familia compartida con otro producto · variantes que lista otro producto · variantes que acabarían en otro producto;p-5807-arkansas-state-silhouette-awards;Arkansas State Silhouette Awards;ACTIVE;1;53;CD900AR;CD900AR;CD900AR;CD900AR=PRODUCT;CD900*;CD900AR: Frosted Lucite Cutout on Risers Award  with Choice of State or Special Stock Shape;;;;CD900AK CD900AL CD900AZ CD900CA CD900CO CD900CT CD900DE CD900FL CD900GA CD900HI CD900IA CD900ID CD900IL CD900IN CD900KS CD900KY CD900LA CD900MA CD900MD CD900ME CD900MI CD900MN CD900MO CD900MS CD900MT CD900NC CD900ND CD900NE CD900NH CD900NJ CD900NM CD900NV CD900NY CD900OH CD900OK CD900OR CD900OVAL CD900PA CD900RI CD900SC CD900SD CD900STAR CD900TN CD900TX CD900UT CD900VA CD900VT CD900WA CD900WI CD900WV CD900WY;+51 id(s) appended by the union · union reaches ids another store product owns;PS6489;no
OK;no;familia compartida con otro producto · variantes que lista otro producto · variantes que acabarían en otro producto;p-5808-arizona-state-silhouette-awards;Arizona State Silhouette Awards;ACTIVE;1;53;CD900AZ;CD900AZ;CD900AZ;CD900AZ=PRODUCT;CD900*;CD900AZ: Frosted Lucite Cutout on Risers Award  with Choice of State or Special Stock Shape;;;;CD900AK CD900AL CD900AR CD900CA CD900CO CD900CT CD900DE CD900FL CD900GA CD900HI CD900IA CD900ID CD900IL CD900IN CD900KS CD900KY CD900LA CD900MA CD900MD CD900ME CD900MI CD900MN CD900MO CD900MS CD900MT CD900NC CD900ND CD900NE CD900NH CD900NJ CD900NM CD900NV CD900NY CD900OH CD900OK CD900OR CD900OVAL CD900PA CD900RI CD900SC CD900SD CD900STAR CD900TN CD900TX CD900UT CD900VA CD900VT CD900WA CD900WI CD900WV CD900WY;+51 id(s) appended by the union · union reaches ids another store product owns;PS6490;no
OK;no;familia compartida con otro producto · variantes que lista otro producto · variantes que acabarían en otro producto;p-5809-california-state-silhouette-awards;California State Silhouette Awards;ACTIVE;1;53;CD900CA;CD900CA;CD900CA;CD900CA=PRODUCT;CD900*;CD900CA: Frosted Lucite Cutout on Risers Award  with Choice of State or Special Stock Shape;;;;CD900AK CD900AL CD900AR CD900AZ CD900CO CD900CT CD900DE CD900FL CD900GA CD900HI CD900IA CD900ID CD900IL CD900IN CD900KS CD900KY CD900LA CD900MA CD900MD CD900ME CD900MI CD900MN CD900MO CD900MS CD900MT CD900NC CD900ND CD900NE CD900NH CD900NJ CD900NM CD900NV CD900NY CD900OH CD900OK CD900OR CD900OVAL CD900PA CD900RI CD900SC CD900SD CD900STAR CD900TN CD900TX CD900UT CD900VA CD900VT CD900WA CD900WI CD900WV CD900WY;+51 id(s) appended by the union · union reaches ids another store product owns;PS6491;no
OK;no;familia compartida con otro producto · variantes que lista otro producto · variantes que acabarían en otro producto;p-5810-colorado-state-silhouette-awards;Colorado State Silhouette Awards;ACTIVE;1;53;CD900CO;CD900CO;CD900CO;CD900CO=PRODUCT;CD900*;CD900CO: Frosted Lucite Cutout on Risers Award  with Choice of State or Special Stock Shape;;;;CD900AK CD900AL CD900AR CD900AZ CD900CA CD900CT CD900DE CD900FL CD900GA CD900HI CD900IA CD900ID CD900IL CD900IN CD900KS CD900KY CD900LA CD900MA CD900MD CD900ME CD900MI CD900MN CD900MO CD900MS CD900MT CD900NC CD900ND CD900NE CD900NH CD900NJ CD900NM CD900NV CD900NY CD900OH CD900OK CD900OR CD900OVAL CD900PA CD900RI CD900SC CD900SD CD900STAR CD900TN CD900TX CD900UT CD900VA CD900VT CD900WA CD900WI CD900WV CD900WY;+51 id(s) appended by the union · union reaches ids another store product owns;PS6492;no
OK;no;familia compartida con otro producto · variantes que lista otro producto · variantes que acabarían en otro producto;p-5811-connecticut-state-silhouette-awards;Connecticut State Silhouette Awards;ACTIVE;1;53;CD900CT;CD900CT;CD900CT;CD900CT=PRODUCT;CD900*;CD900CT: Frosted Lucite Cutout on Risers Award  with Choice of State or Special Stock Shape;;;;CD900AK CD900AL CD900AR CD900AZ CD900CA CD900CO CD900DE CD900FL CD900GA CD900HI CD900IA CD900ID CD900IL CD900IN CD900KS CD900KY CD900LA CD900MA CD900MD CD900ME CD900MI CD900MN CD900MO CD900MS CD900MT CD900NC CD900ND CD900NE CD900NH CD900NJ CD900NM CD900NV CD900NY CD900OH CD900OK CD900OR CD900OVAL CD900PA CD900RI CD900SC CD900SD CD900STAR CD900TN CD900TX CD900UT CD900VA CD900VT CD900WA CD900WI CD900WV CD900WY;+51 id(s) appended by the union · union reaches ids another store product owns;PS6493;no
OK;no;familia compartida con otro producto · variantes que lista otro producto · variantes que acabarían en otro producto;p-5812-delaware-state-silhouette-awards;Delaware State Silhouette Awards;ACTIVE;1;53;CD900DE;CD900DE;CD900DE;CD900DE=PRODUCT;CD900*;CD900DE: Frosted Lucite Cutout on Risers Award  with Choice of State or Special Stock Shape;;;;CD900AK CD900AL CD900AR CD900AZ CD900CA CD900CO CD900CT CD900FL CD900GA CD900HI CD900IA CD900ID CD900IL CD900IN CD900KS CD900KY CD900LA CD900MA CD900MD CD900ME CD900MI CD900MN CD900MO CD900MS CD900MT CD900NC CD900ND CD900NE CD900NH CD900NJ CD900NM CD900NV CD900NY CD900OH CD900OK CD900OR CD900OVAL CD900PA CD900RI CD900SC CD900SD CD900STAR CD900TN CD900TX CD900UT CD900VA CD900VT CD900WA CD900WI CD900WV CD900WY;+51 id(s) appended by the union · union reaches ids another store product owns;PS6494;no
OK;no;familia compartida con otro producto · variantes que lista otro producto · variantes que acabarían en otro producto;p-5813-florida-state-silhouette-awards;Florida State Silhouette Awards;ACTIVE;1;53;CD900FL;CD900FL;CD900FL;CD900FL=PRODUCT;CD900*;CD900FL: Frosted Lucite Cutout on Risers Award  with Choice of State or Special Stock Shape;;;;CD900AK CD900AL CD900AR CD900AZ CD900CA CD900CO CD900CT CD900DE CD900GA CD900HI CD900IA CD900ID CD900IL CD900IN CD900KS CD900KY CD900LA CD900MA CD900MD CD900ME CD900MI CD900MN CD900MO CD900MS CD900MT CD900NC CD900ND CD900NE CD900NH CD900NJ CD900NM CD900NV CD900NY CD900OH CD900OK CD900OR CD900OVAL CD900PA CD900RI CD900SC CD900SD CD900STAR CD900TN CD900TX CD900UT CD900VA CD900VT CD900WA CD900WI CD900WV CD900WY;+51 id(s) appended by the union · union reaches ids another store product owns;PS6495;no
OK;no;familia compartida con otro producto · variantes que lista otro producto · variantes que acabarían en otro producto;p-5814-georgia-state-silhouette-awards;Georgia State Silhouette Awards;ACTIVE;1;53;CD900GA;CD900GA;CD900GA;CD900GA=PRODUCT;CD900*;CD900GA: Frosted Lucite Cutout on Risers Award  with Choice of State or Special Stock Shape;;;;CD900AK CD900AL CD900AR CD900AZ CD900CA CD900CO CD900CT CD900DE CD900FL CD900HI CD900IA CD900ID CD900IL CD900IN CD900KS CD900KY CD900LA CD900MA CD900MD CD900ME CD900MI CD900MN CD900MO CD900MS CD900MT CD900NC CD900ND CD900NE CD900NH CD900NJ CD900NM CD900NV CD900NY CD900OH CD900OK CD900OR CD900OVAL CD900PA CD900RI CD900SC CD900SD CD900STAR CD900TN CD900TX CD900UT CD900VA CD900VT CD900WA CD900WI CD900WV CD900WY;+51 id(s) appended by the union · union reaches ids another store product owns;PS6496;no
OK;no;familia compartida con otro producto · variantes que lista otro producto · variantes que acabarían en otro producto;p-5815-hawaii-state-silhouette-awards;Hawaii State Silhouette Awards;ACTIVE;1;53;CD900HI;CD900HI;CD900HI;CD900HI=PRODUCT;CD900*;CD900HI: Frosted Lucite Cutout on Risers Award  with Choice of State or Special Stock Shape;;;;CD900AK CD900AL CD900AR CD900AZ CD900CA CD900CO CD900CT CD900DE CD900FL CD900GA CD900IA CD900ID CD900IL CD900IN CD900KS CD900KY CD900LA CD900MA CD900MD CD900ME CD900MI CD900MN CD900MO CD900MS CD900MT CD900NC CD900ND CD900NE CD900NH CD900NJ CD900NM CD900NV CD900NY CD900OH CD900OK CD900OR CD900OVAL CD900PA CD900RI CD900SC CD900SD CD900STAR CD900TN CD900TX CD900UT CD900VA CD900VT CD900WA CD900WI CD900WV CD900WY;+51 id(s) appended by the union · union reaches ids another store product owns;PS6497;no
OK;no;familia compartida con otro producto · variantes que lista otro producto · variantes que acabarían en otro producto;p-5816-iowa-state-silhouette-awards;Iowa State Silhouette Awards;ACTIVE;1;53;CD900IA;CD900IA;CD900IA;CD900IA=PRODUCT;CD900*;CD900IA: Frosted Lucite Cutout on Risers Award  with Choice of State or Special Stock Shape;;;;CD900AK CD900AL CD900AR CD900AZ CD900CA CD900CO CD900CT CD900DE CD900FL CD900GA CD900HI CD900ID CD900IL CD900IN CD900KS CD900KY CD900LA CD900MA CD900MD CD900ME CD900MI CD900MN CD900MO CD900MS CD900MT CD900NC CD900ND CD900NE CD900NH CD900NJ CD900NM CD900NV CD900NY CD900OH CD900OK CD900OR CD900OVAL CD900PA CD900RI CD900SC CD900SD CD900STAR CD900TN CD900TX CD900UT CD900VA CD900VT CD900WA CD900WI CD900WV CD900WY;+51 id(s) appended by the union · union reaches ids another store product owns;PS6498;no
OK;no;familia compartida con otro producto · variantes que lista otro producto · variantes que acabarían en otro producto;p-5817-idaho-state-sillhouette-awards;Idaho State Sillhouette Awards;ACTIVE;1;53;CD900ID;CD900ID;CD900ID;CD900ID=PRODUCT;CD900*;CD900ID: Frosted Lucite Cutout on Risers Award  with Choice of State or Special Stock Shape;;;;CD900AK CD900AL CD900AR CD900AZ CD900CA CD900CO CD900CT CD900DE CD900FL CD900GA CD900HI CD900IA CD900IL CD900IN CD900KS CD900KY CD900LA CD900MA CD900MD CD900ME CD900MI CD900MN CD900MO CD900MS CD900MT CD900NC CD900ND CD900NE CD900NH CD900NJ CD900NM CD900NV CD900NY CD900OH CD900OK CD900OR CD900OVAL CD900PA CD900RI CD900SC CD900SD CD900STAR CD900TN CD900TX CD900UT CD900VA CD900VT CD900WA CD900WI CD900WV CD900WY;+51 id(s) appended by the union · union reaches ids another store product owns;PS6499;no
OK;no;familia compartida con otro producto · variantes que lista otro producto · variantes que acabarían en otro producto;p-5818-indiana-state-silhouette-awards;Indiana State Silhouette Awards;ACTIVE;1;53;CD900IN;CD900IN;CD900IN;CD900IN=PRODUCT;CD900*;CD900IN: Frosted Lucite Cutout on Risers Award  with Choice of State or Special Stock Shape;;;;CD900AK CD900AL CD900AR CD900AZ CD900CA CD900CO CD900CT CD900DE CD900FL CD900GA CD900HI CD900IA CD900ID CD900IL CD900KS CD900KY CD900LA CD900MA CD900MD CD900ME CD900MI CD900MN CD900MO CD900MS CD900MT CD900NC CD900ND CD900NE CD900NH CD900NJ CD900NM CD900NV CD900NY CD900OH CD900OK CD900OR CD900OVAL CD900PA CD900RI CD900SC CD900SD CD900STAR CD900TN CD900TX CD900UT CD900VA CD900VT CD900WA CD900WI CD900WV CD900WY;+51 id(s) appended by the union · union reaches ids another store product owns;PS6500;no
OK;no;familia compartida con otro producto · variantes que lista otro producto · variantes que acabarían en otro producto;p-5819-kansas-state-silhouette-awards;Kansas State Silhouette Awards;ACTIVE;1;53;CD900KS;CD900KS;CD900KS;CD900KS=PRODUCT;CD900*;CD900KS: Frosted Lucite Cutout on Risers Award  with Choice of State or Special Stock Shape;;;;CD900AK CD900AL CD900AR CD900AZ CD900CA CD900CO CD900CT CD900DE CD900FL CD900GA CD900HI CD900IA CD900ID CD900IL CD900IN CD900KY CD900LA CD900MA CD900MD CD900ME CD900MI CD900MN CD900MO CD900MS CD900MT CD900NC CD900ND CD900NE CD900NH CD900NJ CD900NM CD900NV CD900NY CD900OH CD900OK CD900OR CD900OVAL CD900PA CD900RI CD900SC CD900SD CD900STAR CD900TN CD900TX CD900UT CD900VA CD900VT CD900WA CD900WI CD900WV CD900WY;+51 id(s) appended by the union · union reaches ids another store product owns;PS6501;no
OK;no;familia compartida con otro producto · variantes que lista otro producto · variantes que acabarían en otro producto;p-5820-kentucky-state-silhouette-awards;Kentucky State Silhouette Awards;ACTIVE;1;53;CD900KY;CD900KY;CD900KY;CD900KY=PRODUCT;CD900*;CD900KY: Frosted Lucite Cutout on Risers Award  with Choice of State or Special Stock Shape;;;;CD900AK CD900AL CD900AR CD900AZ CD900CA CD900CO CD900CT CD900DE CD900FL CD900GA CD900HI CD900IA CD900ID CD900IL CD900IN CD900KS CD900LA CD900MA CD900MD CD900ME CD900MI CD900MN CD900MO CD900MS CD900MT CD900NC CD900ND CD900NE CD900NH CD900NJ CD900NM CD900NV CD900NY CD900OH CD900OK CD900OR CD900OVAL CD900PA CD900RI CD900SC CD900SD CD900STAR CD900TN CD900TX CD900UT CD900VA CD900VT CD900WA CD900WI CD900WV CD900WY;+51 id(s) appended by the union · union reaches ids another store product owns;PS6502;no
OK;no;familia compartida con otro producto · variantes que lista otro producto · variantes que acabarían en otro producto;p-5821-louisiana-state-silhouette-awards;Louisiana State Silhouette Awards;ACTIVE;1;53;CD900LA;CD900LA;CD900LA;CD900LA=PRODUCT;CD900*;CD900LA: Frosted Lucite Cutout on Risers Award  with Choice of State or Special Stock Shape;;;;CD900AK CD900AL CD900AR CD900AZ CD900CA CD900CO CD900CT CD900DE CD900FL CD900GA CD900HI CD900IA CD900ID CD900IL CD900IN CD900KS CD900KY CD900MA CD900MD CD900ME CD900MI CD900MN CD900MO CD900MS CD900MT CD900NC CD900ND CD900NE CD900NH CD900NJ CD900NM CD900NV CD900NY CD900OH CD900OK CD900OR CD900OVAL CD900PA CD900RI CD900SC CD900SD CD900STAR CD900TN CD900TX CD900UT CD900VA CD900VT CD900WA CD900WI CD900WV CD900WY;+51 id(s) appended by the union · union reaches ids another store product owns;PS6503;no
OK;no;familia compartida con otro producto · variantes que lista otro producto · variantes que acabarían en otro producto;p-5822-massachusetts-state-silhouette-awards;Massachusetts State Silhouette Awards;ACTIVE;1;53;CD900MA;CD900MA;CD900MA;CD900MA=PRODUCT;CD900*;CD900MA: Frosted Lucite Cutout on Risers Award  with Choice of State or Special Stock Shape;;;;CD900AK CD900AL CD900AR CD900AZ CD900CA CD900CO CD900CT CD900DE CD900FL CD900GA CD900HI CD900IA CD900ID CD900IL CD900IN CD900KS CD900KY CD900LA CD900MD CD900ME CD900MI CD900MN CD900MO CD900MS CD900MT CD900NC CD900ND CD900NE CD900NH CD900NJ CD900NM CD900NV CD900NY CD900OH CD900OK CD900OR CD900OVAL CD900PA CD900RI CD900SC CD900SD CD900STAR CD900TN CD900TX CD900UT CD900VA CD900VT CD900WA CD900WI CD900WV CD900WY;+51 id(s) appended by the union · union reaches ids another store product owns;PS6504;no
OK;no;familia compartida con otro producto · variantes que lista otro producto · variantes que acabarían en otro producto;p-5823-maryland-state-silhouette-awards;Maryland State Silhouette Awards;ACTIVE;1;53;CD900MD;CD900MD;CD900MD;CD900MD=PRODUCT;CD900*;CD900MD: Frosted Lucite Cutout on Risers Award  with Choice of State or Special Stock Shape;;;;CD900AK CD900AL CD900AR CD900AZ CD900CA CD900CO CD900CT CD900DE CD900FL CD900GA CD900HI CD900IA CD900ID CD900IL CD900IN CD900KS CD900KY CD900LA CD900MA CD900ME CD900MI CD900MN CD900MO CD900MS CD900MT CD900NC CD900ND CD900NE CD900NH CD900NJ CD900NM CD900NV CD900NY CD900OH CD900OK CD900OR CD900OVAL CD900PA CD900RI CD900SC CD900SD CD900STAR CD900TN CD900TX CD900UT CD900VA CD900VT CD900WA CD900WI CD900WV CD900WY;+51 id(s) appended by the union · union reaches ids another store product owns;PS6505;no
OK;no;familia compartida con otro producto · variantes que lista otro producto · variantes que acabarían en otro producto;p-5824-maine-state-silhouette-awards;Maine State Silhouette Awards;ACTIVE;1;53;CD900ME;CD900ME;CD900ME;CD900ME=PRODUCT;CD900*;CD900ME: Frosted Lucite Cutout on Risers Award  with Choice of State or Special Stock Shape;;;;CD900AK CD900AL CD900AR CD900AZ CD900CA CD900CO CD900CT CD900DE CD900FL CD900GA CD900HI CD900IA CD900ID CD900IL CD900IN CD900KS CD900KY CD900LA CD900MA CD900MD CD900MI CD900MN CD900MO CD900MS CD900MT CD900NC CD900ND CD900NE CD900NH CD900NJ CD900NM CD900NV CD900NY CD900OH CD900OK CD900OR CD900OVAL CD900PA CD900RI CD900SC CD900SD CD900STAR CD900TN CD900TX CD900UT CD900VA CD900VT CD900WA CD900WI CD900WV CD900WY;+51 id(s) appended by the union · union reaches ids another store product owns;PS6506;no
OK;no;familia compartida con otro producto · variantes que lista otro producto · variantes que acabarían en otro producto;p-5825-michigan-state-silhouette-awards;Michigan State Silhouette Awards;ACTIVE;1;53;CD900MI;CD900MI;CD900MI;CD900MI=PRODUCT;CD900*;CD900MI: Frosted Lucite Cutout on Risers Award  with Choice of State or Special Stock Shape;;;;CD900AK CD900AL CD900AR CD900AZ CD900CA CD900CO CD900CT CD900DE CD900FL CD900GA CD900HI CD900IA CD900ID CD900IL CD900IN CD900KS CD900KY CD900LA CD900MA CD900MD CD900ME CD900MN CD900MO CD900MS CD900MT CD900NC CD900ND CD900NE CD900NH CD900NJ CD900NM CD900NV CD900NY CD900OH CD900OK CD900OR CD900OVAL CD900PA CD900RI CD900SC CD900SD CD900STAR CD900TN CD900TX CD900UT CD900VA CD900VT CD900WA CD900WI CD900WV CD900WY;+51 id(s) appended by the union · union reaches ids another store product owns;PS6507;no
OK;no;familia compartida con otro producto · variantes que lista otro producto · variantes que acabarían en otro producto;p-5826-minnesota-state-silhouette-awards;Minnesota State Silhouette Awards;ACTIVE;1;53;CD900MN;CD900MN;CD900MN;CD900MN=PRODUCT;CD900*;CD900MN: Frosted Lucite Cutout on Risers Award  with Choice of State or Special Stock Shape;;;;CD900AK CD900AL CD900AR CD900AZ CD900CA CD900CO CD900CT CD900DE CD900FL CD900GA CD900HI CD900IA CD900ID CD900IL CD900IN CD900KS CD900KY CD900LA CD900MA CD900MD CD900ME CD900MI CD900MO CD900MS CD900MT CD900NC CD900ND CD900NE CD900NH CD900NJ CD900NM CD900NV CD900NY CD900OH CD900OK CD900OR CD900OVAL CD900PA CD900RI CD900SC CD900SD CD900STAR CD900TN CD900TX CD900UT CD900VA CD900VT CD900WA CD900WI CD900WV CD900WY;+51 id(s) appended by the union · union reaches ids another store product owns;PS6508;no
OK;no;familia compartida con otro producto · variantes que lista otro producto · variantes que acabarían en otro producto;p-5827-missouri-state-silhouette-awards;Missouri State Silhouette Awards;ACTIVE;1;53;CD900MO;CD900MO;CD900MO;CD900MO=PRODUCT;CD900*;CD900MO: Frosted Lucite Cutout on Risers Award  with Choice of State or Special Stock Shape;;;;CD900AK CD900AL CD900AR CD900AZ CD900CA CD900CO CD900CT CD900DE CD900FL CD900GA CD900HI CD900IA CD900ID CD900IL CD900IN CD900KS CD900KY CD900LA CD900MA CD900MD CD900ME CD900MI CD900MN CD900MS CD900MT CD900NC CD900ND CD900NE CD900NH CD900NJ CD900NM CD900NV CD900NY CD900OH CD900OK CD900OR CD900OVAL CD900PA CD900RI CD900SC CD900SD CD900STAR CD900TN CD900TX CD900UT CD900VA CD900VT CD900WA CD900WI CD900WV CD900WY;+51 id(s) appended by the union · union reaches ids another store product owns;PS6509;no
OK;no;familia compartida con otro producto · variantes que lista otro producto · variantes que acabarían en otro producto;p-5828-mississippi-state-silhouette-awards;Mississippi State Silhouette Awards;ACTIVE;1;53;CD900MS;CD900MS;CD900MS;CD900MS=PRODUCT;CD900*;CD900MS: Frosted Lucite Cutout on Risers Award  with Choice of State or Special Stock Shape;;;;CD900AK CD900AL CD900AR CD900AZ CD900CA CD900CO CD900CT CD900DE CD900FL CD900GA CD900HI CD900IA CD900ID CD900IL CD900IN CD900KS CD900KY CD900LA CD900MA CD900MD CD900ME CD900MI CD900MN CD900MO CD900MT CD900NC CD900ND CD900NE CD900NH CD900NJ CD900NM CD900NV CD900NY CD900OH CD900OK CD900OR CD900OVAL CD900PA CD900RI CD900SC CD900SD CD900STAR CD900TN CD900TX CD900UT CD900VA CD900VT CD900WA CD900WI CD900WV CD900WY;+51 id(s) appended by the union · union reaches ids another store product owns;PS6510;no
OK;no;familia compartida con otro producto · variantes que lista otro producto · variantes que acabarían en otro producto;p-5829-montana-state-silhouette-awards;Montana State Silhouette Awards;ACTIVE;1;53;CD900MT;CD900MT;CD900MT;CD900MT=PRODUCT;CD900*;CD900MT: Frosted Lucite Cutout on Risers Award  with Choice of State or Special Stock Shape;;;;CD900AK CD900AL CD900AR CD900AZ CD900CA CD900CO CD900CT CD900DE CD900FL CD900GA CD900HI CD900IA CD900ID CD900IL CD900IN CD900KS CD900KY CD900LA CD900MA CD900MD CD900ME CD900MI CD900MN CD900MO CD900MS CD900NC CD900ND CD900NE CD900NH CD900NJ CD900NM CD900NV CD900NY CD900OH CD900OK CD900OR CD900OVAL CD900PA CD900RI CD900SC CD900SD CD900STAR CD900TN CD900TX CD900UT CD900VA CD900VT CD900WA CD900WI CD900WV CD900WY;+51 id(s) appended by the union · union reaches ids another store product owns;PS6511;no
OK;no;familia compartida con otro producto · variantes que lista otro producto · variantes que acabarían en otro producto;p-5830-north-carolina-state-silhouette-awards;North Carolina State Silhouette Awards;ACTIVE;1;53;CD900NC;CD900NC;CD900NC;CD900NC=PRODUCT;CD900*;CD900NC: Frosted Lucite Cutout on Risers Award  with Choice of State or Special Stock Shape;;;;CD900AK CD900AL CD900AR CD900AZ CD900CA CD900CO CD900CT CD900DE CD900FL CD900GA CD900HI CD900IA CD900ID CD900IL CD900IN CD900KS CD900KY CD900LA CD900MA CD900MD CD900ME CD900MI CD900MN CD900MO CD900MS CD900MT CD900ND CD900NE CD900NH CD900NJ CD900NM CD900NV CD900NY CD900OH CD900OK CD900OR CD900OVAL CD900PA CD900RI CD900SC CD900SD CD900STAR CD900TN CD900TX CD900UT CD900VA CD900VT CD900WA CD900WI CD900WV CD900WY;+51 id(s) appended by the union · union reaches ids another store product owns;PS6512;no
OK;no;familia compartida con otro producto · variantes que lista otro producto · variantes que acabarían en otro producto;p-5831-north-dakota-state-silhouette-awards;North Dakota State Silhouette Awards;ACTIVE;1;53;CD900ND;CD900ND;CD900ND;CD900ND=PRODUCT;CD900*;CD900ND: Frosted Lucite Cutout on Risers Award  with Choice of State or Special Stock Shape;;;;CD900AK CD900AL CD900AR CD900AZ CD900CA CD900CO CD900CT CD900DE CD900FL CD900GA CD900HI CD900IA CD900ID CD900IL CD900IN CD900KS CD900KY CD900LA CD900MA CD900MD CD900ME CD900MI CD900MN CD900MO CD900MS CD900MT CD900NC CD900NE CD900NH CD900NJ CD900NM CD900NV CD900NY CD900OH CD900OK CD900OR CD900OVAL CD900PA CD900RI CD900SC CD900SD CD900STAR CD900TN CD900TX CD900UT CD900VA CD900VT CD900WA CD900WI CD900WV CD900WY;+51 id(s) appended by the union · union reaches ids another store product owns;PS6513;no
OK;no;familia compartida con otro producto · variantes que lista otro producto · variantes que acabarían en otro producto;p-5832-nebraska-state-silhouette-awards;Nebraska State Silhouette Awards;ACTIVE;1;53;CD900NE;CD900NE;CD900NE;CD900NE=PRODUCT;CD900*;CD900NE: Frosted Lucite Cutout on Risers Award  with Choice of State or Special Stock Shape;;;;CD900AK CD900AL CD900AR CD900AZ CD900CA CD900CO CD900CT CD900DE CD900FL CD900GA CD900HI CD900IA CD900ID CD900IL CD900IN CD900KS CD900KY CD900LA CD900MA CD900MD CD900ME CD900MI CD900MN CD900MO CD900MS CD900MT CD900NC CD900ND CD900NH CD900NJ CD900NM CD900NV CD900NY CD900OH CD900OK CD900OR CD900OVAL CD900PA CD900RI CD900SC CD900SD CD900STAR CD900TN CD900TX CD900UT CD900VA CD900VT CD900WA CD900WI CD900WV CD900WY;+51 id(s) appended by the union · union reaches ids another store product owns;PS6514;no
OK;no;familia compartida con otro producto · variantes que lista otro producto · variantes que acabarían en otro producto;p-5833-new-hampshire-state-silhouette-awards;New Hampshire State Silhouette Awards;ACTIVE;1;53;CD900NH;CD900NH;CD900NH;CD900NH=PRODUCT;CD900*;CD900NH: Frosted Lucite Cutout on Risers Award  with Choice of State or Special Stock Shape;;;;CD900AK CD900AL CD900AR CD900AZ CD900CA CD900CO CD900CT CD900DE CD900FL CD900GA CD900HI CD900IA CD900ID CD900IL CD900IN CD900KS CD900KY CD900LA CD900MA CD900MD CD900ME CD900MI CD900MN CD900MO CD900MS CD900MT CD900NC CD900ND CD900NE CD900NJ CD900NM CD900NV CD900NY CD900OH CD900OK CD900OR CD900OVAL CD900PA CD900RI CD900SC CD900SD CD900STAR CD900TN CD900TX CD900UT CD900VA CD900VT CD900WA CD900WI CD900WV CD900WY;+51 id(s) appended by the union · union reaches ids another store product owns;PS6515;no
OK;no;familia compartida con otro producto · variantes que lista otro producto · variantes que acabarían en otro producto;p-5834-new-jersey-state-silhouette-awards;New Jersey State Silhouette Awards;ACTIVE;1;53;CD900NJ;CD900NJ;CD900NJ;CD900NJ=PRODUCT;CD900*;CD900NJ: Frosted Lucite Cutout on Risers Award  with Choice of State or Special Stock Shape;;;;CD900AK CD900AL CD900AR CD900AZ CD900CA CD900CO CD900CT CD900DE CD900FL CD900GA CD900HI CD900IA CD900ID CD900IL CD900IN CD900KS CD900KY CD900LA CD900MA CD900MD CD900ME CD900MI CD900MN CD900MO CD900MS CD900MT CD900NC CD900ND CD900NE CD900NH CD900NM CD900NV CD900NY CD900OH CD900OK CD900OR CD900OVAL CD900PA CD900RI CD900SC CD900SD CD900STAR CD900TN CD900TX CD900UT CD900VA CD900VT CD900WA CD900WI CD900WV CD900WY;+51 id(s) appended by the union · union reaches ids another store product owns;PS6516;no
OK;no;familia compartida con otro producto · variantes que lista otro producto · variantes que acabarían en otro producto;p-5835-new-mexico-state-silhouette-awards;New Mexico State Silhouette Awards;ACTIVE;1;53;CD900NM;CD900NM;CD900NM;CD900NM=PRODUCT;CD900*;CD900NM: Frosted Lucite Cutout on Risers Award  with Choice of State or Special Stock Shape;;;;CD900AK CD900AL CD900AR CD900AZ CD900CA CD900CO CD900CT CD900DE CD900FL CD900GA CD900HI CD900IA CD900ID CD900IL CD900IN CD900KS CD900KY CD900LA CD900MA CD900MD CD900ME CD900MI CD900MN CD900MO CD900MS CD900MT CD900NC CD900ND CD900NE CD900NH CD900NJ CD900NV CD900NY CD900OH CD900OK CD900OR CD900OVAL CD900PA CD900RI CD900SC CD900SD CD900STAR CD900TN CD900TX CD900UT CD900VA CD900VT CD900WA CD900WI CD900WV CD900WY;+51 id(s) appended by the union · union reaches ids another store product owns;PS6517;no
OK;no;familia compartida con otro producto · variantes que lista otro producto · variantes que acabarían en otro producto;p-5836-nevada-state-silhouette-awards;Nevada State Silhouette  Awards;ACTIVE;1;53;CD900NV;CD900NV;CD900NV;CD900NV=PRODUCT;CD900*;CD900NV: Frosted Lucite Cutout on Risers Award  with Choice of State or Special Stock Shape;;;;CD900AK CD900AL CD900AR CD900AZ CD900CA CD900CO CD900CT CD900DE CD900FL CD900GA CD900HI CD900IA CD900ID CD900IL CD900IN CD900KS CD900KY CD900LA CD900MA CD900MD CD900ME CD900MI CD900MN CD900MO CD900MS CD900MT CD900NC CD900ND CD900NE CD900NH CD900NJ CD900NM CD900NY CD900OH CD900OK CD900OR CD900OVAL CD900PA CD900RI CD900SC CD900SD CD900STAR CD900TN CD900TX CD900UT CD900VA CD900VT CD900WA CD900WI CD900WV CD900WY;+51 id(s) appended by the union · union reaches ids another store product owns;PS6518;no
OK;no;familia compartida con otro producto · variantes que lista otro producto · variantes que acabarían en otro producto;p-5837-new-york-state-silhouette-awards;New York State Silhouette Awards;ACTIVE;1;53;CD900NY;CD900NY;CD900NY;CD900NY=PRODUCT;CD900*;CD900NY: Frosted Lucite Cutout on Risers Award  with Choice of State or Special Stock Shape;;;;CD900AK CD900AL CD900AR CD900AZ CD900CA CD900CO CD900CT CD900DE CD900FL CD900GA CD900HI CD900IA CD900ID CD900IL CD900IN CD900KS CD900KY CD900LA CD900MA CD900MD CD900ME CD900MI CD900MN CD900MO CD900MS CD900MT CD900NC CD900ND CD900NE CD900NH CD900NJ CD900NM CD900NV CD900OH CD900OK CD900OR CD900OVAL CD900PA CD900RI CD900SC CD900SD CD900STAR CD900TN CD900TX CD900UT CD900VA CD900VT CD900WA CD900WI CD900WV CD900WY;+51 id(s) appended by the union · union reaches ids another store product owns;PS6519;no
OK;no;familia compartida con otro producto · variantes que lista otro producto · variantes que acabarían en otro producto;p-5838-ohio-state-silhouette-awards;Ohio State Silhouette Awards;ACTIVE;1;53;CD900OH;CD900OH;CD900OH;CD900OH=PRODUCT;CD900*;CD900OH: Frosted Lucite Cutout on Risers Award  with Choice of State or Special Stock Shape;;;;CD900AK CD900AL CD900AR CD900AZ CD900CA CD900CO CD900CT CD900DE CD900FL CD900GA CD900HI CD900IA CD900ID CD900IL CD900IN CD900KS CD900KY CD900LA CD900MA CD900MD CD900ME CD900MI CD900MN CD900MO CD900MS CD900MT CD900NC CD900ND CD900NE CD900NH CD900NJ CD900NM CD900NV CD900NY CD900OK CD900OR CD900OVAL CD900PA CD900RI CD900SC CD900SD CD900STAR CD900TN CD900TX CD900UT CD900VA CD900VT CD900WA CD900WI CD900WV CD900WY;+51 id(s) appended by the union · union reaches ids another store product owns;PS6520;no
OK;no;familia compartida con otro producto · variantes que lista otro producto · variantes que acabarían en otro producto;p-5839-oklahoma-state-silhouette-awards;Oklahoma State Silhouette Awards;ACTIVE;1;53;CD900OK;CD900OK;CD900OK;CD900OK=PRODUCT;CD900*;CD900OK: Frosted Lucite Cutout on Risers Award  with Choice of State or Special Stock Shape;;;;CD900AK CD900AL CD900AR CD900AZ CD900CA CD900CO CD900CT CD900DE CD900FL CD900GA CD900HI CD900IA CD900ID CD900IL CD900IN CD900KS CD900KY CD900LA CD900MA CD900MD CD900ME CD900MI CD900MN CD900MO CD900MS CD900MT CD900NC CD900ND CD900NE CD900NH CD900NJ CD900NM CD900NV CD900NY CD900OH CD900OR CD900OVAL CD900PA CD900RI CD900SC CD900SD CD900STAR CD900TN CD900TX CD900UT CD900VA CD900VT CD900WA CD900WI CD900WV CD900WY;+51 id(s) appended by the union · union reaches ids another store product owns;PS6521;no
OK;no;familia compartida con otro producto · variantes que lista otro producto · variantes que acabarían en otro producto;p-5843-oregon-state-silhouette-awards;Oregon State Silhouette Awards;ACTIVE;1;53;CD900OR;CD900OR;CD900OR;CD900OR=PRODUCT;CD900*;CD900OR: Frosted Lucite Cutout on Risers Award  with Choice of State or Special Stock Shape;;;;CD900AK CD900AL CD900AR CD900AZ CD900CA CD900CO CD900CT CD900DE CD900FL CD900GA CD900HI CD900IA CD900ID CD900IL CD900IN CD900KS CD900KY CD900LA CD900MA CD900MD CD900ME CD900MI CD900MN CD900MO CD900MS CD900MT CD900NC CD900ND CD900NE CD900NH CD900NJ CD900NM CD900NV CD900NY CD900OH CD900OK CD900OVAL CD900PA CD900RI CD900SC CD900SD CD900STAR CD900TN CD900TX CD900UT CD900VA CD900VT CD900WA CD900WI CD900WV CD900WY;+51 id(s) appended by the union · union reaches ids another store product owns;PS6525;no
OK;no;familia compartida con otro producto · variantes que lista otro producto · variantes que acabarían en otro producto;p-5844-frosted-lucite-oval-cutout-on-risers-award;Frosted Lucite Oval Cutout on Risers Award;ACTIVE;1;53;CD900OVAL;CD900OVAL;CD900OVAL;CD900OVAL=PRODUCT;CD900*;CD900OVAL: Frosted Lucite Cutout on Risers Award  with Choice of State or Special Stock Shape;;;;CD900AK CD900AL CD900AR CD900AZ CD900CA CD900CO CD900CT CD900DE CD900FL CD900GA CD900HI CD900IA CD900ID CD900IL CD900IN CD900KS CD900KY CD900LA CD900MA CD900MD CD900ME CD900MI CD900MN CD900MO CD900MS CD900MT CD900NC CD900ND CD900NE CD900NH CD900NJ CD900NM CD900NV CD900NY CD900OH CD900OK CD900OR CD900PA CD900RI CD900SC CD900SD CD900STAR CD900TN CD900TX CD900UT CD900VA CD900VT CD900WA CD900WI CD900WV CD900WY;+51 id(s) appended by the union · union reaches ids another store product owns;PS6526;no
OK;no;familia compartida con otro producto · variantes que lista otro producto · variantes que acabarían en otro producto;p-5845-pennsylvania-state-silhouette-awards;Pennsylvania State Silhouette Awards;ACTIVE;1;53;CD900PA;CD900PA;CD900PA;CD900PA=PRODUCT;CD900*;CD900PA: Frosted Lucite Cutout on Risers Award  with Choice of State or Special Stock Shape;;;;CD900AK CD900AL CD900AR CD900AZ CD900CA CD900CO CD900CT CD900DE CD900FL CD900GA CD900HI CD900IA CD900ID CD900IL CD900IN CD900KS CD900KY CD900LA CD900MA CD900MD CD900ME CD900MI CD900MN CD900MO CD900MS CD900MT CD900NC CD900ND CD900NE CD900NH CD900NJ CD900NM CD900NV CD900NY CD900OH CD900OK CD900OR CD900OVAL CD900RI CD900SC CD900SD CD900STAR CD900TN CD900TX CD900UT CD900VA CD900VT CD900WA CD900WI CD900WV CD900WY;+51 id(s) appended by the union · union reaches ids another store product owns;PS6527;no
OK;no;familia compartida con otro producto · variantes que lista otro producto · variantes que acabarían en otro producto;p-5846-rhode-island-state-silhouette-awards;Rhode Island State Silhouette Awards;ACTIVE;1;53;CD900RI;CD900RI;CD900RI;CD900RI=PRODUCT;CD900*;CD900RI: Frosted Lucite Cutout on Risers Award  with Choice of State or Special Stock Shape;;;;CD900AK CD900AL CD900AR CD900AZ CD900CA CD900CO CD900CT CD900DE CD900FL CD900GA CD900HI CD900IA CD900ID CD900IL CD900IN CD900KS CD900KY CD900LA CD900MA CD900MD CD900ME CD900MI CD900MN CD900MO CD900MS CD900MT CD900NC CD900ND CD900NE CD900NH CD900NJ CD900NM CD900NV CD900NY CD900OH CD900OK CD900OR CD900OVAL CD900PA CD900SC CD900SD CD900STAR CD900TN CD900TX CD900UT CD900VA CD900VT CD900WA CD900WI CD900WV CD900WY;+51 id(s) appended by the union · union reaches ids another store product owns;PS6528;no
OK;no;familia compartida con otro producto · variantes que lista otro producto · variantes que acabarían en otro producto;p-5847-south-carolina-state-silhouette-awards;South Carolina State Silhouette Awards;ACTIVE;1;53;CD900SC;CD900SC;CD900SC;CD900SC=PRODUCT;CD900*;CD900SC: Frosted Lucite Cutout on Risers Award  with Choice of State or Special Stock Shape;;;;CD900AK CD900AL CD900AR CD900AZ CD900CA CD900CO CD900CT CD900DE CD900FL CD900GA CD900HI CD900IA CD900ID CD900IL CD900IN CD900KS CD900KY CD900LA CD900MA CD900MD CD900ME CD900MI CD900MN CD900MO CD900MS CD900MT CD900NC CD900ND CD900NE CD900NH CD900NJ CD900NM CD900NV CD900NY CD900OH CD900OK CD900OR CD900OVAL CD900PA CD900RI CD900SD CD900STAR CD900TN CD900TX CD900UT CD900VA CD900VT CD900WA CD900WI CD900WV CD900WY;+51 id(s) appended by the union · union reaches ids another store product owns;PS6529;no
OK;no;familia compartida con otro producto · variantes que lista otro producto · variantes que acabarían en otro producto;p-5848-south-dakota-state-silhouette-awards;South Dakota State Silhouette Awards;ACTIVE;1;53;CD900SD;CD900SD;CD900SD;CD900SD=PRODUCT;CD900*;CD900SD: Frosted Lucite Cutout on Risers Award  with Choice of State or Special Stock Shape;;;;CD900AK CD900AL CD900AR CD900AZ CD900CA CD900CO CD900CT CD900DE CD900FL CD900GA CD900HI CD900IA CD900ID CD900IL CD900IN CD900KS CD900KY CD900LA CD900MA CD900MD CD900ME CD900MI CD900MN CD900MO CD900MS CD900MT CD900NC CD900ND CD900NE CD900NH CD900NJ CD900NM CD900NV CD900NY CD900OH CD900OK CD900OR CD900OVAL CD900PA CD900RI CD900SC CD900STAR CD900TN CD900TX CD900UT CD900VA CD900VT CD900WA CD900WI CD900WV CD900WY;+51 id(s) appended by the union · union reaches ids another store product owns;PS6530;no
OK;no;familia compartida con otro producto · variantes que lista otro producto · variantes que acabarían en otro producto;p-5849-illinois-state-shaped-award-award;Illinois State Shaped Award Award;ACTIVE;1;53;CD900IL;CD900IL;CD900IL;CD900IL=PRODUCT;CD900*;CD900IL: Frosted Lucite Cutout on Risers Award  with Choice of State or Special Stock Shape;;;;CD900AK CD900AL CD900AR CD900AZ CD900CA CD900CO CD900CT CD900DE CD900FL CD900GA CD900HI CD900IA CD900ID CD900IN CD900KS CD900KY CD900LA CD900MA CD900MD CD900ME CD900MI CD900MN CD900MO CD900MS CD900MT CD900NC CD900ND CD900NE CD900NH CD900NJ CD900NM CD900NV CD900NY CD900OH CD900OK CD900OR CD900OVAL CD900PA CD900RI CD900SC CD900SD CD900STAR CD900TN CD900TX CD900UT CD900VA CD900VT CD900WA CD900WI CD900WV CD900WY;+51 id(s) appended by the union · union reaches ids another store product owns;PS6531;no
OK;no;familia compartida con otro producto · variantes que lista otro producto · variantes que acabarían en otro producto;p-5850-tennessee-state-silhouette-awards;Tennessee State Silhouette Awards;ACTIVE;1;53;CD900TN;CD900TN;CD900TN;CD900TN=PRODUCT;CD900*;CD900TN: Frosted Lucite Cutout on Risers Award  with Choice of State or Special Stock Shape;;;;CD900AK CD900AL CD900AR CD900AZ CD900CA CD900CO CD900CT CD900DE CD900FL CD900GA CD900HI CD900IA CD900ID CD900IL CD900IN CD900KS CD900KY CD900LA CD900MA CD900MD CD900ME CD900MI CD900MN CD900MO CD900MS CD900MT CD900NC CD900ND CD900NE CD900NH CD900NJ CD900NM CD900NV CD900NY CD900OH CD900OK CD900OR CD900OVAL CD900PA CD900RI CD900SC CD900SD CD900STAR CD900TX CD900UT CD900VA CD900VT CD900WA CD900WI CD900WV CD900WY;+51 id(s) appended by the union · union reaches ids another store product owns;PS6532;no
OK;no;familia compartida con otro producto · variantes que lista otro producto · variantes que acabarían en otro producto;p-5851-texas-state-silhouette-awards;Texas State Silhouette Awards;ACTIVE;1;53;CD900TX;CD900TX;CD900TX;CD900TX=PRODUCT;CD900*;CD900TX: Frosted Lucite Cutout on Risers Award  with Choice of State or Special Stock Shape;;;;CD900AK CD900AL CD900AR CD900AZ CD900CA CD900CO CD900CT CD900DE CD900FL CD900GA CD900HI CD900IA CD900ID CD900IL CD900IN CD900KS CD900KY CD900LA CD900MA CD900MD CD900ME CD900MI CD900MN CD900MO CD900MS CD900MT CD900NC CD900ND CD900NE CD900NH CD900NJ CD900NM CD900NV CD900NY CD900OH CD900OK CD900OR CD900OVAL CD900PA CD900RI CD900SC CD900SD CD900STAR CD900TN CD900UT CD900VA CD900VT CD900WA CD900WI CD900WV CD900WY;+51 id(s) appended by the union · union reaches ids another store product owns;PS6533;no
OK;no;familia compartida con otro producto · variantes que lista otro producto · variantes que acabarían en otro producto;p-5852-utah-state-silhouette-awards;Utah State Silhouette Awards;ACTIVE;1;53;CD900UT;CD900UT;CD900UT;CD900UT=PRODUCT;CD900*;CD900UT: Frosted Lucite Cutout on Risers Award  with Choice of State or Special Stock Shape;;;;CD900AK CD900AL CD900AR CD900AZ CD900CA CD900CO CD900CT CD900DE CD900FL CD900GA CD900HI CD900IA CD900ID CD900IL CD900IN CD900KS CD900KY CD900LA CD900MA CD900MD CD900ME CD900MI CD900MN CD900MO CD900MS CD900MT CD900NC CD900ND CD900NE CD900NH CD900NJ CD900NM CD900NV CD900NY CD900OH CD900OK CD900OR CD900OVAL CD900PA CD900RI CD900SC CD900SD CD900STAR CD900TN CD900TX CD900VA CD900VT CD900WA CD900WI CD900WV CD900WY;+51 id(s) appended by the union · union reaches ids another store product owns;PS6534;no
OK;no;familia compartida con otro producto · variantes que lista otro producto · variantes que acabarían en otro producto;p-5853-virginia-state-silhouette-awards;Virginia State Silhouette Awards;ACTIVE;1;53;CD900VA;CD900VA;CD900VA;CD900VA=PRODUCT;CD900*;CD900VA: Frosted Lucite Cutout on Risers Award  with Choice of State or Special Stock Shape;;;;CD900AK CD900AL CD900AR CD900AZ CD900CA CD900CO CD900CT CD900DE CD900FL CD900GA CD900HI CD900IA CD900ID CD900IL CD900IN CD900KS CD900KY CD900LA CD900MA CD900MD CD900ME CD900MI CD900MN CD900MO CD900MS CD900MT CD900NC CD900ND CD900NE CD900NH CD900NJ CD900NM CD900NV CD900NY CD900OH CD900OK CD900OR CD900OVAL CD900PA CD900RI CD900SC CD900SD CD900STAR CD900TN CD900TX CD900UT CD900VT CD900WA CD900WI CD900WV CD900WY;+51 id(s) appended by the union · union reaches ids another store product owns;PS6535;no
OK;no;familia compartida con otro producto · variantes que lista otro producto · variantes que acabarían en otro producto;p-5854-vermont-state-silhouette-awards;Vermont State Silhouette Awards;ACTIVE;1;53;CD900VT;CD900VT;CD900VT;CD900VT=PRODUCT;CD900*;CD900VT: Frosted Lucite Cutout on Risers Award  with Choice of State or Special Stock Shape;;;;CD900AK CD900AL CD900AR CD900AZ CD900CA CD900CO CD900CT CD900DE CD900FL CD900GA CD900HI CD900IA CD900ID CD900IL CD900IN CD900KS CD900KY CD900LA CD900MA CD900MD CD900ME CD900MI CD900MN CD900MO CD900MS CD900MT CD900NC CD900ND CD900NE CD900NH CD900NJ CD900NM CD900NV CD900NY CD900OH CD900OK CD900OR CD900OVAL CD900PA CD900RI CD900SC CD900SD CD900STAR CD900TN CD900TX CD900UT CD900VA CD900WA CD900WI CD900WV CD900WY;+51 id(s) appended by the union · union reaches ids another store product owns;PS6536;no
OK;no;familia compartida con otro producto · variantes que lista otro producto · variantes que acabarían en otro producto;p-5855-washington-state-silhouette-awards;Washington State Silhouette Awards;ACTIVE;1;53;CD900WA;CD900WA;CD900WA;CD900WA=PRODUCT;CD900*;CD900WA: Frosted Lucite Cutout on Risers Award  with Choice of State or Special Stock Shape;;;;CD900AK CD900AL CD900AR CD900AZ CD900CA CD900CO CD900CT CD900DE CD900FL CD900GA CD900HI CD900IA CD900ID CD900IL CD900IN CD900KS CD900KY CD900LA CD900MA CD900MD CD900ME CD900MI CD900MN CD900MO CD900MS CD900MT CD900NC CD900ND CD900NE CD900NH CD900NJ CD900NM CD900NV CD900NY CD900OH CD900OK CD900OR CD900OVAL CD900PA CD900RI CD900SC CD900SD CD900STAR CD900TN CD900TX CD900UT CD900VA CD900VT CD900WI CD900WV CD900WY;+51 id(s) appended by the union · union reaches ids another store product owns;PS6537;no
OK;no;familia compartida con otro producto · variantes que lista otro producto · variantes que acabarían en otro producto;p-5856-wisconsin-state-silhouette-awards;Wisconsin State Silhouette Awards;ACTIVE;1;53;CD900WI;CD900WI;CD900WI;CD900WI=PRODUCT;CD900*;CD900WI: Frosted Lucite Cutout on Risers Award  with Choice of State or Special Stock Shape;;;;CD900AK CD900AL CD900AR CD900AZ CD900CA CD900CO CD900CT CD900DE CD900FL CD900GA CD900HI CD900IA CD900ID CD900IL CD900IN CD900KS CD900KY CD900LA CD900MA CD900MD CD900ME CD900MI CD900MN CD900MO CD900MS CD900MT CD900NC CD900ND CD900NE CD900NH CD900NJ CD900NM CD900NV CD900NY CD900OH CD900OK CD900OR CD900OVAL CD900PA CD900RI CD900SC CD900SD CD900STAR CD900TN CD900TX CD900UT CD900VA CD900VT CD900WA CD900WV CD900WY;+51 id(s) appended by the union · union reaches ids another store product owns;PS6538;no
OK;no;familia compartida con otro producto · variantes que lista otro producto · variantes que acabarían en otro producto;p-5857-west-virginia-state-silhouette-awards;West Virginia State Silhouette Awards;ACTIVE;1;53;CD900WV;CD900WV;CD900WV;CD900WV=PRODUCT;CD900*;CD900WV: Frosted Lucite Cutout on Risers Award  with Choice of State or Special Stock Shape;;;;CD900AK CD900AL CD900AR CD900AZ CD900CA CD900CO CD900CT CD900DE CD900FL CD900GA CD900HI CD900IA CD900ID CD900IL CD900IN CD900KS CD900KY CD900LA CD900MA CD900MD CD900ME CD900MI CD900MN CD900MO CD900MS CD900MT CD900NC CD900ND CD900NE CD900NH CD900NJ CD900NM CD900NV CD900NY CD900OH CD900OK CD900OR CD900OVAL CD900PA CD900RI CD900SC CD900SD CD900STAR CD900TN CD900TX CD900UT CD900VA CD900VT CD900WA CD900WI CD900WY;+51 id(s) appended by the union · union reaches ids another store product owns;PS6539;no
OK;no;familia compartida con otro producto · variantes que lista otro producto · variantes que acabarían en otro producto;p-5858-wyoming-state-silhouette-awards;Wyoming State Silhouette Awards;ACTIVE;1;53;CD900WY;CD900WY;CD900WY;CD900WY=PRODUCT;CD900*;CD900WY: Frosted Lucite Cutout on Risers Award  with Choice of State or Special Stock Shape;;;;CD900AK CD900AL CD900AR CD900AZ CD900CA CD900CO CD900CT CD900DE CD900FL CD900GA CD900HI CD900IA CD900ID CD900IL CD900IN CD900KS CD900KY CD900LA CD900MA CD900MD CD900ME CD900MI CD900MN CD900MO CD900MS CD900MT CD900NC CD900ND CD900NE CD900NH CD900NJ CD900NM CD900NV CD900NY CD900OH CD900OK CD900OR CD900OVAL CD900PA CD900RI CD900SC CD900SD CD900STAR CD900TN CD900TX CD900UT CD900VA CD900VT CD900WA CD900WI CD900WV;+51 id(s) appended by the union · union reaches ids another store product owns;PS6540;no
OK;yes;;p-5864-gentle-waves-clear-chisel-tower-award;Gentle Waves Clear Chisel Tower Award;ACTIVE;1;1;C702C;C702C;C702C;C702C=PRODUCT;C702C;C702C: Large Clear Chisel Tower;;;;;;PS6546;no
OK;yes;;p-5865-gentle-waves-clear-chisel-tower-award;Gentle Waves Clear Chisel Tower Award;ACTIVE;1;1;C2317C;C2317C;C2317C;C2317C=PRODUCT;C2317C;C2317C: Small Clear Chisel Tower;;;;;;PS6547;no
OK;yes;;p-5876-black-tear-drop-art-glass-award-on-glass-base;Black Tear Drop Art Glass Award on Glass Base;ACTIVE;1;1;GI204;GI204;GI204;GI204=PRODUCT;GI204;GI204: Tear Drop Art Glass on Black Glass Base (Includes Silver Color-Fill on Base Only);;;;;;PS6558;no
OK;yes;;p-5877-bowed-edge-crystal-evergreen-vase-award;Bowed Edge Crystal Evergreen Vase Award;ACTIVE;1;1;GNS106;GNS106;GNS106;GNS106=PRODUCT;GNS106;GNS106:  Bowed Edge Crystal Evergreen Vase     ;;;;;;PS6559;no
OK;no;familia compartida con otro producto · variantes que lista otro producto;p-5898-gold-spectrum-chisel-carved-tower-trophy-award;Gold Spectrum Chisel Carved Tower Trophy Award;ACTIVE;1;2;C609LGO;C609LGO;C609LGO;C609LGO=PRODUCT;C609L*;C609LGO: Small Chisel Carve Tower;;;;;;PS6580;no
OK;no;familia compartida con otro producto · variantes que lista otro producto · variantes que acabarían en otro producto;p-5900-gold-star-power-sculptured-lucite-small;Gold Star Power Sculptured Lucite Small;ACTIVE;1;3;CA21CXG;CA21CXG;CA21CXG;CA21CXG=PRODUCT;CA21CX*;CA21CXG: Sculptured Lucite Star - Large;;;;CA21CXB CA21CXC;+2 id(s) appended by the union · union reaches ids another store product owns;PS6582;no
OK;no;familia compartida con otro producto · variantes que lista otro producto · variantes que acabarían en otro producto;p-5911-green-diamond-carved-octagon-plaque;Green Diamond Carved Octagon Plaque;ACTIVE;1;3;C1407LG;C1407LG;C1407LG;C1407LG=PRODUCT;C1407L*;C1407LG: Diamond Carved Octagon Plaque;;;;C1407LB C1407LR;+2 id(s) appended by the union · union reaches ids another store product owns;PS6593;no
OK;no;ids que no son un producto vivo · varias familias;p-5926-highflying-bronze-eagle-with-flag-and-glass-award;Highflying Bronze Eagle with Flag and Glass Award;ACTIVE;1;1;CD446;CD446;CD446 RFB805;CD446=PRODUCT RFB805=ORPHAN;CD446;CD446: Bronze Antique Resin Cast Eagle with Flag and Beveled Glass;;;;;1 dead id(s);PS6608;no
OK;yes;;p-5928-highflying-lucite-eagle-on-marble-base-award;Highflying Lucite Eagle On Marble Base Award;ACTIVE;1;1;CD386;CD386;CD386;CD386=PRODUCT;CD386;CD386: Ultra-Light Lucite Sculpted Eagle on Marble Base  (ships unattached from base);;;;;;PS6610;no
OK;yes;;p-5930-indigo-art-glass-award-with-blue-waves-and-black-laser-plate;Indigo Art Glass Award  with Blue Waves and Black Laser Plate;ACTIVE;1;1;GM710;GM710;GM710;GM710=PRODUCT;GM710;GM710: Indigo Art Glass with Blue Waves with Black Laser Plate;;;;;;PS6612;no
OK;yes;;p-5949-jade-glass-triangle-vase;Jade Glass Triangle Vase;ACTIVE;1;1;G0976;G0976;G0976;G0976=PRODUCT;G0976;G0976: Jade Glass Triangle Vase;;;;;;PS6631;no
OK;yes;;p-5951-jade-impressions-octagon-on-base;Jade Impressions Octagon On Base;ACTIVE;1;1;GI35;GI35;GI35;GI35=PRODUCT;GI35;GI35: Jade Glass Octagon on Base;;;;;;PS6633;no
OK;yes;;p-5956-laser-carved-alder-wood-plaque-large;Laser Carved Alder Wood Plaque Large;ACTIVE;1;1;CD83D;CD83D;CD83D;CD83D=PRODUCT;CD83D;CD83D: Genuine Alder Wood Plaque;;;;;;PS6638;no
OK;yes;;p-5957-laser-carved-alder-wood-plaque-medium;Laser Carved Alder Wood Plaque Medium;ACTIVE;1;1;CD83C;CD83C;CD83C;CD83C=PRODUCT;CD83C;CD83C: Genuine Alder Wood Plaque;;;;;;PS6639;no
OK;yes;;p-5961-laser-etched-premium-octagon-on-base-large;Laser Etched Premium Octagon On Base Large;ACTIVE;1;1;GM444A;GM444A;GM444A;GM444A=PRODUCT;GM444A;GM444A: Premium Jade Glass Octagon on Base - Small;;;;;;PS6643;no
OK;yes;;p-5992-leatherette-frame;Leatherette Frame;ACTIVE;1;1;C4806;C4806;C4806;C4806=PRODUCT;C4806;C4806: Leatherette Frame;;;;;;PS6674;no
OK;yes;;p-6065-lucite-circle-paperweight;Lucite Circle Paperweight;ACTIVE;1;1;CD614;CD614;CD614;CD614=PRODUCT;CD614;CD614: Lucite Circle Paperweight;;;;;;PS6747;no
OK;yes;;p-6072-lucite-star-award-paperweight;Lucite Star Award Paperweight;ACTIVE;1;2;C4252L;C4252L;C4252L;C4252L=PRODUCT;C4252L;C4252L: Lasered Lucite Star Award;;;;;;PS6754;no
OK;yes;;p-6076-maple-business-gift-set;Maple Business Gift Set;ACTIVE;1;1;CM451;CM451;CM451;CM451=PRODUCT;CM451;CM451: Maple Gift Set - Pen - Keychain - & Business Card Holder;;;;;;PS6758;no
OK;yes;;p-6079-matte-black-wine-presentation-box-with-tools;Matte Black Wine Presentation Box with Tools;ACTIVE;1;1;CM461;CM461;CM461;CM461=PRODUCT;CM461;CM461: Matte Black Wine Presentation Box with Tools;;;;;;PS6761;no
OK;yes;;p-6086-multi-color-art-glass-swirl-with-black-laser-plate;Multi-Color Art Glass Swirl with Black Laser Plate;ACTIVE;1;1;GM720;GM720;GM720;GM720=PRODUCT;GM720;GM720: Multi-Color Art Glass Swirl  with Black Laser Plate;;;;;;PS6768;no
OK;yes;;p-6093-nile-arrow-on-marble-base;Nile Arrow On Marble Base;ACTIVE;1;1;CD312;CD312;CD312;CD312=PRODUCT;CD312;CD312: Nile Arrow on Marble Base;;;;;;PS6775;no
OK;yes;;p-6095-notched-plaque-w-gold-florentine-small;Notched Plaque w/ Gold Florentine Small;ACTIVE;1;1;C073B;C073B;C073B;C073B=PRODUCT;C073B;C073B:  Black with Gold Florentine on Notched Corner Genuine Walnut;;;;;;PS6777;no
OK;yes;;p-6096-notched-plaque-w-gold-florentine-large;Notched Plaque w/ Gold Florentine Large;ACTIVE;1;1;C073A;C073A;C073A;C073A=PRODUCT;C073A;C073A:  Black with Gold Florentine on Notched Corner Genuine Walnut;;;;;;PS6778;no
OK;yes;;p-6097-oceania-wave-lucite-arrow-fin-on-marble-award;Oceania Wave Lucite Arrow Fin On Marble Award;ACTIVE;1;1;CD838;CD838;CD838;CD838=PRODUCT;CD838;CD838: Texture Wave Lucite Arrow Fin on Black Marble Base;;;;;;PS6779;no
OK;yes;;p-6098-oceania-wave-lucite-on-marble;Oceania Wave Lucite On Marble;ACTIVE;1;1;CD837;CD837;CD837;CD837=PRODUCT;CD837;CD837: Texture Wave Lucite Tablet on Black Marble Base;;;;;;PS6780;no
OK;yes;;p-6099-texture-wave-lucite-peak-award;Texture Wave Lucite Peak Award;ACTIVE;1;1;CD839;CD839;CD839;CD839=PRODUCT;CD839;CD839: Texture Wave Lucite Peak on Black Marble Base;;;;;;PS6781;no
OK;yes;;p-6104-optic-crystal-arched-wedge;Optic Crystal Arched Wedge;ACTIVE;1;1;GI530;GI530;GI530;GI530=PRODUCT;GI530;GI530: Optic Crystal Arched Wedge;;;;;;PS6786;no
OK;yes;;p-6106-optic-crystal-bullnose-rectangle;Optic Crystal Bullnose Rectangle;ACTIVE;1;1;GI493;GI493;GI493;GI493=PRODUCT;GI493;GI493: Optic Crystal Bullnose Rectangle;;;;;;PS6788;no
OK;yes;;p-6107-optic-crystal-business-card-paperweight;Optic Crystal Business Card Paperweight;ACTIVE;1;1;GM448;GM448;GM448;GM448=PRODUCT;GM448;GM448: Optic Crystal Business Card Paperweight;;;;;;PS6789;no
OK;yes;;p-6109-optic-crystal-circle-award-with-blue-gemstone-base;Optic Crystal Circle Award with Blue Gemstone Base;ACTIVE;1;1;GI04;GI04;GI04;GI04=PRODUCT;GI04;GI04: Optic Crystal Circle with Blue Gemstone Base;;;;;;PS6791;no
OK;yes;;p-6111-optic-crystal-clear-and-black-octagon;Optic Crystal Clear And Black Octagon;ACTIVE;1;1;GI609;GI609;GI609;GI609=PRODUCT;GI609;GI609: Clear and Black Crystal Octagon (Includes Sandblast on Clear);;;;;;PS6793;no
OK;yes;;p-6113-optic-crystal-desk-clock;Optic Crystal Desk Clock;ACTIVE;1;1;GM478;GM478;GM478;GM478=PRODUCT;GM478;GM478: Optic Crystal Desk Clock;;;;;;PS6795;no
OK;yes;;p-6114-optic-crystal-diamond-on-black-glass-base;Optic Crystal Diamond On Black Glass Base;ACTIVE;1;1;GM466;GM466;GM466;GM466=PRODUCT;GM466;GM466: Optic Crystal Diamond on Black Glass Base (Includes Silver Color-Fill on Base);;;;;;PS6796;no
OK;yes;;p-6117-optic-crystal-executive-tower-award;Optic Crystal Executive Tower Award;ACTIVE;1;1;GI01;GI01;GI01;GI01=PRODUCT;GI01;GI01: Majestic Optic Crystal Executive Tower;;;;;;PS6799;no
OK;yes;;p-6118-large-optic-crystal-globe-award-trophy;Large Optic Crystal Globe Award Trophy;ACTIVE;1;1;G0713C;G0713C;G0713C;G0713C=PRODUCT;G0713C;G0713C: Optic Crystal Globe on Base - Large;;;;;;PS6800;no
OK;yes;;p-6122-optic-crystal-globe-tower-award;Optic Crystal Globe Tower Award;ACTIVE;1;1;GM457;GM457;GM457;GM457=PRODUCT;GM457;GM457: Optic Crystal Globe Tower;;;;;;PS6804;no
OK;yes;;p-6127-optic-crystal-pentagon-tower;Optic Crystal Pentagon Tower;ACTIVE;1;1;GI50;GI50;GI50;GI50=PRODUCT;GI50;GI50: Optic Crystal Pentagon Tower;;;;;;PS6809;no
OK;yes;;p-6129-optic-crystal-rectangle-award-with-blue-gemstone-base;Optic Crystal Rectangle Award with Blue Gemstone Base;ACTIVE;1;1;GI05;GI05;GI05;GI05=PRODUCT;GI05;GI05: Optic Crystal Rectangle with Blue Gemstone Base;;;;;;PS6811;no
OK;yes;;p-6132-optic-crystal-spotlight-tower-on-glass-base;Optic Crystal Spotlight Tower On Glass Base;ACTIVE;1;1;GM428;GM428;GM428;GM428=PRODUCT;GM428;GM428: Optic Crystal Spotlight Tower on Black Glass Base (Includes Sandblast in 2 Locations and Silver Color-Fill on Base);;;;;;PS6814;no
OK;yes;;p-6135-optic-crystal-star-tapered-tower-award;Optic Crystal Star Tapered Tower Award;ACTIVE;1;1;GI489;GI489;GI489;GI489=PRODUCT;GI489;GI489: Optic Crystal Tapered Star Tower;;;;;;PS6817;no
OK;yes;;p-6138-optic-crystal-tri-pinnacle-award;Optic Crystal Tri Pinnacle Award;ACTIVE;1;1;GI606;GI606;GI606;GI606=PRODUCT;GI606;GI606: Optic Crystal Tri-Pinnacle Tower (Includes Sandblast in 2 locations - Bars Sold Separately);;;;;;PS6820;no
OK;yes;;p-6140-optic-crystal-vertex-tower;Optic Crystal Vertex Tower;ACTIVE;1;1;GI51;GI51;GI51;GI51=PRODUCT;GI51;GI51: Optic Crystal Vertex Tower;;;;;;PS6822;no
OK;yes;;p-6145-optic-crystal-award-with-blue-crystal-accent;Optic Crystal Award with Blue Crystal Accent;ACTIVE;1;1;GI594;GI594;GI594;GI594=PRODUCT;GI594;GI594: Optic Crystal with Blue Crystal Accent;;;;;;PS6827;no
OK;yes;;p-6152-oval-triple-layer-cutout-award-on-base;Oval Triple Layer Cutout Award on Base;ACTIVE;1;1;DCC0504;DCC0504;DCC0504;DCC0504=PRODUCT;DCC0504;DCC0504: Oval Triple Layer Cutout on Base;;;;;;PS6834;no
OK;yes;;p-6154-padded-leatherette-certificate-holder;Padded Leatherette Certificate Holder;ACTIVE;1;1;C4807;C4807;C4807;C4807=PRODUCT;C4807;C4807: Padded Leatherette Certificate Holder;;;;;;PS6836;no
OK;yes;;p-6155-paperweight-optic-crystal-rectangular-award;Paperweight Optic Crystal Rectangular Award;ACTIVE;1;1;GI32;GI32;GI32;GI32=PRODUCT;GI32;GI32: Optic Crystal Rectangular Paperweight;;;;;;PS6837;no
OK;yes;;p-6156-patina-star-double-wave-jade-award;Patina Star Double Wave Jade Award;ACTIVE;1;1;CA10;CA10;CA10;CA10=PRODUCT;CA10;CA10: Patina Star Double Wave Jade and Black Lucite on Base;;;;;;PS6838;no
OK;yes;;p-6157-patina-star-jade-black-lucite-on-base;Patina Star Jade & Black Lucite On Base;ACTIVE;1;1;CA13;CA13;CA13;CA13=PRODUCT;CA13;CA13: Patina Star Tower Jade and Black Lucite on Base;;;;;;PS6839;no
OK;yes;;p-6159-piano-finish-ebony-name-bar;Piano Finish Ebony Name Bar;ACTIVE;1;1;CM471;CM471;CM471;CM471=PRODUCT;CM471;CM471: Piano Finish Ebony Name Bar;;;;;;PS6841;no
OK;yes;;p-6160-piano-finish-walnut-name-bar;Piano Finish Walnut Name Bar;ACTIVE;1;1;CM470;CM470;CM470;CM470=PRODUCT;CM470;CM470: Piano Finish Walnut Name Bar;;;;;;PS6842;no
OK;no;ids que no son un producto vivo · varias familias · familia compartida con otro producto · variantes que lista otro producto;p-6168-polar-camel-ringneck-tumblers-personalized;Polar Camel Ringneck Tumblers Personalized;ACTIVE;1;19;CM711;CM711;CM711 CM710;CM711=PRODUCT CM710=FAMILY_PART;CM711;CM711: Polar Camel 20 oz. Ringneck Tumbler;;;;;1 dead id(s);PS6850;no
OK;yes;;p-6174-prestigious-optic-crystal-oval-paperweight;Prestigious Optic Crystal Oval Paperweight;ACTIVE;1;1;GI31;GI31;GI31;GI31=PRODUCT;GI31;GI31: Optic Crystal Oval Paperweight;;;;;;PS6856;no
OK;yes;;p-6175-prestigious-paperweights-glass-domed;Prestigious Paperweights Glass Domed;ACTIVE;1;1;G0617;G0617;G0617;G0617=PRODUCT;G0617;G0617: Glass Domed Paperweight;;;;;;PS6857;no
OK;yes;;p-6191-rectangle-lucite-award-with-blue-glass-gemstone-on-marble;Rectangle Lucite Award with Blue Glass Gemstone on Marble;ACTIVE;1;1;CD20;CD20;CD20;CD20=PRODUCT;CD20;CD20: Rectangle Lucite with Glass Gemstone and Marble Base;;;;;;PS6873;no
OK;no;familia compartida con otro producto · variantes que lista otro producto · variantes que acabarían en otro producto;p-6200-red-diamond-carve-lucite-octagon-plaque;Red Diamond Carve Lucite Octagon Plaque;ACTIVE;1;3;C1407LR;C1407LR;C1407LR;C1407LR=PRODUCT;C1407L*;C1407LR: Diamond Carved Octagon Plaque;;;;C1407LB C1407LG;+2 id(s) appended by the union · union reaches ids another store product owns;PS6882;no
OK;yes;;p-6212-rising-star-on-glass-base;Rising Star On Glass Base;ACTIVE;1;1;GI09;GI09;GI09;GI09=PRODUCT;GI09;GI09: Optic Crystal Rising Star on Glass Base;;;;;;PS6894;no
OK;yes;;p-6216-rosewood-pen-and-case-set;Rosewood Pen and Case Set;ACTIVE;1;1;C5853;C5853;C5853;C5853=PRODUCT;C5853;C5853: Rosewood Pen and Case Set;;;;;;PS6898;no
OK;yes;;p-6217-rosewood-pen-in-velvet-pouch;Rosewood Pen In Velvet Pouch;ACTIVE;1;1;C5855;C5855;C5855;C5855=PRODUCT;C5855;C5855: Rosewood Pen in Velvet Pouch;;;;;;PS6899;no
OK;yes;;p-6218-rosewood-pen-pencil-case-set;Rosewood Pen, Pencil & Case Set;ACTIVE;1;1;C5858;C5858;C5858;C5858=PRODUCT;C5858;C5858: Rosewood Pen - Pencil and Case Set;;;;;;PS6900;no
OK;yes;;p-6219-rosewood-piano-book-clock;Rosewood Piano Book Clock;ACTIVE;1;1;CM412;CM412;CM412;CM412=PRODUCT;CM412;CM412: Rosewood Piano Book Clock;;;;;;PS6901;no
OK;yes;;p-6221-rosewood-piano-finish-aluminum-clock;Rosewood Piano Finish & Aluminum Clock;ACTIVE;1;1;CM203;CM203;CM203;CM203=PRODUCT;CM203;CM203: Rosewood Piano Finish and Aluminum Clock;;;;;;PS6903;no
OK;yes;;p-6222-rosewood-piano-finish-desk-clock;Rosewood Piano Finish Desk Clock;ACTIVE;1;1;CM206;CM206;CM206;CM206=PRODUCT;CM206;CM206: Rosewood Piano Finish Desk Clock;;;;;;PS6904;no
OK;yes;;p-6228-rosewood-wine-presentation-box-with-tools;Rosewood Wine Presentation Box with Tools;ACTIVE;1;1;CM462;CM462;CM462;CM462=PRODUCT;CM462;CM462: Rosewood Wine Presentation Box with Tools;;;;;;PS6910;no
OK;yes;;p-6229-rosewood-wine-gift-set;Rosewood Wine Gift Set;ACTIVE;1;1;CM424;CM424;CM424;CM424=PRODUCT;CM424;CM424: Rosewood 2-Piece Wine Gift Set;;;;;;PS6911;no
OK;yes;;p-6230-round-bamboo-coaster-set;Round Bamboo Coaster Set;ACTIVE;1;1;CM466;CM466;CM466;CM466=PRODUCT;CM466;CM466: Round Bamboo Coaster Set;;;;;;PS6912;no
OK;yes;;p-6242-silver-metal-fluted-cup-large;Silver Metal Fluted Cup, Large;ACTIVE;1;1;CM403C;CM403C;CM403C;CM403C=PRODUCT;CM403C;CM403C: Silver Metal Fluted Cup - Large;;;;;;PS6924;no
OK;yes;;p-6243-silver-metal-fluted-cup-medium;Silver Metal Fluted Cup, Medium;ACTIVE;1;1;CM403B;CM403B;CM403B;CM403B=PRODUCT;CM403B;CM403B: Silver Metal Fluted Cup - Medium;;;;;;PS6925;no
OK;yes;;p-6244-silver-metal-fluted-cup-small;Silver Metal Fluted Cup, Small;ACTIVE;1;1;CM403A;CM403A;CM403A;CM403A=PRODUCT;CM403A;CM403A: Silver Metal Fluted Cup - Small;;;;;;PS6926;no
OK;yes;;p-6253-silver-tone-star-paperweight;Silver Tone Star Paperweight;ACTIVE;1;1;C0556;C0556;C0556;C0556=PRODUCT;C0556;C0556: Silver Tone Star Paperweight (FREE Setup - Text only);;;;;;PS6935;no
OK;yes;;p-6254-silver-with-black-keychain;Silver with Black Keychain;ACTIVE;1;1;CM454;CM454;CM454;CM454=PRODUCT;CM454;CM454: Silver with Black Keychain;;;;;;PS6936;no
OK;no;familia compartida con otro producto · variantes que lista otro producto;p-6267-slide-in-certificate-ebony-plaque-in-gift-box;Slide-in Certificate Ebony Plaque in Gift Box;ACTIVE;1;2;CD120G;CD120G;CD120G;CD120G=PRODUCT;CD120*;"CD120G: Slide-in Certificate Plaque - Ebony Finish for 11"" x 8½"" Insert";;;;;;PS6949;no
OK;no;familia compartida con otro producto · variantes que lista otro producto · variantes que acabarían en otro producto;p-6268-slide-in-certificate-rosewood-plaque-in-gift-box;Slide-in Certificate Rosewood Plaque in Gift Box;ACTIVE;1;2;CD121G;CD121G;CD121G;CD121G=PRODUCT;CD121*;"CD121G: Slide-in Certificate Plaque - Rosewood Piano Finish for 11"" x 8½"" Insert";;;;CD121M;+1 id(s) appended by the union · union reaches ids another store product owns;PS6950;no
OK;no;familia compartida con otro producto · variantes que lista otro producto · variantes que acabarían en otro producto;p-6269-slide-in-certificate-rosewood-plaque-in-mailer-box;Slide-in Certificate Rosewood Plaque in Mailer Box;ACTIVE;1;2;CD121M;CD121M;CD121M;CD121M=PRODUCT;CD121*;"CD121M: Slide-in Certificate Plaque - Rosewood Piano Finish for 11"" x 8½"" Insert";;;;CD121G;+1 id(s) appended by the union · union reaches ids another store product owns;PS6951;no
OK;yes;;p-6276-soaring-excellence-eagle-landing-trophy;Soaring Excellence Eagle Landing Trophy;ACTIVE;1;1;CM221C;CM221C;CM221C;CM221C=PRODUCT;CM221C;CM221C: Gold Antique Finish Resin Cast Eagle Landing - Large;;;;;;PS6958;no
OK;yes;;p-6286-starphire-glassaluminum-levels-award;Starphire Glass/Aluminum Levels Award;ACTIVE;1;1;G0606;G0606;G0606;G0606=PRODUCT;G0606;G0606: Starphire Glass/Aluminum Levels Award  (Aluminum Achievement Bars Sold Separately);;;;;;PS6968;no
OK;yes;;p-6300-sweeping-curved-glass-award;Sweeping Curved Glass Award;ACTIVE;1;1;GI601;GI601;GI601;GI601=PRODUCT;GI601;GI601: Sweeping Curved Glass;;;;;;PS6982;no
OK;yes;;p-6308-teardrop-lucite-with-glass-gemstone-on-marble-award;Teardrop Lucite with Glass Gemstone on Marble Award;ACTIVE;1;1;CD18;CD18;CD18;CD18=PRODUCT;CD18;CD18: Teardrop Lucite with Glass Gemstone and Marble Base;;;;;;PS6990;no
OK;yes;;p-6315-turquoise-and-stone-background-lucite-perpetual-plaque;Turquoise and Stone Background Lucite Perpetual Plaque;ACTIVE;1;1;EP21;EP21;EP21;EP21=PRODUCT;EP21;EP21: Turquoise and Stone Background Lucite 12-Plt Plaque with Easy Perpetual Plate Release Program;;;;;;PS6997;no
OK;no;familia compartida con otro producto · variantes que lista otro producto · variantes que acabarían en otro producto;p-6317-clear-and-black-crescent-curved-glass-award-trophy;Clear and Black Crescent Curved Glass Award Trophy;ACTIVE;1;2;GI586BK;GI586BK;GI586BK;GI586BK=PRODUCT;GI586*;GI586BK: Two-Tone Crescent Curved Glass  (Includes Silver Color-Fill on Black/Blue);;;;GI586BL;+1 id(s) appended by the union · union reaches ids another store product owns;PS6999;no
OK;yes;;p-6343-wide-crescents-jade-glass-small;Wide Crescents Jade Glass Small;ACTIVE;1;1;GM455B;GM455B;GM455B;GM455B=PRODUCT;GM455B;"GM455B: Jade Glass Crescent with 7"" x 5"" Frame";;;;;;PS7025;no
OK;yes;;p-6344-wide-crescents-jade-glass-award;Wide Crescents Jade Glass Award;ACTIVE;1;1;GM455A;GM455A;GM455A;GM455A=PRODUCT;GM455A;"GM455A: Jade Glass Crescent with 5"" x 3½"" Frame";;;;;;PS7026;no
OK;no;ids que no son un producto vivo · varias familias · familia compartida con otro producto · variantes que lista otro producto;p-6356-polar-camel-stemless-wine-tumblers-personalized;Polar Camel Stemless Wine Tumblers Personalized;ACTIVE;1;18;CM712;CM712;CM712 CM713;CM712=PRODUCT CM713=FAMILY_PART;CM712;CM712: Polar Camel 12 oz. Stemless Tumbler;;;;;1 dead id(s);PS8002;no
OK;no;familia compartida con otro producto · variantes que lista otro producto · variantes que acabarían en otro producto;p-7115-frosted-lucite-star-cutout-on-risers-award;Frosted Lucite Star Cutout on Risers Award;ACTIVE;1;53;CD900STAR;CD900STAR;CD900STAR;CD900STAR=PRODUCT;CD900*;CD900STAR: Frosted Lucite Cutout on Risers Award  with Choice of State or Special Stock Shape;;;;CD900AK CD900AL CD900AR CD900AZ CD900CA CD900CO CD900CT CD900DE CD900FL CD900GA CD900HI CD900IA CD900ID CD900IL CD900IN CD900KS CD900KY CD900LA CD900MA CD900MD CD900ME CD900MI CD900MN CD900MO CD900MS CD900MT CD900NC CD900ND CD900NE CD900NH CD900NJ CD900NM CD900NV CD900NY CD900OH CD900OK CD900OR CD900OVAL CD900PA CD900RI CD900SC CD900SD CD900TN CD900TX CD900UT CD900VA CD900VT CD900WA CD900WI CD900WV CD900WY;+51 id(s) appended by the union · union reaches ids another store product owns;PS8003;no
OK;yes;;p-7165-custom-shaped-acrylic-awards-38-thick-up-to-33-square-inches;"Custom Shaped Acrylic Awards 3/8"" thick (up to 33 square inches)";ACTIVE;1;1;CD560B;CD560B;CD560B;CD560B=PRODUCT;CD560B;"CD560B: Laser-Cut Lucite Contour 3/8"" Thick Up To 33 Sq In";;;;;;PS7029;no
OK;yes;;p-7166-custom-shaped-acrylic-awards-38-thick-up-to-47-square-inches;"Custom Shaped Acrylic Awards 3/8"" thick (up to 47 square inches)";ACTIVE;1;1;CD560C;CD560C;CD560C;CD560C=PRODUCT;CD560C;"CD560C: Laser-Cut Lucite Contour 3/8"" Thick Up To 47 Sq In";;;;;;PS7030;no
OK;yes;;p-7167-custom-shaped-acrylic-awards-38-thick-up-to-62-square-inches;"Custom Shaped Acrylic Awards 3/8"" thick (up to 62 square inches)";ACTIVE;1;1;CD560D;CD560D;CD560D;CD560D=PRODUCT;CD560D;"CD560D: Laser-Cut Lucite Contour 3/8"" Thick Up To 62 Sq In";;;;;;PS7031;no
OK;yes;;p-7169-lasercut-lucite-awards-34-thick-up-to-47-square-inches;"Lasercut Lucite Awards 3/4"" Thick (up to 47 square inches)";ACTIVE;1;1;CD562C;CD562C;CD562C;CD562C=PRODUCT;CD562C;"CD562C: Laser-Cut Lucite Contour 3/4"" Thick Up To 47 Sq In";;;;;;PS7032;no
OK;yes;;p-7170-lasercut-lucite-awards-34-thick-up-to-62-square-inches;"Lasercut Lucite Awards 3/4"" Thick (up to 62 square inches)";ACTIVE;1;1;CD562D;CD562D;CD562D;CD562D=PRODUCT;CD562D;"CD562D: Laser-Cut Lucite Contour 3/4"" Thick Up To 62 Sq In";;;;;;PS7033;no
OK;yes;;p-7812-38-thick-custom-digi-small;3/8” Thick Custom Digi Small;ACTIVE;1;1;CD267C;CD267C;CD267C;CD267C=PRODUCT;CD267C;"CD267C: 3/8"" Thick Lucite Wall Plaque with Custom Digi-Color";;;;;;PS8049;no
OK;yes;;p-7830-acacia-woodslate-cheese-set;Acacia Wood/Slate Cheese Set;ACTIVE;1;1;CM751;CM751;CM751;CM751=PRODUCT;CM751;CM751: Acacia Wood/Slate Cheese Set;;;;;;PS8076;no
OK;yes;;p-7831-acrylic-challenge-coin-stand;Acrylic Challenge Coin Stand;ACTIVE;1;1;CD982;CD982;CD982;CD982=PRODUCT;CD982;CD982: Acrylic Challenge Coin Stand;;;;;;PS8077;no
OK;yes;;p-7835-alder-cube-small;Alder Cube Small;ACTIVE;1;1;CM755A;CM755A;CM755A;CM755A=PRODUCT;CM755A;CM755A: Alder Cube, Laser;;;;;;PS8086;no
OK;yes;;p-7836-alder-cube-large;Alder Cube Large;ACTIVE;1;1;CM755B;CM755B;CM755B;CM755B=PRODUCT;CM755B;CM755B: Alder Cube, Digi-Color Plate;;;;;;PS8087;no
OK;yes;;p-7839-angular-perpetual-award;Angular Perpetual Award;ACTIVE;1;1;GI668;GI668;GI668;GI668=PRODUCT;GI668;GI668: Angular Perpetual;;;;;;PS8099;no
OK;yes;;p-7852-ball-alder-ornament;Ball Alder Ornament;ACTIVE;1;2;CM757A;CM757A;CM757A;CM757A=PRODUCT;CM757A;CM757A: Ball Alder Ornament;;;;;;PS8150;no
OK;yes;;p-7853-bamboo-bbq-fork;Bamboo BBQ Fork;ACTIVE;1;1;CM752B;CM752B;CM752B;CM752B=PRODUCT;CM752B;CM752B: Bamboo BBQ Fork;;;;;;PS8151;no
OK;yes;;p-7854-bamboo-bbq-spatula-bottle-openers;Bamboo BBQ Spatula & Bottle Openers;ACTIVE;1;1;CM752A;CM752A;CM752A;CM752A=PRODUCT;CM752A;CM752A: Bamboo BBQ Spatula & Bottle Openers;;;;;;PS8153;no
OK;yes;;p-7855-bamboo-bbq-spatula;Bamboo BBQ Spatula;ACTIVE;1;1;CM752C;CM752C;CM752C;CM752C=PRODUCT;CM752C;CM752C: Bamboo BBQ Spatula  ;;;;;;PS8154;no
OK;yes;;p-7856-bamboo-bbq-tongs;Bamboo BBQ Tongs;ACTIVE;1;1;CM752D;CM752D;CM752D;CM752D=PRODUCT;CM752D;CM752D: Bamboo BBQ Tongs;;;;;;PS8155;no
OK;yes;;p-7859-barrel-stave-bottle-opener;Barrel Stave Bottle Opener;ACTIVE;1;1;CM748;CM748;CM748;CM748=PRODUCT;CM748;CM748: Barrel Stave Bottle Opener;;;;;;PS8165;no
OK;yes;;p-7861-bevel-edge-clear-crystal-paperweight;Bevel Edge Clear Crystal Paperweight;ACTIVE;1;1;GM824;GM824;GM824;GM824=PRODUCT;GM824;GM824: Bevel Edge Clear Crystal Paperweight;;;;;;PS8168;no
OK;yes;;p-7865-beveled-crystal-circle-award;Beveled Crystal Circle Award;ACTIVE;1;1;GM757A;GM757A;GM757A;GM757A=PRODUCT;GM757A;GM757A: Beveled Crystal Circle, Small;;;;;;PS8175;no
OK;yes;;p-7867-beveled-edge-clear-crystal-clock;Beveled Edge Clear Crystal Clock;ACTIVE;1;1;CM724;CM724;CM724;CM724=PRODUCT;CM724;CM724: Beveled Edge Clear Crystal Clock;;;;;;PS8183;no
OK;yes;;p-7868-beveled-edge-crystal-tower-with-blue-bottom;Beveled Edge Crystal Tower with Blue Bottom;ACTIVE;1;1;GM808;GM808;GM808;GM808=PRODUCT;GM808;GM808: Beveled Edge Crystal Tower with Blue Bottom;;;;;;PS8184;no
OK;yes;;p-7870-beveled-jade-glass-crescent-plaque-large;Beveled Jade Glass Crescent Plaque Large;ACTIVE;1;1;GM823B;GM823B;GM823B;GM823B=PRODUCT;GM823B;GM823B: Beveled Jade Glass Crescent Plaque;;;;;;PS8190;no
OK;yes;;p-7871-beveled-jade-glass-crescent-plaque-medium;Beveled Jade Glass Crescent Plaque Medium;ACTIVE;1;1;GM823A;GM823A;GM823A;GM823A=PRODUCT;GM823A;GM823A: Beveled Jade Glass Crescent Plaque;;;;;;PS8191;no
OK;yes;;p-7874-black-art-glass-tear-drop-with-hole;Black Art Glass Tear Drop with Hole;ACTIVE;1;1;GM740;GM740;GM740;GM740=PRODUCT;GM740;GM740: Black Art Glass Tear Drop with Hole;;;;;;PS8200;no
OK;yes;;p-7897-blue-swirl-art-glass-award;Blue Swirl Art Glass Award;ACTIVE;1;1;GM801;GM801;GM801;GM801=PRODUCT;GM801;GM801: Blue Swirl Art Glass;;;;;;PS8296;no
OK;yes;;p-7899-blue-with-white-banner-art-glass-award-on-clear-base;Blue with White Banner Art Glass Award on Clear Base;ACTIVE;1;1;GM741;GM741;GM741;GM741=PRODUCT;GM741;GM741: Blue with White Banner Art Glass on Clear Base;;;;;;PS8300;no
OK;yes;;p-7903-brilliant-ascension-award;Brilliant Ascension Award;ACTIVE;1;1;GI670;GI670;GI670;GI670=PRODUCT;GI670;GI670: Brilliant Ascension;;;;;;PS8318;no
OK;yes;;p-7906-bull-bear-award-trophy;Bull & Bear Award Trophy;ACTIVE;1;1;CM808;CM808;CM808;CM808=PRODUCT;CM808;CM808: Bull & Bear;;;;;;PS8328;no
OK;no;familia compartida con otro producto · variantes que lista otro producto · variantes que acabarían en otro producto;p-7912-choice-of-digi-medium;Choice of Digi Medium;ACTIVE;1;2;DCC3001CEB;DCC3001CEB;DCC3001CEB;DCC3001CEB=PRODUCT;DCC3001C*;DCC3001CEB: Choice of Digi-Color Plate on Economy Board;;;;DCC3001CWN;+1 id(s) appended by the union · union reaches ids another store product owns;PS8349;no
OK;yes;;p-7913-clear-acrylic-add-a-bar-perpetual-acrylic-bars-sold-separately;Clear Acrylic Add A Bar Perpetual (Acrylic Bars Sold Separately);ACTIVE;1;1;CD983;CD983;CD983;CD983=PRODUCT;CD983;CD983: Clear Acrylic Add A Bar Perpetual (Acrylic Bars Sold Separately);;;;;;PS8354;no
OK;yes;;p-7916-clear-acrylic-ez-perpetual-plaque;Clear Acrylic EZ Perpetual Plaque;ACTIVE;1;1;EP11;EP11;EP11;EP11=PRODUCT;EP11;EP11: Clear Acrylic EZ Perpetual;;;;;;PS8360;no
OK;yes;;p-7926-clear-crystal-diamond-on-pedestal;Clear Crystal Diamond on Pedestal;ACTIVE;1;1;GM830;GM830;GM830;GM830=PRODUCT;GM830;GM830: Clear Crystal Diamond on Pedestal;;;;;;PS8388;no
OK;yes;;p-7927-clear-crystal-slant-top-half-column-on-white-jade-base;Clear Crystal Slant Top Half Column on White Jade Base;ACTIVE;1;2;GI663;GI663;GI663;GI663=PRODUCT;GI663;GI663: Clear Crystal Slant Top Half Column on White Jade Base;;;;;;PS8390;no
OK;yes;;p-7929-clear-crystal-wave-large;Clear Crystal Wave Large;ACTIVE;1;1;GM817A;GM817A;GM817A;GM817A=PRODUCT;GM817A;GM817A: Clear Crystal Wave;;;;;;PS8395;no
OK;yes;;p-7936-clear-swoop-with-black-clear-base-small;Clear Swoop  with Black & Clear Base Small;ACTIVE;1;1;GM811C;GM811C;GM811C;GM811C=PRODUCT;GM811C;GM811C: Clear Swoop  with Black & Clear Base;;;;;;PS8419;no
OK;yes;;p-7952-crystal-cubes-on-black-base;Crystal Cubes on Black Base;ACTIVE;1;1;GM813;GM813;GM813;GM813=PRODUCT;GM813;GM813: Crystal Cubes on Black Base;;;;;;PS8465;no
OK;yes;;p-7953-crystal-diamond;Crystal Diamond;ACTIVE;1;1;GM804;GM804;GM804;GM804=PRODUCT;GM804;"GM804: Crystal Diamond 4""";;;;;;PS8467;no
OK;yes;;p-7954-crystal-eagle-on-black-base-award;Crystal Eagle on Black Base Award;ACTIVE;1;1;GM759;GM759;GM759;GM759=PRODUCT;GM759;GM759: Crystal Eagle on Black Base;;;;;;PS8468;no
OK;yes;;p-7962-black-crystal-award-with-clear-glass;Black Crystal Award with Clear Glass;ACTIVE;1;1;GI662;GI662;GI662;GI662=PRODUCT;GI662;GI662: Black Crystal with Clear Glass;;;;;;PS8489;no
OK;yes;;p-7979-eagle-head-with-american-flag-and-glass-trophy;Eagle Head with American Flag and Glass Trophy;ACTIVE;1;1;CM806;CM806;CM806;CM806=PRODUCT;CM806;CM806: Eagle Head with American Flag and Glass;;;;;;PS8561;no
OK;yes;;p-7980-eagle-on-top-of-the-world-with-glass-tablet-award;Eagle on Top of The World with Glass Tablet Award;ACTIVE;1;1;CM799;CM799;CM799;CM799=PRODUCT;CM799;CM799: Eagle on World with Glass;;;;;;PS8562;no
OK;yes;;p-7986-faceted-circle-wedge-on-slant-side-base-small;Faceted Circle Wedge on Slant Side Base Small;ACTIVE;1;1;GM815C;GM815C;GM815C;GM815C=PRODUCT;GM815C;GM815C: Faceted Circle Wedge on Slant Side Base;;;;;;PS8592;no
OK;yes;;p-7989-faceted-crystal-with-blue-bottom;Faceted Crystal with Blue Bottom;ACTIVE;1;1;GM807;GM807;GM807;GM807=PRODUCT;GM807;GM807: Faceted Crystal with blue bottom;;;;;;PS8596;no
OK;no;familia compartida con otro producto · variantes que lista otro producto · variantes que acabarían en otro producto;p-7997-frosted-acrylic-ak-state-cutout-on-black-plaque;Frosted Acrylic AK State Cutout on Black Plaque;ACTIVE;1;51;CD953AK;CD953AK;CD953AK;CD953AK=PRODUCT;CD953*;CD953AK: Frosted Acrylic State Cutout on Black Plaque;;;;CD953AL CD953AR CD953AZ CD953CO CD953CT CD953GA CD953IA CD953IL CD953IN CD953KS CD953KY CD953LA CD953ME CD953MN CD953MO CD953MS CD953MT CD953ND CD953NE CD953NH CD953NJ CD953NM CD953NV CD953NY CD953OH CD953OK CD953OR CD953PA CD953RI CD953SC CD953SD CD953TX CD953UT CD953VA CD953VT CD953WA CD953WI CD953WV CD953WY;+39 id(s) appended by the union · union reaches ids another store product owns;PS8630;no
OK;no;familia compartida con otro producto · variantes que lista otro producto · variantes que acabarían en otro producto;p-7998-frosted-acrylic-al-state-cutout-on-black-plaque;Frosted Acrylic AL State Cutout on Black Plaque;ACTIVE;1;51;CD953AL;CD953AL;CD953AL;CD953AL=PRODUCT;CD953*;CD953AL: Frosted Acrylic State Cutout on Black Plaque;;;;CD953AK CD953AR CD953AZ CD953CO CD953CT CD953GA CD953IA CD953IL CD953IN CD953KS CD953KY CD953LA CD953ME CD953MN CD953MO CD953MS CD953MT CD953ND CD953NE CD953NH CD953NJ CD953NM CD953NV CD953NY CD953OH CD953OK CD953OR CD953PA CD953RI CD953SC CD953SD CD953TX CD953UT CD953VA CD953VT CD953WA CD953WI CD953WV CD953WY;+39 id(s) appended by the union · union reaches ids another store product owns;PS8631;no
OK;no;familia compartida con otro producto · variantes que lista otro producto · variantes que acabarían en otro producto;p-7999-frosted-acrylic-ar-state-cutout-on-black-plaque;Frosted Acrylic AR State Cutout on Black Plaque;ACTIVE;1;51;CD953AR;CD953AR;CD953AR;CD953AR=PRODUCT;CD953*;CD953AR: Frosted Acrylic State Cutout on Black Plaque;;;;CD953AK CD953AL CD953AZ CD953CO CD953CT CD953GA CD953IA CD953IL CD953IN CD953KS CD953KY CD953LA CD953ME CD953MN CD953MO CD953MS CD953MT CD953ND CD953NE CD953NH CD953NJ CD953NM CD953NV CD953NY CD953OH CD953OK CD953OR CD953PA CD953RI CD953SC CD953SD CD953TX CD953UT CD953VA CD953VT CD953WA CD953WI CD953WV CD953WY;+39 id(s) appended by the union · union reaches ids another store product owns;PS8632;no
OK;no;familia compartida con otro producto · variantes que lista otro producto · variantes que acabarían en otro producto;p-8000-frosted-acrylic-az-state-cutout-on-black-plaque;Frosted Acrylic AZ State Cutout on Black Plaque;ACTIVE;1;51;CD953AZ;CD953AZ;CD953AZ;CD953AZ=PRODUCT;CD953*;CD953AZ: Frosted Acrylic State Cutout on Black Plaque;;;;CD953AK CD953AL CD953AR CD953CO CD953CT CD953GA CD953IA CD953IL CD953IN CD953KS CD953KY CD953LA CD953ME CD953MN CD953MO CD953MS CD953MT CD953ND CD953NE CD953NH CD953NJ CD953NM CD953NV CD953NY CD953OH CD953OK CD953OR CD953PA CD953RI CD953SC CD953SD CD953TX CD953UT CD953VA CD953VT CD953WA CD953WI CD953WV CD953WY;+39 id(s) appended by the union · union reaches ids another store product owns;PS8633;no
OK;no;familia compartida con otro producto · variantes que lista otro producto · variantes que acabarían en otro producto;p-8002-frosted-acrylic-co-state-cutout-on-black-plaque;Frosted Acrylic CO State Cutout on Black Plaque;ACTIVE;1;51;CD953CO;CD953CO;CD953CO;CD953CO=PRODUCT;CD953*;CD953CO: Frosted Acrylic State Cutout on Black Plaque;;;;CD953AK CD953AL CD953AR CD953AZ CD953CT CD953GA CD953IA CD953IL CD953IN CD953KS CD953KY CD953LA CD953ME CD953MN CD953MO CD953MS CD953MT CD953ND CD953NE CD953NH CD953NJ CD953NM CD953NV CD953NY CD953OH CD953OK CD953OR CD953PA CD953RI CD953SC CD953SD CD953TX CD953UT CD953VA CD953VT CD953WA CD953WI CD953WV CD953WY;+39 id(s) appended by the union · union reaches ids another store product owns;PS8635;no
OK;no;familia compartida con otro producto · variantes que lista otro producto · variantes que acabarían en otro producto;p-8003-frosted-acrylic-ct-state-cutout-on-black-plaque;Frosted Acrylic CT State Cutout on Black Plaque;ACTIVE;1;51;CD953CT;CD953CT;CD953CT;CD953CT=PRODUCT;CD953*;CD953CT: Frosted Acrylic State Cutout on Black Plaque;;;;CD953AK CD953AL CD953AR CD953AZ CD953CO CD953GA CD953IA CD953IL CD953IN CD953KS CD953KY CD953LA CD953ME CD953MN CD953MO CD953MS CD953MT CD953ND CD953NE CD953NH CD953NJ CD953NM CD953NV CD953NY CD953OH CD953OK CD953OR CD953PA CD953RI CD953SC CD953SD CD953TX CD953UT CD953VA CD953VT CD953WA CD953WI CD953WV CD953WY;+39 id(s) appended by the union · union reaches ids another store product owns;PS8636;no
OK;no;familia compartida con otro producto · variantes que lista otro producto · variantes que acabarían en otro producto;p-8006-frosted-acrylic-ga-state-cutout-on-black-plaque;Frosted Acrylic GA State Cutout on Black Plaque;ACTIVE;1;51;CD953GA;CD953GA;CD953GA;CD953GA=PRODUCT;CD953*;CD953GA: Frosted Acrylic State Cutout on Black Plaque;;;;CD953AK CD953AL CD953AR CD953AZ CD953CO CD953CT CD953IA CD953IL CD953IN CD953KS CD953KY CD953LA CD953ME CD953MN CD953MO CD953MS CD953MT CD953ND CD953NE CD953NH CD953NJ CD953NM CD953NV CD953NY CD953OH CD953OK CD953OR CD953PA CD953RI CD953SC CD953SD CD953TX CD953UT CD953VA CD953VT CD953WA CD953WI CD953WV CD953WY;+39 id(s) appended by the union · union reaches ids another store product owns;PS8640;no
OK;no;familia compartida con otro producto · variantes que lista otro producto · variantes que acabarían en otro producto;p-8008-frosted-acrylic-ia-state-cutout-on-black-plaque;Frosted Acrylic IA State Cutout on Black Plaque;ACTIVE;1;51;CD953IA;CD953IA;CD953IA;CD953IA=PRODUCT;CD953*;CD953IA: Frosted Acrylic State Cutout on Black Plaque;;;;CD953AK CD953AL CD953AR CD953AZ CD953CO CD953CT CD953GA CD953IL CD953IN CD953KS CD953KY CD953LA CD953ME CD953MN CD953MO CD953MS CD953MT CD953ND CD953NE CD953NH CD953NJ CD953NM CD953NV CD953NY CD953OH CD953OK CD953OR CD953PA CD953RI CD953SC CD953SD CD953TX CD953UT CD953VA CD953VT CD953WA CD953WI CD953WV CD953WY;+39 id(s) appended by the union · union reaches ids another store product owns;PS8642;no
OK;no;familia compartida con otro producto · variantes que lista otro producto · variantes que acabarían en otro producto;p-8010-frosted-acrylic-il-state-cutout-on-black-plaque;Frosted Acrylic IL State Cutout on Black Plaque;ACTIVE;1;51;CD953IL;CD953IL;CD953IL;CD953IL=PRODUCT;CD953*;CD953IL: Frosted Acrylic State Cutout on Black Plaque;;;;CD953AK CD953AL CD953AR CD953AZ CD953CO CD953CT CD953GA CD953IA CD953IN CD953KS CD953KY CD953LA CD953ME CD953MN CD953MO CD953MS CD953MT CD953ND CD953NE CD953NH CD953NJ CD953NM CD953NV CD953NY CD953OH CD953OK CD953OR CD953PA CD953RI CD953SC CD953SD CD953TX CD953UT CD953VA CD953VT CD953WA CD953WI CD953WV CD953WY;+39 id(s) appended by the union · union reaches ids another store product owns;PS8644;no
OK;no;familia compartida con otro producto · variantes que lista otro producto · variantes que acabarían en otro producto;p-8011-frosted-acrylic-in-state-cutout-on-black-plaque;Frosted Acrylic IN State Cutout on Black Plaque;ACTIVE;1;51;CD953IN;CD953IN;CD953IN;CD953IN=PRODUCT;CD953*;CD953IN: Frosted Acrylic State Cutout on Black Plaque;;;;CD953AK CD953AL CD953AR CD953AZ CD953CO CD953CT CD953GA CD953IA CD953IL CD953KS CD953KY CD953LA CD953ME CD953MN CD953MO CD953MS CD953MT CD953ND CD953NE CD953NH CD953NJ CD953NM CD953NV CD953NY CD953OH CD953OK CD953OR CD953PA CD953RI CD953SC CD953SD CD953TX CD953UT CD953VA CD953VT CD953WA CD953WI CD953WV CD953WY;+39 id(s) appended by the union · union reaches ids another store product owns;PS8645;no
OK;no;familia compartida con otro producto · variantes que lista otro producto · variantes que acabarían en otro producto;p-8012-frosted-acrylic-ks-state-cutout-on-black-plaque;Frosted Acrylic KS State Cutout on Black Plaque;ACTIVE;1;51;CD953KS;CD953KS;CD953KS;CD953KS=PRODUCT;CD953*;CD953KS: Frosted Acrylic State Cutout on Black Plaque;;;;CD953AK CD953AL CD953AR CD953AZ CD953CO CD953CT CD953GA CD953IA CD953IL CD953IN CD953KY CD953LA CD953ME CD953MN CD953MO CD953MS CD953MT CD953ND CD953NE CD953NH CD953NJ CD953NM CD953NV CD953NY CD953OH CD953OK CD953OR CD953PA CD953RI CD953SC CD953SD CD953TX CD953UT CD953VA CD953VT CD953WA CD953WI CD953WV CD953WY;+39 id(s) appended by the union · union reaches ids another store product owns;PS8646;no
OK;no;familia compartida con otro producto · variantes que lista otro producto · variantes que acabarían en otro producto;p-8013-frosted-acrylic-ky-state-cutout-on-black-plaque;Frosted Acrylic KY State Cutout on Black Plaque;ACTIVE;1;51;CD953KY;CD953KY;CD953KY;CD953KY=PRODUCT;CD953*;CD953KY: Frosted Acrylic State Cutout on Black Plaque;;;;CD953AK CD953AL CD953AR CD953AZ CD953CO CD953CT CD953GA CD953IA CD953IL CD953IN CD953KS CD953LA CD953ME CD953MN CD953MO CD953MS CD953MT CD953ND CD953NE CD953NH CD953NJ CD953NM CD953NV CD953NY CD953OH CD953OK CD953OR CD953PA CD953RI CD953SC CD953SD CD953TX CD953UT CD953VA CD953VT CD953WA CD953WI CD953WV CD953WY;+39 id(s) appended by the union · union reaches ids another store product owns;PS8647;no
OK;no;familia compartida con otro producto · variantes que lista otro producto · variantes que acabarían en otro producto;p-8014-frosted-acrylic-la-state-cutout-on-black-plaque;Frosted Acrylic LA State Cutout on Black Plaque;ACTIVE;1;51;CD953LA;CD953LA;CD953LA;CD953LA=PRODUCT;CD953*;CD953LA: Frosted Acrylic State Cutout on Black Plaque;;;;CD953AK CD953AL CD953AR CD953AZ CD953CO CD953CT CD953GA CD953IA CD953IL CD953IN CD953KS CD953KY CD953ME CD953MN CD953MO CD953MS CD953MT CD953ND CD953NE CD953NH CD953NJ CD953NM CD953NV CD953NY CD953OH CD953OK CD953OR CD953PA CD953RI CD953SC CD953SD CD953TX CD953UT CD953VA CD953VT CD953WA CD953WI CD953WV CD953WY;+39 id(s) appended by the union · union reaches ids another store product owns;PS8648;no
OK;no;familia compartida con otro producto · variantes que lista otro producto · variantes que acabarían en otro producto;p-8017-frosted-acrylic-me-state-cutout-on-black-plaque;Frosted Acrylic ME State Cutout on Black Plaque;ACTIVE;1;51;CD953ME;CD953ME;CD953ME;CD953ME=PRODUCT;CD953*;CD953ME: Frosted Acrylic State Cutout on Black Plaque;;;;CD953AK CD953AL CD953AR CD953AZ CD953CO CD953CT CD953GA CD953IA CD953IL CD953IN CD953KS CD953KY CD953LA CD953MN CD953MO CD953MS CD953MT CD953ND CD953NE CD953NH CD953NJ CD953NM CD953NV CD953NY CD953OH CD953OK CD953OR CD953PA CD953RI CD953SC CD953SD CD953TX CD953UT CD953VA CD953VT CD953WA CD953WI CD953WV CD953WY;+39 id(s) appended by the union · union reaches ids another store product owns;PS8651;no
OK;no;familia compartida con otro producto · variantes que lista otro producto · variantes que acabarían en otro producto;p-8019-frosted-acrylic-mn-state-cutout-on-black-plaque;Frosted Acrylic MN State Cutout on Black Plaque;ACTIVE;1;51;CD953MN;CD953MN;CD953MN;CD953MN=PRODUCT;CD953*;CD953MN: Frosted Acrylic State Cutout on Black Plaque;;;;CD953AK CD953AL CD953AR CD953AZ CD953CO CD953CT CD953GA CD953IA CD953IL CD953IN CD953KS CD953KY CD953LA CD953ME CD953MO CD953MS CD953MT CD953ND CD953NE CD953NH CD953NJ CD953NM CD953NV CD953NY CD953OH CD953OK CD953OR CD953PA CD953RI CD953SC CD953SD CD953TX CD953UT CD953VA CD953VT CD953WA CD953WI CD953WV CD953WY;+39 id(s) appended by the union · union reaches ids another store product owns;PS8653;no
OK;no;familia compartida con otro producto · variantes que lista otro producto · variantes que acabarían en otro producto;p-8020-frosted-acrylic-mo-state-cutout-on-black-plaque;Frosted Acrylic MO State Cutout on Black Plaque;ACTIVE;1;51;CD953MO;CD953MO;CD953MO;CD953MO=PRODUCT;CD953*;CD953MO: Frosted Acrylic State Cutout on Black Plaque;;;;CD953AK CD953AL CD953AR CD953AZ CD953CO CD953CT CD953GA CD953IA CD953IL CD953IN CD953KS CD953KY CD953LA CD953ME CD953MN CD953MS CD953MT CD953ND CD953NE CD953NH CD953NJ CD953NM CD953NV CD953NY CD953OH CD953OK CD953OR CD953PA CD953RI CD953SC CD953SD CD953TX CD953UT CD953VA CD953VT CD953WA CD953WI CD953WV CD953WY;+39 id(s) appended by the union · union reaches ids another store product owns;PS8654;no
OK;no;familia compartida con otro producto · variantes que lista otro producto · variantes que acabarían en otro producto;p-8021-frosted-acrylic-ms-state-cutout-on-black-plaque;Frosted Acrylic MS State Cutout on Black Plaque;ACTIVE;1;51;CD953MS;CD953MS;CD953MS;CD953MS=PRODUCT;CD953*;CD953MS: Frosted Acrylic State Cutout on Black Plaque;;;;CD953AK CD953AL CD953AR CD953AZ CD953CO CD953CT CD953GA CD953IA CD953IL CD953IN CD953KS CD953KY CD953LA CD953ME CD953MN CD953MO CD953MT CD953ND CD953NE CD953NH CD953NJ CD953NM CD953NV CD953NY CD953OH CD953OK CD953OR CD953PA CD953RI CD953SC CD953SD CD953TX CD953UT CD953VA CD953VT CD953WA CD953WI CD953WV CD953WY;+39 id(s) appended by the union · union reaches ids another store product owns;PS8655;no
OK;no;familia compartida con otro producto · variantes que lista otro producto · variantes que acabarían en otro producto;p-8022-frosted-acrylic-mt-state-cutout-on-black-plaque;Frosted Acrylic MT State Cutout on Black Plaque;ACTIVE;1;51;CD953MT;CD953MT;CD953MT;CD953MT=PRODUCT;CD953*;CD953MT: Frosted Acrylic State Cutout on Black Plaque;;;;CD953AK CD953AL CD953AR CD953AZ CD953CO CD953CT CD953GA CD953IA CD953IL CD953IN CD953KS CD953KY CD953LA CD953ME CD953MN CD953MO CD953MS CD953ND CD953NE CD953NH CD953NJ CD953NM CD953NV CD953NY CD953OH CD953OK CD953OR CD953PA CD953RI CD953SC CD953SD CD953TX CD953UT CD953VA CD953VT CD953WA CD953WI CD953WV CD953WY;+39 id(s) appended by the union · union reaches ids another store product owns;PS8656;no
OK;no;familia compartida con otro producto · variantes que lista otro producto · variantes que acabarían en otro producto;p-8024-frosted-acrylic-nd-state-cutout-on-black-plaque;Frosted Acrylic ND State Cutout on Black Plaque;ACTIVE;1;51;CD953ND;CD953ND;CD953ND;CD953ND=PRODUCT;CD953*;CD953ND: Frosted Acrylic State Cutout on Black Plaque;;;;CD953AK CD953AL CD953AR CD953AZ CD953CO CD953CT CD953GA CD953IA CD953IL CD953IN CD953KS CD953KY CD953LA CD953ME CD953MN CD953MO CD953MS CD953MT CD953NE CD953NH CD953NJ CD953NM CD953NV CD953NY CD953OH CD953OK CD953OR CD953PA CD953RI CD953SC CD953SD CD953TX CD953UT CD953VA CD953VT CD953WA CD953WI CD953WV CD953WY;+39 id(s) appended by the union · union reaches ids another store product owns;PS8658;no
OK;no;familia compartida con otro producto · variantes que lista otro producto · variantes que acabarían en otro producto;p-8025-frosted-acrylic-ne-state-cutout-on-black-plaque;Frosted Acrylic NE State Cutout on Black Plaque;ACTIVE;1;51;CD953NE;CD953NE;CD953NE;CD953NE=PRODUCT;CD953*;CD953NE: Frosted Acrylic State Cutout on Black Plaque;;;;CD953AK CD953AL CD953AR CD953AZ CD953CO CD953CT CD953GA CD953IA CD953IL CD953IN CD953KS CD953KY CD953LA CD953ME CD953MN CD953MO CD953MS CD953MT CD953ND CD953NH CD953NJ CD953NM CD953NV CD953NY CD953OH CD953OK CD953OR CD953PA CD953RI CD953SC CD953SD CD953TX CD953UT CD953VA CD953VT CD953WA CD953WI CD953WV CD953WY;+39 id(s) appended by the union · union reaches ids another store product owns;PS8659;no
OK;no;familia compartida con otro producto · variantes que lista otro producto · variantes que acabarían en otro producto;p-8026-frosted-acrylic-nh-state-cutout-on-black-plaque;Frosted Acrylic NH State Cutout on Black Plaque;ACTIVE;1;51;CD953NH;CD953NH;CD953NH;CD953NH=PRODUCT;CD953*;CD953NH: Frosted Acrylic State Cutout on Black Plaque;;;;CD953AK CD953AL CD953AR CD953AZ CD953CO CD953CT CD953GA CD953IA CD953IL CD953IN CD953KS CD953KY CD953LA CD953ME CD953MN CD953MO CD953MS CD953MT CD953ND CD953NE CD953NJ CD953NM CD953NV CD953NY CD953OH CD953OK CD953OR CD953PA CD953RI CD953SC CD953SD CD953TX CD953UT CD953VA CD953VT CD953WA CD953WI CD953WV CD953WY;+39 id(s) appended by the union · union reaches ids another store product owns;PS8660;no
OK;no;familia compartida con otro producto · variantes que lista otro producto · variantes que acabarían en otro producto;p-8027-frosted-acrylic-nj-state-cutout-on-black-plaque;Frosted Acrylic NJ State Cutout on Black Plaque;ACTIVE;1;51;CD953NJ;CD953NJ;CD953NJ;CD953NJ=PRODUCT;CD953*;CD953NJ: Frosted Acrylic State Cutout on Black Plaque;;;;CD953AK CD953AL CD953AR CD953AZ CD953CO CD953CT CD953GA CD953IA CD953IL CD953IN CD953KS CD953KY CD953LA CD953ME CD953MN CD953MO CD953MS CD953MT CD953ND CD953NE CD953NH CD953NM CD953NV CD953NY CD953OH CD953OK CD953OR CD953PA CD953RI CD953SC CD953SD CD953TX CD953UT CD953VA CD953VT CD953WA CD953WI CD953WV CD953WY;+39 id(s) appended by the union · union reaches ids another store product owns;PS8661;no
OK;no;familia compartida con otro producto · variantes que lista otro producto · variantes que acabarían en otro producto;p-8028-frosted-acrylic-nm-state-cutout-on-black-plaque;Frosted Acrylic NM State Cutout on Black Plaque;ACTIVE;1;51;CD953NM;CD953NM;CD953NM;CD953NM=PRODUCT;CD953*;CD953NM: Frosted Acrylic State Cutout on Black Plaque;;;;CD953AK CD953AL CD953AR CD953AZ CD953CO CD953CT CD953GA CD953IA CD953IL CD953IN CD953KS CD953KY CD953LA CD953ME CD953MN CD953MO CD953MS CD953MT CD953ND CD953NE CD953NH CD953NJ CD953NV CD953NY CD953OH CD953OK CD953OR CD953PA CD953RI CD953SC CD953SD CD953TX CD953UT CD953VA CD953VT CD953WA CD953WI CD953WV CD953WY;+39 id(s) appended by the union · union reaches ids another store product owns;PS8662;no
OK;no;familia compartida con otro producto · variantes que lista otro producto · variantes que acabarían en otro producto;p-8029-frosted-acrylic-nv-state-cutout-on-black-plaque;Frosted Acrylic NV State Cutout on Black Plaque;ACTIVE;1;51;CD953NV;CD953NV;CD953NV;CD953NV=PRODUCT;CD953*;CD953NV: Frosted Acrylic State Cutout on Black Plaque;;;;CD953AK CD953AL CD953AR CD953AZ CD953CO CD953CT CD953GA CD953IA CD953IL CD953IN CD953KS CD953KY CD953LA CD953ME CD953MN CD953MO CD953MS CD953MT CD953ND CD953NE CD953NH CD953NJ CD953NM CD953NY CD953OH CD953OK CD953OR CD953PA CD953RI CD953SC CD953SD CD953TX CD953UT CD953VA CD953VT CD953WA CD953WI CD953WV CD953WY;+39 id(s) appended by the union · union reaches ids another store product owns;PS8663;no
OK;no;familia compartida con otro producto · variantes que lista otro producto · variantes que acabarían en otro producto;p-8030-frosted-acrylic-ny-state-cutout-on-black-plaque;Frosted Acrylic NY State Cutout on Black Plaque;ACTIVE;1;51;CD953NY;CD953NY;CD953NY;CD953NY=PRODUCT;CD953*;CD953NY: Frosted Acrylic State Cutout on Black Plaque;;;;CD953AK CD953AL CD953AR CD953AZ CD953CO CD953CT CD953GA CD953IA CD953IL CD953IN CD953KS CD953KY CD953LA CD953ME CD953MN CD953MO CD953MS CD953MT CD953ND CD953NE CD953NH CD953NJ CD953NM CD953NV CD953OH CD953OK CD953OR CD953PA CD953RI CD953SC CD953SD CD953TX CD953UT CD953VA CD953VT CD953WA CD953WI CD953WV CD953WY;+39 id(s) appended by the union · union reaches ids another store product owns;PS8664;no
OK;no;familia compartida con otro producto · variantes que lista otro producto · variantes que acabarían en otro producto;p-8031-frosted-acrylic-oh-state-cutout-on-black-plaque;Frosted Acrylic OH State Cutout on Black Plaque;ACTIVE;1;51;CD953OH;CD953OH;CD953OH;CD953OH=PRODUCT;CD953*;CD953OH: Frosted Acrylic State Cutout on Black Plaque;;;;CD953AK CD953AL CD953AR CD953AZ CD953CO CD953CT CD953GA CD953IA CD953IL CD953IN CD953KS CD953KY CD953LA CD953ME CD953MN CD953MO CD953MS CD953MT CD953ND CD953NE CD953NH CD953NJ CD953NM CD953NV CD953NY CD953OK CD953OR CD953PA CD953RI CD953SC CD953SD CD953TX CD953UT CD953VA CD953VT CD953WA CD953WI CD953WV CD953WY;+39 id(s) appended by the union · union reaches ids another store product owns;PS8665;no
OK;no;familia compartida con otro producto · variantes que lista otro producto · variantes que acabarían en otro producto;p-8032-frosted-acrylic-ok-state-cutout-on-black-plaque;Frosted Acrylic OK State Cutout on Black Plaque;ACTIVE;1;51;CD953OK;CD953OK;CD953OK;CD953OK=PRODUCT;CD953*;CD953OK: Frosted Acrylic State Cutout on Black Plaque;;;;CD953AK CD953AL CD953AR CD953AZ CD953CO CD953CT CD953GA CD953IA CD953IL CD953IN CD953KS CD953KY CD953LA CD953ME CD953MN CD953MO CD953MS CD953MT CD953ND CD953NE CD953NH CD953NJ CD953NM CD953NV CD953NY CD953OH CD953OR CD953PA CD953RI CD953SC CD953SD CD953TX CD953UT CD953VA CD953VT CD953WA CD953WI CD953WV CD953WY;+39 id(s) appended by the union · union reaches ids another store product owns;PS8666;no
OK;no;familia compartida con otro producto · variantes que lista otro producto · variantes que acabarían en otro producto;p-8033-frosted-acrylic-or-state-cutout-on-black-plaque;Frosted Acrylic OR State Cutout on Black Plaque;ACTIVE;1;51;CD953OR;CD953OR;CD953OR;CD953OR=PRODUCT;CD953*;CD953OR: Frosted Acrylic State Cutout on Black Plaque;;;;CD953AK CD953AL CD953AR CD953AZ CD953CO CD953CT CD953GA CD953IA CD953IL CD953IN CD953KS CD953KY CD953LA CD953ME CD953MN CD953MO CD953MS CD953MT CD953ND CD953NE CD953NH CD953NJ CD953NM CD953NV CD953NY CD953OH CD953OK CD953PA CD953RI CD953SC CD953SD CD953TX CD953UT CD953VA CD953VT CD953WA CD953WI CD953WV CD953WY;+39 id(s) appended by the union · union reaches ids another store product owns;PS8667;no
OK;no;familia compartida con otro producto · variantes que lista otro producto · variantes que acabarían en otro producto;p-8034-frosted-acrylic-pa-state-cutout-on-black-plaque;Frosted Acrylic PA State Cutout on Black Plaque;ACTIVE;1;51;CD953PA;CD953PA;CD953PA;CD953PA=PRODUCT;CD953*;CD953PA: Frosted Acrylic State Cutout on Black Plaque;;;;CD953AK CD953AL CD953AR CD953AZ CD953CO CD953CT CD953GA CD953IA CD953IL CD953IN CD953KS CD953KY CD953LA CD953ME CD953MN CD953MO CD953MS CD953MT CD953ND CD953NE CD953NH CD953NJ CD953NM CD953NV CD953NY CD953OH CD953OK CD953OR CD953RI CD953SC CD953SD CD953TX CD953UT CD953VA CD953VT CD953WA CD953WI CD953WV CD953WY;+39 id(s) appended by the union · union reaches ids another store product owns;PS8668;no
OK;no;familia compartida con otro producto · variantes que lista otro producto · variantes que acabarían en otro producto;p-8035-frosted-acrylic-ri-state-cutout-on-black-plaque;Frosted Acrylic RI State Cutout on Black Plaque;ACTIVE;1;51;CD953RI;CD953RI;CD953RI;CD953RI=PRODUCT;CD953*;CD953RI: Frosted Acrylic State Cutout on Black Plaque;;;;CD953AK CD953AL CD953AR CD953AZ CD953CO CD953CT CD953GA CD953IA CD953IL CD953IN CD953KS CD953KY CD953LA CD953ME CD953MN CD953MO CD953MS CD953MT CD953ND CD953NE CD953NH CD953NJ CD953NM CD953NV CD953NY CD953OH CD953OK CD953OR CD953PA CD953SC CD953SD CD953TX CD953UT CD953VA CD953VT CD953WA CD953WI CD953WV CD953WY;+39 id(s) appended by the union · union reaches ids another store product owns;PS8669;no
OK;no;familia compartida con otro producto · variantes que lista otro producto · variantes que acabarían en otro producto;p-8036-frosted-acrylic-sc-state-cutout-on-black-plaque;Frosted Acrylic SC State Cutout on Black Plaque;ACTIVE;1;51;CD953SC;CD953SC;CD953SC;CD953SC=PRODUCT;CD953*;CD953SC: Frosted Acrylic State Cutout on Black Plaque;;;;CD953AK CD953AL CD953AR CD953AZ CD953CO CD953CT CD953GA CD953IA CD953IL CD953IN CD953KS CD953KY CD953LA CD953ME CD953MN CD953MO CD953MS CD953MT CD953ND CD953NE CD953NH CD953NJ CD953NM CD953NV CD953NY CD953OH CD953OK CD953OR CD953PA CD953RI CD953SD CD953TX CD953UT CD953VA CD953VT CD953WA CD953WI CD953WV CD953WY;+39 id(s) appended by the union · union reaches ids another store product owns;PS8670;no
OK;no;familia compartida con otro producto · variantes que lista otro producto · variantes que acabarían en otro producto;p-8037-frosted-acrylic-sd-state-cutout-on-black-plaque;Frosted Acrylic SD State Cutout on Black Plaque;ACTIVE;1;51;CD953SD;CD953SD;CD953SD;CD953SD=PRODUCT;CD953*;CD953SD: Frosted Acrylic State Cutout on Black Plaque;;;;CD953AK CD953AL CD953AR CD953AZ CD953CO CD953CT CD953GA CD953IA CD953IL CD953IN CD953KS CD953KY CD953LA CD953ME CD953MN CD953MO CD953MS CD953MT CD953ND CD953NE CD953NH CD953NJ CD953NM CD953NV CD953NY CD953OH CD953OK CD953OR CD953PA CD953RI CD953SC CD953TX CD953UT CD953VA CD953VT CD953WA CD953WI CD953WV CD953WY;+39 id(s) appended by the union · union reaches ids another store product owns;PS8671;no
OK;no;familia compartida con otro producto · variantes que lista otro producto · variantes que acabarían en otro producto;p-8039-frosted-acrylic-tx-state-cutout-on-black-plaque;Frosted Acrylic TX State Cutout on Black Plaque;ACTIVE;1;51;CD953TX;CD953TX;CD953TX;CD953TX=PRODUCT;CD953*;CD953TX: Frosted Acrylic State Cutout on Black Plaque;;;;CD953AK CD953AL CD953AR CD953AZ CD953CO CD953CT CD953GA CD953IA CD953IL CD953IN CD953KS CD953KY CD953LA CD953ME CD953MN CD953MO CD953MS CD953MT CD953ND CD953NE CD953NH CD953NJ CD953NM CD953NV CD953NY CD953OH CD953OK CD953OR CD953PA CD953RI CD953SC CD953SD CD953UT CD953VA CD953VT CD953WA CD953WI CD953WV CD953WY;+39 id(s) appended by the union · union reaches ids another store product owns;PS8673;no
OK;no;familia compartida con otro producto · variantes que lista otro producto · variantes que acabarían en otro producto;p-8040-frosted-acrylic-ut-state-cutout-on-black-plaque;Frosted Acrylic UT State Cutout on Black Plaque;ACTIVE;1;51;CD953UT;CD953UT;CD953UT;CD953UT=PRODUCT;CD953*;CD953UT: Frosted Acrylic State Cutout on Black Plaque;;;;CD953AK CD953AL CD953AR CD953AZ CD953CO CD953CT CD953GA CD953IA CD953IL CD953IN CD953KS CD953KY CD953LA CD953ME CD953MN CD953MO CD953MS CD953MT CD953ND CD953NE CD953NH CD953NJ CD953NM CD953NV CD953NY CD953OH CD953OK CD953OR CD953PA CD953RI CD953SC CD953SD CD953TX CD953VA CD953VT CD953WA CD953WI CD953WV CD953WY;+39 id(s) appended by the union · union reaches ids another store product owns;PS8674;no
OK;no;familia compartida con otro producto · variantes que lista otro producto · variantes que acabarían en otro producto;p-8041-frosted-acrylic-va-state-cutout-on-black-plaque;Frosted Acrylic VA State Cutout on Black Plaque;ACTIVE;1;51;CD953VA;CD953VA;CD953VA;CD953VA=PRODUCT;CD953*;CD953VA: Frosted Acrylic State Cutout on Black Plaque;;;;CD953AK CD953AL CD953AR CD953AZ CD953CO CD953CT CD953GA CD953IA CD953IL CD953IN CD953KS CD953KY CD953LA CD953ME CD953MN CD953MO CD953MS CD953MT CD953ND CD953NE CD953NH CD953NJ CD953NM CD953NV CD953NY CD953OH CD953OK CD953OR CD953PA CD953RI CD953SC CD953SD CD953TX CD953UT CD953VT CD953WA CD953WI CD953WV CD953WY;+39 id(s) appended by the union · union reaches ids another store product owns;PS8675;no
OK;no;familia compartida con otro producto · variantes que lista otro producto · variantes que acabarían en otro producto;p-8042-frosted-acrylic-vt-state-cutout-on-black-plaque;Frosted Acrylic VT State Cutout on Black Plaque;ACTIVE;1;51;CD953VT;CD953VT;CD953VT;CD953VT=PRODUCT;CD953*;CD953VT: Frosted Acrylic State Cutout on Black Plaque;;;;CD953AK CD953AL CD953AR CD953AZ CD953CO CD953CT CD953GA CD953IA CD953IL CD953IN CD953KS CD953KY CD953LA CD953ME CD953MN CD953MO CD953MS CD953MT CD953ND CD953NE CD953NH CD953NJ CD953NM CD953NV CD953NY CD953OH CD953OK CD953OR CD953PA CD953RI CD953SC CD953SD CD953TX CD953UT CD953VA CD953WA CD953WI CD953WV CD953WY;+39 id(s) appended by the union · union reaches ids another store product owns;PS8676;no
OK;no;familia compartida con otro producto · variantes que lista otro producto · variantes que acabarían en otro producto;p-8043-frosted-acrylic-wa-state-cutout-on-black-plaque;Frosted Acrylic WA State Cutout on Black Plaque;ACTIVE;1;51;CD953WA;CD953WA;CD953WA;CD953WA=PRODUCT;CD953*;CD953WA: Frosted Acrylic State Cutout on Black Plaque;;;;CD953AK CD953AL CD953AR CD953AZ CD953CO CD953CT CD953GA CD953IA CD953IL CD953IN CD953KS CD953KY CD953LA CD953ME CD953MN CD953MO CD953MS CD953MT CD953ND CD953NE CD953NH CD953NJ CD953NM CD953NV CD953NY CD953OH CD953OK CD953OR CD953PA CD953RI CD953SC CD953SD CD953TX CD953UT CD953VA CD953VT CD953WI CD953WV CD953WY;+39 id(s) appended by the union · union reaches ids another store product owns;PS8677;no
OK;no;familia compartida con otro producto · variantes que lista otro producto · variantes que acabarían en otro producto;p-8044-frosted-acrylic-wi-state-cutout-on-black-plaque;Frosted Acrylic WI State Cutout on Black Plaque;ACTIVE;1;51;CD953WI;CD953WI;CD953WI;CD953WI=PRODUCT;CD953*;CD953WI: Frosted Acrylic State Cutout on Black Plaque;;;;CD953AK CD953AL CD953AR CD953AZ CD953CO CD953CT CD953GA CD953IA CD953IL CD953IN CD953KS CD953KY CD953LA CD953ME CD953MN CD953MO CD953MS CD953MT CD953ND CD953NE CD953NH CD953NJ CD953NM CD953NV CD953NY CD953OH CD953OK CD953OR CD953PA CD953RI CD953SC CD953SD CD953TX CD953UT CD953VA CD953VT CD953WA CD953WV CD953WY;+39 id(s) appended by the union · union reaches ids another store product owns;PS8678;no
OK;no;familia compartida con otro producto · variantes que lista otro producto · variantes que acabarían en otro producto;p-8045-frosted-acrylic-wv-state-cutout-on-black-plaque;Frosted Acrylic WV State Cutout on Black Plaque;ACTIVE;1;51;CD953WV;CD953WV;CD953WV;CD953WV=PRODUCT;CD953*;CD953WV: Frosted Acrylic State Cutout on Black Plaque;;;;CD953AK CD953AL CD953AR CD953AZ CD953CO CD953CT CD953GA CD953IA CD953IL CD953IN CD953KS CD953KY CD953LA CD953ME CD953MN CD953MO CD953MS CD953MT CD953ND CD953NE CD953NH CD953NJ CD953NM CD953NV CD953NY CD953OH CD953OK CD953OR CD953PA CD953RI CD953SC CD953SD CD953TX CD953UT CD953VA CD953VT CD953WA CD953WI CD953WY;+39 id(s) appended by the union · union reaches ids another store product owns;PS8679;no
OK;no;familia compartida con otro producto · variantes que lista otro producto · variantes que acabarían en otro producto;p-8046-frosted-acrylic-wy-state-cutout-on-black-plaque;Frosted Acrylic WY State Cutout on Black Plaque;ACTIVE;1;51;CD953WY;CD953WY;CD953WY;CD953WY=PRODUCT;CD953*;CD953WY: Frosted Acrylic State Cutout on Black Plaque;;;;CD953AK CD953AL CD953AR CD953AZ CD953CO CD953CT CD953GA CD953IA CD953IL CD953IN CD953KS CD953KY CD953LA CD953ME CD953MN CD953MO CD953MS CD953MT CD953ND CD953NE CD953NH CD953NJ CD953NM CD953NV CD953NY CD953OH CD953OK CD953OR CD953PA CD953RI CD953SC CD953SD CD953TX CD953UT CD953VA CD953VT CD953WA CD953WI CD953WV;+39 id(s) appended by the union · union reaches ids another store product owns;PS8680;no
OK;yes;;p-8049-globe-on-pedestal-with-base;Globe on Pedestal with Base;ACTIVE;1;1;GM821;GM821;GM821;GM821=PRODUCT;GM821;GM821: Globe on Pedestal with Base;;;;;;PS8762;no
OK;yes;;p-8050-globe-tower-on-base;Globe Tower on Base;ACTIVE;1;1;GM820;GM820;GM820;GM820=PRODUCT;GM820;GM820: Globe Tower on Base;;;;;;PS8763;no
OK;no;ids que no son un producto vivo · varias familias;p-8052-gold-finish-plastic-cup-on-marble-base;Gold Finish Plastic Cup on Marble Base;ACTIVE;1;3;CM715AB;CM715BR;CM715AB CM715AK CM715AR CM715BB CM715BK CM715BR;CM715AB=PART CM715AK=PART CM715AR=PART CM715BB=PART CM715BK=PART CM715BR=PRODUCT;CM715B;CM715BR: Gold Finish Plastic Cup on Marble Base;CM715AB->CM715 CM715AK->CM715 CM715AR->CM715 CM715BB->CM715 CM715BK->CM715;simple;;;canonical CM715AB unusable, drive by CM715BR · 5 dead id(s) · lists part ids of another product;PS8775;no
OK;yes;;p-8059-golf-score-card-entrapment-acrylic;Golf Score Card Entrapment Acrylic;ACTIVE;1;1;CD899B;CD899B;CD899B;CD899B=PRODUCT;CD899B;CD899B: Golf Score Card Entrapment;;;;;;PS8802;no
OK;yes;;p-8071-interlocking-perpetual-award;Interlocking Perpetual Award;ACTIVE;1;2;CD910;CD910;CD910;CD910=PRODUCT;CD910;CD910: Interlocking Perpetual;;;;;;PS8842;no
OK;yes;;p-8072-jade-glass-oblong-octagon-on-base;Jade Glass Oblong Octagon on Base;ACTIVE;1;1;GI36;GI36;GI36;GI36=PRODUCT;GI36;GI36: Jade Glass Oblong Octagon on Base;;;;;;PS8857;no
OK;no;ids que no son un producto vivo · familia compartida con otro producto · variantes que lista otro producto · variantes que acabarían en otro producto;p-8077-leatherette-beverage-holder;Leatherette Beverage Holder;ACTIVE;1;13;CM289BB;CM289BB;CM289BB CM289BV CM289WM;CM289BB=PRODUCT CM289BV=PRODUCT CM289WM=PART;CM289*;CM289BB: Leatherette Beverage Holder | CM289BV: Leatherette Beverage Holder;CM289WM->CM289BB/CM289BL/CM289BS/CM289BV/CM289CK/CM289DB/CM289GR/CM289LB/CM289PK/CM289RS/CM289RW/CM289TL;simple;;CM289BL CM289BS CM289CK CM289DB CM289GR CM289LB CM289PK CM289RS CM289RW CM289TL;1 dead id(s) · lists part ids of another product · +10 id(s) appended by the union · union reaches ids another store product owns;PS8908;no
OK;no;ids que no son un producto vivo · varias familias · familia compartida con otro producto · variantes que lista otro producto · variantes que acabarían en otro producto;p-8082-leatherette-flask;Leatherette Flask;ACTIVE;1;12;CM286BB;CM286BB;CM286BB CM286BV CM286WM;CM286BB=PRODUCT CM286BV=PRODUCT CM286WM=ORPHAN;CM286*;CM286BB: Leatherette Flask | CM286BV: Leatherette Flask;;;;CM286BL CM286BS CM286CK CM286DB CM286GR CM286LB CM286PK CM286RS CM286RW CM286TL;1 dead id(s) · +10 id(s) appended by the union · union reaches ids another store product owns;PS8976;no
OK;no;familia compartida con otro producto · variantes que lista otro producto · variantes que acabarían en otro producto;p-8085-leatherette-journal;Leatherette Journal;ACTIVE;1;12;CM415BB;CM415BB;CM415BB CM415BV CM415WM;CM415BB=PRODUCT CM415BV=PRODUCT CM415WM=PRODUCT;CM415*;CM415BB: Leatherette Journal | CM415BV: Leatherette Journal | CM415WM: Leatherette Journal;;;;CM415BS CM415CK CM415DB CM415GR CM415LB CM415PK CM415RS CM415RW CM415TL;+9 id(s) appended by the union · union reaches ids another store product owns;PS8997;no
OK;yes;;p-8108-lighthouse-with-glass-award;Lighthouse with Glass Award;ACTIVE;1;1;CM807;CM807;CM807;CM807=PRODUCT;CM807;CM807: Lighthouse with Glass;;;;;;PS9150;no
OK;yes;;p-8114-multi-color-swirl-art-glass-award-on-clear-base;Multi-Color Swirl Art Glass Award on Clear Base;ACTIVE;1;1;GM743;GM743;GM743;GM743=PRODUCT;GM743;GM743: Multi-Color Swirl Art Glass on Clear Base;;;;;;PS9178;no
OK;yes;;p-8124-optional-base-for-sculptured-lucite-star;Optional Base for Sculptured Lucite Star;ACTIVE;1;1;CB35;CB35;CB35;CB35=PRODUCT;CB35;CB35: Optional Base for Sculptured Lucite Star;;;;;;PS9250;no
OK;yes;;p-8132-perpetual-tower-award;Perpetual Tower Award;ACTIVE;1;1;GI667;GI667;GI667;GI667=PRODUCT;GI667;GI667: Perpetual Tower;;;;;;PS9266;no
OK;no;ids que no son un producto vivo · varias familias;p-8133-phone-holder;Phone Holder;ACTIVE;1;1;PH04;PH04;PH04 PH07MR PH13E;PH04=PRODUCT PH07MR=ORPHAN PH13E=ORPHAN;PH04;PH04: Rectangle Acrylic Phone Holder;;;;;2 dead id(s);PS9267;no
OK;yes;;p-8141-poop-emoji-acrylic-award;Poop Emoji Acrylic Award;ACTIVE;1;1;CD1243;CD1243;CD1243;CD1243=PRODUCT;CD1243;CD1243: Poop Emoji Acrylic Award;;;;;;PS9284;no
OK;yes;;p-8159-redblack-spiral-teardrop-art-glass;Red/Black Spiral Teardrop Art Glass;ACTIVE;1;1;GM828;GM828;GM828;GM828=PRODUCT;GM828;GM828: Red/Black Spiral Teardrop Art Glass;;;;;;PS9349;no
OK;yes;;p-8162-rosewood-bbq-set;Rosewood BBQ Set;ACTIVE;1;1;CM760;CM760;CM760;CM760=PRODUCT;CM760;CM760: Rosewood BBQ Set;;;;;;PS9355;no
OK;yes;;p-8179-slant-bar-perpetual-award;Slant Bar Perpetual Award;ACTIVE;1;1;GI669;GI669;GI669;GI669=PRODUCT;GI669;GI669: Slant Bar Perpetual;;;;;;PS9432;no
OK;yes;;p-8183-smiley-face-emoji-acrylic-award;Smiley Face Emoji Acrylic Award;ACTIVE;1;1;CD1244;CD1244;CD1244;CD1244=PRODUCT;CD1244;CD1244: Smiley Face Emoji Acrylic Award;;;;;;PS9458;no
OK;yes;;p-8184-snowflake-alder-ornament;Snowflake Alder Ornament;ACTIVE;1;2;CM757B;CM757B;CM757B;CM757B=PRODUCT;CM757B;CM757B: Snowflake Alder Ornament;;;;;;PS9459;no
OK;yes;;p-8185-soaring-excellence-eagle-landing-small;Soaring Excellence Eagle Landing Small;ACTIVE;1;1;CM221B;CM221B;CM221B;CM221B=PRODUCT;CM221B;CM221B: Gold Antique Finish Resin Cast Eagle Landing - Medium;;;;;;PS9461;no
OK;yes;;p-8186-soaring-excellence-eagle-landing-large;Soaring Excellence Eagle Landing Large;ACTIVE;1;1;CM221A;CM221A;CM221A;CM221A=PRODUCT;CM221A;CM221A: Gold Antique Finish Resin Cast Eagle Landing - Small;;;;;;PS9462;no
OK;yes;;p-8189-star-alder-ornament;Star Alder Ornament;ACTIVE;1;2;CM757C;CM757C;CM757C;CM757C=PRODUCT;CM757C;CM757C: Star Alder Ornament;;;;;;PS9470;no
OK;yes;;p-8191-star-pillar-award;Star Pillar Award;ACTIVE;1;1;GM744A;GM744A;GM744A;GM744A=PRODUCT;GM744A;GM744A: Star Pillar, Small;;;;;;PS9474;no
OK;yes;;p-8192-star-tower-on-black-base-award;Star Tower on Black Base Award;ACTIVE;1;1;GM745;GM745;GM745;GM745=PRODUCT;GM745;GM745: Star Tower on Black Base - 2 Imprint Locations with Silver Colorfill on Base;;;;;;PS9478;no
OK;yes;;p-8197-strong-arm-emoji-acrylic-award;Strong Arm Emoji Acrylic Award;ACTIVE;1;1;CD1245;CD1245;CD1245;CD1245=PRODUCT;CD1245;CD1245: Strong Arm Emoji Acrylic Award;;;;;;PS9488;no
OK;yes;;p-8206-the-bomb-statement-acrylic-award-with-laser-cuts;The Bomb Statement Acrylic Award with Laser Cuts;ACTIVE;1;1;CD1240;CD1240;CD1240;CD1240=PRODUCT;CD1240;"CD1240: 4¼"" x 4¼"" x ¾"" ""The Bomb"" Statement Acrylic Award with Laser Cuts";;;;;;PS9519;no
OK;yes;;p-8207-the-bomb-statement-acrylic-award;The Bomb Statement Acrylic Award;ACTIVE;1;1;CD1239;CD1239;CD1239;CD1239=PRODUCT;CD1239;"CD1239: 4¼"" x 4¼"" x ¾"" ""The Bomb"" Statement Acrylic Award";;;;;;PS9520;no
OK;yes;;p-8208-thumbs-up-emoji-acrylic-award;Thumbs Up Emoji Acrylic Award;ACTIVE;1;1;CD1246;CD1246;CD1246;CD1246=PRODUCT;CD1246;CD1246: Thumbs Up Emoji Acrylic Award;;;;;;PS9526;no
OK;yes;;p-8209-thumbs-up-clear-acrylic-award;Thumbs Up Clear Acrylic Award;ACTIVE;1;1;CD1242;CD1242;CD1242;CD1242=PRODUCT;CD1242;"CD1242: 4 5/8"" x 5"" x ¾"" ""Thumbs Up"" Statement Acrylic Award ";;;;;;PS9527;no
OK;yes;;p-8210-thumbs-up-statement-acrylic-award;Thumbs Up Statement Acrylic Award;ACTIVE;1;1;CD1241;CD1241;CD1241;CD1241=PRODUCT;CD1241;"CD1241: 4 5/8"" x 5"" x ¾"" ""Thumbs Up"" Statement Acrylic Award";;;;;;PS9528;no
OK;yes;;p-8211-ticket-magnetic-entrapment;Ticket Magnetic Entrapment;ACTIVE;1;1;CD899A;CD899A;CD899A;CD899A=PRODUCT;CD899A;CD899A: Ticket Magnetic Entrapment;;;;;;PS9529;no
OK;yes;;p-8212-twisted-horn-red-art-glass-award;Twisted Horn Red Art Glass Award;ACTIVE;1;1;GM803;GM803;GM803;GM803=PRODUCT;GM803;GM803: Twisted Horn Red Art Glass;;;;;;PS9535;no
OK;yes;;p-8214-universe-art-glass-award;Universe Art Glass Award;ACTIVE;1;1;GM802;GM802;GM802;GM802=PRODUCT;GM802;GM802: Universe  Art Glass;;;;;;PS9539;no
OK;yes;;p-8221-walnut-single-row-challenge-coin-display;Walnut Single Row Challenge Coin Display;ACTIVE;1;1;CM754A;CM754A;CM754A;CM754A=PRODUCT;CM754A;CM754A: Walnut Single Row Challenge Coin Display;;;;;;PS9575;no
OK;no;ids que no son un producto vivo · varias familias;p-8226-windermere-plaque;Windermere Plaque;ACTIVE;1;3;CD1093A;CD1093A;CD1093A CD1094A CD1093B CD1094B;CD1093A=PRODUCT CD1094A=ORPHAN CD1093B=ORPHAN CD1094B=ORPHAN;CD1093A;CD1093A: Windermere Plaque, 8x10;;;;;3 dead id(s);PS9598;no
OK;yes;;p-8228-you-rock-statement-acrylic-award-with-laser-cuts;You Rock Statement Acrylic Award with Laser Cuts;ACTIVE;1;1;CD1238;CD1238;CD1238;CD1238=PRODUCT;CD1238;"CD1238: 4½"" x 5¾"" x ¾"" ""You Rock"" Statement Acrylic Award with Laser Cuts";;;;;;PS9606;no
OK;yes;;p-8229-you-rock-statement-acrylic-award;You Rock Statement Acrylic Award;ACTIVE;1;1;CD1237;CD1237;CD1237;CD1237=PRODUCT;CD1237;"CD1237: 4½"" x 5¾"" x ¾"" ""You Rock"" Statement Acrylic Award";;;;;;PS9607;no
OK;yes;;p-8657-15-oz-stemless-wine-glass;15 oz. Stemless Wine Glass;ACTIVE;1;1;G0991;G0991;G0991;G0991=PRODUCT;G0991;G0991: 15 oz. Stemless Wine Glass;;;;;;PS9620;no
OK;yes;;p-8659-16-oz-pint-mixing-glass;16 oz. Pint Mixing Glass;ACTIVE;1;1;G0992;G0992;G0992;G0992=PRODUCT;G0992;G0992: 16 oz. Pint Mixing Glass;;;;;;PS9622;no
OK;yes;;p-8660-16-oz-willi-becher-beer-glass;16 oz. Willi Becher Beer Glass;ACTIVE;1;1;G0994;G0994;G0994;G0994=PRODUCT;G0994;G0994: 16 oz. Willi Becher Beer Glass;;;;;;PS9623;no
OK;yes;;p-8661-19-oz-wine-glass;19 oz. Wine Glass;ACTIVE;1;1;G0996;G0996;G0996;G0996=PRODUCT;G0996;G0996:  19 oz. Wine Glass;;;;;;PS9624;no
OK;yes;;p-8662-8-oz-champagne-flute;8 oz. Champagne Flute;ACTIVE;1;1;G0995;G0995;G0995;G0995=PRODUCT;G0995;G0995: 8 oz. Champagne Flute;;;;;;PS9625;no
OK;yes;;p-8663-9-oz-stemless-wine-glass;9 oz. Stemless Wine Glass;ACTIVE;1;1;G0990;G0990;G0990;G0990=PRODUCT;G0990;G0990: 9 oz. Stemless Wine Glass;;;;;;PS9626;no
OK;yes;;p-8686-stainless-steel-whiskey-stone-gift-set-in-bamboo-case;Stainless Steel Whiskey Stone Gift Set in Bamboo Case;ACTIVE;1;1;CM825;CM825;CM825;CM825=PRODUCT;CM825;CM825: Stainless Steel Whiskey Stone Gift Set In Bamboo ;;;;;;PS9650;no
OK;yes;;p-8687-suspended-star-acrylic-award;Suspended Star Acrylic Award;ACTIVE;1;1;CD1263;CD1263;CD1263;CD1263=PRODUCT;CD1263;CD1263: Suspended Star Acrylic Award;;;;;;PS9651;no
OK;yes;;p-8713-blue-and-optic-crystal-arches;Blue And Optic Crystal Arches;ACTIVE;1;1;GI309;GI309;GI309;GI309=PRODUCT;GI309;GI309: Blue and Optic Crystal Arches (Includes Silver Color-Fill - Oval Date Bars Sold Separately);;;;;;PS10054;no
OK;no;familia compartida con otro producto · variantes que lista otro producto · variantes que acabarían en otro producto;p-8715-blue-diamond-carve-lucite-octagon-plaque;Blue Diamond Carve Lucite Octagon Plaque;ACTIVE;1;3;C1407LB;C1407LB;C1407LB;C1407LB=PRODUCT;C1407L*;C1407LB: Diamond Carved Octagon Plaque;;;;C1407LG C1407LR;+2 id(s) appended by the union · union reaches ids another store product owns;PS10084;no
OK;yes;;p-8721-blue-steel-beveled-lucite;Blue Steel Beveled Lucite;ACTIVE;1;1;EP22PKG;EP22PKG;EP22PKG;EP22PKG=PRODUCT;EP22PKG;"EP22PKG: Blue Steel Background Beveled Lucite 12-Plt Plaque  with Easy Perpetual Plate Release Program and 12 Individual 4"" x 6"" Companion Plaques";;;;;;PS10112;no
OK;no;ids que no son un producto vivo · varias familias;p-8722-blue-steel-contoured-lucite;Blue Steel Contoured Lucite;ACTIVE;1;1;EP25PKG;EP25;EP25PKG EP25;EP25PKG=ORPHAN EP25=PRODUCT;EP25;EP25: Blue Steel Contoured Lucite 12-Plt Award on Base with Easy Perpetual Plate Release Program;;;;;canonical EP25PKG unusable, drive by EP25 · 1 dead id(s);PS10113;no
OK;no;ids que no son un producto vivo · varias familias;p-8736-crimson-border-beveled-lucite;Crimson Border Beveled Lucite;ACTIVE;1;1;EP23PKG;EP23;EP23PKG EP23;EP23PKG=ORPHAN EP23=PRODUCT;EP23;EP23: Crimson Border Beveled Lucite 12-Plt Plaque  with Easy Perpetual Plate Release Program;;;;;canonical EP23PKG unusable, drive by EP23 · 1 dead id(s);PS10294;no
OK;no;familia compartida con otro producto · variantes que lista otro producto · variantes que acabarían en otro producto;p-8750-deco-clear-glass-with-blue-glass-accents;Deco Clear Glass with Blue Glass Accents;ACTIVE;1;2;GI602BL;GI602BL;GI602BL;GI602BL=PRODUCT;GI602*;GI602BL: Deco Clear Glass with Colorful Glass Accents;;;;GI602BK;+1 id(s) appended by the union · union reaches ids another store product owns;PS10408;no
OK;yes;;p-8754-freestanding-lucite-block;Freestanding Lucite Block;ACTIVE;1;1;C0813C;C0813C;C0813C;C0813C=PRODUCT;C0813C;C0813C: Freestanding Lucite Block;;;;;;PS10558;no
OK;no;familia compartida con otro producto · variantes que lista otro producto · variantes que acabarían en otro producto;p-8773-journal-with-phone-pouch-small;Journal with Phone Pouch Small;ACTIVE;1;3;CM721BS;CM721BS;CM721BS;CM721BS=PRODUCT;CM721*;CM721BS: Journal with Phone Pouch;;;;CM721GR CM721RW;+2 id(s) appended by the union · union reaches ids another store product owns;PS10822;no
OK;no;familia compartida con otro producto · variantes que lista otro producto · variantes que acabarían en otro producto;p-8774-journal-with-phone-pouch-large;Journal with Phone Pouch Large;ACTIVE;1;3;CM721GR;CM721GR;CM721GR CM721RW;CM721GR=PRODUCT CM721RW=PRODUCT;CM721*;CM721GR: Journal with Phone Pouch | CM721RW: Journal with Phone Pouch;;;;CM721BS;+1 id(s) appended by the union · union reaches ids another store product owns;PS10823;no
OK;no;familia compartida con otro producto · variantes que lista otro producto · variantes que acabarían en otro producto;p-8781-leatherette-beverage-holder-large;Leatherette Beverage Holder Large;ACTIVE;1;13;CM289BL;CM289BL;CM289BL CM289BS CM289DB CM289GR CM289LB CM289PK CM289RS CM289RW CM289TL;CM289BL=PRODUCT CM289BS=PRODUCT CM289DB=PRODUCT CM289GR=PRODUCT CM289LB=PRODUCT CM289PK=PRODUCT CM289RS=PRODUCT CM289RW=PRODUCT CM289TL=PRODUCT;CM289*;CM289BL: Leatherette Beverage Holder | CM289BS: Leatherette Beverage Holder | CM289DB: Leatherette Beverage Holder | CM289GR: Leatherette Beverage Holder | CM289LB: Leatherette Beverage Holder | CM289PK: Leatherette Beverage Holder | CM289RS: Leatherette Beverage Holder | CM289RW: Leatherette Beverage Holder | CM289TL: Leatherette Beverage Holder;;;;CM289BB CM289BV CM289CK;+3 id(s) appended by the union · union reaches ids another store product owns;PS10853;no
OK;yes;;p-8782-leatherette-bottle-opener-keychain;Leatherette Bottle Opener Keychain;ACTIVE;1;8;CM330;CM330;CM330;CM330=PRODUCT;CM330;CM330: Leatherette Bottle Opener Keychain;;;;;;PS10854;no
OK;no;ids que no son un producto vivo · varias familias;p-8786-leatherette-certificate-holder;Leatherette Certificate Holder;ACTIVE;1;6;CM326BL;CM326BS;CM326BL CM326BS CM326DB CM326GR CM326LB CM326PK CM326RS CM326RW;CM326BL=ORPHAN CM326BS=PRODUCT CM326DB=PRODUCT CM326GR=PRODUCT CM326LB=ORPHAN CM326PK=ORPHAN CM326RS=PRODUCT CM326RW=PRODUCT;CM326;CM326BS: Leatherette Certificate Holder for 8-1/2 x 11  | CM326DB: Leatherette Certificate Holder for 8-1/2 x 11  | CM326GR: Leatherette Certificate Holder for 8-1/2 x 11  | CM326RS: Leatherette Certificate Holder for 8-1/2 x 11  | CM326RW: Leatherette Certificate Holder for 8-1/2 x 11 ;;;;;canonical CM326BL unusable, drive by CM326BS · 3 dead id(s);PS10864;no
OK;no;ids que no son un producto vivo · varias familias;p-8792-leatherette-flask-gift-set;Leatherette Flask Gift Set;ACTIVE;1;5;CM450BS;CM450BS;CM450BS CM450DB CM450GR CM450LB CM450PK CM450RW CM450TL;CM450BS=PRODUCT CM450DB=PRODUCT CM450GR=PRODUCT CM450LB=ORPHAN CM450PK=PRODUCT CM450RW=PRODUCT CM450TL=ORPHAN;CM450*;CM450BS: Leatherette Flask Gift Set | CM450DB: Leatherette Flask Gift Set | CM450GR: Leatherette Flask Gift Set | CM450PK: Leatherette Flask Gift Set | CM450RW: Leatherette Flask Gift Set;;;;;2 dead id(s);PS10874;no
OK;no;familia compartida con otro producto · variantes que lista otro producto · variantes que acabarían en otro producto;p-8793-leatherette-flask;Leatherette Flask;ACTIVE;1;12;CM286BL;CM286BL;CM286BL CM286BS CM286DB CM286GR CM286LB CM286PK CM286RS CM286RW CM286TL;CM286BL=PRODUCT CM286BS=PRODUCT CM286DB=PRODUCT CM286GR=PRODUCT CM286LB=PRODUCT CM286PK=PRODUCT CM286RS=PRODUCT CM286RW=PRODUCT CM286TL=PRODUCT;CM286*;CM286BL: Leatherette Flask | CM286BS: Leatherette Flask | CM286DB: Leatherette Flask | CM286GR: Leatherette Flask | CM286LB: Leatherette Flask | CM286PK: Leatherette Flask | CM286RS: Leatherette Flask | CM286RW: Leatherette Flask | CM286TL: Leatherette Flask;;;;CM286BB CM286BV CM286CK;+3 id(s) appended by the union · union reaches ids another store product owns;PS10878;no
OK;no;familia compartida con otro producto · variantes que lista otro producto · variantes que acabarían en otro producto;p-8795-leatherette-frame-holds-large;Leatherette Frame  Holds Large;ACTIVE;1;7;CM722ABB;CM722ABB;CM722ABB;CM722ABB=PRODUCT;CM722A;CM722ABB: Leatherette Frame  Holds 4 x 6, Bamboo;;;;CM722ABS CM722ABV CM722AGR CM722ALB CM722ARW CM722ATL;+6 id(s) appended by the union · union reaches ids another store product owns;PS10880;no
OK;no;familia compartida con otro producto · variantes que lista otro producto · variantes que acabarían en otro producto;p-8797-leatherette-journal;Leatherette Journal;ACTIVE;1;12;CM415BS;CM415BS;CM415BS CM415CK CM415DB CM415GR CM415LB CM415PK CM415RS CM415RW CM415TL;CM415BS=PRODUCT CM415CK=PRODUCT CM415DB=PRODUCT CM415GR=PRODUCT CM415LB=PRODUCT CM415PK=PRODUCT CM415RS=PRODUCT CM415RW=PRODUCT CM415TL=PRODUCT;CM415*;CM415BS: Leatherette Journal | CM415CK: Leatherette Journal | CM415DB: Leatherette Journal | CM415GR: Leatherette Journal | CM415LB: Leatherette Journal | CM415PK: Leatherette Journal | CM415RS: Leatherette Journal | CM415RW: Leatherette Journal | CM415TL: Leatherette Journal;;;;CM415BB CM415BV CM415WM;+3 id(s) appended by the union · union reaches ids another store product owns;PS10889;no
OK;yes;;p-8804-leatherette-mug-sleeve-large;Leatherette Mug Sleeve Large;ACTIVE;1;3;CM287DB;CM287DB;CM287DB CM287LB CM287RW;CM287DB=PRODUCT CM287LB=PRODUCT CM287RW=PRODUCT;CM287*;CM287DB: Leatherette Mug Sleeve | CM287LB: Leatherette Mug Sleeve | CM287RW: Leatherette Mug Sleeve;;;;;;PS10903;no
OK;no;ids que no son un producto vivo;p-8807-leatherette-on-steel-shot-glass;Leatherette on Steel Shot Glass;ACTIVE;1;11;CM373BS;CM373BS;CM373BS CM373BV CM373DB CM373GR CM373LB CM373PK CM373RV CM373RW CM373TL;CM373BS=PRODUCT CM373BV=PRODUCT CM373DB=PRODUCT CM373GR=PRODUCT CM373LB=PRODUCT CM373PK=PRODUCT CM373RV=PART CM373RW=PRODUCT CM373TL=PRODUCT;CM373*;CM373BS: Leatherette on Steel Shot Glass | CM373BV: Leatherette on Steel Shot Glass | CM373DB: Leatherette on Steel Shot Glass | CM373GR: Leatherette on Steel Shot Glass | CM373LB: Leatherette on Steel Shot Glass | CM373PK: Leatherette on Steel Shot Glass | CM373RW: Leatherette on Steel Shot Glass | CM373TL: Leatherette on Steel Shot Glass;CM373RV->CM373BB/CM373BS/CM373BV/CM373DB/CM373GR/CM373LB/CM373PK/CM373RW/CM373TL/CM373WM;simple;;CM373BB CM373WM;1 dead id(s) · lists part ids of another product · +2 id(s) appended by the union;PS10906;no
OK;no;familia compartida con otro producto · variantes que lista otro producto;p-8808-leatherette-pen-large;Leatherette Pen Large;ACTIVE;1;11;CM356BL;CM356BL;CM356BL CM356BS CM356DB CM356GR CM356LB CM356PK CM356RS CM356RW CM356TL;CM356BL=PRODUCT CM356BS=PRODUCT CM356DB=PRODUCT CM356GR=PRODUCT CM356LB=PRODUCT CM356PK=PRODUCT CM356RS=PRODUCT CM356RW=PRODUCT CM356TL=PRODUCT;CM356*;CM356BL: Leatherette Pen | CM356BS: Leatherette Pen | CM356DB: Leatherette Pen | CM356GR: Leatherette Pen | CM356LB: Leatherette Pen | CM356PK: Leatherette Pen | CM356RS: Leatherette Pen | CM356RW: Leatherette Pen | CM356TL: Leatherette Pen;;;;;;PS10914;no
OK;no;ids que no son un producto vivo · varias familias · familia compartida con otro producto · variantes que lista otro producto · variantes que acabarían en otro producto;p-8824-leatherette-wine-bag-small;Leatherette Wine Bag Small;ACTIVE;1;4;CM288DB;CM288DB;CM288DB CM288GR CM288LB CM288PK CM288RS CM288RW CM288TL;CM288DB=PRODUCT CM288GR=ORPHAN CM288LB=ORPHAN CM288PK=ORPHAN CM288RS=ORPHAN CM288RW=PRODUCT CM288TL=PRODUCT;CM288*;CM288DB: Leatherette Wine Bag | CM288RW: Leatherette Wine Bag | CM288TL: Leatherette Wine Bag;;;;CM288BS;4 dead id(s) · +1 id(s) appended by the union · union reaches ids another store product owns;PS10949;no
OK;no;familia compartida con otro producto · variantes que lista otro producto · variantes que acabarían en otro producto;p-8825-leatherette-wine-bag-large;Leatherette Wine Bag Large;ACTIVE;1;4;CM288BS;CM288BS;CM288BS;CM288BS=PRODUCT;CM288*;CM288BS: Leatherette Wine Bag;;;;CM288DB CM288RW CM288TL;+3 id(s) appended by the union · union reaches ids another store product owns;PS10950;no
OK;yes;;p-8837-optic-crystal-billboard;Optic Crystal Billboard;ACTIVE;1;1;GI491C;GI491C;GI491C;GI491C=PRODUCT;GI491;GI491C: Optic Crystal Billboard;;;;;;PS11031;no
OK;yes;;p-8863-rosewood-12-plate-perpetual-plaque;Rosewood 12 Plate Perpetual Plaque;ACTIVE;1;1;EP5;EP5;EP5;EP5=PRODUCT;EP5;EP5: Rosewood Piano Finish 12-Plt Pearl Border Plaque  with Easy Perpetual Plate Release Program;;;;;;PS11268;no
OK;yes;;p-8893-the-noir-glass-wave-on-black-glass-base;The Noir Glass Wave On Black Glass Base;ACTIVE;1;1;GI307;GI307;GI307;GI307=PRODUCT;GI307;GI307: The Noir Glass Wave on Black Glass Base;;;;;;PS11430;no
OK;no;familia compartida con otro producto · variantes que lista otro producto · variantes que acabarían en otro producto;p-8896-two-tone-clear-and-blue-crescent-curved-glass-includes-silver-color;Two-Tone Clear and Blue Crescent Curved Glass (Includes Silver Color;ACTIVE;1;2;GI586BL;GI586BL;GI586BL;GI586BL=PRODUCT;GI586*;GI586BL: Two-Tone Crescent Curved Glass  (Includes Silver Color-Fill on Black/Blue);;;;GI586BK;+1 id(s) appended by the union · union reaches ids another store product owns;PS11481;no
OK;yes;;p-8905-zipper-leatherette-portfolio;Zipper Leatherette Portfolio;ACTIVE;1;12;CM297BL;CM297BL;CM297BL CM297BS CM297CK CM297DB CM297GR CM297LB CM297PK CM297RS CM297RW CM297TL;CM297BL=PRODUCT CM297BS=PRODUCT CM297CK=PRODUCT CM297DB=PRODUCT CM297GR=PRODUCT CM297LB=PRODUCT CM297PK=PRODUCT CM297RS=PRODUCT CM297RW=PRODUCT CM297TL=PRODUCT;CM297*;CM297BL: Zipper Leatherette Portfolio | CM297BS: Zipper Leatherette Portfolio | CM297CK: Zipper Leatherette Portfolio | CM297DB: Zipper Leatherette Portfolio | CM297GR: Zipper Leatherette Portfolio | CM297LB: Zipper Leatherette Portfolio | CM297PK: Zipper Leatherette Portfolio | CM297RS: Zipper Leatherette Portfolio | CM297RW: Zipper Leatherette Portfolio | CM297TL: Zipper Leatherette Portfolio;;;;CM297BB CM297WM;+2 id(s) appended by the union;PS11592;no
UNSYNCABLE;no;ids que no son un producto vivo;p-5321-11-oz-black-mug;11 oz. Black Mug;ACTIVE;1;0;CM700-05;;CM700-05;CM700-05=ORPHAN;;;;;;;;PS6003;no
UNSYNCABLE;no;ids que no son un producto vivo;p-5322-11-oz-blue-mug;11 oz. Blue Mug;ACTIVE;1;0;CM700-14;;CM700-14;CM700-14=ORPHAN;;;;;;;;PS6004;no
UNSYNCABLE;no;ids que no son un producto vivo;p-5323-11-oz-green-mug;11 oz. Green Mug;ACTIVE;1;0;CM700-67;;CM700-67;CM700-67=ORPHAN;;;;;;;;PS6005;no
UNSYNCABLE;no;ids que no son un producto vivo;p-5324-11-oz-grey-mug;11 oz. Grey Mug;ACTIVE;1;0;CM700-08;;CM700-08;CM700-08=ORPHAN;;;;;;;;PS6006;no
UNSYNCABLE;no;ids que no son un producto vivo · varias familias;p-5325-11-oz-black-coffee-mug;11 oz. Black Coffee Mug;ACTIVE;1;0;CM701-02;;CM701-02 CM701-05 CM701-89;CM701-02=ORPHAN CM701-05=ORPHAN CM701-89=ORPHAN;;;;;;;;PS6007;no
UNSYNCABLE;no;ids que no son un producto vivo;p-5328-14-oz-ceramic-mug;14 oz. Ceramic Mug;ACTIVE;1;0;CM702-06;;CM702-06;CM702-06=ORPHAN;;;;;;;;PS6010;no
UNSYNCABLE;no;ids que no son un producto vivo;p-5343-3d-etched-crystal-cube;3D Etched Crystal Cube;ACTIVE;1;0;GNS137;;GNS137;GNS137=ORPHAN;;;;;;;;PS6025;no
UNSYNCABLE;no;ids que no son un producto vivo;p-5344-3d-etched-crystal-diamond-cube;3D Etched Crystal Diamond Cube;ACTIVE;1;0;GNS142;;GNS142;GNS142=ORPHAN;;;;;;;;PS6026;no
UNSYNCABLE;no;ids que no son un producto vivo;p-5359-add-on-compass-medallion;Add-on Compass Medallion;ACTIVE;1;0;CD999MC;;CD999MC;CD999MC=ORPHAN;;;;;;;;PS6041;no
UNSYNCABLE;no;ids que no son un producto vivo;p-5360-add-on-globe-medallion;Add-on Globe Medallion;ACTIVE;1;0;CD999MG;;CD999MG;CD999MG=ORPHAN;;;;;;;;PS6042;no
UNSYNCABLE;no;ids que no son un producto vivo;p-5361-add-on-logo-digi;Add-on Logo Digi;ACTIVE;1;0;CD999YD;;CD999YD;CD999YD=ORPHAN;;;;;;;;PS6043;no
UNSYNCABLE;no;ids que no son un producto vivo;p-5362-add-on-logo-lasered-disc;Add-on Logo Lasered Disc;ACTIVE;1;0;CD999YL;;CD999YL;CD999YL=ORPHAN;;;;;;;;PS6044;no
UNSYNCABLE;no;ids que no son un producto vivo;p-5363-add-on-star-medallion;Add-on Star Medallion;ACTIVE;1;0;CD999MS;;CD999MS;CD999MS=ORPHAN;;;;;;;;PS6045;no
UNSYNCABLE;no;ids que no son un producto vivo · varias familias;p-5364-alder-wood-and-silver-backer-digi;Alder Wood and Silver Backer Digi;ACTIVE;1;0;CD971AA;;CD971AA CD971BA;CD971AA=ORPHAN CD971BA=ORPHAN;;;;;;;;PS6046;no
UNSYNCABLE;no;ids que no son un producto vivo · varias familias;p-5372-amphitheatre-tower-award;Amphitheatre Tower Award;ACTIVE;1;0;CD935A;;CD935A CD935B;CD935A=ORPHAN CD935B=ORPHAN;;;;;;;;PS6054;no
UNSYNCABLE;no;ids que no son un producto vivo · varias familias;p-5381-aqua-wave-circle-award-on-ebony-lucite-oval-base;Aqua Wave Circle Award on Ebony Lucite Oval Base;ACTIVE;1;0;CD938A;;CD938A CD938B;CD938A=ORPHAN CD938B=ORPHAN;;;;;;;;PS6063;no
UNSYNCABLE;no;ids que no son un producto vivo;p-5391-art-glass-vases-brilliant-red-centerpiece;Art Glass Vases Brilliant Red Centerpiece;ACTIVE;1;0;GI569;;GI569;GI569=ORPHAN;;;;;;;;PS6073;no
UNSYNCABLE;no;ids que no son un producto vivo;p-5392-art-glass-vases-distinctive-glass-glazed;Art Glass Vases Distinctive Glass Glazed;ACTIVE;1;0;GI568;;GI568;GI568=ORPHAN;;;;;;;;PS6074;no
UNSYNCABLE;no;ids que no son un producto vivo;p-5405-beechwood-keychain;Beechwood Keychain;ACTIVE;1;0;CM453;;CM453;CM453=ORPHAN;;;;;;;;PS6087;no
UNSYNCABLE;no;ids que no son un producto vivo;p-5474-blue-arched-brilliance-award;Blue Arched Brilliance Award;ACTIVE;1;0;CD635B;;CD635B;CD635B=ORPHAN;;;;;;;;PS6156;no
UNSYNCABLE;no;ids que no son un producto vivo;p-5476-blue-barrel-plaque-w-marble-mist-small;Blue Barrel Plaque w/ Marble Mist Small;ACTIVE;1;0;C031BB;;C031BB;C031BB=ORPHAN;;;;;;;;PS6158;no
UNSYNCABLE;no;ids que no son un producto vivo;p-5477-blue-barrel-plaque-w-marble-mist-large;Blue Barrel Plaque w/ Marble Mist Large;ACTIVE;1;0;C031AB;;C031AB;C031AB=ORPHAN;;;;;;;;PS6159;no
UNSYNCABLE;no;ids que no son un producto vivo;p-5497-blue-gentle-waves-on-ebony-wood-base-large;Blue Gentle Waves On Ebony Wood Base Large;ACTIVE;1;0;CD322AB;;CD322AB;CD322AB=ORPHAN;;;;;;;;PS6179;no
UNSYNCABLE;no;ids que no son un producto vivo · familia compartida con otro producto;p-5506-blue-marble-noble-plaque;Blue Marble Noble Plaque;ACTIVE;1;0;CD414;;CD414;CD414=FAMILY_PART;;;;;;;;PS6188;no
UNSYNCABLE;no;ids que no son un producto vivo · varias familias;p-5512-blue-rectangle-vapor-mist-award;Blue Rectangle Vapor Mist Award;ACTIVE;1;0;CD310AB;;CD310AB CD310BB;CD310AB=ORPHAN CD310BB=ORPHAN;;;;;;;;PS6194;no
UNSYNCABLE;no;ids que no son un producto vivo;p-5513-blue-sail-award-with-clear-panel-on-mirror-and-black-base;Blue Sail Award with Clear Panel on Mirror and Black Base;ACTIVE;1;0;GI656;;GI656;GI656=ORPHAN;;;;;;;;PS6195;no
UNSYNCABLE;no;ids que no son un producto vivo · varias familias;p-5588-clear-cascade-collection-lucite-award;Clear Cascade Collection Lucite Award;ACTIVE;1;0;C3450AC;;C3450AC C3450BC;C3450AC=ORPHAN C3450BC=ORPHAN;;;;;;;;PS6270;no
UNSYNCABLE;no;ids que no son un producto vivo;p-5596-clear-diamond-desk-award;Clear Diamond Desk Award;ACTIVE;1;0;C401;;C401;C401=ORPHAN;;;;;;;;PS6278;no
UNSYNCABLE;no;ids que no son un producto vivo;p-5597-clear-glass-bonbon-bowl-with-lid;Clear Glass BonBon Bowl with Lid;ACTIVE;1;0;GI653;;GI653;GI653=ORPHAN;;;;;;;;PS6279;no
UNSYNCABLE;no;ids que no son un producto vivo · varias familias;p-5607-clear-millennium-lucite-tower;Clear Millennium Lucite Tower;ACTIVE;1;0;C3150A;;C3150A C3150B;C3150A=ORPHAN C3150B=ORPHAN;;;;;;;;PS6289;no
UNSYNCABLE;no;ids que no son un producto vivo · familia compartida con otro producto;p-5621-cork-luggage-tag;Cork Luggage Tag;ACTIVE;1;0;CM295CK;;CM295CK;CM295CK=FAMILY_PART;;;;;;;;PS6303;no
UNSYNCABLE;no;ids que no son un producto vivo;p-5628-cork-wine-box;Cork Wine Box;ACTIVE;1;0;CM425CK;;CM425CK;CM425CK=ORPHAN;;;;;;;;PS6310;no
UNSYNCABLE;no;ids que no son un producto vivo;p-5637-crystal-card-paperweight-w-digi;Crystal Card Paperweight w/ Digi;ACTIVE;1;0;DCGM448;;DCGM448;DCGM448=ORPHAN;;;;;;;;PS6319;no
UNSYNCABLE;no;ids que no son un producto vivo;p-5640-crystal-clear-bowl;Crystal Clear Bowl;ACTIVE;1;0;GI633;;GI633;GI633=ORPHAN;;;;;;;;PS6322;no
UNSYNCABLE;no;ids que no son un producto vivo;p-5646-crystal-iceberg-award-large;Crystal Iceberg Award Large;ACTIVE;1;0;GI639B;;GI639B;GI639B=ORPHAN;;;;;;;;PS6328;no
UNSYNCABLE;no;ids que no son un producto vivo;p-5647-crystal-iceberg-award-small;Crystal Iceberg Award Small;ACTIVE;1;0;GI639A;;GI639A;GI639A=ORPHAN;;;;;;;;PS6329;no
UNSYNCABLE;no;ids que no son un producto vivo;p-5662-crystal-tablets-with-digi-awards;Crystal Tablets with Digi Awards;ACTIVE;1;0;DCGI540C;;DCGI540C;DCGI540C=ORPHAN;;;;;;;;PS6344;no
UNSYNCABLE;no;ids que no son un producto vivo;p-5663-crystal-tablets-with-digi-color-award;Crystal Tablets with Digi Color Award;ACTIVE;1;0;DCGI540B;;DCGI540B;DCGI540B=ORPHAN;;;;;;;;PS6345;no
UNSYNCABLE;no;ids que no son un producto vivo;p-5664-crystal-tablets-with-digi-medium;Crystal Tablets With Digi Medium;ACTIVE;1;0;DCGI540A;;DCGI540A;DCGI540A=ORPHAN;;;;;;;;PS6346;no
UNSYNCABLE;no;ids que no son un producto vivo;p-5675-crystal-with-sub;Crystal with Sub;ACTIVE;1;0;GI655;;GI655;GI655=ORPHAN;;;;;;;;PS6357;no
UNSYNCABLE;no;ids que no son un producto vivo;p-5686-diamond-carved-clear-desk-award;Diamond Carved Clear Desk Award;ACTIVE;1;0;C512;;C512;C512=ORPHAN;;;;;;;;PS6368;no
UNSYNCABLE;no;ids que no son un producto vivo · varias familias;p-5691-diamond-carved-square-lucite-award-on-marble;Diamond Carved Square Lucite Award On Marble;ACTIVE;1;0;C2760A;;C2760A C2760B;C2760A=ORPHAN C2760B=ORPHAN;;;;;;;;PS6373;no
UNSYNCABLE;no;ids que no son un producto vivo;p-5692-diamond-carved-wave-lucite-award-on-marble;Diamond Carved Wave Lucite Award on Marble;ACTIVE;1;0;C2761B;;C2761B;C2761B=ORPHAN;;;;;;;;PS6374;no
UNSYNCABLE;no;ids que no son un producto vivo;p-5693-diamond-carved-wave-lucite-award-trophy;Diamond Carved Wave Lucite Award Trophy;ACTIVE;1;0;C2761A;;C2761A;C2761A=ORPHAN;;;;;;;;PS6375;no
UNSYNCABLE;no;ids que no son un producto vivo;p-5697-digi-color-on-lucite-genuine-walnut-wood-riser-plaque;Digi-color On Lucite Genuine Walnut Wood Riser Plaque;ACTIVE;1;0;CD488;;CD488;CD488=ORPHAN;;;;;;;;PS6379;no
UNSYNCABLE;no;ids que no son un producto vivo · varias familias;p-5700-full-color-free-standing-lucite-block;Full Color Free Standing Lucite Block;ACTIVE;1;0;DCC0812A;;DCC0812A DCC0813A DCC0812B DCC0813B DCC0812C DCC0813C;DCC0812A=ORPHAN DCC0813A=ORPHAN DCC0812B=ORPHAN DCC0813B=ORPHAN DCC0812C=ORPHAN DCC0813C=ORPHAN;;;;;;;;PS6382;no
UNSYNCABLE;no;ids que no son un producto vivo;p-5703-double-tower-on-marble-award;Double Tower on Marble Award;ACTIVE;1;0;C3050;;C3050;C3050=ORPHAN;;;;;;;;PS6385;no
UNSYNCABLE;no;ids que no son un producto vivo;p-5718-elegant-clear-vase;Elegant Clear Vase;ACTIVE;1;0;GI634;;GI634;GI634=ORPHAN;;;;;;;;PS6400;no
UNSYNCABLE;no;ids que no son un producto vivo;p-5866-genuine-walnut-barrel-plaque;Genuine Walnut Barrel Plaque;ACTIVE;1;0;C031BG;;C031BG;C031BG=ORPHAN;;;;;;;;PS6548;no
UNSYNCABLE;no;ids que no son un producto vivo;p-5867-genuine-walnut-barrel-large;Genuine Walnut Barrel Large;ACTIVE;1;0;C031AG;;C031AG;C031AG=ORPHAN;;;;;;;;PS6549;no
UNSYNCABLE;no;ids que no son un producto vivo;p-5868-genuine-walnut-certificateoverlay-plaque;Genuine Walnut Certificate/Overlay Plaque;ACTIVE;1;0;C3501CW;;C3501CW;C3501CW=ORPHAN;;;;;;;;PS6550;no
UNSYNCABLE;no;ids que no son un producto vivo · varias familias;p-5885-gold-gemstone-brilliance-lucite-peak-award;Gold Gemstone Brilliance Lucite Peak Award;ACTIVE;1;0;CD603AGO;;CD603AGO CD603BGO CD603CGO;CD603AGO=ORPHAN CD603BGO=ORPHAN CD603CGO=ORPHAN;;;;;;;;PS6567;no
UNSYNCABLE;no;ids que no son un producto vivo · varias familias;p-5895-gold-optic-crystal-gemstone-award;Gold Optic Crystal Gemstone Award;ACTIVE;1;0;GI513AGO;;GI513AGO GI513BGO GI513CGO;GI513AGO=ORPHAN GI513BGO=ORPHAN GI513CGO=ORPHAN;;;;;;;;PS6577;no
UNSYNCABLE;no;ids que no son un producto vivo;p-5902-gold-tone-star-paperweight;Gold Tone Star Paperweight;ACTIVE;1;0;C0557;;C0557;C0557=ORPHAN;;;;;;;;PS6584;no
UNSYNCABLE;no;ids que no son un producto vivo · varias familias;p-5903-gold-vibrant-gemstone-award;Gold Vibrant Gemstone Award;ACTIVE;1;0;GI512AGO;;GI512AGO GI512BGO;GI512AGO=ORPHAN GI512BGO=ORPHAN;;;;;;;;PS6585;no
UNSYNCABLE;no;ids que no son un producto vivo;p-5905-gray-art-glass-vase;Gray Art Glass Vase;ACTIVE;1;0;GI585;;GI585;GI585=ORPHAN;;;;;;;;PS6587;no
UNSYNCABLE;no;ids que no son un producto vivo · varias familias;p-5937-jade-glass-circle-award;Jade Glass Circle Award;ACTIVE;1;0;DCGI496A;;DCGI496A DCGI496B;DCGI496A=ORPHAN DCGI496B=ORPHAN;;;;;;;;PS6619;no
UNSYNCABLE;no;ids que no son un producto vivo;p-5941-jade-glass-oblong-octagon-award-trophy;Jade Glass Oblong Octagon Award Trophy;ACTIVE;1;0;DCGI36;;DCGI36;DCGI36=ORPHAN;;;;;;;;PS6623;no
UNSYNCABLE;no;ids que no son un producto vivo;p-5942-jade-glass-octagon-on-base-w-digi;Jade Glass Octagon On Base w/ Digi;ACTIVE;1;0;DCGI35;;DCGI35;DCGI35=ORPHAN;;;;;;;;PS6624;no
UNSYNCABLE;no;ids que no son un producto vivo · varias familias;p-5945-jade-glass-slant-peak-award-trophy;Jade Glass Slant Peak Award Trophy;ACTIVE;1;0;DCGI527A;;DCGI527A DCGI527B DCGI527C;DCGI527A=ORPHAN DCGI527B=ORPHAN DCGI527C=ORPHAN;;;;;;;;PS6627;no
UNSYNCABLE;no;ids que no son un producto vivo · varias familias;p-5948-jade-glass-tablet-award-plaque;Jade Glass Tablet Award Plaque;ACTIVE;1;0;DCGM446A;;DCGM446A DCGM446B DCGM446C;DCGM446A=ORPHAN DCGM446B=ORPHAN DCGM446C=ORPHAN;;;;;;;;PS6630;no
UNSYNCABLE;no;ids que no son un producto vivo · varias familias;p-5964-lasered-lucite-on-bamboo-plaque;Lasered Lucite on Bamboo Plaque;ACTIVE;1;0;CD665A;;CD665A CD665B;CD665A=ORPHAN CD665B=ORPHAN;;;;;;;;PS6646;no
UNSYNCABLE;no;ids que no son un producto vivo;p-6038-leatherette-rectangle-bottle-opener-keychain;Leatherette Rectangle Bottle Opener Keychain;ACTIVE;1;0;CM331;;CM331;CM331=ORPHAN;;;;;;;;PS6720;no
UNSYNCABLE;no;ids que no son un producto vivo · varias familias;p-6068-lucite-magnetic-entrapment-with-steel-back;Lucite Magnetic Entrapment with Steel Back;ACTIVE;1;0;CD883A;;CD883A CD883B;CD883A=ORPHAN CD883B=ORPHAN;;;;;;;;PS6750;no
UNSYNCABLE;no;ids que no son un producto vivo;p-6070-lucite-plaque-w-hangereasel;Lucite Plaque w/ Hanger/Easel;ACTIVE;1;0;CD420;;CD420;CD420=ORPHAN;;;;;;;;PS6752;no
UNSYNCABLE;no;ids que no son un producto vivo · varias familias;p-6075-mahogany-wood-and-silver-backer-digi;Mahogany Wood and Silver Backer Digi;ACTIVE;1;0;CD971AM;;CD971AM CD971BM;CD971AM=ORPHAN CD971BM=ORPHAN;;;;;;;;PS6757;no
UNSYNCABLE;no;ids que no son un producto vivo;p-6193-red-arched-brilliance-award;Red Arched Brilliance Award;ACTIVE;1;0;CD635R;;CD635R;CD635R=ORPHAN;;;;;;;;PS6875;no
UNSYNCABLE;no;ids que no son un producto vivo;p-6194-red-barrel-plaque-w-marble-mist-small;Red Barrel Plaque w/ Marble Mist Small;ACTIVE;1;0;C031BR;;C031BR;C031BR=ORPHAN;;;;;;;;PS6876;no
UNSYNCABLE;no;ids que no son un producto vivo;p-6195-red-barrel-plaque-with-marble-mist-plate;Red Barrel Plaque with Marble Mist Plate;ACTIVE;1;0;C031AR;;C031AR;C031AR=ORPHAN;;;;;;;;PS6877;no
UNSYNCABLE;no;ids que no son un producto vivo · varias familias;p-6207-red-rectangle-vapor-mist-award;Red Rectangle Vapor Mist Award;ACTIVE;1;0;CD310AR;;CD310AR CD310BR;CD310AR=ORPHAN CD310BR=ORPHAN;;;;;;;;PS6889;no
UNSYNCABLE;no;ids que no son un producto vivo;p-6225-rosewood-piano-finish-star-paperweight;Rosewood Piano Finish Star Paperweight;ACTIVE;1;0;C0627;;C0627;C0627=ORPHAN;;;;;;;;PS6907;no
UNSYNCABLE;no;ids que no son un producto vivo;p-6231-round-bamboo-wine-gift-set;Round Bamboo Wine Gift Set;ACTIVE;1;0;CM423;;CM423;CM423=ORPHAN;;;;;;;;PS6913;no
UNSYNCABLE;no;ids que no son un producto vivo · varias familias;p-6236-sapphire-blue-accent-diamond-on-marble-award;Sapphire Blue Accent Diamond On Marble Award;ACTIVE;1;0;CD763A;;CD763A CD763B;CD763A=ORPHAN CD763B=ORPHAN;;;;;;;;PS6918;no
UNSYNCABLE;no;ids que no son un producto vivo;p-6237-sheared-lucite-cylinder-award-trophy;Sheared Lucite Cylinder Award Trophy;ACTIVE;1;0;C2613;;C2613;C2613=ORPHAN;;;;;;;;PS6919;no
UNSYNCABLE;no;ids que no son un producto vivo;p-6261-slant-front-crystal-award-with-compass-medallion;Slant-Front Crystal Award with Compass Medallion;ACTIVE;1;0;GI582MC;;GI582MC;GI582MC=ORPHAN;;;;;;;;PS6943;no
UNSYNCABLE;no;ids que no son un producto vivo;p-6262-slant-front-crystal-with-logo-medallion;Slant-Front Crystal with Logo Medallion;ACTIVE;1;0;GI582YD;;GI582YD;GI582YD=ORPHAN;;;;;;;;PS6944;no
UNSYNCABLE;no;ids que no son un producto vivo;p-6263-slant-front-crystal-award-with-globe-medallion;Slant-Front Crystal Award with Globe Medallion;ACTIVE;1;0;GI582MG;;GI582MG;GI582MG=ORPHAN;;;;;;;;PS6945;no
UNSYNCABLE;no;ids que no son un producto vivo;p-6264-slant-front-crystal-with-lasered-black-disc-logo-medallion;Slant-Front Crystal with Lasered Black Disc Logo Medallion;ACTIVE;1;0;GI582YL;;GI582YL;GI582YL=ORPHAN;;;;;;;;PS6946;no
UNSYNCABLE;no;ids que no son un producto vivo;p-6265-slant-front-crystal-award-with-star-medallion;Slant-Front Crystal Award with Star Medallion;ACTIVE;1;0;GI582MS;;GI582MS;GI582MS=ORPHAN;;;;;;;;PS6947;no
UNSYNCABLE;no;ids que no son un producto vivo · varias familias;p-6281-spotlight-lucite-aluminum-lucite-base;Spotlight Lucite & Aluminum Lucite Base;ACTIVE;1;0;C4952;;C4952 C4953;C4952=ORPHAN C4953=ORPHAN;;;;;;;;PS6963;no
UNSYNCABLE;no;ids que no son un producto vivo;p-6284-star-gold-trophy-on-rosewood-piano;Star Gold Trophy On Rosewood Piano;ACTIVE;1;0;C0632;;C0632;C0632=ORPHAN;;;;;;;;PS6966;no
UNSYNCABLE;no;ids que no son un producto vivo · varias familias;p-6285-star-stream-silver-lucite-on-base;Star Stream Silver Lucite On Base;ACTIVE;1;0;CD859A;;CD859A CD859B CD859C;CD859A=ORPHAN CD859B=ORPHAN CD859C=ORPHAN;;;;;;;;PS6967;no
UNSYNCABLE;no;ids que no son un producto vivo;p-6287-stars-silver-trophy-on-rosewood-piano;Stars Silver Trophy On Rosewood Piano;ACTIVE;1;0;C0633;;C0633;C0633=ORPHAN;;;;;;;;PS6969;no
UNSYNCABLE;no;ids que no son un producto vivo · varias familias;p-6334-walnut-plaque-with-gold-swirl-plate;Walnut Plaque with Gold Swirl Plate;ACTIVE;1;0;CD662A;;CD662A CD662B;CD662A=ORPHAN CD662B=ORPHAN;;;;;;;;PS7016;no
UNSYNCABLE;no;ids que no son un producto vivo;p-6339-white-fluted-vase;White Fluted Vase;ACTIVE;1;0;GI636W;;GI636W;GI636W=ORPHAN;;;;;;;;PS7021;no
UNSYNCABLE;no;ids que no son un producto vivo;p-6347-state-shaped-frosted-acrylic-cutout-on-black-plaque;State Shaped Frosted Acrylic Cutout on Black Plaque;ACTIVE;1;0;CD953;;CD953;CD953=ORPHAN;;;;;;;;PS8000;no
UNSYNCABLE;no;ids que no son un producto vivo · familia compartida con otro producto;p-7116-frosted-lucite-usa-cutout-on-risers-award;Frosted Lucite USA Cutout on Risers Award;ACTIVE;1;0;CD900USA;;CD900USA;CD900USA=NO_PRODUCT_DATA;;;;;;;;PS8004;no
UNSYNCABLE;no;ids que no son un producto vivo · varias familias;p-7794-1-year-anniversary-service-award-freestanding;1 Year Anniversary Service Award Freestanding;ACTIVE;1;0;CD929AY1G;;CD929AY1G CD929AY1S;CD929AY1G=ORPHAN CD929AY1S=ORPHAN;;;;;;;;PS8013;no
UNSYNCABLE;no;ids que no son un producto vivo · varias familias;p-7795-10-year-anniversary-freestanding-service-award;10 Year Anniversary Freestanding Service Award;ACTIVE;1;0;CD929BY10G;;CD929BY10G CD929BY10S;CD929BY10G=ORPHAN CD929BY10S=ORPHAN;;;;;;;;PS8014;no
UNSYNCABLE;no;ids que no son un producto vivo · varias familias;p-7796-10-year-anniversary-freestanding-trophy;10-Year Anniversary Freestanding Trophy;ACTIVE;1;0;CD1235BY10;;CD1235BY10 CD1236BY10B CD1236BY10G CD1236BY10R;CD1235BY10=ORPHAN CD1236BY10B=ORPHAN CD1236BY10G=ORPHAN CD1236BY10R=ORPHAN;;;;;;;;PS8015;no
UNSYNCABLE;no;ids que no son un producto vivo · varias familias;p-7800-15-year-anniversary-freestanding-award;15 Year Anniversary Freestanding Award;ACTIVE;1;0;CD929BY15G;;CD929BY15G CD929BY15S;CD929BY15G=ORPHAN CD929BY15S=ORPHAN;;;;;;;;PS8027;no
UNSYNCABLE;no;ids que no son un producto vivo · varias familias;p-7801-15-year-anniversary-freestanding-trophy;15-Year Anniversary Freestanding Trophy;ACTIVE;1;0;CD1235BY15;;CD1235BY15 CD1236BY15B CD1236BY15G CD1236BY15R;CD1235BY15=ORPHAN CD1236BY15B=ORPHAN CD1236BY15G=ORPHAN CD1236BY15R=ORPHAN;;;;;;;;PS8028;no
UNSYNCABLE;no;ids que no son un producto vivo · varias familias;p-7803-1-year-anniversary-freestanding-trophy;1-Year Anniversary Freestanding Trophy;ACTIVE;1;0;CD1235AY1;;CD1235AY1 CD1236AY1B CD1236AY1G CD1236AY1R;CD1235AY1=ORPHAN CD1236AY1B=ORPHAN CD1236AY1G=ORPHAN CD1236AY1R=ORPHAN;;;;;;;;PS8030;no
UNSYNCABLE;no;ids que no son un producto vivo · varias familias;p-7804-2-year-anniversary-freestanding;2 Year Anniversary Freestanding;ACTIVE;1;0;CD929AY2G;;CD929AY2G CD929AY2S;CD929AY2G=ORPHAN CD929AY2S=ORPHAN;;;;;;;;PS8031;no
UNSYNCABLE;no;ids que no son un producto vivo · varias familias;p-7806-20-year-anniversary-freestanding-award;20 Year Anniversary Freestanding Award;ACTIVE;1;0;CD929BY20G;;CD929BY20G CD929BY20S;CD929BY20G=ORPHAN CD929BY20S=ORPHAN;;;;;;;;PS8033;no
UNSYNCABLE;no;ids que no son un producto vivo · varias familias;p-7807-20-year-anniversary-freestanding-award-trophy;20-Year Anniversary Freestanding Award Trophy;ACTIVE;1;0;CD1235BY20;;CD1235BY20 CD1236BY20B CD1236BY20G CD1236BY20R;CD1235BY20=ORPHAN CD1236BY20B=ORPHAN CD1236BY20G=ORPHAN CD1236BY20R=ORPHAN;;;;;;;;PS8034;no
UNSYNCABLE;no;ids que no son un producto vivo · varias familias;p-7808-25-year-anniversary-freestanding-award;25 Year Anniversary Freestanding Award;ACTIVE;1;0;CD929BY25G;;CD929BY25G CD929BY25S;CD929BY25G=ORPHAN CD929BY25S=ORPHAN;;;;;;;;PS8035;no
UNSYNCABLE;no;ids que no son un producto vivo · varias familias;p-7809-25-year-anniversary-freestanding-trophy;25-Year Anniversary Freestanding Trophy;ACTIVE;1;0;CD1235BY25;;CD1235BY25 CD1236BY25B CD1236BY25G CD1236BY25R;CD1235BY25=ORPHAN CD1236BY25B=ORPHAN CD1236BY25G=ORPHAN CD1236BY25R=ORPHAN;;;;;;;;PS8036;no
UNSYNCABLE;no;ids que no son un producto vivo · varias familias;p-7810-2-year-anniversary-freestanding-trophy;2-Year Anniversary Freestanding Trophy;ACTIVE;1;0;CD1235AY2;;CD1235AY2 CD1236AY2B CD1236AY2G CD1236AY2R;CD1235AY2=ORPHAN CD1236AY2B=ORPHAN CD1236AY2G=ORPHAN CD1236AY2R=ORPHAN;;;;;;;;PS8041;no
UNSYNCABLE;no;ids que no son un producto vivo · varias familias;p-7811-3-year-anniversary-freestanding-award;3 Year Anniversary Freestanding Award;ACTIVE;1;0;CD929AY3G;;CD929AY3G CD929AY3S;CD929AY3G=ORPHAN CD929AY3S=ORPHAN;;;;;;;;PS8044;no
UNSYNCABLE;no;ids que no son un producto vivo · varias familias;p-7814-30-year-anniversary-freestanding-award;30 Year Anniversary Freestanding Award;ACTIVE;1;0;CD929BY30G;;CD929BY30G CD929BY30S;CD929BY30G=ORPHAN CD929BY30S=ORPHAN;;;;;;;;PS8051;no
UNSYNCABLE;no;ids que no son un producto vivo · varias familias;p-7815-30-year-anniversary-freestanding-trophy;30-Year Anniversary Freestanding Trophy;ACTIVE;1;0;CD1235BY30;;CD1235BY30 CD1236BY30B CD1236BY30G CD1236BY30R;CD1235BY30=ORPHAN CD1236BY30B=ORPHAN CD1236BY30G=ORPHAN CD1236BY30R=ORPHAN;;;;;;;;PS8052;no
UNSYNCABLE;no;ids que no son un producto vivo · varias familias;p-7816-35-year-anniversary-freestanding-award;35 Year Anniversary Freestanding Award;ACTIVE;1;0;CD929BY35G;;CD929BY35G CD929BY35S;CD929BY35G=ORPHAN CD929BY35S=ORPHAN;;;;;;;;PS8053;no
UNSYNCABLE;no;ids que no son un producto vivo · varias familias;p-7817-35-year-anniversary-freestanding-trophy;35-Year Anniversary Freestanding Trophy;ACTIVE;1;0;CD1235BY35;;CD1235BY35 CD1236BY35B CD1236BY35G CD1236BY35R;CD1235BY35=ORPHAN CD1236BY35B=ORPHAN CD1236BY35G=ORPHAN CD1236BY35R=ORPHAN;;;;;;;;PS8054;no
UNSYNCABLE;no;ids que no son un producto vivo · varias familias;p-7818-3-year-anniversary-freestanding-trophy;3-Year Anniversary Freestanding Trophy;ACTIVE;1;0;CD1235AY3;;CD1235AY3 CD1236AY3B CD1236AY3G CD1236AY3R;CD1235AY3=ORPHAN CD1236AY3B=ORPHAN CD1236AY3G=ORPHAN CD1236AY3R=ORPHAN;;;;;;;;PS8057;no
UNSYNCABLE;no;ids que no son un producto vivo · varias familias;p-7819-4-year-anniversary-freestanding;4 Year Anniversary Freestanding;ACTIVE;1;0;CD929AY4G;;CD929AY4G CD929AY4S;CD929AY4G=ORPHAN CD929AY4S=ORPHAN;;;;;;;;PS8058;no
UNSYNCABLE;no;ids que no son un producto vivo · varias familias;p-7820-40-year-anniversary-freestanding-award;40 Year Anniversary Freestanding Award;ACTIVE;1;0;CD929BY40G;;CD929BY40G CD929BY40S;CD929BY40G=ORPHAN CD929BY40S=ORPHAN;;;;;;;;PS8059;no
UNSYNCABLE;no;ids que no son un producto vivo · varias familias;p-7821-40-year-anniversary-freestanding-trophy;40-Year Anniversary Freestanding Trophy;ACTIVE;1;0;CD1235BY40;;CD1235BY40 CD1236BY40B CD1236BY40G CD1236BY40R;CD1235BY40=ORPHAN CD1236BY40B=ORPHAN CD1236BY40G=ORPHAN CD1236BY40R=ORPHAN;;;;;;;;PS8060;no
UNSYNCABLE;no;ids que no son un producto vivo · varias familias;p-7822-45-year-anniversary-freestanding-award;45 Year Anniversary Freestanding Award;ACTIVE;1;0;CD929BY45G;;CD929BY45G CD929BY45S;CD929BY45G=ORPHAN CD929BY45S=ORPHAN;;;;;;;;PS8061;no
UNSYNCABLE;no;ids que no son un producto vivo · varias familias;p-7823-45-year-anniversary-freestanding-trophy;45-Year Anniversary Freestanding Trophy;ACTIVE;1;0;CD1235BY45;;CD1235BY45 CD1236BY45B CD1236BY45G CD1236BY45R;CD1235BY45=ORPHAN CD1236BY45B=ORPHAN CD1236BY45G=ORPHAN CD1236BY45R=ORPHAN;;;;;;;;PS8062;no
UNSYNCABLE;no;ids que no son un producto vivo · varias familias;p-7824-4-year-anniversary-freestanding-trophy;4-Year Anniversary Freestanding Trophy;ACTIVE;1;0;CD1235AY4;;CD1235AY4 CD1236AY4B CD1236AY4G CD1236AY4R;CD1235AY4=ORPHAN CD1236AY4B=ORPHAN CD1236AY4G=ORPHAN CD1236AY4R=ORPHAN;;;;;;;;PS8063;no
UNSYNCABLE;no;ids que no son un producto vivo · varias familias;p-7825-5-year-anniversary-freestanding-award;5 Year Anniversary Freestanding Award;ACTIVE;1;0;CD929AY5G;;CD929AY5G CD929AY5S;CD929AY5G=ORPHAN CD929AY5S=ORPHAN;;;;;;;;PS8064;no
UNSYNCABLE;no;ids que no son un producto vivo · varias familias;p-7826-50-year-anniversary-freestanding-award;50 Year Anniversary Freestanding Award;ACTIVE;1;0;CD929BY50G;;CD929BY50G CD929BY50S;CD929BY50G=ORPHAN CD929BY50S=ORPHAN;;;;;;;;PS8065;no
UNSYNCABLE;no;ids que no son un producto vivo · varias familias;p-7827-50-year-anniversary-freestanding-trophy;50-Year Anniversary Freestanding Trophy;ACTIVE;1;0;CD1235BY50;;CD1235BY50 CD1236BY50B CD1236BY50G CD1236BY50R;CD1235BY50=ORPHAN CD1236BY50B=ORPHAN CD1236BY50G=ORPHAN CD1236BY50R=ORPHAN;;;;;;;;PS8066;no
UNSYNCABLE;no;ids que no son un producto vivo · varias familias;p-7828-5-year-anniversary-freestanding-award;5-Year Anniversary Freestanding Award;ACTIVE;1;0;CD1235AY5;;CD1235AY5 CD1236AY5B CD1236AY5G CD1236AY5R;CD1235AY5=ORPHAN CD1236AY5B=ORPHAN CD1236AY5G=ORPHAN CD1236AY5R=ORPHAN;;;;;;;;PS8067;no
UNSYNCABLE;no;ids que no son un producto vivo;p-7829-a-frame-acrylic-phone-holder-calendar;A Frame Acrylic Phone Holder Calendar;ACTIVE;1;0;PH15;;PH15;PH15=ORPHAN;;;;;;;;PS8075;no
UNSYNCABLE;no;ids que no son un producto vivo;p-7832-acrylic-chandelier-magnetic-stackable-bar;Acrylic Chandelier Magnetic Stackable Bar;ACTIVE;1;0;CD1210;;CD1210;CD1210=ORPHAN;;;;;;;;PS8078;no
UNSYNCABLE;no;ids que no son un producto vivo · varias familias;p-7833-a-frame-phone-holder;A-Frame Phone Holder;ACTIVE;1;0;PH01;;PH01 PH03A PH03B;PH01=ORPHAN PH03A=ORPHAN PH03B=ORPHAN;;;;;;;;PS8084;no
UNSYNCABLE;no;ids que no son un producto vivo · varias familias;p-7834-alder-and-acrylic-sculpted-shape-award;Alder and Acrylic Sculpted Shape Award;ACTIVE;1;0;CD1232;;CD1232 CD1234 CD1233 CD1231;CD1232=NO_PRICE CD1234=NO_PRICE CD1233=NO_PRICE CD1231=NO_PRICE;;;;;;;;PS8085;no
UNSYNCABLE;no;ids que no son un producto vivo;p-7846-aqua-ceramic-mug;Aqua Ceramic Mug;ACTIVE;1;0;CM708-755;;CM708-755;CM708-755=ORPHAN;;;;;;;;PS8121;no
UNSYNCABLE;no;ids que no son un producto vivo;p-7847-arch-acrylic-chandelier-award-topper;Arch Acrylic Chandelier Award Topper;ACTIVE;1;0;CD1212;;CD1212;CD1212=ORPHAN;;;;;;;;PS8129;no
UNSYNCABLE;no;ids que no son un producto vivo · varias familias;p-7858-bamboo-plaque-and-frost-acrylic;Bamboo Plaque and Frost Acrylic;ACTIVE;1;0;CD1092A;;CD1092A CD1091A CD1090A CD1092B CD1091B;CD1092A=ORPHAN CD1091A=ORPHAN CD1090A=ORPHAN CD1092B=ORPHAN CD1091B=ORPHAN;;;;;;;;PS8161;no
UNSYNCABLE;no;ids que no son un producto vivo;p-7860-beech-wood-business-card-holder;Beech Wood Business Card Holder;ACTIVE;1;0;CM749B;;CM749B;CM749B=ORPHAN;;;;;;;;PS8166;no
UNSYNCABLE;no;ids que no son un producto vivo · varias familias;p-7862-beveled-aquus-shield-plaque;Beveled Aquus Shield Plaque;ACTIVE;1;0;CDUS05A;;CDUS05A CDUS05B;CDUS05A=ORPHAN CDUS05B=ORPHAN;;;;;;;;PS8169;no
UNSYNCABLE;no;ids que no son un producto vivo · familia compartida con otro producto;p-7872-black-and-clear-acrylic-beveled-perpetual-plaque;Black and Clear Acrylic Beveled Perpetual Plaque;ACTIVE;1;0;CD1222;;CD1222;CD1222=NO_PRICE;;;;;;;;PS8197;no
UNSYNCABLE;no;ids que no son un producto vivo;p-7875-black-ceramic-mug-small;Black Ceramic Mug Small;ACTIVE;1;0;CM705-05;;CM705-05;CM705-05=ORPHAN;;;;;;;;PS8203;no
UNSYNCABLE;no;ids que no son un producto vivo · varias familias;p-7876-black-ceramic-mug-large;Black Ceramic Mug Large;ACTIVE;1;0;CM704-05;;CM704-05 CM707-05 CM708-05 CM706-05;CM704-05=ORPHAN CM707-05=ORPHAN CM708-05=ORPHAN CM706-05=ORPHAN;;;;;;;;PS8204;no
UNSYNCABLE;no;ids que no son un producto vivo · varias familias;p-7879-black-glass-pinnacle-award;Black Glass Pinnacle Award;ACTIVE;1;0;G0999A;;G0999A G0999B G0999C;G0999A=ORPHAN G0999B=ORPHAN G0999C=ORPHAN;;;;;;;;PS8214;no
UNSYNCABLE;no;ids que no son un producto vivo · varias familias;p-7880-black-glass-arrowhead;Black Glass Arrowhead;ACTIVE;1;0;G0987A;;G0987A G0987B G0987C;G0987A=ORPHAN G0987B=ORPHAN G0987C=ORPHAN;;;;;;;;PS8215;no
UNSYNCABLE;no;ids que no son un producto vivo;p-7884-blown-art-glass-egg-with-black-lasered-plate;Blown Art Glass Egg with Black Lasered Plate;ACTIVE;1;0;GM683;;GM683;GM683=ORPHAN;;;;;;;;PS8226;no
UNSYNCABLE;no;ids que no son un producto vivo;p-7885-blown-glass-bud-vase;Blown Glass Bud Vase;ACTIVE;1;0;GNS123;;GNS123;GNS123=ORPHAN;;;;;;;;PS8227;no
UNSYNCABLE;no;ids que no son un producto vivo · varias familias;p-7890-blue-ceramic-mug;Blue Ceramic Mug;ACTIVE;1;0;CM704-632;;CM704-632 CM707-287 CM708-04 CM706-04;CM704-632=ORPHAN CM707-287=ORPHAN CM708-04=ORPHAN CM706-04=ORPHAN;;;;;;;;PS8243;no
UNSYNCABLE;no;ids que no son un producto vivo;p-7891-blue-curved-wedge-crystal-award;Blue Curved Wedge Crystal Award;ACTIVE;1;0;GM834;;GM834;GM834=NO_PRICE;;;;;;;;PS8253;no
UNSYNCABLE;no;ids que no son un producto vivo;p-7902-breakthrough-acrylic-star-award;Breakthrough Acrylic Star Award;ACTIVE;1;0;CD1214;;CD1214;CD1214=NO_PRICE;;;;;;;;PS8317;no
UNSYNCABLE;no;ids que no son un producto vivo;p-7905-brown-ceramic-mug;Brown Ceramic Mug;ACTIVE;1;0;CM705-43;;CM705-43;CM705-43=ORPHAN;;;;;;;;PS8327;no
UNSYNCABLE;no;ids que no son un producto vivo · varias familias;p-7907-burgundy-ceramic-mug;Burgundy Ceramic Mug;ACTIVE;1;0;CM704-43;;CM704-43 CM707-209;CM704-43=ORPHAN CM707-209=ORPHAN;;;;;;;;PS8329;no
UNSYNCABLE;no;ids que no son un producto vivo;p-7918-clear-acrylic-with-aluminum-alpine-award;Clear Acrylic with Aluminum Alpine Award;ACTIVE;1;0;CD1104;;CD1104;CD1104=ORPHAN;;;;;;;;PS8368;no
UNSYNCABLE;no;ids que no son un producto vivo · varias familias;p-7919-clear-and-black-acrylic-alpine-award;Clear and Black Acrylic Alpine Award;ACTIVE;1;0;CD1105A;;CD1105A CD1105B;CD1105A=ORPHAN CD1105B=ORPHAN;;;;;;;;PS8369;no
UNSYNCABLE;no;ids que no son un producto vivo · varias familias;p-7920-clear-angular-vase;Clear Angular Vase;ACTIVE;1;0;G0989A;;G0989A G0989B;G0989A=ORPHAN G0989B=ORPHAN;;;;;;;;PS8372;no
UNSYNCABLE;no;ids que no son un producto vivo;p-7921-clear-cascade-carved-acrylic-award;Clear Cascade Carved Acrylic Award;ACTIVE;1;0;CD1216;;CD1216;CD1216=NO_PRICE;;;;;;;;PS8377;no
UNSYNCABLE;no;ids que no son un producto vivo;p-7933-clear-glass-certificate-display;Clear Glass Certificate Display;ACTIVE;1;0;CM809;;CM809;CM809=ORPHAN;;;;;;;;PS8402;no
UNSYNCABLE;no;ids que no son un producto vivo · varias familias;p-7940-clipped-corner-clear-crystal-paperweight;Clipped Corner Clear Crystal Paperweight;ACTIVE;1;0;GM825A;;GM825A GM825B GM825C;GM825A=ORPHAN GM825B=ORPHAN GM825C=ORPHAN;;;;;;;;PS8425;no
UNSYNCABLE;no;ids que no son un producto vivo · varias familias;p-7941-clipped-corner-laser-edge-award;Clipped Corner Laser Edge Award;ACTIVE;1;0;CD912AC;;CD912AC CD912BC;CD912AC=ORPHAN CD912BC=ORPHAN;;;;;;;;PS8426;no
UNSYNCABLE;no;ids que no son un producto vivo · varias familias;p-7942-coral-ceramic-mug;Coral Ceramic Mug;ACTIVE;1;0;CM704-3192;;CM704-3192 CM706-3192;CM704-3192=ORPHAN CM706-3192=ORPHAN;;;;;;;;PS8430;no
UNSYNCABLE;no;ids que no son un producto vivo;p-7970-dark-blue-ceramic-mug;Dark Blue Ceramic Mug;ACTIVE;1;0;CM704-04;;CM704-04;CM704-04=ORPHAN;;;;;;;;PS8520;no
UNSYNCABLE;no;ids que no son un producto vivo;p-7971-dark-green-ceramic-mug;Dark Green Ceramic Mug;ACTIVE;1;0;CM704-11;;CM704-11;CM704-11=ORPHAN;;;;;;;;PS8523;no
UNSYNCABLE;no;ids que no son un producto vivo · varias familias;p-7975-diamond-laser-edge-award;Diamond Laser Edge Award;ACTIVE;1;0;CD912AD;;CD912AD CD912BD;CD912AD=ORPHAN CD912BD=ORPHAN;;;;;;;;PS8542;no
UNSYNCABLE;no;ids que no son un producto vivo;p-7992-floating-lucite-crescent-in-bronze-resin-award;Floating Lucite Crescent in Bronze Resin Award;ACTIVE;1;0;CD751;;CD751;CD751=ORPHAN;;;;;;;;PS8600;no
UNSYNCABLE;no;ids que no son un producto vivo;p-7993-florentine-edge-plate-on-walnut-finish-board;Florentine Edge Plate on Walnut Finish Board;ACTIVE;1;0;C071AASWF;;C071AASWF;C071AASWF=ORPHAN;;;;;;;;PS8613;no
UNSYNCABLE;no;ids que no son un producto vivo · varias familias;p-8047-gatsby-plaque;Gatsby Plaque;ACTIVE;1;0;CD1098A;;CD1098A CD1098B;CD1098A=ORPHAN CD1098B=ORPHAN;;;;;;;;PS8744;no
UNSYNCABLE;no;ids que no son un producto vivo;p-8062-green-cascade-carved-acrylic-award;Green Cascade Carved Acrylic Award;ACTIVE;1;0;CD1217GN;;CD1217GN;CD1217GN=ORPHAN;;;;;;;;PS8808;no
UNSYNCABLE;no;ids que no son un producto vivo;p-8063-green-ceramic-mug-small;Green Ceramic Mug Small;ACTIVE;1;0;CM705-11;;CM705-11;CM705-11=ORPHAN;;;;;;;;PS8809;no
UNSYNCABLE;no;ids que no son un producto vivo · varias familias;p-8064-el-grande-green-ceramic-mug;El Grande Green Ceramic Mug;ACTIVE;1;0;CM704-1840;;CM704-1840 CM707-3415 CM708-11;CM704-1840=ORPHAN CM707-3415=ORPHAN CM708-11=ORPHAN;;;;;;;;PS8810;no
UNSYNCABLE;no;ids que no son un producto vivo;p-8076-lavender-ceramic-mug;Lavender Ceramic Mug;ACTIVE;1;0;CM704-5405;;CM704-5405;CM704-5405=ORPHAN;;;;;;;;PS8894;no
UNSYNCABLE;no;ids que no son un producto vivo;p-8093-leatherette-phone-wallet-with-ring;Leatherette Phone Wallet With Ring;ACTIVE;1;0;CM375BB;;CM375BB;CM375BB=ORPHAN;;;;;;;;PS9063;no
UNSYNCABLE;no;ids que no son un producto vivo;p-8107-light-blue-ceramic-mug;Light Blue Ceramic Mug;ACTIVE;1;0;CM708-632;;CM708-632;CM708-632=ORPHAN;;;;;;;;PS9147;no
UNSYNCABLE;no;ids que no son un producto vivo;p-8112-maroon-ceramic-mug;Maroon Ceramic Mug;ACTIVE;1;0;CM708-43;;CM708-43;CM708-43=ORPHAN;;;;;;;;PS9166;no
UNSYNCABLE;no;ids que no son un producto vivo;p-8115-mustard-ceramic-mug;Mustard Ceramic Mug;ACTIVE;1;0;CM704-640;;CM704-640;CM704-640=ORPHAN;;;;;;;;PS9187;no
UNSYNCABLE;no;ids que no son un producto vivo · varias familias;p-8119-optic-crystal-circle-with-silver-star;Optic Crystal Circle with Silver Star;ACTIVE;1;0;GM626A;;GM626A GM626B;GM626A=ORPHAN GM626B=ORPHAN;;;;;;;;PS9208;no
UNSYNCABLE;no;ids que no son un producto vivo · varias familias;p-8126-orange-ceramic-mug;Orange Ceramic Mug;ACTIVE;1;0;CM707-2956;;CM707-2956 CM708-2956;CM707-2956=ORPHAN CM708-2956=ORPHAN;;;;;;;;PS9252;no
UNSYNCABLE;no;ids que no son un producto vivo · varias familias;p-8134-pivoting-bars-award-stacker-bar;Pivoting Bars Award Stacker Bar;ACTIVE;1;0;CD1220B;;CD1220B CD1220C CD1220W;CD1220B=ORPHAN CD1220C=ORPHAN CD1220W=ORPHAN;;;;;;;;PS9276;no
UNSYNCABLE;no;ids que no son un producto vivo · varias familias;p-8135-pivoting-bars-award-with-magnetic-base;Pivoting Bars Award with Magnetic Base;ACTIVE;1;0;CD1221B;;CD1221B CD1221C CD1221W;CD1221B=ORPHAN CD1221C=ORPHAN CD1221W=ORPHAN;;;;;;;;PS9277;no
UNSYNCABLE;no;ids que no son un producto vivo;p-8136-plum-ceramic-mug;Plum Ceramic Mug;ACTIVE;1;0;CM704-1041;;CM704-1041;CM704-1041=ORPHAN;;;;;;;;PS9279;no
UNSYNCABLE;no;ids que no son un producto vivo;p-8145-purple-ceramic-mug-small;Purple Ceramic Mug Small;ACTIVE;1;0;CM705-04;;CM705-04;CM705-04=ORPHAN;;;;;;;;PS9306;no
UNSYNCABLE;no;ids que no son un producto vivo · varias familias;p-8146-purple-ceramic-mug-large;Purple Ceramic Mug Large;ACTIVE;1;0;CM704-2899;;CM704-2899 CM707-84 CM708-25;CM704-2899=ORPHAN CM707-84=ORPHAN CM708-25=ORPHAN;;;;;;;;PS9307;no
UNSYNCABLE;no;ids que no son un producto vivo;p-8148-puzzle-crescent-on-base;Puzzle Crescent on Base;ACTIVE;1;0;GI675;;GI675;GI675=ORPHAN;;;;;;;;PS9310;no
UNSYNCABLE;no;ids que no son un producto vivo · varias familias;p-8155-red-ceramic-mug;Red Ceramic Mug;ACTIVE;1;0;CM704-2904;;CM704-2904 CM707-199 CM708-3192 CM706-664;CM704-2904=ORPHAN CM707-199=ORPHAN CM708-3192=ORPHAN CM706-664=ORPHAN;;;;;;;;PS9331;no
UNSYNCABLE;no;ids que no son un producto vivo;p-8165-round-acrylic-coaster;Round Acrylic Coaster;ACTIVE;1;0;CD1107A;;CD1107A;CD1107A=ORPHAN;;;;;;;;PS9374;no
UNSYNCABLE;no;ids que no son un producto vivo;p-8166-round-alder-coaster;Round Alder Coaster;ACTIVE;1;0;CD1106A;;CD1106A;CD1106A=ORPHAN;;;;;;;;PS9375;no
UNSYNCABLE;no;ids que no son un producto vivo;p-8167-russet-ceramic-mug;Russet Ceramic Mug;ACTIVE;1;0;CM704-464;;CM704-464;CM704-464=ORPHAN;;;;;;;;PS9382;no
UNSYNCABLE;no;ids que no son un producto vivo;p-8176-silver-plated-cup-on-base;Silver Plated Cup on Base;ACTIVE;1;0;CM812;;CM812;CM812=ORPHAN;;;;;;;;PS9407;no
UNSYNCABLE;no;ids que no son un producto vivo;p-8187-square-acrylic-coaster;Square Acrylic Coaster;ACTIVE;1;0;CD1107B;;CD1107B;CD1107B=ORPHAN;;;;;;;;PS9468;no
UNSYNCABLE;no;ids que no son un producto vivo;p-8188-square-alder-coaster;Square Alder Coaster;ACTIVE;1;0;CD1106B;;CD1106B;CD1106B=ORPHAN;;;;;;;;PS9469;no
UNSYNCABLE;no;ids que no son un producto vivo · varias familias;p-8205-teal-ceramic-mug;Teal Ceramic Mug;ACTIVE;1;0;CM704-755;;CM704-755 CM708-579 CM706-755;CM704-755=ORPHAN CM708-579=ORPHAN CM706-755=ORPHAN;;;;;;;;PS9515;no
UNSYNCABLE;no;ids que no son un producto vivo;p-8216-vivid-spiral-acrylic-on-marble;Vivid Spiral Acrylic on Marble;ACTIVE;1;0;CD1007BRD;;CD1007BRD;CD1007BRD=ORPHAN;;;;;;;;PS9541;no
UNSYNCABLE;no;ids que no son un producto vivo;p-8217-walnut-business-card-holder;Walnut Business Card Holder;ACTIVE;1;0;CM749W;;CM749W;CM749W=ORPHAN;;;;;;;;PS9542;no
UNSYNCABLE;no;ids que no son un producto vivo · varias familias;p-8224-waterfall-crystal-on-base;Waterfall Crystal on Base;ACTIVE;1;0;GM752A;;GM752A GM752B GM752C;GM752A=ORPHAN GM752B=ORPHAN GM752C=ORPHAN;;;;;;;;PS9586;no
UNSYNCABLE;no;ids que no son un producto vivo;p-8225-white-ceramic-mug;White Ceramic Mug;ACTIVE;1;0;CM707-02;;CM707-02;CM707-02=ORPHAN;;;;;;;;PS9588;no
UNSYNCABLE;no;ids que no son un producto vivo;p-8227-yellow-ceramic-mug;Yellow Ceramic Mug;ACTIVE;1;0;CM708-640;;CM708-640;CM708-640=ORPHAN;;;;;;;;PS9605;no
UNSYNCABLE;no;ids que no son un producto vivo;p-8658-16-oz-pilsner-glass;16 oz. Pilsner Glass;ACTIVE;1;0;G0993;;G0993;G0993=ORPHAN;;;;;;;;PS9621;no
UNSYNCABLE;no;ids que no son un producto vivo · varias familias;p-8664-abstract-acrylic-award-with-wood-accent;Abstract Acrylic Award with Wood Accent;ACTIVE;1;0;CD1254BL;;CD1254BL CD1254GR CD1254RD;CD1254BL=ORPHAN CD1254GR=ORPHAN CD1254RD=ORPHAN;;;;;;;;PS9627;no
UNSYNCABLE;no;ids que no son un producto vivo;p-8667-black-crystal-triangular-votive-holder;Black Crystal Triangular Votive Holder;ACTIVE;1;0;G1001BK;;G1001BK;G1001BK=ORPHAN;;;;;;;;PS9630;no
UNSYNCABLE;no;ids que no son un producto vivo;p-8668-blue-crystal-triangular-votive-holder;Blue Crystal Triangular Votive Holder;ACTIVE;1;0;G1001BL;;G1001BL;G1001BL=ORPHAN;;;;;;;;PS9631;no
UNSYNCABLE;no;ids que no son un producto vivo · varias familias;p-8669-brushed-metal-design-metallic-imprint-ring-award;Brushed Metal Design Metallic Imprint Ring Award;ACTIVE;1;0;CD1250BLG;;CD1250BLG CD1250BLS CD1250GRG CD1250GRS CD1250RDG CD1250RDS;CD1250BLG=ORPHAN CD1250BLS=ORPHAN CD1250GRG=ORPHAN CD1250GRS=ORPHAN CD1250RDG=ORPHAN CD1250RDS=ORPHAN;;;;;;;;PS9632;no
UNSYNCABLE;no;ids que no son un producto vivo;p-8674-large-crystal-triangular-votive-holder;Large Crystal Triangular Votive Holder;ACTIVE;1;0;G1000;;G1000;G1000=ORPHAN;;;;;;;;PS9638;no
UNSYNCABLE;no;ids que no son un producto vivo;p-8679-optic-crystal-diamond-on-base;Optic Crystal Diamond on Base;ACTIVE;1;0;GI847;;GI847;GI847=ORPHAN;;;;;;;;PS9643;no
UNSYNCABLE;no;ids que no son un producto vivo;p-8690-white-crystal-triangular-votive-holder;White Crystal Triangular Votive Holder;ACTIVE;1;0;G1001WH;;G1001WH;G1001WH=ORPHAN;;;;;;;;PS9654;no
UNSYNCABLE;no;ids que no son un producto vivo;p-8704-arch-horizon-acrylic-award;Arch Horizon Acrylic Award;ACTIVE;1;0;CD1200ABL;;CD1200ABL CD1200AGY CD1200ARD CD1200BBL CD1200BGY CD1200BRD CD1200CBL CD1200CGY CD1200CRD;CD1200ABL=FAMILY_PART CD1200AGY=FAMILY_PART CD1200ARD=FAMILY_PART CD1200BBL=FAMILY_PART CD1200BGY=FAMILY_PART CD1200BRD=FAMILY_PART CD1200CBL=FAMILY_PART CD1200CGY=FAMILY_PART CD1200CRD=FAMILY_PART;;;;;;;;PS9918;no
UNSYNCABLE;no;ids que no son un producto vivo;p-8705-avondale-award-small;Avondale Award Small;ACTIVE;1;0;CD1102B;;CD1102B;CD1102B=ORPHAN;;;;;;;;PS9941;no
UNSYNCABLE;no;ids que no son un producto vivo;p-8706-avondale-award-large;Avondale Award Large;ACTIVE;1;0;CD1102A;;CD1102A;CD1102A=ORPHAN;;;;;;;;PS9942;no
UNSYNCABLE;no;ids que no son un producto vivo;p-8717-blue-leatherette-phone-easel;Blue Leatherette Phone Easel;ACTIVE;1;0;CM296BL;;CM296BL;CM296BL=ORPHAN;;;;;;;;PS10094;no
UNSYNCABLE;no;ids que no son un producto vivo · varias familias;p-8724-bottle-opener-wine-corkscrew;Bottle Opener & Wine Corkscrew;ACTIVE;1;0;CM376BS;;CM376BS CM376BV CM376CK CM376DB CM376GR CM376LB CM376PK CM376RS CM376RW CM376TL;CM376BS=ORPHAN CM376BV=ORPHAN CM376CK=ORPHAN CM376DB=ORPHAN CM376GR=ORPHAN CM376LB=ORPHAN CM376PK=ORPHAN CM376RS=ORPHAN CM376RW=ORPHAN CM376TL=ORPHAN;;;;;;;;PS10124;no
UNSYNCABLE;no;ids que no son un producto vivo · varias familias;p-8732-clear-acrylic-circle-on-clear-base-award;Clear Acrylic Circle on Clear Base Award;ACTIVE;1;0;DCCD943A;;DCCD943A DCCD943B DCCD943C;DCCD943A=ORPHAN DCCD943B=ORPHAN DCCD943C=ORPHAN;;;;;;;;PS10174;no
UNSYNCABLE;no;ids que no son un producto vivo · varias familias;p-8739-crossroads-plaque;Crossroads Plaque;ACTIVE;1;0;CD1041ABK;;CD1041ABK CD1041ABL CD1041ARD CD1041BBK CD1041BBL CD1041BRD;CD1041ABK=ORPHAN CD1041ABL=ORPHAN CD1041ARD=ORPHAN CD1041BBK=ORPHAN CD1041BBL=ORPHAN CD1041BRD=ORPHAN;;;;;;;;PS10297;no
UNSYNCABLE;no;ids que no son un producto vivo;p-8741-crystal-tablet-with-digi-small;Crystal Tablet with Digi Small;ACTIVE;1;0;GI584BYD;;GI584BYD;GI584BYD=ORPHAN;;;;;;;;PS10334;no
UNSYNCABLE;no;ids que no son un producto vivo;p-8742-crystal-tablet-with-digi-large;Crystal Tablet with Digi Large;ACTIVE;1;0;GI584AYD;;GI584AYD;GI584AYD=ORPHAN;;;;;;;;PS10335;no
UNSYNCABLE;no;ids que no son un producto vivo;p-8751-diamond-carved-clear-desktop-tower;Diamond Carved Clear Desktop Tower;ACTIVE;1;0;C403A;;C403A;C403A=ORPHAN;;;;;;;;PS10416;no
UNSYNCABLE;no;ids que no son un producto vivo;p-8752-diamond-carved-clear-tower;Diamond Carved Clear Tower;ACTIVE;1;0;C403B;;C403B;C403B=ORPHAN;;;;;;;;PS10418;no
UNSYNCABLE;no;ids que no son un producto vivo;p-8764-green-arched-brilliance-award;Green Arched Brilliance Award;ACTIVE;1;0;CD635GR;;CD635GR;CD635GR=ORPHAN;;;;;;;;PS10753;no
UNSYNCABLE;no;ids que no son un producto vivo · varias familias;p-8789-leatherette-dome-top-clock;Leatherette Dome Top Clock;ACTIVE;1;0;CM298DB;;CM298DB CM298LB CM298RW;CM298DB=ORPHAN CM298LB=ORPHAN CM298RW=ORPHAN;;;;;;;;PS10868;no
UNSYNCABLE;no;ids que no son un producto vivo · varias familias;p-8790-leatherette-double-pen-case-with-small;Leatherette Double Pen Case with Small;ACTIVE;1;0;CM247DB;;CM247DB CM247GR CM247LB CM247RW;CM247DB=ORPHAN CM247GR=ORPHAN CM247LB=ORPHAN CM247RW=ORPHAN;;;;;;;;PS10869;no
UNSYNCABLE;no;ids que no son un producto vivo;p-8791-leatherette-double-pen-case-with-large;Leatherette Double Pen Case with Large;ACTIVE;1;0;CM247BS;;CM247BS;CM247BS=ORPHAN;;;;;;;;PS10870;no
UNSYNCABLE;no;ids que no son un producto vivo;p-8803-leatherette-mug-sleeve-small;Leatherette Mug Sleeve Small;ACTIVE;1;0;CM287BS;;CM287BS;CM287BS=ORPHAN;;;;;;;;PS10902;no
UNSYNCABLE;no;ids que no son un producto vivo · varias familias;p-8809-leatherette-phone-wallet-with-ring;Leatherette Phone Wallet With Ring;ACTIVE;1;0;CM375BS;;CM375BS CM375DB CM375GR CM375LB CM375PK CM375RS CM375RW CM375TL;CM375BS=ORPHAN CM375DB=ORPHAN CM375GR=ORPHAN CM375LB=ORPHAN CM375PK=ORPHAN CM375RS=ORPHAN CM375RW=ORPHAN CM375TL=ORPHAN;;;;;;;;PS10916;no
UNSYNCABLE;no;ids que no son un producto vivo;p-8810-leatherette-phone-wallet-small;Leatherette Phone Wallet Small;ACTIVE;1;0;CM325BL;;CM325BL;CM325BL=ORPHAN;;;;;;;;PS10917;no
UNSYNCABLE;no;ids que no son un producto vivo · varias familias;p-8811-leatherette-phone-wallet-large;Leatherette Phone Wallet Large;ACTIVE;1;0;CM325BS;;CM325BS CM325DB CM325GR CM325LB CM325PK CM325RS CM325RW;CM325BS=ORPHAN CM325DB=ORPHAN CM325GR=ORPHAN CM325LB=ORPHAN CM325PK=ORPHAN CM325RS=ORPHAN CM325RW=ORPHAN;;;;;;;;PS10918;no
UNSYNCABLE;no;ids que no son un producto vivo;p-8844-pink-leatherette-phone-easel;Pink Leatherette Phone Easel;ACTIVE;1;0;CM296PK;;CM296PK;CM296PK=ORPHAN;;;;;;;;PS11149;no
UNSYNCABLE;no;ids que no son un producto vivo;p-8860-rose-leatherette-phone-easel;Rose Leatherette Phone Easel;ACTIVE;1;0;CM296RS;;CM296RS;CM296RS=ORPHAN;;;;;;;;PS11252;no
UNSYNCABLE;no;ids que no son un producto vivo;p-8861-rosewood-piano-finish-lucite-barrel-riser-plaque-small;Rosewood Piano Finish Lucite Barrel Riser Plaque Small;ACTIVE;1;0;CM266BRW;;CM266BRW;CM266BRW=ORPHAN;;;;;;;;PS11265;no
UNSYNCABLE;no;ids que no son un producto vivo;p-8862-rosewood-piano-finish-lucite-barrel-riser-plaque-large;Rosewood Piano Finish Lucite Barrel Riser Plaque Large;ACTIVE;1;0;CM266ARW;;CM266ARW;CM266ARW=ORPHAN;;;;;;;;PS11266;no
UNSYNCABLE;no;ids que no son un producto vivo · varias familias;p-8879-star-gazer-acrylic-award-trophy;Star Gazer Acrylic Award Trophy;ACTIVE;1;0;CD919AG;;CD919AG CD919AS CD919BG CD919BS;CD919AG=ORPHAN CD919AS=ORPHAN CD919BG=ORPHAN CD919BS=ORPHAN;;;;;;;;PS11378;no
UNSYNCABLE;no;ids que no son un producto vivo · varias familias;p-8880-streaming-excellence-on-marble-award;Streaming Excellence on Marble Award;ACTIVE;1;0;CD1006BL;;CD1006BL CD1006GR CD1006RD;CD1006BL=ORPHAN CD1006GR=ORPHAN CD1006RD=ORPHAN;;;;;;;;PS11394;no
UNSYNCABLE;no;ids que no son un producto vivo;p-8881-sweeping-cosmos-acrylic-with-mirror-accent;Sweeping Cosmos Acrylic with Mirror Accent;ACTIVE;1;0;CD970RD;;CD970RD;CD970RD=ORPHAN;;;;;;;;PS11397;no
UNSYNCABLE;no;ids que no son un producto vivo;p-8892-the-noir-glass-dome-on-black-glass-base;The Noir Glass Dome On Black Glass Base;ACTIVE;1;0;GI306;;GI306;GI306=ORPHAN;;;;;;;;PS11429;no
UNSYNCABLE;no;ids que no son un producto vivo;p-8894-turquoise-and-stone-lucite-13-plate-photo-plaque;Turquoise and Stone Lucite 13 Plate Photo Plaque;ACTIVE;1;0;EP20PKG;;EP20PKG;EP20PKG=ORPHAN;;;;;;;;PS11442;no
UNSYNCABLE;no;ids que no son un producto vivo · varias familias;p-8897-vivid-spiral-acrylic-on-marble;Vivid Spiral Acrylic on Marble;ACTIVE;1;0;CD1007ARD;;CD1007ARD CD1007ABL CD1007BBL;CD1007ARD=ORPHAN CD1007ABL=ORPHAN CD1007BBL=ORPHAN;;;;;;;;PS11490;no
UNSYNCABLE;no;ids que no son un producto vivo;p-8901-water-bottle-carabiner-small;Water Bottle Carabiner Small;ACTIVE;1;0;CM822BL;;CM822BL;CM822BL=ORPHAN;;;;;;;;PS11522;no
UNSYNCABLE;no;ids que no son un producto vivo · varias familias;p-8902-water-bottle-carabiner-large;Water Bottle Carabiner Large;ACTIVE;1;0;CM822GR;;CM822GR CM822OR CM822PU CM822RD;CM822GR=ORPHAN CM822OR=ORPHAN CM822PU=ORPHAN CM822RD=ORPHAN;;;;;;;;PS11523;no
UNSYNCABLE;no;ids que no son un producto vivo · varias familias;p-8903-water-drop-award;Water Drop Award;ACTIVE;1;0;CD1017ARD;;CD1017ARD CD1017BRD CD1017ABL CD1017BBL CD1017CRD CD1017CBL;CD1017ARD=ORPHAN CD1017BRD=ORPHAN CD1017ABL=ORPHAN CD1017BBL=ORPHAN CD1017CRD=ORPHAN CD1017CBL=ORPHAN;;;;;;;;PS11524;no
UNSYNCABLE_PARTS;no;ids que no son un producto vivo;p-5266-bright-silver-metal-cup-on-marble-base;Bright Silver Metal Cup on Marble Base;ACTIVE;1;0;CM264A;;CM264A CM264B CM264C;CM264A=PART CM264B=PART CM264C=PART;;;CM264A->CM264 CM264B->CM264 CM264C->CM264;simple;;;;PS202;no
UNSYNCABLE_PARTS;no;ids que no son un producto vivo · familia compartida con otro producto;p-5337-3-tier-glass-tower-award-amber;3 Tier Glass Tower Award Amber;ACTIVE;1;0;GI603AM;;GI603AM;GI603AM=PART;;;GI603AM->GI603;shared;;;;PS6019;no
UNSYNCABLE_PARTS;no;ids que no son un producto vivo · familia compartida con otro producto;p-5338-3-tier-glass-tower-blue-award;3 Tier Glass Tower Blue Award;ACTIVE;1;0;GI603BL;;GI603BL;GI603BL=PART;;;GI603BL->GI603;shared;;;;PS6020;no
UNSYNCABLE_PARTS;no;ids que no son un producto vivo;p-5348-3-layer-multi-dimensional-digi-color-award;3-Layer Multi-Dimensional Digi-Color Award;ACTIVE;1;0;DCC0500A;;DCC0500A DCC0500B;DCC0500A=PART DCC0500B=PART;;;DCC0500A->DCC0500 DCC0500B->DCC0500;simple;;;;PS6030;no
UNSYNCABLE_PARTS;no;ids que no son un producto vivo;p-5374-anniversary-achievement-years-of-service-awards;Anniversary Achievement Years of Service Awards;ACTIVE;1;0;CD903Y5;;CD903Y5 CD903Y10 CD903Y15 CD903Y20 CD903Y25;CD903Y5=PART CD903Y10=PART CD903Y15=PART CD903Y20=PART CD903Y25=PART;;;CD903Y5->CD903Y_ CD903Y10->CD903Y_ CD903Y15->CD903Y_ CD903Y20->CD903Y_ CD903Y25->CD903Y_;simple;;;;PS6056;no
UNSYNCABLE_PARTS;no;ids que no son un producto vivo;p-5375-anniversary-years-of-service-achievement-plaque;Anniversary Years of Service Achievement Plaque;ACTIVE;1;0;CD902Y10;;CD902Y10 CD902Y15 CD902Y20 CD902Y25 CD902Y5;CD902Y10=PART CD902Y15=PART CD902Y20=PART CD902Y25=PART CD902Y5=PART;;;CD902Y10->CD902Y* CD902Y15->CD902Y* CD902Y20->CD902Y* CD902Y25->CD902Y* CD902Y5->CD902Y*;simple;;;;PS6057;no
UNSYNCABLE_PARTS;no;ids que no son un producto vivo;p-5376-anniversary-years-of-service-freestanding-award;Anniversary Years of Service Freestanding Award;ACTIVE;1;0;CD904Y10;;CD904Y10 CD904Y15 CD904Y20 CD904Y25 CD904Y30;CD904Y10=PART CD904Y15=PART CD904Y20=PART CD904Y25=PART CD904Y30=PART;;;CD904Y10->CD904BY* CD904Y15->CD904BY* CD904Y20->CD904BY* CD904Y25->CD904BY* CD904Y30->CD904BY*;simple;;;;PS6058;no
UNSYNCABLE_PARTS;no;ids que no son un producto vivo · familia compartida con otro producto;p-5377-anniversary-freestanding-5-year-award;Anniversary Freestanding 5 Year Award;ACTIVE;1;0;CD904Y5;;CD904Y5;CD904Y5=PART;;;CD904Y5->CD904AY*;shared;;;;PS6059;no
UNSYNCABLE_PARTS;no;ids que no son un producto vivo;p-5406-beveled-circle-award-with-digital-color;Beveled Circle Award with digital color;ACTIVE;1;0;DCCD332A;;DCCD332A DCCD332B DCCD332C;DCCD332A=PART DCCD332B=PART DCCD332C=PART;;;DCCD332A->DCCD332 DCCD332B->DCCD332 DCCD332C->DCCD332;simple;;;;PS6088;no
UNSYNCABLE_PARTS;no;ids que no son un producto vivo;p-5418-beveled-digi-medium-award;Beveled Digi Medium Award;ACTIVE;1;0;DCGI541A;;DCGI541A DCGI541B;DCGI541A=PART DCGI541B=PART;;;DCGI541A->DCGI541 DCGI541B->DCGI541;simple;;;;PS6100;no
UNSYNCABLE_PARTS;no;ids que no son un producto vivo;p-5423-beveled-paperweight;Beveled Paperweight;ACTIVE;1;0;CD225A;;CD225A CD225B;CD225A=PART CD225B=PART;;;CD225A->CD225 CD225B->CD225;simple;;;;PS6105;no
UNSYNCABLE_PARTS;no;ids que no son un producto vivo · varias familias · familia compartida con otro producto;p-5430-black-chisel-carve-tower-award-on-base;Black Chisel Carve Tower Award on Base;ACTIVE;1;0;C701LBK;;C701LBK C701BLBK;C701LBK=PART C701BLBK=PART;;;C701LBK->C701L C701BLBK->C701BL;shared;;;;PS6112;no
UNSYNCABLE_PARTS;no;ids que no son un producto vivo · familia compartida con otro producto;p-5433-black-curved-beveled;Black Curved Beveled;ACTIVE;1;0;GI515BK;;GI515BK;GI515BK=PART;;;GI515BK->GI515;shared;;;;PS6115;no
UNSYNCABLE_PARTS;no;ids que no son un producto vivo · familia compartida con otro producto;p-5473-blue-arched-brilliance-award-on-clear-base;Blue Arched Brilliance Award on Clear Base;ACTIVE;1;0;CD636B;;CD636B;CD636B=PART;;;CD636B->CD636;shared;;;;PS6155;no
UNSYNCABLE_PARTS;no;ids que no son un producto vivo · familia compartida con otro producto;p-5478-blue-chisel-carve-tower-award;Blue Chisel Carve Tower Award;ACTIVE;1;0;C701LBL;;C701LBL;C701LBL=PART;;;C701LBL->C701L;shared;;;;PS6160;no
UNSYNCABLE_PARTS;no;ids que no son un producto vivo · varias familias · familia compartida con otro producto;p-5479-blue-chisel-carved-tower-award-on-base;Blue Chisel Carved Tower Award On Base;ACTIVE;1;0;C609LBBL;;C609LBBL C610LBBL C701BLBL C612LBBL;C609LBBL=PART C610LBBL=PART C701BLBL=PART C612LBBL=PART;;;C609LBBL->C609LB C610LBBL->C610LB C701BLBL->C701BL C612LBBL->C612LB;shared;;;;PS6161;no
UNSYNCABLE_PARTS;no;ids que no son un producto vivo;p-5483-blue-crescent-glass-award-on-black-oval-glass-base;Blue Crescent Glass Award on Black Oval Glass Base;ACTIVE;1;0;GI654A;;GI654A GI654B;GI654A=PART GI654B=PART;;;GI654A->GI654 GI654B->GI654;simple;;;;PS6165;no
UNSYNCABLE_PARTS;no;ids que no son un producto vivo · familia compartida con otro producto;p-5484-blue-curved-beveled;Blue Curved Beveled;ACTIVE;1;0;GI515B;;GI515B;GI515B=PART;;;GI515B->GI515;shared;;;;PS6166;no
UNSYNCABLE_PARTS;no;ids que no son un producto vivo · varias familias · familia compartida con otro producto;p-5485-blue-deco-lucite-peak-on-marble-base-award;Blue Deco Lucite Peak on Marble Base Award;ACTIVE;1;0;CF845AB;;CF845AB CD854BB;CF845AB=ORPHAN CD854BB=PART;;;CD854BB->CD854;shared;;;;PS6167;no
UNSYNCABLE_PARTS;no;ids que no son un producto vivo · familia compartida con otro producto;p-5488-blue-designs-deco-lucite-tablet;Blue Designs Deco Lucite Tablet;ACTIVE;1;0;CD852AB;;CD852AB CD852BB;CD852AB=PART CD852BB=PART;;;CD852AB->CD852 CD852BB->CD852;shared;;;;PS6170;no
UNSYNCABLE_PARTS;no;ids que no son un producto vivo · familia compartida con otro producto;p-5493-blue-gemstone-brilliance-lucite-peak-award;Blue Gemstone Brilliance Lucite Peak Award;ACTIVE;1;0;CD603AB;;CD603AB CD603BB CD603CB;CD603AB=PART CD603BB=PART CD603CB=PART;;;CD603AB->CD603 CD603BB->CD603 CD603CB->CD603;shared;;;;PS6175;no
UNSYNCABLE_PARTS;no;ids que no son un producto vivo · familia compartida con otro producto;p-5504-blue-lucite-rising-tide-wave-monument-award;Blue Lucite Rising Tide Wave Monument Award;ACTIVE;1;0;CD848B;;CD848B;CD848B=PART;;;CD848B->CD848;shared;;;;PS6186;no
UNSYNCABLE_PARTS;no;ids que no son un producto vivo · varias familias · familia compartida con otro producto;p-5509-blue-optic-crystal-gemstone-award;Blue Optic Crystal Gemstone Award;ACTIVE;1;0;GI513AB;;GI513AB GI513BB GI513CB;GI513AB=PART GI513BB=PART GI513CB=PART;;;GI513AB->GI513A GI513BB->GI513B GI513CB->GI513C;shared;;;;PS6191;no
UNSYNCABLE_PARTS;no;ids que no son un producto vivo · familia compartida con otro producto;p-5510-blue-plaque-w-marble-mist-small;Blue Plaque w/ Marble Mist Small;ACTIVE;1;0;C023BB;;C023BB;C023BB=PART;;;C023BB->C023;shared;;;;PS6192;no
UNSYNCABLE_PARTS;no;ids que no son un producto vivo · familia compartida con otro producto;p-5511-blue-plaque-w-marble-mist-large;Blue Plaque w/ Marble Mist Large;ACTIVE;1;0;C023AB;;C023AB;C023AB=PART;;;C023AB->C023;shared;;;;PS6193;no
UNSYNCABLE_PARTS;no;ids que no son un producto vivo · familia compartida con otro producto;p-5523-blue-vibrant-gemstone-award;Blue Vibrant Gemstone Award;ACTIVE;1;0;GI512AB;;GI512AB GI512BB;GI512AB=PART GI512BB=PART;;;GI512AB->GI512 GI512BB->GI512;shared;;;;PS6205;no
UNSYNCABLE_PARTS;no;ids que no son un producto vivo · varias familias · familia compartida con otro producto;p-5530-bronze-cascade-metal-stars-award;Bronze Cascade Metal Stars Award;ACTIVE;1;0;CD476BZ;;CD476BZ CD477BZ CD478BZ;CD476BZ=PART CD477BZ=PART CD478BZ=PART;;;CD476BZ->CD476 CD477BZ->CD477 CD478BZ->CD478;shared;;;;PS6212;no
UNSYNCABLE_PARTS;no;ids que no son un producto vivo · familia compartida con otro producto;p-5544-carved-clear-crystal-on-black-base-wdigi;Carved Clear Crystal on Black Base w/Digi;ACTIVE;1;0;GI583YD;;GI583YD;GI583YD=PART;;;GI583YD->GI583Y;shared;;;;PS6226;no
UNSYNCABLE_PARTS;no;ids que no son un producto vivo · familia compartida con otro producto;p-5545-carved-clear-crystal-award-on-black-base-with-logo-medallion;Carved Clear Crystal Award on Black Base with Logo Medallion;ACTIVE;1;0;GI583YL;;GI583YL;GI583YL=PART;;;GI583YL->GI583Y;shared;;;;PS6227;no
UNSYNCABLE_PARTS;no;ids que no son un producto vivo · familia compartida con otro producto;p-5548-carved-clear-crystal-on-black-base-with-star-medallion-includes-silver-color;Carved Clear Crystal on Black Base with Star Medallion Includes Silver Color;ACTIVE;1;0;GI583MS;;GI583MS;GI583MS=PART;;;GI583MS->GI583M;simple;;;;PS6230;no
UNSYNCABLE_PARTS;no;ids que no son un producto vivo · familia compartida con otro producto;p-5565-chisel-carved-with-reflective-black-bottom-award;Chisel Carved with Reflective Black Bottom Award;ACTIVE;1;0;GI638SBK;;GI638SBK;GI638SBK=PART;;;GI638SBK->GI638;shared;;;;PS6247;no
UNSYNCABLE_PARTS;no;ids que no son un producto vivo · familia compartida con otro producto;p-5567-chisel-carved-with-reflective-gold-bottom-award;Chisel Carved with Reflective Gold Bottom Award;ACTIVE;1;0;GI638SGO;;GI638SGO;GI638SGO=PART;;;GI638SGO->GI638;shared;;;;PS6249;no
UNSYNCABLE_PARTS;no;ids que no son un producto vivo · familia compartida con otro producto;p-5569-chisel-carved-with-reflective-red-bottom-award;Chisel Carved with Reflective Red Bottom Award;ACTIVE;1;0;GI638SRE;;GI638SRE;GI638SRE=PART;;;GI638SRE->GI638;shared;;;;PS6251;no
UNSYNCABLE_PARTS;no;ids que no son un producto vivo · familia compartida con otro producto;p-5574-circle-cutout-alder-wood-and-silver-backer-digi;Circle Cutout Alder Wood and Silver Backer Digi;ACTIVE;1;0;CD947AA;;CD947AA CD947BA;CD947AA=PART CD947BA=PART;;;CD947AA->CD947 CD947BA->CD947;shared;;;;PS6256;no
UNSYNCABLE_PARTS;no;ids que no son un producto vivo · familia compartida con otro producto;p-5575-circle-cutout-mahogany-wood-and-silver-backer-digi;Circle Cutout Mahogany Wood and Silver Backer Digi;ACTIVE;1;0;CD947AM;;CD947AM CD947BM;CD947AM=PART CD947BM=PART;;;CD947AM->CD947 CD947BM->CD947;shared;;;;PS6257;no
UNSYNCABLE_PARTS;no;ids que no son un producto vivo · familia compartida con otro producto;p-5593-clear-crystal-chisel-carve-award;Clear Crystal Chisel Carve Award;ACTIVE;1;0;GI638CLR;;GI638CLR;GI638CLR=PART;;;GI638CLR->GI638;shared;;;;PS6275;no
UNSYNCABLE_PARTS;no;ids que no son un producto vivo · familia compartida con otro producto;p-5600-clear-glass-with-bold-black-crystal-accent;Clear Glass with Bold Black Crystal Accent;ACTIVE;1;0;GI595BK;;GI595BK;GI595BK=PART;;;GI595BK->GI595;shared;;;;PS6282;no
UNSYNCABLE_PARTS;no;ids que no son un producto vivo · familia compartida con otro producto;p-5603-clear-glass-with-bold-red-crystal-accent;Clear Glass with Bold Red Crystal Accent;ACTIVE;1;0;GI595RE;;GI595RE;GI595RE=PART;;;GI595RE->GI595;shared;;;;PS6285;no
UNSYNCABLE_PARTS;no;ids que no son un producto vivo;p-5608-clear-optic-crystal-tiered-pyramid-on-black-base;Clear Optic Crystal Tiered Pyramid on Black Base;ACTIVE;1;0;GM718A;;GM718A GM718B;GM718A=PART GM718B=PART;;;GM718A->GM718 GM718B->GM718;simple;;;;PS6290;no
UNSYNCABLE_PARTS;no;ids que no son un producto vivo;p-5611-clipped-corner-bevel-glass-award-and-marble-pillar-base;Clipped Corner Bevel Glass Award and Marble Pillar Base;ACTIVE;1;0;GM723A;;GM723A GM723B;GM723A=PART GM723B=PART;;;GM723A->GM723 GM723B->GM723;simple;;;;PS6293;no
UNSYNCABLE_PARTS;no;ids que no son un producto vivo · familia compartida con otro producto;p-5618-cork-bottle-opener;Cork Bottle Opener;ACTIVE;1;0;CM332CK;;CM332CK;CM332CK=PART;;;CM332CK->CM332*;shared;;;;PS6300;no
UNSYNCABLE_PARTS;no;ids que no son un producto vivo · familia compartida con otro producto;p-5623-cork-round-coaster;Cork Round Coaster;ACTIVE;1;0;CM240CK;;CM240CK;CM240CK=PART;;;CM240CK->CM240*;shared;;;;PS6305;no
UNSYNCABLE_PARTS;no;ids que no son un producto vivo · familia compartida con otro producto;p-5624-cork-round;Cork Round;ACTIVE;1;0;CM282CK;;CM282CK;CM282CK=PART;;;CM282CK->CM282*;shared;;;;PS6306;no
UNSYNCABLE_PARTS;no;ids que no son un producto vivo · familia compartida con otro producto;p-5625-cork-square-coaster;Cork Square Coaster;ACTIVE;1;0;CM241CK;;CM241CK;CM241CK=PART;;;CM241CK->CM241*;shared;;;;PS6307;no
UNSYNCABLE_PARTS;no;ids que no son un producto vivo · familia compartida con otro producto;p-5626-cork-square-coasters-set;Cork Square Coasters Set;ACTIVE;1;0;CM283CK;;CM283CK;CM283CK=PART;;;CM283CK->CM283*;shared;;;;PS6308;no
UNSYNCABLE_PARTS;no;ids que no son un producto vivo;p-5630-cornerstone-excellence-optic-crystal-award;Cornerstone Excellence Optic Crystal Award;ACTIVE;1;0;GM401A;;GM401A GM401B GM401C;GM401A=PART GM401B=PART GM401C=PART;;;GM401A->GM401 GM401B->GM401 GM401C->GM401;simple;;;;PS6312;no
UNSYNCABLE_PARTS;no;ids que no son un producto vivo;p-5633-crimson-and-clear-optic-crystal-ribbon-award;Crimson and Clear Optic Crystal Ribbon Award;ACTIVE;1;0;GM719A;;GM719A GM719B GM719C;GM719A=PART GM719B=PART GM719C=PART;;;GM719A->GM719 GM719B->GM719 GM719C->GM719;simple;;;;PS6315;no
UNSYNCABLE_PARTS;no;ids que no son un producto vivo · familia compartida con otro producto;p-5635-crystal-tapered-monolith;Crystal Tapered Monolith;ACTIVE;1;0;GM722A;;GM722A;GM722A=PART;;;GM722A->GM722;shared;;;;PS6317;no
UNSYNCABLE_PARTS;no;ids que no son un producto vivo · familia compartida con otro producto;p-5665-crystal-tapered-monolith;Crystal Tapered Monolith;ACTIVE;1;0;GM722B;;GM722B GM722C;GM722B=PART GM722C=PART;;;GM722B->GM722 GM722C->GM722;shared;;;;PS6347;no
UNSYNCABLE_PARTS;no;ids que no son un producto vivo;p-5667-crystal-towers-cup-shaped-trophy;Crystal Towers Cup Shaped Trophy;ACTIVE;1;0;GM405A;;GM405A GM405B GM405C;GM405A=PART GM405B=PART GM405C=PART;;;GM405A->GM405 GM405B->GM405 GM405C->GM405;simple;;;;PS6349;no
UNSYNCABLE_PARTS;no;ids que no son un producto vivo · familia compartida con otro producto;p-5668-crystal-towers-w-black-jewel-cut-pillar;Crystal Towers w/ Black Jewel cut Pillar;ACTIVE;1;0;GI608B;;GI608B;GI608B=PART;;;GI608B->GI608;shared;;;;PS6350;no
UNSYNCABLE_PARTS;no;ids que no son un producto vivo · familia compartida con otro producto;p-5669-crystal-towers-w-white-jewel-cut-pillar;Crystal Towers w/ White Jewel cut Pillar;ACTIVE;1;0;GI608W;;GI608W;GI608W=PART;;;GI608W->GI608;shared;;;;PS6351;no
UNSYNCABLE_PARTS;no;ids que no son un producto vivo;p-5670-crystal-vase-award;Crystal Vase Award;ACTIVE;1;0;GI630A;;GI630A GI630B;GI630A=PART GI630B=PART;;;GI630A->GI630 GI630B->GI630;simple;;;;PS6352;no
UNSYNCABLE_PARTS;no;ids que no son un producto vivo · varias familias · familia compartida con otro producto;p-5696-digi-color-mahogany-plaque;Digi-color Mahogany Plaque;ACTIVE;1;0;CD547AMH;;CD547AMH CD547BMH CD547CMH;CD547AMH=PART CD547BMH=PART CD547CMH=PART;;;CD547AMH->CD547A CD547BMH->CD547B CD547CMH->CD547C;shared;;;;PS6378;no
UNSYNCABLE_PARTS;no;ids que no son un producto vivo · varias familias · familia compartida con otro producto;p-5708-ebony-finish-certificateoverlay-plaque;Ebony Finish Certificate/Overlay Plaque;ACTIVE;1;0;C3501AEBG;;C3501AEBG C3501BEBG C3501CEBG;C3501AEBG=PART C3501BEBG=PART C3501CEBG=PART;;;C3501AEBG->C3501A C3501BEBG->C3501B C3501CEBG->C3501C;shared;;;;PS6390;no
UNSYNCABLE_PARTS;no;ids que no son un producto vivo · familia compartida con otro producto;p-5711-ebony-finish-plaque-with-choice-of-plate-and-board;Ebony Finish Plaque with choice of plate and board;ACTIVE;1;0;DCCD520EEB;;DCCD520EEB;DCCD520EEB=PART;;;DCCD520EEB->DCCD520;shared;;;;PS6393;no
UNSYNCABLE_PARTS;no;ids que no son un producto vivo · familia compartida con otro producto;p-5712-ebony-finish-plaque-with-marble-mist-small;Ebony Finish Plaque with Marble Mist Small;ACTIVE;1;0;C021BBEF;;C021BBEF C021BGEF C021BREF;C021BBEF=PART C021BGEF=PART C021BREF=PART;;;C021BBEF->C021B C021BGEF->C021B C021BREF->C021B;shared;;;;PS6394;no
UNSYNCABLE_PARTS;no;ids que no son un producto vivo · familia compartida con otro producto;p-5713-ebony-finish-plaque-with-marble-mist-large;Ebony Finish Plaque with Marble Mist Large;ACTIVE;1;0;C021ABEF;;C021ABEF C021AGEF C021AREF;C021ABEF=PART C021AGEF=PART C021AREF=PART;;;C021ABEF->C021A C021AGEF->C021A C021AREF->C021A;shared;;;;PS6395;no
UNSYNCABLE_PARTS;no;ids que no son un producto vivo;p-5717-ebony-plaque-w-gold-swirl-plate;Ebony Plaque w/ Gold Swirl Plate;ACTIVE;1;0;CD663A;;CD663A CD663B;CD663A=PART CD663B=PART;;;CD663A->CD663 CD663B->CD663;simple;;;;PS6399;no
UNSYNCABLE_PARTS;no;ids que no son un producto vivo · familia compartida con otro producto;p-5729-florence-series-faceted-oval-crystal-small;Florence Series Faceted Oval Crystal Small;ACTIVE;1;0;GM413C;;GM413C;GM413C=PART;;;GM413C->GM413;shared;;;;PS6411;no
UNSYNCABLE_PARTS;no;ids que no son un producto vivo · familia compartida con otro producto;p-5730-florence-series-faceted-oval-crystal-large;Florence Series Faceted Oval Crystal Large;ACTIVE;1;0;GM413A;;GM413A GM413B;GM413A=PART GM413B=PART;;;GM413A->GM413 GM413B->GM413;shared;;;;PS6412;no
UNSYNCABLE_PARTS;no;ids que no son un producto vivo · familia compartida con otro producto;p-5734-florentine-edge-plate-on-ebony-board-medium;Florentine Edge Plate on Ebony Board Medium;ACTIVE;1;0;C071ASEF;;C071ASEF;C071ASEF=PART;;;C071ASEF->C071A;shared;;;;PS6416;no
UNSYNCABLE_PARTS;no;ids que no son un producto vivo · familia compartida con otro producto;p-5736-florentine-gold-edge-plate-on-ebony-board-large;Florentine Gold Edge Plate on Ebony Board Large;ACTIVE;1;0;C071BGOEF;;C071BGOEF;C071BGOEF=PART;;;C071BGOEF->C071B;shared;;;;PS6418;no
UNSYNCABLE_PARTS;no;ids que no son un producto vivo · familia compartida con otro producto;p-5737-florentine-gold-edge-plate-on-ebony-board;Florentine Gold Edge Plate on Ebony Board;ACTIVE;1;0;C071AGOEF;;C071AGOEF;C071AGOEF=PART;;;C071AGOEF->C071A;shared;;;;PS6419;no
UNSYNCABLE_PARTS;no;ids que no son un producto vivo · familia compartida con otro producto;p-5840-frosted-lucite-on-black-piano-plaque-and-black-plate;Frosted Lucite on Black Piano Plaque and Black Plate;ACTIVE;1;0;CD945BK;;CD945BK;CD945BK=PART;;;CD945BK->CD945;shared;;;;PS6522;no
UNSYNCABLE_PARTS;no;ids que no son un producto vivo · familia compartida con otro producto;p-5869-genuine-walnut-certificate-plaque;Genuine Walnut Certificate Plaque;ACTIVE;1;0;C3501AWG;;C3501AWG;C3501AWG=PART;;;C3501AWG->C3501A;shared;;;;PS6551;no
UNSYNCABLE_PARTS;no;ids que no son un producto vivo · varias familias · familia compartida con otro producto;p-5881-gold-cascade-metal-stars-award;Gold Cascade Metal Stars Award;ACTIVE;1;0;CD476GO;;CD476GO CD477GO CD478GO;CD476GO=PART CD477GO=PART CD478GO=PART;;;CD476GO->CD476 CD477GO->CD477 CD478GO->CD478;shared;;;;PS6563;no
UNSYNCABLE_PARTS;no;ids que no son un producto vivo · familia compartida con otro producto;p-5882-gold-chisel-carve-tower-award;Gold Chisel Carve Tower Award;ACTIVE;1;0;C701LGO;;C701LGO;C701LGO=PART;;;C701LGO->C701L;shared;;;;PS6564;no
UNSYNCABLE_PARTS;no;ids que no son un producto vivo · varias familias · familia compartida con otro producto;p-5883-gold-chisel-carved-tower-on-base-award;Gold Chisel Carved Tower on Base Award;ACTIVE;1;0;C610LBGO;;C610LBGO C701BLGO C612LBGO;C610LBGO=PART C701BLGO=PART C612LBGO=PART;;;C610LBGO->C610LB C701BLGO->C701BL C612LBGO->C612LB;shared;;;;PS6565;no
UNSYNCABLE_PARTS;no;ids que no son un producto vivo · familia compartida con otro producto;p-5891-gold-lucite-rising-tide-wave-monument-trophy;Gold Lucite Rising Tide Wave Monument Trophy;ACTIVE;1;0;CD848G;;CD848G;CD848G=PART;;;CD848G->CD848;shared;;;;PS6573;no
UNSYNCABLE_PARTS;no;ids que no son un producto vivo · familia compartida con otro producto;p-5896-gold-plaque-w-black-with-gold-florentine-plate;Gold Plaque w/ Black with Gold Florentine Plate;ACTIVE;1;0;C072AGO;;C072AGO C072BGO;C072AGO=PART C072BGO=PART;;;C072AGO->C072 C072BGO->C072;shared;;;;PS6578;no
UNSYNCABLE_PARTS;no;ids que no son un producto vivo · familia compartida con otro producto;p-5897-gold-spectrum-chisel-carved-tower-award;Gold Spectrum Chisel Carved Tower Award;ACTIVE;1;0;C612LGO;;C612LGO;C612LGO=PART;;;C612LGO->C612LB;shared;;;;PS6579;no
UNSYNCABLE_PARTS;no;ids que no son un producto vivo · familia compartida con otro producto;p-5899-gold-star-self-standing-plaque;Gold Star Self-Standing Plaque;ACTIVE;1;0;C0642G;;C0642G;C0642G=PART;;;C0642G->C0642;shared;;;;PS6581;no
UNSYNCABLE_PARTS;no;ids que no son un producto vivo · familia compartida con otro producto;p-5908-green-chisel-carve-tower-award-on-base;Green Chisel Carve Tower Award on Base;ACTIVE;1;0;C701BLGR;;C701BLGR;C701BLGR=PART;;;C701BLGR->C701BL;shared;;;;PS6590;no
UNSYNCABLE_PARTS;no;ids que no son un producto vivo · familia compartida con otro producto;p-5909-green-chisel-carve-tower-award;Green Chisel Carve Tower Award;ACTIVE;1;0;C701LGR;;C701LGR;C701LGR=PART;;;C701LGR->C701L;shared;;;;PS6591;no
UNSYNCABLE_PARTS;no;ids que no son un producto vivo · familia compartida con otro producto;p-5913-green-gemstone-brilliance-lucite-peak-award;Green Gemstone Brilliance Lucite Peak Award;ACTIVE;1;0;CD603AGR;;CD603AGR CD603BGR CD603CGR;CD603AGR=PART CD603BGR=PART CD603CGR=PART;;;CD603AGR->CD603 CD603BGR->CD603 CD603CGR->CD603;shared;;;;PS6595;no
UNSYNCABLE_PARTS;no;ids que no son un producto vivo;p-5927-highflying-eagle-head-award-trophy;Highflying Eagle Head Award Trophy;ACTIVE;1;0;CM224A;;CM224A CM224B CM224C;CM224A=PART CM224B=PART CM224C=PART;;;CM224A->CM224 CM224B->CM224 CM224C->CM224;simple;;;;PS6609;no
UNSYNCABLE_PARTS;no;ids que no son un producto vivo;p-5938-jade-glass-crescent-award-with-picture-frame;Jade Glass Crescent Award with Picture Frame;ACTIVE;1;0;GM454A;;GM454A GM454B GM454C;GM454A=PART GM454B=PART GM454C=PART;;;GM454A->GM454 GM454B->GM454 GM454C->GM454;simple;;;;PS6620;no
UNSYNCABLE_PARTS;no;ids que no son un producto vivo;p-5965-lasered-lucite-on-mahogany-plaque;Lasered Lucite on Mahogany Plaque;ACTIVE;1;0;CD664A;;CD664A CD664B;CD664A=PART CD664B=PART;;;CD664A->CD664 CD664B->CD664;simple;;;;PS6647;no
UNSYNCABLE_PARTS;no;ids que no son un producto vivo;p-5966-lucite-star-accent-tower-award-on-marble;Lucite Star Accent Tower Award on Marble;ACTIVE;1;0;CD41A;;CD41A CD41B CD41C;CD41A=PART CD41B=PART CD41C=PART;;;CD41A->CD41 CD41B->CD41 CD41C->CD41;simple;;;;PS6648;no
UNSYNCABLE_PARTS;no;ids que no son un producto vivo · familia compartida con otro producto;p-5968-layered-acrylic-plaque-wblack-back-and-circle;Layered Acrylic Plaque w/Black Back and Circle;ACTIVE;1;0;CD961BK;;CD961BK;CD961BK=PART;;;CD961BK->CD961;shared;;;;PS6650;no
UNSYNCABLE_PARTS;no;ids que no son un producto vivo · familia compartida con otro producto;p-5971-layered-acrylic-plaque-with-orange-back-and-circle-award;Layered Acrylic Plaque with Orange Back and Circle Award;ACTIVE;1;0;CD961OR;;CD961OR;CD961OR=PART;;;CD961OR->CD961;shared;;;;PS6653;no
UNSYNCABLE_PARTS;no;ids que no son un producto vivo · familia compartida con otro producto;p-6014-cork-leatherette-oval-keychain;Cork Leatherette Oval Keychain;ACTIVE;1;0;CM291CK;;CM291CK CM291RG CM291TL;CM291CK=FAMILY_PART CM291RG=FAMILY_PART CM291TL=PART;;;CM291TL->CM291*;shared;;;;PS6696;no
UNSYNCABLE_PARTS;no;ids que no son un producto vivo;p-6069-lucite-magnetic-entrapment-with-engraving;Lucite Magnetic Entrapment with Engraving;ACTIVE;1;0;CD882A;;CD882A CD882B CD882C;CD882A=PART CD882B=PART CD882C=PART;;;CD882A->CD882 CD882B->CD882 CD882C->CD882;simple;;;;PS6751;no
UNSYNCABLE_PARTS;no;ids que no son un producto vivo · familia compartida con otro producto;p-6071-lucite-square-rectangular-block-awards;Lucite Square & Rectangular Block Awards;ACTIVE;1;0;CD549A;;CD549A;CD549A=PART;;;CD549A->CD549;shared;;;;PS6753;no
UNSYNCABLE_PARTS;no;ids que no son un producto vivo · familia compartida con otro producto;p-6081-medium-digi;Medium Digi;ACTIVE;1;0;CD547AEB;;CD547AEB;CD547AEB=PART;;;CD547AEB->CD547A;shared;;;;PS6763;no
UNSYNCABLE_PARTS;no;ids que no son un producto vivo · familia compartida con otro producto;p-6082-medium-gold-chisel-carve-tower-award;Medium Gold Chisel Carve Tower Award;ACTIVE;1;0;C610LGO;;C610LGO;C610LGO=PART;;;C610LGO->C610L;shared;;;;PS6764;no
UNSYNCABLE_PARTS;no;ids que no son un producto vivo;p-6091-multi-faceted-clear-crystal-award-with-blue-and-black-base;Multi-Faceted Clear Crystal Award with Blue and Black Base;ACTIVE;1;0;GM727A;;GM727A GM727B GM727C;GM727A=PART GM727B=PART GM727C=PART;;;GM727A->GM727 GM727B->GM727 GM727C->GM727;simple;;;;PS6773;no
UNSYNCABLE_PARTS;no;ids que no son un producto vivo;p-6092-multi-tiered-optic-crystal-shield-award;Multi-Tiered Optic Crystal Shield Award;ACTIVE;1;0;GM679A;;GM679A GM679B GM679C;GM679A=PART GM679B=PART GM679C=PART;;;GM679A->GM679 GM679B->GM679 GM679C->GM679;simple;;;;PS6774;no
UNSYNCABLE_PARTS;no;ids que no son un producto vivo;p-6094-nile-tower-on-marble-base;Nile Tower On Marble Base;ACTIVE;1;0;CD313A;;CD313A CD313B;CD313A=PART CD313B=PART;;;CD313A->CD313 CD313B->CD313;simple;;;;PS6776;no
UNSYNCABLE_PARTS;no;ids que no son un producto vivo · familia compartida con otro producto;p-6101-optic-clear-crystal-cube-xx-large-award;Optic Clear Crystal Cube XX Large Award;ACTIVE;1;0;GM453E;;GM453E;GM453E=PART;;;GM453E->GM453;shared;;;;PS6783;no
UNSYNCABLE_PARTS;no;ids que no son un producto vivo · familia compartida con otro producto;p-6102-optic-clear-crystal-cube-x-large-award-trophy;Optic Clear Crystal Cube X Large Award Trophy;ACTIVE;1;0;GM453D;;GM453D;GM453D=PART;;;GM453D->GM453;shared;;;;PS6784;no
UNSYNCABLE_PARTS;no;ids que no son un producto vivo · familia compartida con otro producto;p-6103-optic-clear-crystal-cube-award-trophy;Optic Clear Crystal Cube Award Trophy;ACTIVE;1;0;GM453A;;GM453A GM453B GM453C;GM453A=PART GM453B=PART GM453C=PART;;;GM453A->GM453 GM453B->GM453 GM453C->GM453;shared;;;;PS6785;no
UNSYNCABLE_PARTS;no;ids que no son un producto vivo · varias familias;p-6116-optic-crystal-dome-wedge-award-trophy;Optic Crystal Dome Wedge Award Trophy;ACTIVE;1;0;GI581A;;GI581A GI581B;GI581A=ORPHAN GI581B=PART;;;GI581B->GI581;simple;;;;PS6798;no
UNSYNCABLE_PARTS;no;ids que no son un producto vivo · familia compartida con otro producto;p-6143-optic-crystal-wedge-award-trophy;Optic Crystal Wedge Award Trophy;ACTIVE;1;0;GI29A;;GI29A GI29B GI29C;GI29A=PART GI29B=PART GI29C=PART;;;GI29A->GI29 GI29B->GI29 GI29C->GI29;shared;;;;PS6825;no
UNSYNCABLE_PARTS;no;ids que no son un producto vivo;p-6158-pearl-edge-scroll-glass-on-black-base;Pearl Edge Scroll Glass on Black Base;ACTIVE;1;0;GM717A;;GM717A GM717B GM717C;GM717A=PART GM717B=PART GM717C=PART;;;GM717A->GM717 GM717B->GM717 GM717C->GM717;simple;;;;PS6840;no
UNSYNCABLE_PARTS;no;ids que no son un producto vivo;p-6164-pinstripe-award;Pinstripe Award;ACTIVE;1;0;CD1028A;;CD1028A CD1028B;CD1028A=PART CD1028B=PART;;;CD1028A->CD1028 CD1028B->CD1028;simple;;;;PS6846;no
UNSYNCABLE_PARTS;no;ids que no son un producto vivo · familia compartida con otro producto;p-6169-premium-black-glass-tablet-with-metal-stand;Premium Black Glass Tablet with Metal Stand;ACTIVE;1;0;GM699B;;GM699B GM699C;GM699B=PART GM699C=PART;;;GM699B->GM699 GM699C->GM699;shared;;;;PS6851;no
UNSYNCABLE_PARTS;no;ids que no son un producto vivo · familia compartida con otro producto;p-6170-premium-black-glass-tablet-with-metal-stand-small;Premium Black Glass Tablet with Metal Stand Small;ACTIVE;1;0;GM699A;;GM699A;GM699A=PART;;;GM699A->GM699;shared;;;;PS6852;no
UNSYNCABLE_PARTS;no;ids que no son un producto vivo · familia compartida con otro producto;p-6171-premium-blue-glass-tablet-with-metal-stand;Premium Blue Glass Tablet with Metal Stand;ACTIVE;1;0;GM698B;;GM698B GM698C;GM698B=PART GM698C=PART;;;GM698B->GM698 GM698C->GM698;shared;;;;PS6853;no
UNSYNCABLE_PARTS;no;ids que no son un producto vivo · familia compartida con otro producto;p-6172-premium-blue-glass-tablet-with-metal-stand-small;Premium Blue Glass Tablet with Metal Stand Small;ACTIVE;1;0;GM698A;;GM698A;GM698A=PART;;;GM698A->GM698;shared;;;;PS6854;no
UNSYNCABLE_PARTS;no;ids que no son un producto vivo;p-6173-premium-horizontal-jade-glass-tablet-with-metal-stand;Premium Horizontal Jade Glass Tablet with Metal Stand;ACTIVE;1;0;GM669A;;GM669A GM669B GM669C;GM669A=PART GM669B=PART GM669C=PART;;;GM669A->GM669 GM669B->GM669 GM669C->GM669;simple;;;;PS6855;no
UNSYNCABLE_PARTS;no;ids que no son un producto vivo · familia compartida con otro producto;p-6182-purple-chisel-carve-tower-award-on-base;Purple Chisel Carve Tower Award on Base;ACTIVE;1;0;C701BLPU;;C701BLPU;C701BLPU=PART;;;C701BLPU->C701BL;shared;;;;PS6864;no
UNSYNCABLE_PARTS;no;ids que no son un producto vivo · familia compartida con otro producto;p-6189-rectangle-etched-edge-crystal-with-layered-base-large;Rectangle Etched Edge Crystal with Layered Base Large;ACTIVE;1;0;GM731C;;GM731C;GM731C=PART;;;GM731C->GM731;shared;;;;PS6871;no
UNSYNCABLE_PARTS;no;ids que no son un producto vivo · familia compartida con otro producto;p-6190-rectangle-etched-edge-crystal-with-layered-base;Rectangle Etched Edge Crystal with Layered Base;ACTIVE;1;0;GM731A;;GM731A GM731B;GM731A=PART GM731B=PART;;;GM731A->GM731 GM731B->GM731;shared;;;;PS6872;no
UNSYNCABLE_PARTS;no;ids que no son un producto vivo · familia compartida con otro producto;p-6192-red-arched-brilliance-award-on-clear-base;Red Arched Brilliance Award on Clear Base;ACTIVE;1;0;CD636R;;CD636R;CD636R=PART;;;CD636R->CD636;shared;;;;PS6874;no
UNSYNCABLE_PARTS;no;ids que no son un producto vivo · familia compartida con otro producto;p-6196-red-chisel-carve-tower-award-on-base;Red Chisel Carve Tower Award on Base;ACTIVE;1;0;C701BLRE;;C701BLRE;C701BLRE=PART;;;C701BLRE->C701BL;shared;;;;PS6878;no
UNSYNCABLE_PARTS;no;ids que no son un producto vivo · familia compartida con otro producto;p-6198-red-deco-lucite-peak-on-marble-base-award-trophy;Red Deco Lucite Peak On Marble Base Award Trophy;ACTIVE;1;0;CD854AR;;CD854AR CD854BR;CD854AR=PART CD854BR=PART;;;CD854AR->CD854 CD854BR->CD854;shared;;;;PS6880;no
UNSYNCABLE_PARTS;no;ids que no son un producto vivo · familia compartida con otro producto;p-6199-red-designs-deco-lucite-tablet-award-trophy;Red Designs Deco Lucite Tablet Award Trophy;ACTIVE;1;0;CD852AR;;CD852AR CD852BR;CD852AR=PART CD852BR=PART;;;CD852AR->CD852 CD852BR->CD852;shared;;;;PS6881;no
UNSYNCABLE_PARTS;no;ids que no son un producto vivo · familia compartida con otro producto;p-6205-red-plaque-w-marble-mist-small;Red Plaque w/ Marble Mist Small;ACTIVE;1;0;C023BR;;C023BR;C023BR=PART;;;C023BR->C023;shared;;;;PS6887;no
UNSYNCABLE_PARTS;no;ids que no son un producto vivo · familia compartida con otro producto;p-6206-red-plaque-with-marble-mist-large;Red Plaque with Marble Mist Large;ACTIVE;1;0;C023AR;;C023AR;C023AR=PART;;;C023AR->C023;shared;;;;PS6888;no
UNSYNCABLE_PARTS;no;ids que no son un producto vivo · familia compartida con otro producto;p-6208-red-spectrum-chisel-carved-tower-award;Red Spectrum Chisel Carved Tower Award;ACTIVE;1;0;C701LRE;;C701LRE;C701LRE=PART;;;C701LRE->C701L;shared;;;;PS6890;no
UNSYNCABLE_PARTS;no;ids que no son un producto vivo · varias familias;p-6238-silver-architectural-metal-swirl-wall-plaque;Silver Architectural Metal Swirl Wall Plaque;ACTIVE;1;0;CD434S;;CD434S CD435S CD436S;CD434S=PART CD435S=PART CD436S=PART;;;CD434S->CD434* CD435S->CD435* CD436S->CD436*;simple;;;;PS6920;no
UNSYNCABLE_PARTS;no;ids que no son un producto vivo · familia compartida con otro producto;p-6246-silver-metal-trophy-cup;Silver Metal Trophy Cup;ACTIVE;1;0;CM401AS;;CM401AS CM401BS CM401CS;CM401AS=PART CM401BS=PART CM401CS=PART;;;CM401AS->CM401 CM401BS->CM401 CM401CS->CM401;shared;;;;PS6928;no
UNSYNCABLE_PARTS;no;ids que no son un producto vivo · familia compartida con otro producto;p-6249-silver-star-self-standing-plaque;Silver Star Self-Standing Plaque;ACTIVE;1;0;C0642S;;C0642S;C0642S=PART;;;C0642S->C0642;shared;;;;PS6931;no
UNSYNCABLE_PARTS;no;ids que no son un producto vivo · familia compartida con otro producto;p-6256-simplicity-plate-on-ebony-board-plaque;Simplicity Plate on Ebony Board Plaque;ACTIVE;1;0;C076AB;;C076AB C076AGO C076AR C076AS;C076AB=PART C076AGO=PART C076AR=PART C076AS=PART;;;C076AB->C076 C076AGO->C076 C076AR->C076 C076AS->C076;shared;;;;PS6938;no
UNSYNCABLE_PARTS;no;ids que no son un producto vivo · varias familias · familia compartida con otro producto;p-6258-simplicity-plate-on-walnut-finish-board-plaque;Simplicity Plate on Walnut Finish Board Plaque;ACTIVE;1;0;C075AB;;C075AB C075AGO C075AR C075AS;C075AB=PART C075AGO=PART C075AR=PART C075AS=ORPHAN;;;C075AB->C075 C075AGO->C075 C075AR->C075;shared;;;;PS6940;no
UNSYNCABLE_PARTS;no;ids que no son un producto vivo · familia compartida con otro producto;p-6266-slide-in-certificate-ebony-plaque-ebony-in-mailer-box;Slide-in Certificate Ebony Plaque Ebony in Mailer Box;ACTIVE;1;0;CD120M;;CD120M;CD120M=PART;;;CD120M->CD120G;simple;;;;PS6948;no
UNSYNCABLE_PARTS;no;ids que no son un producto vivo · varias familias · familia compartida con otro producto;p-6270-slide-in-certificate-walnut-plaque-in-gift-box;Slide-in Certificate Walnut Plaque in Gift Box;ACTIVE;1;0;C4801AAG;;C4801AAG C4801AG C4801BG C4801CG;C4801AAG=PART C4801AG=PART C4801BG=PART C4801CG=PART;;;C4801AAG->C4801AA C4801AG->C4801A C4801BG->C4801B C4801CG->C4801C;shared;;;;PS6952;no
UNSYNCABLE_PARTS;no;ids que no son un producto vivo · varias familias · familia compartida con otro producto;p-6271-slide-in-certificate-walnut-plaque-in-mailer-box;Slide-in Certificate Walnut Plaque in Mailer Box;ACTIVE;1;0;C4801AAM;;C4801AAM C4801AM C4801BM C4801CM;C4801AAM=PART C4801AM=PART C4801BM=PART C4801CM=PART;;;C4801AAM->C4801AA C4801AM->C4801A C4801BM->C4801B C4801CM->C4801C;shared;;;;PS6953;no
UNSYNCABLE_PARTS;no;ids que no son un producto vivo · varias familias;p-6311-thick-beveled-paperweight-award;Thick Beveled Paperweight Award;ACTIVE;1;0;CD226A;;CD226A DCCD226B CD226B;CD226A=PART DCCD226B=ORPHAN CD226B=PART;;;CD226A->CD226 CD226B->CD226;simple;;;;PS6993;no
UNSYNCABLE_PARTS;no;ids que no son un producto vivo · familia compartida con otro producto;p-6321-walnut-certificate-frame-with-gold-metallized-accent;Walnut Certificate Frame with Gold Metallized Accent;ACTIVE;1;0;C4802WG;;C4802WG;C4802WG=PART;;;C4802WG->C4802;shared;;;;PS7003;no
UNSYNCABLE_PARTS;no;ids que no son un producto vivo · familia compartida con otro producto;p-6322-walnut-finish-digi;Walnut Finish  Digi;ACTIVE;1;0;CD547CWN;;CD547CWN;CD547CWN=PART;;;CD547CWN->CD547C;shared;;;;PS7004;no
UNSYNCABLE_PARTS;no;ids que no son un producto vivo · varias familias · familia compartida con otro producto;p-6324-walnut-finish-certificateoverlay-plaque-in-gift-box;Walnut Finish Certificate/Overlay Plaque in Gift Box;ACTIVE;1;0;C3501AWNG;;C3501AWNG C3501BWNG C3501CWNG;C3501AWNG=PART C3501BWNG=ORPHAN C3501CWNG=PART;;;C3501AWNG->C3501A C3501CWNG->C3501C;shared;;;;PS7006;no
UNSYNCABLE_PARTS;no;ids que no son un producto vivo · varias familias · familia compartida con otro producto;p-6325-walnut-finish-certificateoverlay-plaque-in-mailer-box;Walnut Finish Certificate/Overlay Plaque in Mailer Box;ACTIVE;1;0;C3501AWNM;;C3501AWNM C3501BWNM C3501CWNM C3501AWM C3501BWM;C3501AWNM=PART C3501BWNM=ORPHAN C3501CWNM=PART C3501AWM=PART C3501BWM=ORPHAN;;;C3501AWNM->C3501A C3501CWNM->C3501C C3501AWM->C3501A;shared;;;;PS7007;no
UNSYNCABLE_PARTS;no;ids que no son un producto vivo · varias familias · familia compartida con otro producto;p-6326-walnut-finish-digi;Walnut Finish Digi;ACTIVE;1;0;CD547AWN;;CD547AWN CD547BWN;CD547AWN=PART CD547BWN=PART;;;CD547AWN->CD547A CD547BWN->CD547B;shared;;;;PS7008;no
UNSYNCABLE_PARTS;no;ids que no son un producto vivo · varias familias · familia compartida con otro producto;p-6329-walnut-finish-plaque-with-black-florentine-plate;Walnut Finish Plaque with Black Florentine Plate;ACTIVE;1;0;C071AGOWF;;C071AGOWF C071BGOWF;C071AGOWF=PART C071BGOWF=PART;;;C071AGOWF->C071A C071BGOWF->C071B;shared;;;;PS7011;no
UNSYNCABLE_PARTS;no;ids que no son un producto vivo;p-6342-white-wood-beveled-edge-block;White Wood Beveled Edge Block;ACTIVE;1;0;DCCD944A;;DCCD944A DCCD944B DCCD944C;DCCD944A=PART DCCD944B=PART DCCD944C=PART;;;DCCD944A->DCCD944 DCCD944B->DCCD944 DCCD944C->DCCD944;simple;;;;PS7024;no
UNSYNCABLE_PARTS;no;ids que no son un producto vivo · familia compartida con otro producto;p-7627-anniversary-freestanding-3-year-award;Anniversary Freestanding 3 Year Award;ACTIVE;1;0;CD904Y3;;CD904Y3;CD904Y3=PART;;;CD904Y3->CD904AY*;shared;;;;PS6059-3;no
UNSYNCABLE_PARTS;no;ids que no son un producto vivo · familia compartida con otro producto;p-7628-anniversary-freestanding-1-year-award;Anniversary Freestanding 1 Year Award;ACTIVE;1;0;CD904Y1;;CD904Y1;CD904Y1=PART;;;CD904Y1->CD904AY*;shared;;;;PS6059-1;no
UNSYNCABLE_PARTS;no;ids que no son un producto vivo · familia compartida con otro producto;p-7837-angular-clearblack-glass-award;Angular Clear/Black Glass Award;ACTIVE;1;0;GI672BK;;GI672BK;GI672BK=PART;;;GI672BK->GI672;shared;;;;PS8097;no
UNSYNCABLE_PARTS;no;ids que no son un producto vivo · familia compartida con otro producto;p-7838-angular-clearblue-glass-award;Angular Clear/Blue Glass Award;ACTIVE;1;0;GI672B;;GI672B;GI672B=PART;;;GI672B->GI672;shared;;;;PS8098;no
UNSYNCABLE_PARTS;no;ids que no son un producto vivo · varias familias;p-7842-anniversary-service-recognition-awards;Anniversary Service Recognition Awards;ACTIVE;1;0;CD980Y10;;CD980Y10 CD980Y15 CD980Y20 CD980Y25 CD980Y30 CD980Y35 CD980Y40 CD980Y45 CD980Y5 CD980Y50 CD981Y10 CD981Y15 CD981Y20 CD981Y25 CD981Y30 CD981Y35 CD981Y40 CD981Y45 CD981Y5 CD981Y50;CD980Y10=ORPHAN CD980Y15=ORPHAN CD980Y20=ORPHAN CD980Y25=ORPHAN CD980Y30=ORPHAN CD980Y35=ORPHAN CD980Y40=ORPHAN CD980Y45=ORPHAN CD980Y5=ORPHAN CD980Y50=ORPHAN CD981Y10=PART CD981Y15=PART CD981Y20=PART CD981Y25=PART CD981Y30=PART CD981Y35=PART CD981Y40=PART CD981Y45=PART CD981Y5=PART CD981Y50=PART;;;CD981Y10->CD981Y* CD981Y15->CD981Y* CD981Y20->CD981Y* CD981Y25->CD981Y* CD981Y30->CD981Y* CD981Y35->CD981Y* CD981Y40->CD981Y* CD981Y45->CD981Y* CD981Y5->CD981Y* CD981Y50->CD981Y*;simple;;;;PS8117;no
UNSYNCABLE_PARTS;no;ids que no son un producto vivo;p-7863-beveled-clipped-corner-paperweight;Beveled Clipped Corner Paperweight;ACTIVE;1;0;GM753A;;GM753A GM753B GM753C;GM753A=PART GM753B=PART GM753C=PART;;;GM753A->GM753 GM753B->GM753 GM753C->GM753;simple;;;;PS8173;no
UNSYNCABLE_PARTS;no;ids que no son un producto vivo · familia compartida con otro producto;p-7881-black-walnut-cutting-charcuterie-board-large;Black Walnut Cutting & Charcuterie Board Large;ACTIVE;1;0;CM750E;;CM750E CM750F;CM750E=PART CM750F=PART;;;CM750E->CM750 CM750F->CM750;shared;;;;PS8221;no
UNSYNCABLE_PARTS;no;ids que no son un producto vivo · familia compartida con otro producto;p-7882-black-walnut-cutting-charcuterie-board;Black Walnut Cutting & Charcuterie Board;ACTIVE;1;0;CM750A;;CM750A CM750C CM750D CM750B;CM750A=PART CM750C=PART CM750D=PART CM750B=PART;;;CM750A->CM750 CM750C->CM750 CM750D->CM750 CM750B->CM750;shared;;;;PS8222;no
UNSYNCABLE_PARTS;no;ids que no son un producto vivo · varias familias · familia compartida con otro producto;p-7888-blue-acrylic-color-drops-award;Blue Acrylic Color Drops Award;ACTIVE;1;0;CD1101AB;;CD1101AB CD1101BB CD1101CB;CD1101AB=PART CD1101BB=PART CD1101CB=PART;;;CD1101AB->CD1101A CD1101BB->CD1101B CD1101CB->CD1101C;shared;;;;PS8232;no
UNSYNCABLE_PARTS;no;ids que no son un producto vivo · familia compartida con otro producto;p-7896-blue-marble-florentine-plate-on-ebony-finish-board;Blue Marble Florentine Plate on Ebony Finish Board;ACTIVE;1;0;CD414BBEF;;CD414BBEF;CD414BBEF=PART;;;CD414BBEF->CD414*;shared;;;;PS8278;no
UNSYNCABLE_PARTS;no;ids que no son un producto vivo · familia compartida con otro producto;p-7898-blue-teardrop-art-glass;Blue Teardrop Art Glass;ACTIVE;1;0;GM805B;;GM805B;GM805B=PART;;;GM805B->GM805;shared;;;;PS8297;no
UNSYNCABLE_PARTS;no;ids que no son un producto vivo · familia compartida con otro producto;p-7917-clear-acrylic-perpetual-plate;Clear Acrylic Perpetual Plate;ACTIVE;1;0;CD1222PLT;;CD1222PLT;CD1222PLT=PART;;;CD1222PLT->CD1222;simple;;;;PS8361;no
UNSYNCABLE_PARTS;no;ids que no son un producto vivo;p-7923-clear-crystal-angular-award-with-amber-center;Clear Crystal Angular Award with Amber Center;ACTIVE;1;0;GI664A;;GI664A GI664B GI664C;GI664A=PART GI664B=PART GI664C=PART;;;GI664A->GI664 GI664B->GI664 GI664C->GI664;simple;;;;PS8382;no
UNSYNCABLE_PARTS;no;ids que no son un producto vivo;p-7925-clear-crystal-diamond-face-award-with-red-bottom;Clear Crystal Diamond Face Award with Red Bottom;ACTIVE;1;0;GM749ARE;;GM749ARE GM749BRE GM749ABL GM749BBL;GM749ARE=PART GM749BRE=PART GM749ABL=PART GM749BBL=PART;;;GM749ARE->GM749 GM749BRE->GM749 GM749ABL->GM749 GM749BBL->GM749;simple;;;;PS8387;no
UNSYNCABLE_PARTS;no;ids que no son un producto vivo · familia compartida con otro producto;p-7930-clear-crystal-with-black-crystal-accents;Clear Crystal with Black Crystal Accents;ACTIVE;1;0;GI673BK;;GI673BK;GI673BK=PART;;;GI673BK->GI673;shared;;;;PS8396;no
UNSYNCABLE_PARTS;no;ids que no son un producto vivo · familia compartida con otro producto;p-7931-clear-crystal-with-blue-black-crystal-accents;Clear Crystal with Blue & Black Crystal Accents;ACTIVE;1;0;GI673B;;GI673B;GI673B=PART;;;GI673B->GI673;shared;;;;PS8397;no
UNSYNCABLE_PARTS;no;ids que no son un producto vivo · familia compartida con otro producto;p-7932-clear-crystal-with-red-black-crystal-accents;Clear Crystal with Red & Black Crystal Accents;ACTIVE;1;0;GI673R;;GI673R;GI673R=PART;;;GI673R->GI673;shared;;;;PS8398;no
UNSYNCABLE_PARTS;no;ids que no son un producto vivo;p-7939-clear-vase;Clear Vase;ACTIVE;1;0;G0988A;;G0988A G0988B;G0988A=PART G0988B=PART;;;G0988A->G0988 G0988B->G0988;simple;;;;PS8422;no
UNSYNCABLE_PARTS;no;ids que no son un producto vivo;p-7944-cosmopolitan-plaque-small;Cosmopolitan Plaque Small;ACTIVE;1;0;CD1095B;;CD1095B CD1095G CD1095S;CD1095B=PART CD1095G=PART CD1095S=PART;;;CD1095B->CD1095* CD1095G->CD1095* CD1095S->CD1095*;simple;;;;PS8448;no
UNSYNCABLE_PARTS;no;ids que no son un producto vivo · varias familias;p-7945-cosmopolitan-plaque-large;Cosmopolitan Plaque Large;ACTIVE;1;0;CD1096B;;CD1096B CD1096G CD1096S CD1097B CD1097G CD1097S;CD1096B=PART CD1096G=PART CD1096S=PART CD1097B=PART CD1097G=PART CD1097S=PART;;;CD1096B->CD1096* CD1096G->CD1096* CD1096S->CD1096* CD1097B->CD1097* CD1097G->CD1097* CD1097S->CD1097*;simple;;;;PS8449;no
UNSYNCABLE_PARTS;no;ids que no son un producto vivo;p-7947-crescent-interlock-perpetual-award;Crescent Interlock Perpetual Award;ACTIVE;1;0;CD909B;;CD909B CD909W;CD909B=PART CD909W=PART;;;CD909B->CD909* CD909W->CD909*;simple;;;;PS8451;no
UNSYNCABLE_PARTS;no;ids que no son un producto vivo;p-7955-crystal-golf-ball-and-green-accented-pin-award;Crystal Golf Ball and Green Accented Pin Award;ACTIVE;1;0;GM671A;;GM671A GM671B GM671C;GM671A=PART GM671B=PART GM671C=PART;;;GM671A->GM671 GM671B->GM671 GM671C->GM671;simple;;;;PS8471;no
UNSYNCABLE_PARTS;no;ids que no son un producto vivo;p-7957-crystal-pyramid;Crystal Pyramid;ACTIVE;1;0;GM827A;;GM827A GM827B;GM827A=PART GM827B=PART;;;GM827A->GM827 GM827B->GM827;simple;;;;PS8475;no
UNSYNCABLE_PARTS;no;ids que no son un producto vivo · familia compartida con otro producto;p-7958-crystal-tablet-with-globe-small;Crystal Tablet with Globe Small;ACTIVE;1;0;GM755B;;GM755B GM755C GM755D;GM755B=PART GM755C=PART GM755D=PART;;;GM755B->GM755 GM755C->GM755 GM755D->GM755;shared;;;;PS8481;no
UNSYNCABLE_PARTS;no;ids que no son un producto vivo · familia compartida con otro producto;p-7959-crystal-tablet-with-globe-large;Crystal Tablet with Globe Large;ACTIVE;1;0;GM755A;;GM755A;GM755A=PART;;;GM755A->GM755;shared;;;;PS8482;no
UNSYNCABLE_PARTS;no;ids que no son un producto vivo;p-7960-crystal-tablet-with-linear-accent;Crystal Tablet with Linear Accent;ACTIVE;1;0;GM754A;;GM754A GM754B;GM754A=PART GM754B=PART;;;GM754A->GM754 GM754B->GM754;simple;;;;PS8485;no
UNSYNCABLE_PARTS;no;ids que no son un producto vivo;p-7963-crystal-golfer-tower-award;Crystal Golfer Tower Award;ACTIVE;1;0;GM690A;;GM690A GM690B GM690C;GM690A=PART GM690B=PART GM690C=PART;;;GM690A->GM690 GM690B->GM690 GM690C->GM690;simple;;;;PS8500;no
UNSYNCABLE_PARTS;no;ids que no son un producto vivo · familia compartida con otro producto;p-7976-diamond-tower;Diamond Tower;ACTIVE;1;0;GI674A;;GI674A GI674B;GI674A=PART GI674B=PART;;;GI674A->GI674 GI674B->GI674;shared;;;;PS8543;no
UNSYNCABLE_PARTS;no;ids que no son un producto vivo · familia compartida con otro producto;p-7977-diamond-tower-large;Diamond Tower. Large;ACTIVE;1;0;GI674C;;GI674C;GI674C=PART;;;GI674C->GI674;shared;;;;PS8544;no
UNSYNCABLE_PARTS;no;ids que no son un producto vivo;p-7983-ebony-piano-finish-plaque-with-raised-glass;Ebony Piano Finish Plaque with Raised Glass;ACTIVE;1;0;G0985A;;G0985A G0985B;G0985A=PART G0985B=PART;;;G0985A->G0985 G0985B->G0985;simple;;;;PS8577;no
UNSYNCABLE_PARTS;no;ids que no son un producto vivo · familia compartida con otro producto;p-7984-ebony-piano-finish-plaque;Ebony Piano Finish Plaque;ACTIVE;1;0;DCCD520DEB;;DCCD520DEB;DCCD520DEB=PART;;;DCCD520DEB->DCCD520;shared;;;;PS8579;no
UNSYNCABLE_PARTS;no;ids que no son un producto vivo · familia compartida con otro producto;p-7985-extra-large-digi;Extra-Large Digi;ACTIVE;1;0;CD547CEB;;CD547CEB;CD547CEB=PART;;;CD547CEB->CD547C;shared;;;;PS8591;no
UNSYNCABLE_PARTS;no;ids que no son un producto vivo;p-7988-faceted-clear-crystal-with-black-crystal-award;Faceted Clear Crystal with Black Crystal Award;ACTIVE;1;0;GI671A;;GI671A GI671B GI671C;GI671A=PART GI671B=PART GI671C=PART;;;GI671A->GI671 GI671B->GI671 GI671C->GI671;simple;;;;PS8594;no
UNSYNCABLE_PARTS;no;ids que no son un producto vivo;p-7991-faceted-edge-crystal-paperweight;Faceted Edge Crystal Paperweight;ACTIVE;1;0;GM826A;;GM826A GM826B;GM826A=PART GM826B=PART;;;GM826A->GM826 GM826B->GM826;simple;;;;PS8598;no
UNSYNCABLE_PARTS;no;ids que no son un producto vivo · familia compartida con otro producto;p-8001-frosted-acrylic-ca-state-cutout-on-black-plaque;Frosted Acrylic CA State Cutout on Black Plaque;ACTIVE;1;0;CD953CA;;CD953CA;CD953CA=PART;;;CD953CA->CD953AK/CD953AL/CD953AR/CD953AZ/CD953CO/CD953CT/CD953GA/CD953IA/CD953IL/CD953IN/CD953KS/CD953KY/CD953LA/CD953ME/CD953MN/CD953MO/CD953MS/CD953MT/CD953ND/CD953NE/CD953NH/CD953NJ/CD953NM/CD953NV/CD953NY/CD953OH/CD953OK/CD953OR/CD953PA/CD953RI/CD953SC/CD953SD/CD953TX/CD953UT/CD953VA/CD953VT/CD953WA/CD953WI/CD953WV/CD953WY;shared;;;;PS8634;no
UNSYNCABLE_PARTS;no;ids que no son un producto vivo · familia compartida con otro producto;p-8004-frosted-acrylic-de-state-cutout-on-black-plaque;Frosted Acrylic DE State Cutout on Black Plaque;ACTIVE;1;0;CD953DE;;CD953DE;CD953DE=PART;;;CD953DE->CD953AK/CD953AL/CD953AR/CD953AZ/CD953CO/CD953CT/CD953GA/CD953IA/CD953IL/CD953IN/CD953KS/CD953KY/CD953LA/CD953ME/CD953MN/CD953MO/CD953MS/CD953MT/CD953ND/CD953NE/CD953NH/CD953NJ/CD953NM/CD953NV/CD953NY/CD953OH/CD953OK/CD953OR/CD953PA/CD953RI/CD953SC/CD953SD/CD953TX/CD953UT/CD953VA/CD953VT/CD953WA/CD953WI/CD953WV/CD953WY;shared;;;;PS8637;no
UNSYNCABLE_PARTS;no;ids que no son un producto vivo · familia compartida con otro producto;p-8005-frosted-acrylic-fl-state-cutout-on-black-plaque;Frosted Acrylic FL State Cutout on Black Plaque;ACTIVE;1;0;CD953FL;;CD953FL;CD953FL=PART;;;CD953FL->CD953AK/CD953AL/CD953AR/CD953AZ/CD953CO/CD953CT/CD953GA/CD953IA/CD953IL/CD953IN/CD953KS/CD953KY/CD953LA/CD953ME/CD953MN/CD953MO/CD953MS/CD953MT/CD953ND/CD953NE/CD953NH/CD953NJ/CD953NM/CD953NV/CD953NY/CD953OH/CD953OK/CD953OR/CD953PA/CD953RI/CD953SC/CD953SD/CD953TX/CD953UT/CD953VA/CD953VT/CD953WA/CD953WI/CD953WV/CD953WY;shared;;;;PS8639;no
UNSYNCABLE_PARTS;no;ids que no son un producto vivo · familia compartida con otro producto;p-8007-frosted-acrylic-hi-state-cutout-on-black-plaque;Frosted Acrylic HI State Cutout on Black Plaque;ACTIVE;1;0;CD953HI;;CD953HI;CD953HI=PART;;;CD953HI->CD953AK/CD953AL/CD953AR/CD953AZ/CD953CO/CD953CT/CD953GA/CD953IA/CD953IL/CD953IN/CD953KS/CD953KY/CD953LA/CD953ME/CD953MN/CD953MO/CD953MS/CD953MT/CD953ND/CD953NE/CD953NH/CD953NJ/CD953NM/CD953NV/CD953NY/CD953OH/CD953OK/CD953OR/CD953PA/CD953RI/CD953SC/CD953SD/CD953TX/CD953UT/CD953VA/CD953VT/CD953WA/CD953WI/CD953WV/CD953WY;shared;;;;PS8641;no
UNSYNCABLE_PARTS;no;ids que no son un producto vivo · familia compartida con otro producto;p-8009-frosted-acrylic-id-state-cutout-on-black-plaque;Frosted Acrylic ID State Cutout on Black Plaque;ACTIVE;1;0;CD953ID;;CD953ID;CD953ID=PART;;;CD953ID->CD953AK/CD953AL/CD953AR/CD953AZ/CD953CO/CD953CT/CD953GA/CD953IA/CD953IL/CD953IN/CD953KS/CD953KY/CD953LA/CD953ME/CD953MN/CD953MO/CD953MS/CD953MT/CD953ND/CD953NE/CD953NH/CD953NJ/CD953NM/CD953NV/CD953NY/CD953OH/CD953OK/CD953OR/CD953PA/CD953RI/CD953SC/CD953SD/CD953TX/CD953UT/CD953VA/CD953VT/CD953WA/CD953WI/CD953WV/CD953WY;shared;;;;PS8643;no
UNSYNCABLE_PARTS;no;ids que no son un producto vivo · familia compartida con otro producto;p-8015-frosted-acrylic-ma-state-cutout-on-black-plaque;Frosted Acrylic MA State Cutout on Black Plaque;ACTIVE;1;0;CD953MA;;CD953MA;CD953MA=PART;;;CD953MA->CD953AK/CD953AL/CD953AR/CD953AZ/CD953CO/CD953CT/CD953GA/CD953IA/CD953IL/CD953IN/CD953KS/CD953KY/CD953LA/CD953ME/CD953MN/CD953MO/CD953MS/CD953MT/CD953ND/CD953NE/CD953NH/CD953NJ/CD953NM/CD953NV/CD953NY/CD953OH/CD953OK/CD953OR/CD953PA/CD953RI/CD953SC/CD953SD/CD953TX/CD953UT/CD953VA/CD953VT/CD953WA/CD953WI/CD953WV/CD953WY;shared;;;;PS8649;no
UNSYNCABLE_PARTS;no;ids que no son un producto vivo · familia compartida con otro producto;p-8016-frosted-acrylic-md-state-cutout-on-black-plaque;Frosted Acrylic MD State Cutout on Black Plaque;ACTIVE;1;0;CD953MD;;CD953MD;CD953MD=PART;;;CD953MD->CD953AK/CD953AL/CD953AR/CD953AZ/CD953CO/CD953CT/CD953GA/CD953IA/CD953IL/CD953IN/CD953KS/CD953KY/CD953LA/CD953ME/CD953MN/CD953MO/CD953MS/CD953MT/CD953ND/CD953NE/CD953NH/CD953NJ/CD953NM/CD953NV/CD953NY/CD953OH/CD953OK/CD953OR/CD953PA/CD953RI/CD953SC/CD953SD/CD953TX/CD953UT/CD953VA/CD953VT/CD953WA/CD953WI/CD953WV/CD953WY;shared;;;;PS8650;no
UNSYNCABLE_PARTS;no;ids que no son un producto vivo · familia compartida con otro producto;p-8018-frosted-acrylic-mi-state-cutout-on-black-plaque;Frosted Acrylic MI State Cutout on Black Plaque;ACTIVE;1;0;CD953MI;;CD953MI;CD953MI=PART;;;CD953MI->CD953AK/CD953AL/CD953AR/CD953AZ/CD953CO/CD953CT/CD953GA/CD953IA/CD953IL/CD953IN/CD953KS/CD953KY/CD953LA/CD953ME/CD953MN/CD953MO/CD953MS/CD953MT/CD953ND/CD953NE/CD953NH/CD953NJ/CD953NM/CD953NV/CD953NY/CD953OH/CD953OK/CD953OR/CD953PA/CD953RI/CD953SC/CD953SD/CD953TX/CD953UT/CD953VA/CD953VT/CD953WA/CD953WI/CD953WV/CD953WY;shared;;;;PS8652;no
UNSYNCABLE_PARTS;no;ids que no son un producto vivo · familia compartida con otro producto;p-8023-frosted-acrylic-nc-state-cutout-on-black-plaque;Frosted Acrylic NC State Cutout on Black Plaque;ACTIVE;1;0;CD953NC;;CD953NC;CD953NC=PART;;;CD953NC->CD953AK/CD953AL/CD953AR/CD953AZ/CD953CO/CD953CT/CD953GA/CD953IA/CD953IL/CD953IN/CD953KS/CD953KY/CD953LA/CD953ME/CD953MN/CD953MO/CD953MS/CD953MT/CD953ND/CD953NE/CD953NH/CD953NJ/CD953NM/CD953NV/CD953NY/CD953OH/CD953OK/CD953OR/CD953PA/CD953RI/CD953SC/CD953SD/CD953TX/CD953UT/CD953VA/CD953VT/CD953WA/CD953WI/CD953WV/CD953WY;shared;;;;PS8657;no
UNSYNCABLE_PARTS;no;ids que no son un producto vivo · familia compartida con otro producto;p-8038-frosted-acrylic-tn-state-cutout-on-black-plaque;Frosted Acrylic TN State Cutout on Black Plaque;ACTIVE;1;0;CD953TN;;CD953TN;CD953TN=PART;;;CD953TN->CD953AK/CD953AL/CD953AR/CD953AZ/CD953CO/CD953CT/CD953GA/CD953IA/CD953IL/CD953IN/CD953KS/CD953KY/CD953LA/CD953ME/CD953MN/CD953MO/CD953MS/CD953MT/CD953ND/CD953NE/CD953NH/CD953NJ/CD953NM/CD953NV/CD953NY/CD953OH/CD953OK/CD953OR/CD953PA/CD953RI/CD953SC/CD953SD/CD953TX/CD953UT/CD953VA/CD953VT/CD953WA/CD953WI/CD953WV/CD953WY;shared;;;;PS8672;no
UNSYNCABLE_PARTS;no;ids que no son un producto vivo · varias familias · familia compartida con otro producto;p-8053-gold-metal-trophy-cup;Gold Metal Trophy Cup;ACTIVE;1;0;CM401AG;;CM401AG CM401BG CM401CG DA01;CM401AG=PART CM401BG=PART CM401CG=PART DA01=ORPHAN;;;CM401AG->CM401 CM401BG->CM401 CM401CG->CM401;shared;;;;PS8784;no
UNSYNCABLE_PARTS;no;ids que no son un producto vivo;p-8054-goldsilver-plastic-cup-on-marble-base;Gold/Silver Plastic Cup on Marble Base;ACTIVE;1;0;CM725A;;CM725A CM725B CM725C;CM725A=PART CM725B=PART CM725C=PART;;;CM725A->CM725 CM725B->CM725 CM725C->CM725;simple;;;;PS8797;no
UNSYNCABLE_PARTS;no;ids que no son un producto vivo;p-8056-golf-ball-on-green-tablet-award;Golf Ball on Green Tablet Award;ACTIVE;1;0;CD1051A;;CD1051A;CD1051A=PART;;;CD1051A->CD1051;simple;;;;PS8799;no
UNSYNCABLE_PARTS;no;ids que no son un producto vivo · familia compartida con otro producto;p-8057-golf-course-silhouette-award;Golf Course Silhouette Award;ACTIVE;1;0;CD1053BD;;CD1053BD CD1053BT CD1053CD CD1053CF CD1053CT;CD1053BD=PART CD1053BT=PART CD1053CD=PART CD1053CF=PART CD1053CT=PART;;;CD1053BD->CD1053 CD1053BT->CD1053 CD1053CD->CD1053 CD1053CF->CD1053 CD1053CT->CD1053;shared;;;;PS8800;no
UNSYNCABLE_PARTS;no;ids que no son un producto vivo · familia compartida con otro producto;p-8058-golf-course-silhouette-award-trophy;Golf Course Silhouette Award Trophy;ACTIVE;1;0;CD1053AF;;CD1053AF CD1053AT;CD1053AF=PART CD1053AT=PART;;;CD1053AF->CD1053 CD1053AT->CD1053;shared;;;;PS8801;no
UNSYNCABLE_PARTS;no;ids que no son un producto vivo · varias familias · familia compartida con otro producto;p-8061-green-acrylic-color-drops-award;Green Acrylic Color Drops Award;ACTIVE;1;0;CD1101AG;;CD1101AG CD1101BG CD1101CG;CD1101AG=PART CD1101BG=PART CD1101CG=PART;;;CD1101AG->CD1101A CD1101BG->CD1101B CD1101CG->CD1101C;shared;;;;PS8805;no
UNSYNCABLE_PARTS;no;ids que no son un producto vivo · familia compartida con otro producto;p-8067-green-teardrop-art-glass;Green Teardrop Art Glass;ACTIVE;1;0;GM805G;;GM805G;GM805G=PART;;;GM805G->GM805;shared;;;;PS8823;no
UNSYNCABLE_PARTS;no;ids que no son un producto vivo;p-8068-harvest-carved-acrylic-award;Harvest Carved Acrylic Award;ACTIVE;1;0;CD1215A;;CD1215A CD1215B CD1215C;CD1215A=PART CD1215B=PART CD1215C=PART;;;CD1215A->CD1215 CD1215B->CD1215 CD1215C->CD1215;simple;;;;PS8833;no
UNSYNCABLE_PARTS;no;ids que no son un producto vivo;p-8070-interlocking-bent-award;Interlocking Bent Award;ACTIVE;1;0;CD907B;;CD907B CD907A;CD907B=PART CD907A=PART;;;CD907B->CD907 CD907A->CD907;simple;;;;PS8841;no
UNSYNCABLE_PARTS;no;ids que no son un producto vivo;p-8073-jade-glass-rectangle-on-base;Jade Glass Rectangle on Base;ACTIVE;1;0;G0661A;;G0661A G0661B;G0661A=PART G0661B=PART;;;G0661A->G0661 G0661B->G0661;simple;;;;PS8860;no
UNSYNCABLE_PARTS;no;ids que no son un producto vivo · familia compartida con otro producto;p-8080-leatherette-cigar-case-with-cutter;Leatherette Cigar Case with Cutter;ACTIVE;1;0;CM372BB;;CM372BB;CM372BB=PART;;;CM372BB->CM372;shared;;;;PS8947;no
UNSYNCABLE_PARTS;no;ids que no son un producto vivo · familia compartida con otro producto;p-8084-leatherette-hard-business-card-case;Leatherette Hard Business Card Case;ACTIVE;1;0;CM243BB;;CM243BB CM243BV CM243WM;CM243BB=FAMILY_PART CM243BV=PART CM243WM=PART;;;CM243BV->CM243* CM243WM->CM243*;shared;;;;PS8987;no
UNSYNCABLE_PARTS;no;ids que no son un producto vivo · familia compartida con otro producto;p-8088-leatherette-money-clip-large;Leatherette Money Clip Large;ACTIVE;1;0;CM455BV;;CM455BV;CM455BV=PART;;;CM455BV->CM455;shared;;;;PS9014;no
UNSYNCABLE_PARTS;no;ids que no son un producto vivo · familia compartida con otro producto;p-8091-leatherette-oval-keychain;Leatherette Oval Keychain;ACTIVE;1;0;CM291BB;;CM291BB CM291BV CM291WM;CM291BB=PART CM291BV=PART CM291WM=PART;;;CM291BB->CM291* CM291BV->CM291* CM291WM->CM291*;shared;;;;PS9044;no
UNSYNCABLE_PARTS;no;ids que no son un producto vivo · familia compartida con otro producto;p-8092-leatherette-pen;Leatherette Pen;ACTIVE;1;0;CM356BB;;CM356BB CM356BV;CM356BB=PART CM356BV=PART;;;CM356BB->CM356BL/CM356BS/CM356DB/CM356GR/CM356LB/CM356PK/CM356RS/CM356RW/CM356TL CM356BV->CM356BL/CM356BS/CM356DB/CM356GR/CM356LB/CM356PK/CM356RS/CM356RW/CM356TL;simple;;;;PS9054;no
UNSYNCABLE_PARTS;no;ids que no son un producto vivo · varias familias · familia compartida con otro producto;p-8096-leatherette-portfolio;Leatherette Portfolio;ACTIVE;1;0;CM237ABB;;CM237ABB CM237ABV CM237AWM CM237BBB CM237BBV CM237BWM;CM237ABB=PART CM237ABV=PART CM237AWM=PART CM237BBB=PART CM237BBV=PART CM237BWM=PART;;;CM237ABB->CM237A* CM237ABV->CM237A* CM237AWM->CM237A* CM237BBB->CM237B* CM237BBV->CM237B* CM237BWM->CM237B*;shared;;;;PS9082;no
UNSYNCABLE_PARTS;no;ids que no son un producto vivo · familia compartida con otro producto;p-8098-leatherette-round-coaster;Leatherette Round Coaster;ACTIVE;1;0;CM240BB;;CM240BB CM240BV CM240WM;CM240BB=PART CM240BV=PART CM240WM=PART;;;CM240BB->CM240* CM240BV->CM240* CM240WM->CM240*;shared;;;;PS9099;no
UNSYNCABLE_PARTS;no;ids que no son un producto vivo · familia compartida con otro producto;p-8105-light-dark-blue-art-glass-on-clear-base-small;Light & Dark Blue Art Glass on Clear Base Small;ACTIVE;1;0;GM742C;;GM742C;GM742C=PART;;;GM742C->GM742;shared;;;;PS9145;no
UNSYNCABLE_PARTS;no;ids que no son un producto vivo · familia compartida con otro producto;p-8106-light-dark-blue-art-glass-on-clear-base-large;Light & Dark Blue Art Glass on Clear Base Large;ACTIVE;1;0;GM742A;;GM742A GM742B;GM742A=PART GM742B=PART;;;GM742A->GM742 GM742B->GM742;shared;;;;PS9146;no
UNSYNCABLE_PARTS;no;ids que no son un producto vivo · varias familias;p-8109-magnetic-entrapment-award;Magnetic Entrapment Award;ACTIVE;1;0;D1036B;;D1036B CD1036C;D1036B=ORPHAN CD1036C=PART;;;CD1036C->CD1036;simple;;;;PS9160;no
UNSYNCABLE_PARTS;no;ids que no son un producto vivo;p-8116-octagon-acrylic-excellence-award;Octagon Acrylic Excellence Award;ACTIVE;1;0;CD911A;;CD911A CD911B CD911C;CD911A=PART CD911B=PART CD911C=PART;;;CD911A->CD911 CD911B->CD911 CD911C->CD911;simple;;;;PS9196;no
UNSYNCABLE_PARTS;no;ids que no son un producto vivo · familia compartida con otro producto;p-8123-optic-crystal-wedge-award-large;Optic Crystal Wedge Award Large;ACTIVE;1;0;GI29D;;GI29D;GI29D=PART;;;GI29D->GI29;shared;;;;PS9242;no
UNSYNCABLE_PARTS;no;ids que no son un producto vivo;p-8127-orbital-metal-golfer-award;Orbital Metal Golfer Award;ACTIVE;1;0;GM691A;;GM691A GM691B GM691C;GM691A=PART GM691B=PART GM691C=PART;;;GM691A->GM691 GM691B->GM691 GM691C->GM691;simple;;;;PS9253;no
UNSYNCABLE_PARTS;no;ids que no son un producto vivo;p-8130-perpetual-corporate-cup-with-perpetual-plates;Perpetual Corporate Cup with Perpetual Plates;ACTIVE;1;0;CM810EZG;;CM810EZG CM810EZS;CM810EZG=PART CM810EZS=PART;;;CM810EZG->CM810EZ* CM810EZS->CM810EZ*;simple;;;;PS9264;no
UNSYNCABLE_PARTS;no;ids que no son un producto vivo;p-8131-perpetual-corporate-cup;Perpetual Corporate Cup;ACTIVE;1;0;CM810G;;CM810G CM810S;CM810G=PART CM810S=PART;;;CM810G->CM810* CM810S->CM810*;simple;;;;PS9265;no
UNSYNCABLE_PARTS;no;ids que no son un producto vivo · familia compartida con otro producto;p-8147-purple-chisel-carve-tower-award;Purple Chisel Carve Tower Award;ACTIVE;1;0;C701LPU;;C701LPU;C701LPU=PART;;;C701LPU->C701L;shared;;;;PS9309;no
UNSYNCABLE_PARTS;no;ids que no son un producto vivo;p-8150-rectangle-laser-edge-award;Rectangle Laser Edge Award;ACTIVE;1;0;CD912AR;;CD912AR CD912BR;CD912AR=PART CD912BR=PART;;;CD912AR->CD912 CD912BR->CD912;simple;;;;PS9321;no
UNSYNCABLE_PARTS;no;ids que no son un producto vivo · varias familias · familia compartida con otro producto;p-8153-red-acrylic-color-drops-award;Red Acrylic Color Drops Award;ACTIVE;1;0;CD1101AR;;CD1101AR CD1101BR;CD1101AR=PART CD1101BR=PART;;;CD1101AR->CD1101A CD1101BR->CD1101B;shared;;;;PS9325;no
UNSYNCABLE_PARTS;no;ids que no son un producto vivo · familia compartida con otro producto;p-8154-red-cascade-carved-acrylic-award;Red Cascade Carved Acrylic Award;ACTIVE;1;0;CD1217RD;;CD1217RD;CD1217RD=PART;;;CD1217RD->CD1217;shared;;;;PS9330;no
UNSYNCABLE_PARTS;no;ids que no son un producto vivo · familia compartida con otro producto;p-8156-red-marble-florentine-plate-on-ebony-board;Red Marble Florentine Plate on Ebony Board;ACTIVE;1;0;CD414AREF;;CD414AREF CD414BREF;CD414AREF=PART CD414BREF=PART;;;CD414AREF->CD414* CD414BREF->CD414*;shared;;;;PS9339;no
UNSYNCABLE_PARTS;no;ids que no son un producto vivo · familia compartida con otro producto;p-8158-red-teardrop-art-glass;Red Teardrop Art Glass;ACTIVE;1;0;GM805R;;GM805R;GM805R=PART;;;GM805R->GM805;shared;;;;PS9346;no
UNSYNCABLE_PARTS;no;ids que no son un producto vivo;p-8161-rising-star-award;Rising Star Award;ACTIVE;1;0;CD1218A;;CD1218A CD1218B CD1218C;CD1218A=PART CD1218B=PART CD1218C=PART;;;CD1218A->CD1218 CD1218B->CD1218 CD1218C->CD1218;simple;;;;PS9351;no
UNSYNCABLE_PARTS;no;ids que no son un producto vivo;p-8164-rosewood-piano-finish-board-with-raised-glass;Rosewood Piano Finish Board with Raised Glass;ACTIVE;1;0;G0986A;;G0986A G0986B;G0986A=PART G0986B=PART;;;G0986A->G0986 G0986B->G0986;simple;;;;PS9364;no
UNSYNCABLE_PARTS;no;ids que no son un producto vivo;p-8178-silver-star-on-crystal-base-with-silver-plate;Silver Star on Crystal Base with Silver Plate;ACTIVE;1;0;GM625A;;GM625A GM625B;GM625A=PART GM625B=PART;;;GM625A->GM625 GM625B->GM625;simple;;;;PS9412;no
UNSYNCABLE_PARTS;no;ids que no son un producto vivo · varias familias;p-8181-slant-top-crystal-cylinder-award;Slant Top Crystal Cylinder Award;ACTIVE;1;0;GM758A;;GM758A GM758B GM75CA;GM758A=PART GM758B=PART GM75CA=ORPHAN;;;GM758A->GM758 GM758B->GM758;simple;;;;PS9434;no
UNSYNCABLE_PARTS;no;ids que no son un producto vivo;p-8182-slant-top-vase;Slant Top Vase;ACTIVE;1;0;G0500A;;G0500A G0500B G0500C;G0500A=PART G0500B=PART G0500C=PART;;;G0500A->G0500 G0500B->G0500 G0500C->G0500;simple;;;;PS9435;no
UNSYNCABLE_PARTS;no;ids que no son un producto vivo · familia compartida con otro producto;p-8218-walnut-double-row-challenge-coin-display;Walnut Double Row Challenge Coin Display;ACTIVE;1;0;CM754B;;CM754B;CM754B=PART;;;CM754B->CM754;shared;;;;PS9544;no
UNSYNCABLE_PARTS;no;ids que no son un producto vivo · familia compartida con otro producto;p-8219-walnut-finish-plaque-with-black-florentine;Walnut Finish Plaque with Black Florentine;ACTIVE;1;0;C071ASWF;;C071ASWF;C071ASWF=PART;;;C071ASWF->C071A;shared;;;;PS9563;no
UNSYNCABLE_PARTS;no;ids que no son un producto vivo · familia compartida con otro producto;p-8220-walnut-quadruple-row-challenge-coin-display;Walnut Quadruple Row Challenge Coin Display;ACTIVE;1;0;CM754D;;CM754D;CM754D=PART;;;CM754D->CM754;shared;;;;PS9574;no
UNSYNCABLE_PARTS;no;ids que no son un producto vivo · familia compartida con otro producto;p-8222-walnut-triple-row-challenge-coin-display;Walnut Triple Row Challenge Coin Display;ACTIVE;1;0;CM754C;;CM754C;CM754C=PART;;;CM754C->CM754;shared;;;;PS9576;no
UNSYNCABLE_PARTS;no;ids que no son un producto vivo · varias familias;p-8665-acrylic-chevron-tower-award;Acrylic Chevron Tower Award;ACTIVE;1;0;CD1264ABL;;CD1264ABL CD1264AGR CD1264ARD CD1264BBL CD1264BGR CD1264BRD CD1264CBL CD1264CGR CD1264CRD;CD1264ABL=PART CD1264AGR=PART CD1264ARD=PART CD1264BBL=PART CD1264BGR=ORPHAN CD1264BRD=PART CD1264CBL=PART CD1264CGR=ORPHAN CD1264CRD=PART;;;CD1264ABL->CD1264 CD1264AGR->CD1264 CD1264ARD->CD1264 CD1264BBL->CD1264 CD1264BRD->CD1264 CD1264CBL->CD1264 CD1264CRD->CD1264;simple;;;;PS9628;no
UNSYNCABLE_PARTS;no;ids que no son un producto vivo;p-8666-acrylic-trinity-tower;Acrylic Trinity Tower;ACTIVE;1;0;CD1248ABL;;CD1248ABL CD1248AGR CD1248ARD CD1248BBL CD1248BGR CD1248BRD CD1248CBL CD1248CGR CD1248CRD;CD1248ABL=PART CD1248AGR=PART CD1248ARD=PART CD1248BBL=PART CD1248BGR=PART CD1248BRD=PART CD1248CBL=PART CD1248CGR=PART CD1248CRD=PART;;;CD1248ABL->CD1248 CD1248AGR->CD1248 CD1248ARD->CD1248 CD1248BBL->CD1248 CD1248BGR->CD1248 CD1248BRD->CD1248 CD1248CBL->CD1248 CD1248CGR->CD1248 CD1248CRD->CD1248;simple;;;;PS9629;no
UNSYNCABLE_PARTS;no;ids que no son un producto vivo;p-8670-crystal-triangular-stackable-add;Crystal Triangular Stackable add;ACTIVE;1;0;GI836BK;;GI836BK GI836BL GI836WH;GI836BK=PART GI836BL=PART GI836WH=PART;;;GI836BK->GI836 GI836BL->GI836 GI836WH->GI836;simple;;;;PS9633;no
UNSYNCABLE_PARTS;no;ids que no son un producto vivo · varias familias;p-8671-engraved-leatherette-jewelry-box;Engraved Leatherette Jewelry Box;ACTIVE;1;0;CM824BS;;CM824BS CM824BV CM824DB CM824GY CM824PK CM824RD CM824RV CM824RW CM824TL;CM824BS=PART CM824BV=PART CM824DB=ORPHAN CM824GY=ORPHAN CM824PK=ORPHAN CM824RD=ORPHAN CM824RV=ORPHAN CM824RW=ORPHAN CM824TL=ORPHAN;;;CM824BS->CM824 CM824BV->CM824;simple;;;;PS9634;no
UNSYNCABLE_PARTS;no;ids que no son un producto vivo · varias familias;p-8672-engraved-leatherette-wallet-wstrap;Engraved Leatherette Wallet w/Strap;ACTIVE;1;0;CM826BS;;CM826BS CM826BV CM826DB CM826GY CM826PK CM826PU CM826RV CM826RW CM826TL CM826WH;CM826BS=PART CM826BV=ORPHAN CM826DB=ORPHAN CM826GY=ORPHAN CM826PK=ORPHAN CM826PU=ORPHAN CM826RV=ORPHAN CM826RW=ORPHAN CM826TL=ORPHAN CM826WH=ORPHAN;;;CM826BS->CM826;simple;;;;PS9635;no
UNSYNCABLE_PARTS;no;ids que no son un producto vivo;p-8673-faceted-optic-crystal-tower-with-slanted-wood-block-base;Faceted Optic Crystal Tower with Slanted Wood Block Base;ACTIVE;1;0;GM846A;;GM846A GM846B;GM846A=PART GM846B=PART;;;GM846A->GM846 GM846B->GM846;simple;;;;PS9636;no
UNSYNCABLE_PARTS;no;ids que no son un producto vivo;p-8675-luminous-pinnacle-award;Luminous Pinnacle Award;ACTIVE;1;0;CD1258BL;;CD1258BL CD1258GR CD1258RD;CD1258BL=PART CD1258GR=PART CD1258RD=PART;;;CD1258BL->CD1258 CD1258GR->CD1258 CD1258RD->CD1258;simple;;;;PS9639;no
UNSYNCABLE_PARTS;no;ids que no son un producto vivo;p-8676-nouveau-acrylic-award-with-mirror-accent;Nouveau Acrylic Award with Mirror Accent;ACTIVE;1;0;CD1256ABL;;CD1256ABL CD1256AGR CD1256ARD CD1256CBL CD1256CGR CD1256CRD;CD1256ABL=PART CD1256AGR=PART CD1256ARD=PART CD1256CBL=PART CD1256CGR=PART CD1256CRD=PART;;;CD1256ABL->CD1256 CD1256AGR->CD1256 CD1256ARD->CD1256 CD1256CBL->CD1256 CD1256CGR->CD1256 CD1256CRD->CD1256;simple;;;;PS9640;no
UNSYNCABLE_PARTS;no;ids que no son un producto vivo;p-8677-open-pinnacle-award;Open Pinnacle Award;ACTIVE;1;0;CD1259BL;;CD1259BL CD1259GR CD1259RD;CD1259BL=PART CD1259GR=PART CD1259RD=PART;;;CD1259BL->CD1259 CD1259GR->CD1259 CD1259RD->CD1259;simple;;;;PS9641;no
UNSYNCABLE_PARTS;no;ids que no son un producto vivo · varias familias;p-8678-optic-crystal-block-with-stock-color-background;Optic Crystal Block with Stock Color Background;ACTIVE;1;0;GI842ABL;;GI842ABL GI842AGR GI842ARD GI842BBL GI842BGR GI842BRD GI842CBL GI842CGR GI842CRD;GI842ABL=PART GI842AGR=ORPHAN GI842ARD=ORPHAN GI842BBL=PART GI842BGR=ORPHAN GI842BRD=ORPHAN GI842CBL=PART GI842CGR=ORPHAN GI842CRD=ORPHAN;;;GI842ABL->GI842 GI842BBL->GI842 GI842CBL->GI842;simple;;;;PS9642;no
UNSYNCABLE_PARTS;no;ids que no son un producto vivo;p-8680-optic-crystal-diamond-tower-award;Optic Crystal Diamond Tower Award;ACTIVE;1;0;GI839A;;GI839A GI839B GI839C;GI839A=PART GI839B=PART GI839C=PART;;;GI839A->GI839 GI839B->GI839 GI839C->GI839;simple;;;;PS9644;no
UNSYNCABLE_PARTS;no;ids que no son un producto vivo;p-8681-optic-crystal-rectangle-award-with-full-color;Optic Crystal Rectangle Award with Full Color;ACTIVE;1;0;GI840AFL;;GI840AFL GI840ALR GI840ASP GI840BFL GI840BLR GI840BSP GI840CFL GI840CLR GI840CSP;GI840AFL=PART GI840ALR=PART GI840ASP=PART GI840BFL=PART GI840BLR=PART GI840BSP=PART GI840CFL=PART GI840CLR=PART GI840CSP=PART;;;GI840AFL->GI840 GI840ALR->GI840 GI840ASP->GI840 GI840BFL->GI840 GI840BLR->GI840 GI840BSP->GI840 GI840CFL->GI840 GI840CLR->GI840 GI840CSP->GI840;simple;;;;PS9645;no
UNSYNCABLE_PARTS;no;ids que no son un producto vivo;p-8682-optic-crystal-tower-with-wood-block-base;Optic Crystal Tower with Wood Block Base;ACTIVE;1;0;GM845A;;GM845A GM845B;GM845A=PART GM845B=PART;;;GM845A->GM845 GM845B->GM845;simple;;;;PS9646;no
UNSYNCABLE_PARTS;no;ids que no son un producto vivo;p-8683-optic-crystal-triad-tower;Optic Crystal Triad Tower;ACTIVE;1;0;GI838A;;GI838A GI838B;GI838A=PART GI838B=PART;;;GI838A->GI838 GI838B->GI838;simple;;;;PS9647;no
UNSYNCABLE_PARTS;no;ids que no son un producto vivo;p-8684-optic-crystal-wedge-with-colorful-wave-design;Optic Crystal Wedge with Colorful Wave Design;ACTIVE;1;0;GI843ABL;;GI843ABL GI843AGR GI843ARD GI843BBL GI843BGR GI843BRD GI843CBL GI843CGR GI843CRD GI843DBL GI843DGR GI843DRD;GI843ABL=PART GI843AGR=PART GI843ARD=PART GI843BBL=PART GI843BGR=PART GI843BRD=PART GI843CBL=PART GI843CGR=PART GI843CRD=PART GI843DBL=PART GI843DGR=PART GI843DRD=PART;;;GI843ABL->GI843 GI843AGR->GI843 GI843ARD->GI843 GI843BBL->GI843 GI843BGR->GI843 GI843BRD->GI843 GI843CBL->GI843 GI843CGR->GI843 GI843CRD->GI843 GI843DBL->GI843 GI843DGR->GI843 GI843DRD->GI843;simple;;;;PS9648;no
UNSYNCABLE_PARTS;no;ids que no son un producto vivo;p-8685-rounded-acrylic-highlighter-award;Rounded Acrylic Highlighter Award;ACTIVE;1;0;CD1252ABG;;CD1252ABG CD1252AOR CD1252APB CD1252BBG CD1252BOR CD1252BPB CD1252CBG CD1252COR CD1252CPB;CD1252ABG=PART CD1252AOR=PART CD1252APB=PART CD1252BBG=PART CD1252BOR=PART CD1252BPB=PART CD1252CBG=PART CD1252COR=PART CD1252CPB=PART;;;CD1252ABG->CD1252 CD1252AOR->CD1252 CD1252APB->CD1252 CD1252BBG->CD1252 CD1252BOR->CD1252 CD1252BPB->CD1252 CD1252CBG->CD1252 CD1252COR->CD1252 CD1252CPB->CD1252;simple;;;;PS9649;no
UNSYNCABLE_PARTS;no;ids que no son un producto vivo;p-8688-sweeping-success-acrylic-award;Sweeping Success Acrylic Award;ACTIVE;1;0;CD1249ABL;;CD1249ABL CD1249AGR CD1249ARD CD1249BBL CD1249BGR CD1249BRD CD1249CBL CD1249CGR CD1249CRD;CD1249ABL=PART CD1249AGR=PART CD1249ARD=PART CD1249BBL=PART CD1249BGR=PART CD1249BRD=PART CD1249CBL=PART CD1249CGR=PART CD1249CRD=PART;;;CD1249ABL->CD1249 CD1249AGR->CD1249 CD1249ARD->CD1249 CD1249BBL->CD1249 CD1249BGR->CD1249 CD1249BRD->CD1249 CD1249CBL->CD1249 CD1249CGR->CD1249 CD1249CRD->CD1249;simple;;;;PS9652;no
UNSYNCABLE_PARTS;no;ids que no son un producto vivo · varias familias;p-8689-two-level-years-of-service-award;Two-level Years of Service Award;ACTIVE;1;0;CD1260Y10BL;;CD1260Y10BL CD1260Y10GR CD1260Y10RD CD1260Y15BL CD1260Y15GR CD1260Y15RD CD1260Y1BL CD1260Y1GR CD1260Y1RD CD1260Y20BL CD1260Y20GR CD1260Y20RD CD1260Y25BL CD1260Y25GR CD1260Y25RD CD1260Y2BL CD1260Y2GR CD1260Y2RD CD1260Y30BL CD1260Y30GR CD1260Y30RD CD1260Y35BL CD1260Y35GR CD1260Y35RD CD1260Y3BL CD1260Y3GR CD1260Y3RD CD1260Y40BL CD1260Y40GR CD1260Y40RD CD1260Y45BL CD1260Y45GR CD1260Y45RD CD1260Y4BL CD1260Y4GR;CD1260Y10BL=PART CD1260Y10GR=PART CD1260Y10RD=ORPHAN CD1260Y15BL=PART CD1260Y15GR=PART CD1260Y15RD=ORPHAN CD1260Y1BL=PART CD1260Y1GR=ORPHAN CD1260Y1RD=ORPHAN CD1260Y20BL=PART CD1260Y20GR=PART CD1260Y20RD=ORPHAN CD1260Y25BL=PART CD1260Y25GR=PART CD1260Y25RD=ORPHAN CD1260Y2BL=PART CD1260Y2GR=ORPHAN CD1260Y2RD=ORPHAN CD1260Y30BL=PART CD1260Y30GR=PART CD1260Y30RD=ORPHAN CD1260Y35BL=PART CD1260Y35GR=PART CD1260Y35RD=ORPHAN CD1260Y3BL=ORPHAN CD1260Y3GR=ORPHAN CD1260Y3RD=ORPHAN CD1260Y40BL=PART CD1260Y40GR=PART CD1260Y40RD=ORPHAN CD1260Y45BL=PART CD1260Y45GR=PART CD1260Y45RD=ORPHAN CD1260Y4BL=ORPHAN CD1260Y4GR=ORPHAN;;;CD1260Y10BL->CD1260 CD1260Y10GR->CD1260 CD1260Y15BL->CD1260 CD1260Y15GR->CD1260 CD1260Y1BL->CD1260 CD1260Y20BL->CD1260 CD1260Y20GR->CD1260 CD1260Y25BL->CD1260 CD1260Y25GR->CD1260 CD1260Y2BL->CD1260 CD1260Y30BL->CD1260 CD1260Y30GR->CD1260 CD1260Y35BL->CD1260 CD1260Y35GR->CD1260 CD1260Y40BL->CD1260 CD1260Y40GR->CD1260 CD1260Y45BL->CD1260 CD1260Y45GR->CD1260;simple;;;;PS9653;no
UNSYNCABLE_PARTS;no;ids que no son un producto vivo;p-8692-14-oz-pilsner-tumbler;14 oz. Pilsner Tumbler;ACTIVE;1;0;CM717BK;;CM717BK CM717BL CM717DB CM717GR CM717GY CM717LB CM717LP CM717MR CM717OR CM717PK CM717PU CM717RD CM717TL CM717WH;CM717BK=PART CM717BL=PART CM717DB=PART CM717GR=PART CM717GY=PART CM717LB=PART CM717LP=PART CM717MR=PART CM717OR=PART CM717PK=PART CM717PU=PART CM717RD=PART CM717TL=PART CM717WH=PART;;;CM717BK->CM717* CM717BL->CM717* CM717DB->CM717* CM717GR->CM717* CM717GY->CM717* CM717LB->CM717* CM717LP->CM717* CM717MR->CM717* CM717OR->CM717* CM717PK->CM717* CM717PU->CM717* CM717RD->CM717* CM717TL->CM717* CM717WH->CM717*;simple;;;;PS9684;no
UNSYNCABLE_PARTS;no;ids que no son un producto vivo;p-8693-20-oz-pilsner-tumbler;20 oz. Pilsner Tumbler;ACTIVE;1;0;CM716BK;;CM716BK CM716BL CM716DB CM716GR CM716GY CM716LB CM716LP CM716MR CM716OR CM716PK CM716PU CM716RD CM716TL CM716WH;CM716BK=PART CM716BL=PART CM716DB=PART CM716GR=PART CM716GY=PART CM716LB=PART CM716LP=PART CM716MR=PART CM716OR=PART CM716PK=PART CM716PU=PART CM716RD=PART CM716TL=PART CM716WH=PART;;;CM716BK->CM716* CM716BL->CM716* CM716DB->CM716* CM716GR->CM716* CM716GY->CM716* CM716LB->CM716* CM716LP->CM716* CM716MR->CM716* CM716OR->CM716* CM716PK->CM716* CM716PU->CM716* CM716RD->CM716* CM716TL->CM716* CM716WH->CM716*;simple;;;;PS9703;no
UNSYNCABLE_PARTS;no;ids que no son un producto vivo · familia compartida con otro producto;p-8694-6-oz-matte-black-stainless-steel-lasered-flask;6 oz. Matte Black Stainless Steel Lasered Flask;ACTIVE;1;0;CM254BK;;CM254BK;CM254BK=PART;;;CM254BK->CM254;shared;;;;PS9784;no
UNSYNCABLE_PARTS;no;ids que no son un producto vivo · familia compartida con otro producto;p-8695-6-oz-powder-coated-green-stainless-steel-lasered-flask;6 oz Powder Coated Green Stainless Steel Lasered Flask;ACTIVE;1;0;CM254GR;;CM254GR;CM254GR=PART;;;CM254GR->CM254;shared;;;;PS9785;no
UNSYNCABLE_PARTS;no;ids que no son un producto vivo · familia compartida con otro producto;p-8696-7-piece-blacksilver-leatherette-manicure-gift-set;7-Piece Black/Silver Leatherette Manicure Gift Set;ACTIVE;1;0;CM293BS;;CM293BS;CM293BS=PART;;;CM293BS->CM293;shared;;;;PS9786;no
UNSYNCABLE_PARTS;no;ids que no son un producto vivo · familia compartida con otro producto;p-8697-7-piece-dark-brown-leatherette-manicure-gift-set;7-Piece Dark Brown Leatherette Manicure Gift Set;ACTIVE;1;0;CM293DB;;CM293DB;CM293DB=PART;;;CM293DB->CM293;shared;;;;PS9787;no
UNSYNCABLE_PARTS;no;ids que no son un producto vivo · familia compartida con otro producto;p-8698-7-piece-light-brown-leatherette-manicure-gift-set;7-Piece Light Brown Leatherette Manicure Gift Set;ACTIVE;1;0;CM293LB;;CM293LB;CM293LB=PART;;;CM293LB->CM293;shared;;;;PS9789;no
UNSYNCABLE_PARTS;no;ids que no son un producto vivo · familia compartida con otro producto;p-8699-7-piece-pink-leatherette-manicure-gift-set;7-Piece Pink Leatherette Manicure Gift Set;ACTIVE;1;0;CM293PK;;CM293PK;CM293PK=PART;;;CM293PK->CM293;shared;;;;PS9790;no
UNSYNCABLE_PARTS;no;ids que no son un producto vivo · familia compartida con otro producto;p-8700-7-piece-rawhide-leatherette-manicure-gift-set;7-Piece Rawhide Leatherette Manicure Gift Set;ACTIVE;1;0;CM293RW;;CM293RW;CM293RW=PART;;;CM293RW->CM293;shared;;;;PS9791;no
UNSYNCABLE_PARTS;no;ids que no son un producto vivo · familia compartida con otro producto;p-8709-black-certificate-frame-with-silver-metallized-accent;Black Certificate Frame with Silver Metallized Accent;ACTIVE;1;0;C4802BS;;C4802BS;C4802BS=PART;;;C4802BS->C4802;shared;;;;PS10012;no
UNSYNCABLE_PARTS;no;ids que no son un producto vivo · familia compartida con otro producto;p-8710-blacksilver-leatherette-oval-keychain;Black/Silver Leatherette Oval Keychain;ACTIVE;1;0;CM291BS;;CM291BS;CM291BS=PART;;;CM291BS->CM291*;shared;;;;PS10040;no
UNSYNCABLE_PARTS;no;ids que no son un producto vivo · familia compartida con otro producto;p-8711-blacksilver-leatherette-phone-easel;Black/Silver Leatherette Phone Easel;ACTIVE;1;0;CM296BS;;CM296BS;CM296BS=PART;;;CM296BS->CM296;shared;;;;PS10041;no
UNSYNCABLE_PARTS;no;ids que no son un producto vivo · familia compartida con otro producto;p-8714-blue-cascade-carved-acrylic-award;Blue Cascade Carved Acrylic Award;ACTIVE;1;0;CD1217BL;;CD1217BL;CD1217BL=PART;;;CD1217BL->CD1217;shared;;;;PS10062;no
UNSYNCABLE_PARTS;no;ids que no son un producto vivo · familia compartida con otro producto;p-8716-blue-halley-collection-plaque;Blue Halley Collection Plaque;ACTIVE;1;0;C750ALB;;C750ALB C750BLB C750CLB;C750ALB=PART C750BLB=PART C750CLB=PART;;;C750ALB->C750 C750BLB->C750 C750CLB->C750;shared;;;;PS10093;no
UNSYNCABLE_PARTS;no;ids que no son un producto vivo · familia compartida con otro producto;p-8718-blue-marble-florentine-plate-on-ebony-board;Blue Marble Florentine Plate on Ebony Board;ACTIVE;1;0;CD414ABEF;;CD414ABEF;CD414ABEF=PART;;;CD414ABEF->CD414*;shared;;;;PS10096;no
UNSYNCABLE_PARTS;no;ids que no son un producto vivo · familia compartida con otro producto;p-8719-blue-spectrum-chisel-carved-tower-small;Blue Spectrum Chisel Carved Tower Small;ACTIVE;1;0;C612LBL;;C612LBL;C612LBL=PART;;;C612LBL->C612LB;shared;;;;PS10106;no
UNSYNCABLE_PARTS;no;ids que no son un producto vivo · familia compartida con otro producto;p-8720-blue-spectrum-chisel-carved-tower-large;Blue Spectrum Chisel Carved Tower Large;ACTIVE;1;0;C609LBL;;C609LBL;C609LBL=PART;;;C609LBL->C609LGO;simple;;;;PS10107;no
UNSYNCABLE_PARTS;no;ids que no son un producto vivo · varias familias;p-8725-canvas-portfolio-with-leatherette-accent;Canvas Portfolio with Leatherette Accent;ACTIVE;1;0;CM720AGR;;CM720AGR CM720ARW CM720BBS CM720BGR CM720BRW CM720ABS;CM720AGR=PART CM720ARW=PART CM720BBS=PART CM720BGR=PART CM720BRW=PART CM720ABS=PART;;;CM720AGR->CM720A CM720ARW->CM720A CM720BBS->CM720B CM720BGR->CM720B CM720BRW->CM720B CM720ABS->CM720A;simple;;;;PS10146;no
UNSYNCABLE_PARTS;no;ids que no son un producto vivo;p-8726-cascade-tower-award;Cascade Tower Award;ACTIVE;1;0;CD1024BL;;CD1024BL CD1024CL;CD1024BL=PART CD1024CL=PART;;;CD1024BL->CD1024 CD1024CL->CD1024;simple;;;;PS10153;no
UNSYNCABLE_PARTS;no;ids que no son un producto vivo · familia compartida con otro producto;p-8727-chisel-carved-reflective-blue-bottom-award;Chisel Carved Reflective Blue Bottom Award;ACTIVE;1;0;GI638SBL;;GI638SBL;GI638SBL=PART;;;GI638SBL->GI638;shared;;;;PS10156;no
UNSYNCABLE_PARTS;no;ids que no son un producto vivo · familia compartida con otro producto;p-8728-chisel-carved-reflective-green-bottom-award;Chisel Carved Reflective Green Bottom Award;ACTIVE;1;0;GI638SGR;;GI638SGR;GI638SGR=PART;;;GI638SGR->GI638;shared;;;;PS10158;no
UNSYNCABLE_PARTS;no;ids que no son un producto vivo · familia compartida con otro producto;p-8729-choice-of-digi-small;Choice of Digi Small;ACTIVE;1;0;DCCD520EGA;;DCCD520EGA DCCD520ERW DCCD520EWN;DCCD520EGA=PART DCCD520ERW=PART DCCD520EWN=PART;;;DCCD520EGA->DCCD520 DCCD520ERW->DCCD520 DCCD520EWN->DCCD520;shared;;;;PS10160;no
UNSYNCABLE_PARTS;no;ids que no son un producto vivo · varias familias · familia compartida con otro producto;p-8730-choice-of-digi-large;Choice of Digi Large;ACTIVE;1;0;DCC3001BWN;;DCC3001BWN DCCD520DGA DCCD520DRW DCCD520DWN;DCC3001BWN=PART DCCD520DGA=PART DCCD520DRW=PART DCCD520DWN=PART;;;DCC3001BWN->DCC3001BEB DCCD520DGA->DCCD520 DCCD520DRW->DCCD520 DCCD520DWN->DCCD520;shared;;;;PS10162;no
UNSYNCABLE_PARTS;no;ids que no son un producto vivo · familia compartida con otro producto;p-8733-clear-glass-with-bold-blue-crystal-accent;Clear Glass with Bold Blue Crystal Accent;ACTIVE;1;0;GI595BL;;GI595BL;GI595BL=PART;;;GI595BL->GI595;shared;;;;PS10226;no
UNSYNCABLE_PARTS;no;ids que no son un producto vivo · familia compartida con otro producto;p-8734-clear-glass-with-bold-green-crystal-accent;Clear Glass with Bold Green Crystal Accent;ACTIVE;1;0;GI595GR;;GI595GR;GI595GR=PART;;;GI595GR->GI595;shared;;;;PS10227;no
UNSYNCABLE_PARTS;no;ids que no son un producto vivo · varias familias;p-8737-crossroads-horizontal-award;Crossroads Horizontal Award;ACTIVE;1;0;CD1040ACL;;CD1040ACL CD1040BCL CD1040ABK CD1040ABL CD1040ARD CD1040BBK CD1040BBL CD1040BRD;CD1040ACL=PART CD1040BCL=PART CD1040ABK=PART CD1040ABL=PART CD1040ARD=PART CD1040BBK=PART CD1040BBL=PART CD1040BRD=PART;;;CD1040ACL->CD1040A CD1040BCL->CD1040B CD1040ABK->CD1040A CD1040ABL->CD1040A CD1040ARD->CD1040A CD1040BBK->CD1040B CD1040BBL->CD1040B CD1040BRD->CD1040B;simple;;;;PS10295;no
UNSYNCABLE_PARTS;no;ids que no son un producto vivo;p-8738-crossroads-vertical-award;Crossroads Vertical Award;ACTIVE;1;0;CD1045ABK;;CD1045ABK CD1045ABL CD1045BRD;CD1045ABK=PART CD1045ABL=PART CD1045BRD=PART;;;CD1045ABK->CD1045 CD1045ABL->CD1045 CD1045BRD->CD1045;simple;;;;PS10296;no
UNSYNCABLE_PARTS;no;ids que no son un producto vivo · familia compartida con otro producto;p-8748-dark-brown-leatherette-oval-keychain;Dark Brown Leatherette Oval Keychain;ACTIVE;1;0;CM291DB;;CM291DB;CM291DB=PART;;;CM291DB->CM291*;shared;;;;PS10404;no
UNSYNCABLE_PARTS;no;ids que no son un producto vivo · familia compartida con otro producto;p-8749-dark-brown-leatherette-phone-easel;Dark Brown Leatherette Phone Easel;ACTIVE;1;0;CM296DB;;CM296DB;CM296DB=PART;;;CM296DB->CM296;shared;;;;PS10405;no
UNSYNCABLE_PARTS;no;ids que no son un producto vivo;p-8753-florentia-acrylic-plaque;Florentia Acrylic Plaque;ACTIVE;1;0;CD973ABL;;CD973ABL CD973ARD CD973BBL CD973BRD;CD973ABL=PART CD973ARD=PART CD973BBL=PART CD973BRD=PART;;;CD973ABL->CD973 CD973ARD->CD973 CD973BBL->CD973 CD973BRD->CD973;simple;;;;PS10526;no
UNSYNCABLE_PARTS;no;ids que no son un producto vivo · familia compartida con otro producto;p-8755-frosted-lucite-on-black-piano-plaque-and-blue-plate;Frosted Lucite on Black Piano Plaque and Blue Plate;ACTIVE;1;0;CD945BL;;CD945BL;CD945BL=PART;;;CD945BL->CD945;shared;;;;PS10646;no
UNSYNCABLE_PARTS;no;ids que no son un producto vivo · familia compartida con otro producto;p-8756-genuine-walnut-elliptical-plaque-with-blacksilver-florentine-small;Genuine Walnut Elliptical Plaque with Black/Silver Florentine Small;ACTIVE;1;0;C072BS;;C072BS;C072BS=PART;;;C072BS->C072;shared;;;;PS10681;no
UNSYNCABLE_PARTS;no;ids que no son un producto vivo · familia compartida con otro producto;p-8757-genuine-walnut-elliptical-plaque-with-blacksilver-florentine-large;Genuine Walnut Elliptical Plaque with Black/Silver Florentine Large;ACTIVE;1;0;C072AS;;C072AS;C072AS=PART;;;C072AS->C072;shared;;;;PS10682;no
UNSYNCABLE_PARTS;no;ids que no son un producto vivo · familia compartida con otro producto;p-8758-genuine-walnut-elliptical-plaque-with-marble-mist;Genuine Walnut Elliptical Plaque with Marble Mist;ACTIVE;1;0;C023BGR;;C023BGR;C023BGR=PART;;;C023BGR->C023;shared;;;;PS10683;no
UNSYNCABLE_PARTS;no;ids que no son un producto vivo · familia compartida con otro producto;p-8760-gold-chisel-carved-tower-on-base-large;Gold Chisel Carved Tower On Base Large;ACTIVE;1;0;C609LBGO;;C609LBGO;C609LBGO=PART;;;C609LBGO->C609LB;shared;;;;PS10703;no
UNSYNCABLE_PARTS;no;ids que no son un producto vivo · familia compartida con otro producto;p-8761-golf-bag-tag-with-tees;Golf Bag Tag with Tees;ACTIVE;1;0;CM723BB;;CM723BB;CM723BB=PART;;;CM723BB->CM723*;shared;;;;PS10734;no
UNSYNCABLE_PARTS;no;ids que no son un producto vivo · familia compartida con otro producto;p-8762-leatherette-golf-bag-tag-with-tees;Leatherette Golf Bag Tag with Tees;ACTIVE;1;0;CM723BS;;CM723BS CM723GR CM723PK CM723RW CM723TL;CM723BS=PART CM723GR=PART CM723PK=PART CM723RW=PART CM723TL=PART;;;CM723BS->CM723* CM723GR->CM723* CM723PK->CM723* CM723RW->CM723* CM723TL->CM723*;shared;;;;PS10735;no
UNSYNCABLE_PARTS;no;ids que no son un producto vivo · familia compartida con otro producto;p-8763-green-arched-brilliance-award-on-clear-base;Green Arched Brilliance Award on Clear Base;ACTIVE;1;0;CD636GR;;CD636GR;CD636GR=PART;;;CD636GR->CD636;shared;;;;PS10752;no
UNSYNCABLE_PARTS;no;ids que no son un producto vivo · familia compartida con otro producto;p-8765-green-curved-beveled;Green Curved Beveled;ACTIVE;1;0;GI515GR;;GI515GR;GI515GR=PART;;;GI515GR->GI515;shared;;;;PS10761;no
UNSYNCABLE_PARTS;no;ids que no son un producto vivo · familia compartida con otro producto;p-8766-green-marble-florentine-plate-on-ebony-board;Green Marble Florentine Plate on Ebony Board;ACTIVE;1;0;CD414AGREF;;CD414AGREF CD414BGREF;CD414AGREF=PART CD414BGREF=PART;;;CD414AGREF->CD414* CD414BGREF->CD414*;shared;;;;PS10766;no
UNSYNCABLE_PARTS;no;ids que no son un producto vivo · familia compartida con otro producto;p-8767-green-marble-florentine-plate-on-walnut-finish-board;Green Marble Florentine Plate on Walnut Finish Board;ACTIVE;1;0;CD414AGRWF;;CD414AGRWF CD414BGRWF;CD414AGRWF=PART CD414BGRWF=PART;;;CD414AGRWF->CD414* CD414BGRWF->CD414*;shared;;;;PS10767;no
UNSYNCABLE_PARTS;no;ids que no son un producto vivo · varias familias · familia compartida con otro producto;p-8768-green-optic-crystal-gemstone-award;Green Optic Crystal Gemstone Award;ACTIVE;1;0;GI513AGR;;GI513AGR GI513BGR GI513CGR;GI513AGR=PART GI513BGR=PART GI513CGR=PART;;;GI513AGR->GI513A GI513BGR->GI513B GI513CGR->GI513C;shared;;;;PS10768;no
UNSYNCABLE_PARTS;no;ids que no son un producto vivo · familia compartida con otro producto;p-8769-green-vibrant-gemstone-award;Green Vibrant Gemstone Award;ACTIVE;1;0;GI512AGR;;GI512AGR GI512BGR;GI512AGR=PART GI512BGR=PART;;;GI512AGR->GI512 GI512BGR->GI512;shared;;;;PS10770;no
UNSYNCABLE_PARTS;no;ids que no son un producto vivo · familia compartida con otro producto;p-8770-grey-leatherette-oval-keychain;Grey Leatherette Oval Keychain;ACTIVE;1;0;CM291GR;;CM291GR;CM291GR=PART;;;CM291GR->CM291*;shared;;;;PS10771;no
UNSYNCABLE_PARTS;no;ids que no son un producto vivo · familia compartida con otro producto;p-8771-grey-leatherette-phone-easel;Grey Leatherette Phone Easel;ACTIVE;1;0;CM296GR;;CM296GR;CM296GR=PART;;;CM296GR->CM296;shared;;;;PS10772;no
UNSYNCABLE_PARTS;no;ids que no son un producto vivo · familia compartida con otro producto;p-8775-large-digi-large;Large Digi Large;ACTIVE;1;0;CD547BEB;;CD547BEB;CD547BEB=PART;;;CD547BEB->CD547B;shared;;;;PS10827;no
UNSYNCABLE_PARTS;no;ids que no son un producto vivo · familia compartida con otro producto;p-8776-large-gold-halley-plaque;Large Gold Halley Plaque;ACTIVE;1;0;C750CLGO;;C750CLGO;C750CLGO=PART;;;C750CLGO->C750;shared;;;;PS10828;no
UNSYNCABLE_PARTS;no;ids que no son un producto vivo · familia compartida con otro producto;p-8777-large-green-halley-plaque;Large Green Halley Plaque;ACTIVE;1;0;C750CLGN;;C750CLGN;C750CLGN=PART;;;C750CLGN->C750;shared;;;;PS10829;no
UNSYNCABLE_PARTS;no;ids que no son un producto vivo · familia compartida con otro producto;p-8778-large-red-halley-plaque;Large Red Halley Plaque;ACTIVE;1;0;C750CLR;;C750CLR;C750CLR=PART;;;C750CLR->C750;shared;;;;PS10830;no
UNSYNCABLE_PARTS;no;ids que no son un producto vivo · familia compartida con otro producto;p-8779-layered-acrylic-plaque-wblue-back-and-circle;Layered Acrylic Plaque w/Blue Back and Circle;ACTIVE;1;0;CD961BL;;CD961BL;CD961BL=PART;;;CD961BL->CD961;shared;;;;PS10847;no
UNSYNCABLE_PARTS;no;ids que no son un producto vivo · familia compartida con otro producto;p-8780-layered-acrylic-plaque-wgreen-and-circle;Layered Acrylic Plaque w/Green and Circle;ACTIVE;1;0;CD961GR;;CD961GR;CD961GR=PART;;;CD961GR->CD961;shared;;;;PS10848;no
UNSYNCABLE_PARTS;no;ids que no son un producto vivo · varias familias · familia compartida con otro producto;p-8784-leatherette-bottle-opener;Leatherette Bottle Opener;ACTIVE;1;0;CM332BS;;CM332BS CM332DB CM332GR CM332LB CM332PK CM332RD CM332RS CM332RW CM332TL CM333BS CM333DB CM333GR CM333LB CM333PK CM333RW;CM332BS=PART CM332DB=PART CM332GR=PART CM332LB=PART CM332PK=PART CM332RD=PART CM332RS=PART CM332RW=PART CM332TL=FAMILY_PART CM333BS=PART CM333DB=PART CM333GR=PART CM333LB=PART CM333PK=ORPHAN CM333RW=ORPHAN;;;CM332BS->CM332* CM332DB->CM332* CM332GR->CM332* CM332LB->CM332* CM332PK->CM332* CM332RD->CM332* CM332RS->CM332* CM332RW->CM332* CM333BS->CM333 CM333DB->CM333 CM333GR->CM333 CM333LB->CM333;shared;;;;PS10860;no
UNSYNCABLE_PARTS;no;ids que no son un producto vivo;p-8785-leatherette-card-and-dice-set;Leatherette Card and Dice Set;ACTIVE;1;0;CM371BS;;CM371BS CM371BV CM371GR CM371RW CM371TL;CM371BS=PART CM371BV=PART CM371GR=PART CM371RW=PART CM371TL=PART;;;CM371BS->CM371 CM371BV->CM371 CM371GR->CM371 CM371RW->CM371 CM371TL->CM371;simple;;;;PS10861;no
UNSYNCABLE_PARTS;no;ids que no son un producto vivo · familia compartida con otro producto;p-8787-leatherette-cigar-case-with-cutter;Leatherette Cigar Case with Cutter;ACTIVE;1;0;CM372BS;;CM372BS CM372BV CM372DB CM372GR CM372LB CM372RV CM372RW;CM372BS=PART CM372BV=PART CM372DB=PART CM372GR=PART CM372LB=PART CM372RV=PART CM372RW=PART;;;CM372BS->CM372 CM372BV->CM372 CM372DB->CM372 CM372GR->CM372 CM372LB->CM372 CM372RV->CM372 CM372RW->CM372;shared;;;;PS10866;no
UNSYNCABLE_PARTS;no;ids que no son un producto vivo;p-8788-leatherette-dice-cup-set;Leatherette Dice Cup Set;ACTIVE;1;0;CM370BS;;CM370BS CM370DB CM370GR;CM370BS=PART CM370DB=PART CM370GR=PART;;;CM370BS->CM370 CM370DB->CM370 CM370GR->CM370;simple;;;;PS10867;no
UNSYNCABLE_PARTS;no;ids que no son un producto vivo · familia compartida con otro producto;p-8796-leatherette-hard-business-card-case;Leatherette Hard Business Card Case;ACTIVE;1;0;CM243BS;;CM243BS CM243DB CM243GR CM243LB CM243PK CM243RS CM243RW CM243TL;CM243BS=PART CM243DB=PART CM243GR=PART CM243LB=PART CM243PK=PART CM243RS=PART CM243RW=PART CM243TL=PART;;;CM243BS->CM243* CM243DB->CM243* CM243GR->CM243* CM243LB->CM243* CM243PK->CM243* CM243RS->CM243* CM243RW->CM243* CM243TL->CM243*;shared;;;;PS10885;no
UNSYNCABLE_PARTS;no;ids que no son un producto vivo · familia compartida con otro producto;p-8798-leatherette-luggage-tag-large;Leatherette Luggage Tag Large;ACTIVE;1;0;CM295BL;;CM295BL CM295BS CM295DB CM295GR CM295LB CM295PK CM295RS CM295RW CM295TL;CM295BL=PART CM295BS=PART CM295DB=PART CM295GR=PART CM295LB=PART CM295PK=PART CM295RS=PART CM295RW=FAMILY_PART CM295TL=PART;;;CM295BL->CM295* CM295BS->CM295* CM295DB->CM295* CM295GR->CM295* CM295LB->CM295* CM295PK->CM295* CM295RS->CM295* CM295TL->CM295*;simple;;;;PS10893;no
UNSYNCABLE_PARTS;no;ids que no son un producto vivo · familia compartida con otro producto;p-8799-leatherette-money-clip-small;Leatherette Money Clip Small;ACTIVE;1;0;CM455BS;;CM455BS;CM455BS=PART;;;CM455BS->CM455;shared;;;;PS10894;no
UNSYNCABLE_PARTS;no;ids que no son un producto vivo · familia compartida con otro producto;p-8800-leatherette-money-clip-large;Leatherette Money Clip Large;ACTIVE;1;0;CM455DB;;CM455DB CM455GR CM455LB CM455RW;CM455DB=PART CM455GR=PART CM455LB=PART CM455RW=PART;;;CM455DB->CM455 CM455GR->CM455 CM455LB->CM455 CM455RW->CM455;shared;;;;PS10897;no
UNSYNCABLE_PARTS;no;ids que no son un producto vivo · varias familias;p-8801-leatherette-money-clipcard-holder;Leatherette Money Clip/Card Holder;ACTIVE;1;0;CM246DB;;CM246DB CM246GR CM246LB CM246RW;CM246DB=PART CM246GR=ORPHAN CM246LB=ORPHAN CM246RW=ORPHAN;;;CM246DB->CM246;simple;;;;PS10898;no
UNSYNCABLE_PARTS;no;ids que no son un producto vivo · varias familias;p-8802-leatherette-mouse-pad;Leatherette Mouse Pad;ACTIVE;1;0;CM452BS;;CM452BS CM452DB CM452GR CM452LB CM452PK CM452RS CM452RW CM452TL;CM452BS=PART CM452DB=PART CM452GR=PART CM452LB=ORPHAN CM452PK=ORPHAN CM452RS=ORPHAN CM452RW=PART CM452TL=ORPHAN;;;CM452BS->CM452 CM452DB->CM452 CM452GR->CM452 CM452RW->CM452;simple;;;;PS10901;no
UNSYNCABLE_PARTS;no;ids que no son un producto vivo · familia compartida con otro producto;p-8805-large-leatherette-notepad-and-pen;Large Leatherette Notepad and Pen;ACTIVE;1;0;CM244BL;;CM244BL CM244BS CM244BV CM244DB CM244GR CM244LB CM244PK CM244RS CM244RW CM244TL CM244WM;CM244BL=FAMILY_PART CM244BS=PART CM244BV=PART CM244DB=PART CM244GR=PART CM244LB=PART CM244PK=PART CM244RS=PART CM244RW=PART CM244TL=PART CM244WM=PART;;;CM244BS->CM244* CM244BV->CM244* CM244DB->CM244* CM244GR->CM244* CM244LB->CM244* CM244PK->CM244* CM244RS->CM244* CM244RW->CM244* CM244TL->CM244* CM244WM->CM244*;shared;;;;PS10904;no
UNSYNCABLE_PARTS;no;ids que no son un producto vivo · familia compartida con otro producto;p-8806-leatherette-notepad-and-pen-small;Leatherette Notepad and Pen Small;ACTIVE;1;0;CM244BB;;CM244BB;CM244BB=PART;;;CM244BB->CM244*;shared;;;;PS10905;no
UNSYNCABLE_PARTS;no;ids que no son un producto vivo;p-8812-leatherette-poker-set;Leatherette Poker Set;ACTIVE;1;0;CM335BS;;CM335BS CM335GR;CM335BS=PART CM335GR=PART;;;CM335BS->CM335 CM335GR->CM335;simple;;;;PS10919;no
UNSYNCABLE_PARTS;no;ids que no son un producto vivo · familia compartida con otro producto;p-8813-leatherette-portfolio-with-notepad-lrg;Leatherette Portfolio with Notepad (lrg);ACTIVE;1;0;CM237BBL;;CM237BBL CM237BDB CM237BGR CM237BLB CM237BPK CM237BRS CM237BRW;CM237BBL=PART CM237BDB=PART CM237BGR=PART CM237BLB=PART CM237BPK=FAMILY_PART CM237BRS=PART CM237BRW=PART;;;CM237BBL->CM237B* CM237BDB->CM237B* CM237BGR->CM237B* CM237BLB->CM237B* CM237BRS->CM237B* CM237BRW->CM237B*;shared;;;;PS10920;no
UNSYNCABLE_PARTS;no;ids que no son un producto vivo · familia compartida con otro producto;p-8814-leatherette-portfolio-with-notepad-sml;Leatherette Portfolio with Notepad (sml);ACTIVE;1;0;CM237ABL;;CM237ABL CM237ADB CM237AGR CM237ALB CM237APK CM237ARS CM237ARW;CM237ABL=PART CM237ADB=PART CM237AGR=PART CM237ALB=PART CM237APK=PART CM237ARS=PART CM237ARW=PART;;;CM237ABL->CM237A* CM237ADB->CM237A* CM237AGR->CM237A* CM237ALB->CM237A* CM237APK->CM237A* CM237ARS->CM237A* CM237ARW->CM237A*;shared;;;;PS10921;no
UNSYNCABLE_PARTS;no;ids que no son un producto vivo · varias familias · familia compartida con otro producto;p-8815-leatherette-portfolio-small;Leatherette Portfolio Small;ACTIVE;1;0;CM237ABS;;CM237ABS CM237ACK CM237ATL CM237BBS CM237BCK CM237BTL;CM237ABS=PART CM237ACK=PART CM237ATL=PART CM237BBS=PART CM237BCK=PART CM237BTL=PART;;;CM237ABS->CM237A* CM237ACK->CM237A* CM237ATL->CM237A* CM237BBS->CM237B* CM237BCK->CM237B* CM237BTL->CM237B*;shared;;;;PS10927;no
UNSYNCABLE_PARTS;no;ids que no son un producto vivo;p-8816-leatherette-rectangle-keychain-large;Leatherette Rectangle Keychain Large;ACTIVE;1;0;CM245BS;;CM245BS CM245CK CM245DB CM245GR CM245LB CM245RW CM245TL;CM245BS=PART CM245CK=PART CM245DB=PART CM245GR=PART CM245LB=PART CM245RW=PART CM245TL=PART;;;CM245BS->CM245* CM245CK->CM245* CM245DB->CM245* CM245GR->CM245* CM245LB->CM245* CM245RW->CM245* CM245TL->CM245*;simple;;;;PS10932;no
UNSYNCABLE_PARTS;no;ids que no son un producto vivo · familia compartida con otro producto;p-8817-leatherette-round-coaster;Leatherette Round Coaster;ACTIVE;1;0;CM240BS;;CM240BS CM240DB CM240GR CM240LB CM240PK CM240RS CM240RW CM240TL;CM240BS=PART CM240DB=PART CM240GR=PART CM240LB=PART CM240PK=PART CM240RS=PART CM240RW=PART CM240TL=PART;;;CM240BS->CM240* CM240DB->CM240* CM240GR->CM240* CM240LB->CM240* CM240PK->CM240* CM240RS->CM240* CM240RW->CM240* CM240TL->CM240*;shared;;;;PS10936;no
UNSYNCABLE_PARTS;no;ids que no son un producto vivo · familia compartida con otro producto;p-8818-leatherette-set-of-6-round-coasters;Leatherette Set of 6 Round Coasters;ACTIVE;1;0;CM282DB;;CM282DB CM282GR CM282LB CM282PK CM282RW CM282TL;CM282DB=PART CM282GR=PART CM282LB=PART CM282PK=PART CM282RW=PART CM282TL=PART;;;CM282DB->CM282* CM282GR->CM282* CM282LB->CM282* CM282PK->CM282* CM282RW->CM282* CM282TL->CM282*;shared;;;;PS10937;no
UNSYNCABLE_PARTS;no;ids que no son un producto vivo · familia compartida con otro producto;p-8819-leatherette-slim-small;Leatherette Slim Small;ACTIVE;1;0;CM292DB;;CM292DB CM292GR CM292LB CM292RW;CM292DB=PART CM292GR=PART CM292LB=PART CM292RW=PART;;;CM292DB->CM292 CM292GR->CM292 CM292LB->CM292 CM292RW->CM292;shared;;;;PS10940;no
UNSYNCABLE_PARTS;no;ids que no son un producto vivo · familia compartida con otro producto;p-8820-leatherette-slim-large;Leatherette Slim Large;ACTIVE;1;0;CM292BS;;CM292BS;CM292BS=PART;;;CM292BS->CM292;shared;;;;PS10941;no
UNSYNCABLE_PARTS;no;ids que no son un producto vivo · familia compartida con otro producto;p-8821-leatherette-square-coaster;Leatherette Square Coaster;ACTIVE;1;0;CM241BS;;CM241BS CM241DB CM241GR CM241LB CM241PK CM241RS CM241RW CM241TL;CM241BS=PART CM241DB=PART CM241GR=PART CM241LB=PART CM241PK=PART CM241RS=PART CM241RW=PART CM241TL=PART;;;CM241BS->CM241* CM241DB->CM241* CM241GR->CM241* CM241LB->CM241* CM241PK->CM241* CM241RS->CM241* CM241RW->CM241* CM241TL->CM241*;shared;;;;PS10946;no
UNSYNCABLE_PARTS;no;ids que no son un producto vivo · familia compartida con otro producto;p-8822-leatherette-square-coasters-set;Leatherette Square Coasters Set;ACTIVE;1;0;CM283DB;;CM283DB CM283GR CM283LB CM283PK CM283RW CM283TL;CM283DB=PART CM283GR=PART CM283LB=PART CM283PK=PART CM283RW=PART CM283TL=PART;;;CM283DB->CM283* CM283GR->CM283* CM283LB->CM283* CM283PK->CM283* CM283RW->CM283* CM283TL->CM283*;shared;;;;PS10947;no
UNSYNCABLE_PARTS;no;ids que no son un producto vivo;p-8823-leatherette-wiereless-phone-charging-mat-with-usb-cord;Leatherette Wiereless Phone Charging Mat with USB Cord;ACTIVE;1;0;CM718BS;;CM718BS CM718GR CM718RW CM718TL;CM718BS=PART CM718GR=PART CM718RW=PART CM718TL=PART;;;CM718BS->CM718 CM718GR->CM718 CM718RW->CM718 CM718TL->CM718;simple;;;;PS10948;no
UNSYNCABLE_PARTS;no;ids que no son un producto vivo · varias familias;p-8826-leatherette-wine-box;Leatherette Wine Box;ACTIVE;1;0;CM425BS;;CM425BS CM425DB CM425GR CM425RW;CM425BS=PART CM425DB=ORPHAN CM425GR=PART CM425RW=PART;;;CM425BS->CM425 CM425GR->CM425 CM425RW->CM425;simple;;;;PS10951;no
UNSYNCABLE_PARTS;no;ids que no son un producto vivo · varias familias;p-8828-leatherette-picture-frame;Leatherette Picture Frame;ACTIVE;1;0;CM248ABS;;CM248ABS CM248ABV CM248ACK CM248ADB CM248AGR CM248ALB CM248APK CM248ARD CM248ARW CM248ATL CM248AWM CM248BBB CM248ABB CM248BBS CM248BBV CM248BCK CM248BDB CM248BGR CM248BLB CM248BPK CM248BRD CM248BRW CM248BTL CM248BWM CM248CBB CM428DB CM428GR CM428LB CM428RW CM429BS;CM248ABS=PART CM248ABV=PART CM248ACK=PART CM248ADB=PART CM248AGR=PART CM248ALB=PART CM248APK=PART CM248ARD=FAMILY_PART CM248ARW=PART CM248ATL=PART CM248AWM=PART CM248BBB=FAMILY_PART CM248ABB=FAMILY_PART CM248BBS=PART CM248BBV=PART CM248BCK=PART CM248BDB=PART CM248BGR=PART CM248BLB=FAMILY_PART CM248BPK=PART CM248BRD=FAMILY_PART CM248BRW=PART CM248BTL=PART CM248BWM=PART CM248CBB=FAMILY_PART CM428DB=ORPHAN CM428GR=ORPHAN CM428LB=ORPHAN CM428RW=ORPHAN CM429BS=ORPHAN;;;CM248ABS->CM248A* CM248ABV->CM248A* CM248ACK->CM248A* CM248ADB->CM248A* CM248AGR->CM248A* CM248ALB->CM248A* CM248APK->CM248A* CM248ARW->CM248A* CM248ATL->CM248A* CM248AWM->CM248A* CM248BBS->CM248B* CM248BBV->CM248B* CM248BCK->CM248B* CM248BDB->CM248B* CM248BGR->CM248B* CM248BPK->CM248B* CM248BRW->CM248B* CM248BTL->CM248B* CM248BWM->CM248B*;simple;;;;PS10953;no
UNSYNCABLE_PARTS;no;ids que no son un producto vivo · familia compartida con otro producto;p-8829-light-brown-leatherette-oval-keychain;Light Brown Leatherette Oval Keychain;ACTIVE;1;0;CM291LB;;CM291LB;CM291LB=PART;;;CM291LB->CM291*;shared;;;;PS10958;no
UNSYNCABLE_PARTS;no;ids que no son un producto vivo · familia compartida con otro producto;p-8830-light-brown-leatherette-phone-easel;Light Brown Leatherette Phone Easel;ACTIVE;1;0;CM296LB;;CM296LB;CM296LB=PART;;;CM296LB->CM296;shared;;;;PS10959;no
UNSYNCABLE_PARTS;no;ids que no son un producto vivo · familia compartida con otro producto;p-8832-medium-blue-chisel-carve-tower-award;Medium Blue Chisel Carve Tower Award;ACTIVE;1;0;C610LBL;;C610LBL;C610LBL=PART;;;C610LBL->C610L;shared;;;;PS10984;no
UNSYNCABLE_PARTS;no;ids que no son un producto vivo · familia compartida con otro producto;p-8833-medium-gold-halley-plaque;Medium Gold Halley Plaque;ACTIVE;1;0;C750BLGO;;C750BLGO;C750BLGO=PART;;;C750BLGO->C750;shared;;;;PS10987;no
UNSYNCABLE_PARTS;no;ids que no son un producto vivo · familia compartida con otro producto;p-8834-medium-green-halley-plaque;Medium Green Halley Plaque;ACTIVE;1;0;C750BLGN;;C750BLGN;C750BLGN=PART;;;C750BLGN->C750;shared;;;;PS10988;no
UNSYNCABLE_PARTS;no;ids que no son un producto vivo · familia compartida con otro producto;p-8835-medium-red-halley-plaque;Medium Red Halley Plaque;ACTIVE;1;0;C750BLR;;C750BLR;C750BLR=PART;;;C750BLR->C750;shared;;;;PS10989;no
UNSYNCABLE_PARTS;no;ids que no son un producto vivo · familia compartida con otro producto;p-8843-pink-leatherette-oval-keychain;Pink Leatherette Oval Keychain;ACTIVE;1;0;CM291PK;;CM291PK;CM291PK=PART;;;CM291PK->CM291*;shared;;;;PS11148;no
UNSYNCABLE_PARTS;no;ids que no son un producto vivo · familia compartida con otro producto;p-8845-plaque-w-green-marble-mist;Plaque w/ Green Marble Mist;ACTIVE;1;0;C023AGR;;C023AGR;C023AGR=PART;;;C023AGR->C023;shared;;;;PS11160;no
UNSYNCABLE_PARTS;no;ids que no son un producto vivo · varias familias · familia compartida con otro producto;p-8846-polar-camel-stainless-steel-beverage-holder-small;Polar Camel stainless steel beverage holder. Small;ACTIVE;1;0;CM727BK;;CM727BK CM737BK;CM727BK=PART CM737BK=PART;;;CM727BK->CM727* CM737BK->CM737*;shared;;;;PS11162;no
UNSYNCABLE_PARTS;no;ids que no son un producto vivo · varias familias · familia compartida con otro producto;p-8847-polar-camel-stainless-steel-beverage-holder-large;Polar Camel stainless steel beverage holder. Large;ACTIVE;1;0;CM727BL;;CM727BL CM727CR CM727DB CM727GR CM727GY CM727LB CM727LP CM727MR CM727OR CM727PK CM727PU CM727RD CM727TL CM727WH CM727YW CM737BL CM737CR CM737DB CM737GR CM737GY CM737LB CM737LP CM737MR CM737OR CM737PK CM737PU CM737RD CM737TL CM737WH CM737YW;CM727BL=PART CM727CR=PART CM727DB=PART CM727GR=PART CM727GY=PART CM727LB=PART CM727LP=PART CM727MR=PART CM727OR=PART CM727PK=PART CM727PU=PART CM727RD=PART CM727TL=PART CM727WH=PART CM727YW=PART CM737BL=PART CM737CR=PART CM737DB=PART CM737GR=PART CM737GY=PART CM737LB=PART CM737LP=PART CM737MR=PART CM737OR=PART CM737PK=PART CM737PU=PART CM737RD=PART CM737TL=PART CM737WH=PART CM737YW=PART;;;CM727BL->CM727* CM727CR->CM727* CM727DB->CM727* CM727GR->CM727* CM727GY->CM727* CM727LB->CM727* CM727LP->CM727* CM727MR->CM727* CM727OR->CM727* CM727PK->CM727* CM727PU->CM727* CM727RD->CM727* CM727TL->CM727* CM727WH->CM727* CM727YW->CM727* CM737BL->CM737* CM737CR->CM737* CM737DB->CM737* CM737GR->CM737* CM737GY->CM737* CM737LB->CM737* CM737LP->CM737* CM737MR->CM737* CM737OR->CM737* CM737PK->CM737* CM737PU->CM737* CM737RD->CM737* CM737TL->CM737* CM737WH->CM737* CM737YW->CM737*;shared;;;;PS11163;no
UNSYNCABLE_PARTS;no;ids que no son un producto vivo · varias familias · familia compartida con otro producto;p-8848-polar-camel-small;Polar Camel Small;ACTIVE;1;0;CM713BL;;CM713BL CM713DB CM713GR CM713GY CM713LB CM713LP CM713MR CM713OR CM713PK CM713PU CM713RD CM713TL CM713WH CM711BL CM711CR CM711DB CM711GR CM711GY CM711LB CM711LP CM711MR CM711OG CM711OR CM711PK CM711PU CM711RD CM711TL CM711WH CM711YW CM712BK CM726BL CM726CR CM726DB CM726GR CM726GY CM726LB CM726LP CM726MR CM726OR CM726PK CM726PU CM726RD CM726TL CM726WH CM726YW CM731BL CM731CR CM731DB CM731GR CM731GY;CM713BL=PART CM713DB=PART CM713GR=PART CM713GY=PART CM713LB=PART CM713LP=PART CM713MR=PART CM713OR=PART CM713PK=PART CM713PU=PART CM713RD=PART CM713TL=PART CM713WH=PART CM711BL=PART CM711CR=PART CM711DB=PART CM711GR=PART CM711GY=PART CM711LB=PART CM711LP=PART CM711MR=PART CM711OG=PART CM711OR=PART CM711PK=PART CM711PU=PART CM711RD=PART CM711TL=PART CM711WH=PART CM711YW=PART CM712BK=PART CM726BL=PART CM726CR=PART CM726DB=PART CM726GR=PART CM726GY=PART CM726LB=PART CM726LP=PART CM726MR=PART CM726OR=PART CM726PK=PART CM726PU=PART CM726RD=PART CM726TL=PART CM726WH=PART CM726YW=PART CM731BL=PART CM731CR=PART CM731DB=PART CM731GR=PART CM731GY=PART;;;CM713BL->CM713* CM713DB->CM713* CM713GR->CM713* CM713GY->CM713* CM713LB->CM713* CM713LP->CM713* CM713MR->CM713* CM713OR->CM713* CM713PK->CM713* CM713PU->CM713* CM713RD->CM713* CM713TL->CM713* CM713WH->CM713* CM711BL->CM711 CM711CR->CM711 CM711DB->CM711 CM711GR->CM711 CM711GY->CM711 CM711LB->CM711 CM711LP->CM711 CM711MR->CM711 CM711OG->CM711 CM711OR->CM711 CM711PK->CM711 CM711PU->CM711 CM711RD->CM711 CM711TL->CM711 CM711WH->CM711 CM711YW->CM711 CM712BK->CM712 CM726BL->CM726* CM726CR->CM726* CM726DB->CM726* CM726GR->CM726* CM726GY->CM726* CM726LB->CM726* CM726LP->CM726* CM726MR->CM726* CM726OR->CM726* CM726PK->CM726* CM726PU->CM726* CM726RD->CM726* CM726TL->CM726* CM726WH->CM726* CM726YW->CM726* CM731BL->CM731 CM731CR->CM731 CM731DB->CM731 CM731GR->CM731 CM731GY->CM731;shared;;;;PS11164;no
UNSYNCABLE_PARTS;no;ids que no son un producto vivo · varias familias · familia compartida con otro producto;p-8850-polar-camel-medium;Polar Camel Medium;ACTIVE;1;0;CM712BL;;CM712BL CM712DB CM712GR CM712GY CM712LB CM712LP CM712MR CM712OR CM712PK CM712PU CM712RD CM712TL CM712WH CM713BK CM731BK;CM712BL=PART CM712DB=PART CM712GR=PART CM712GY=PART CM712LB=PART CM712LP=PART CM712MR=PART CM712OR=PART CM712PK=PART CM712PU=PART CM712RD=PART CM712TL=PART CM712WH=PART CM713BK=PART CM731BK=PART;;;CM712BL->CM712 CM712DB->CM712 CM712GR->CM712 CM712GY->CM712 CM712LB->CM712 CM712LP->CM712 CM712MR->CM712 CM712OR->CM712 CM712PK->CM712 CM712PU->CM712 CM712RD->CM712 CM712TL->CM712 CM712WH->CM712 CM713BK->CM713* CM731BK->CM731;shared;;;;PS11166;no
UNSYNCABLE_PARTS;no;ids que no son un producto vivo · varias familias;p-8852-powder-coated-travel-water-bottle;Powder Coated Travel Water Bottle;ACTIVE;1;0;CM817BK;;CM817BK CM817BL CM817CR CM817DB CM817GR CM817GY CM817LB CM817LP CM817MR CM817OR CM817PK CM817PU CM817RD CM817TL CM817WH CM817YW CM818BK CM818BL CM818CR CM818DB CM818GR CM818GY CM818LB CM818LP CM818MR CM818OR CM818PK CM818PU CM818RD CM818TL CM818WH CM818YW;CM817BK=PART CM817BL=PART CM817CR=PART CM817DB=PART CM817GR=PART CM817GY=PART CM817LB=PART CM817LP=PART CM817MR=PART CM817OR=PART CM817PK=PART CM817PU=PART CM817RD=PART CM817TL=PART CM817WH=PART CM817YW=PART CM818BK=PART CM818BL=PART CM818CR=PART CM818DB=PART CM818GR=PART CM818GY=PART CM818LB=PART CM818LP=PART CM818MR=PART CM818OR=PART CM818PK=PART CM818PU=PART CM818RD=PART CM818TL=PART CM818WH=PART CM818YW=PART;;;CM817BK->CM817* CM817BL->CM817* CM817CR->CM817* CM817DB->CM817* CM817GR->CM817* CM817GY->CM817* CM817LB->CM817* CM817LP->CM817* CM817MR->CM817* CM817OR->CM817* CM817PK->CM817* CM817PU->CM817* CM817RD->CM817* CM817TL->CM817* CM817WH->CM817* CM817YW->CM817* CM818BK->CM818* CM818BL->CM818* CM818CR->CM818* CM818DB->CM818* CM818GR->CM818* CM818GY->CM818* CM818LB->CM818* CM818LP->CM818* CM818MR->CM818* CM818OR->CM818* CM818PK->CM818* CM818PU->CM818* CM818RD->CM818* CM818TL->CM818* CM818WH->CM818* CM818YW->CM818*;simple;;;;PS11171;no
UNSYNCABLE_PARTS;no;ids que no son un producto vivo · familia compartida con otro producto;p-8853-powder-coated-tumbler-small;Powder Coated Tumbler Small;ACTIVE;1;0;CM816BL;;CM816BL CM816DB CM816MR CM816PK CM816PU CM816RD CM816TL CM816WH;CM816BL=PART CM816DB=PART CM816MR=PART CM816PK=PART CM816PU=PART CM816RD=PART CM816TL=PART CM816WH=PART;;;CM816BL->CM816* CM816DB->CM816* CM816MR->CM816* CM816PK->CM816* CM816PU->CM816* CM816RD->CM816* CM816TL->CM816* CM816WH->CM816*;shared;;;;PS11172;no
UNSYNCABLE_PARTS;no;ids que no son un producto vivo · familia compartida con otro producto;p-8854-powder-coated-tumbler-large;Powder Coated Tumbler Large;ACTIVE;1;0;CM816BK;;CM816BK;CM816BK=PART;;;CM816BK->CM816*;shared;;;;PS11173;no
UNSYNCABLE_PARTS;no;ids que no son un producto vivo · familia compartida con otro producto;p-8856-rawhide-leatherette-oval-keychain;Rawhide Leatherette Oval Keychain;ACTIVE;1;0;CM291RW;;CM291RW;CM291RW=PART;;;CM291RW->CM291*;shared;;;;PS11203;no
UNSYNCABLE_PARTS;no;ids que no son un producto vivo · familia compartida con otro producto;p-8857-rawhide-leatherette-phone-easel;Rawhide Leatherette Phone Easel;ACTIVE;1;0;CM296RW;;CM296RW;CM296RW=PART;;;CM296RW->CM296;shared;;;;PS11204;no
UNSYNCABLE_PARTS;no;ids que no son un producto vivo · familia compartida con otro producto;p-8858-red-marble-florentine-plate-on-walnut-finish-board;Red Marble Florentine Plate on Walnut Finish Board;ACTIVE;1;0;CD414ARWF;;CD414ARWF CD414BRWF;CD414ARWF=PART CD414BRWF=PART;;;CD414ARWF->CD414* CD414BRWF->CD414*;shared;;;;PS11238;no
UNSYNCABLE_PARTS;no;ids que no son un producto vivo · familia compartida con otro producto;p-8859-rose-leatherette-oval-keychain;Rose Leatherette Oval Keychain;ACTIVE;1;0;CM291RS;;CM291RS;CM291RS=PART;;;CM291RS->CM291*;shared;;;;PS11251;no
UNSYNCABLE_PARTS;no;ids que no son un producto vivo · varias familias;p-8866-sedona-ridge-plaque;Sedona Ridge Plaque;ACTIVE;1;0;CD916ABL;;CD916ABL CD916AGR CD916ARD CD916BBL CD916BGR CD916BRD;CD916ABL=PART CD916AGR=PART CD916ARD=PART CD916BBL=PART CD916BGR=PART CD916BRD=PART;;;CD916ABL->CD916A* CD916AGR->CD916A* CD916ARD->CD916A* CD916BBL->CD916B* CD916BGR->CD916B* CD916BRD->CD916B*;simple;;;;PS11295;no
UNSYNCABLE_PARTS;no;ids que no son un producto vivo · varias familias;p-8868-sedona-ridge-tablet-award;Sedona Ridge Tablet Award;ACTIVE;1;0;CD915ABL;;CD915ABL CD915AGR CD915ARD CD915BBL CD915BGR CD915BRD CD915CBL CD915CGR CD915CRD;CD915ABL=PART CD915AGR=PART CD915ARD=PART CD915BBL=PART CD915BGR=PART CD915BRD=PART CD915CBL=PART CD915CGR=PART CD915CRD=PART;;;CD915ABL->CD915A CD915AGR->CD915A CD915ARD->CD915A CD915BBL->CD915B CD915BGR->CD915B CD915BRD->CD915B CD915CBL->CD915C CD915CGR->CD915C CD915CRD->CD915C;simple;;;;PS11297;no
UNSYNCABLE_PARTS;no;ids que no son un producto vivo · varias familias · familia compartida con otro producto;p-8873-simplicity-plate-on-ebony-board;Simplicity Plate on Ebony Board;ACTIVE;1;0;C076BB;;C076BB C076BGO C076BR C076BS;C076BB=PART C076BGO=PART C076BR=ORPHAN C076BS=ORPHAN;;;C076BB->C076 C076BGO->C076;shared;;;;PS11328;no
UNSYNCABLE_PARTS;no;ids que no son un producto vivo · varias familias · familia compartida con otro producto;p-8874-simplicity-plate-on-walnut-finish-board;Simplicity Plate on Walnut Finish Board;ACTIVE;1;0;C075BB;;C075BB C075BGO C075BR C075BS;C075BB=PART C075BGO=PART C075BR=PART C075BS=ORPHAN;;;C075BB->C075 C075BGO->C075 C075BR->C075;shared;;;;PS11333;no
UNSYNCABLE_PARTS;no;ids que no son un producto vivo;p-8875-small-digi;Small Digi;ACTIVE;1;0;CD547AAWN;;CD547AAWN;CD547AAWN=PART;;;CD547AAWN->CD547AA;simple;;;;PS11359;no
UNSYNCABLE_PARTS;no;ids que no son un producto vivo · familia compartida con otro producto;p-8876-small-gold-halley-plaque;Small Gold Halley Plaque;ACTIVE;1;0;C750ALGO;;C750ALGO;C750ALGO=PART;;;C750ALGO->C750;shared;;;;PS11360;no
UNSYNCABLE_PARTS;no;ids que no son un producto vivo · familia compartida con otro producto;p-8877-small-green-halley-plaque;Small Green Halley Plaque;ACTIVE;1;0;C750ALGN;;C750ALGN;C750ALGN=PART;;;C750ALGN->C750;shared;;;;PS11361;no
UNSYNCABLE_PARTS;no;ids que no son un producto vivo · familia compartida con otro producto;p-8878-small-red-halley-plaque;Small Red Halley Plaque;ACTIVE;1;0;C750ALR;;C750ALR;C750ALR=PART;;;C750ALR->C750;shared;;;;PS11362;no
UNSYNCABLE_PARTS;no;ids que no son un producto vivo;p-8883-tahoe-drinkware;Tahoe Drinkware;ACTIVE;1;0;CM814BK;;CM814BK CM814BL CM814CR CM814DB CM814GR CM814GY CM814LB CM814LP CM814MR CM814OR CM814PK CM814PU CM814RD CM814TL CM814WH CM814YW;CM814BK=PART CM814BL=PART CM814CR=PART CM814DB=PART CM814GR=PART CM814GY=PART CM814LB=PART CM814LP=PART CM814MR=PART CM814OR=PART CM814PK=PART CM814PU=PART CM814RD=PART CM814TL=PART CM814WH=PART CM814YW=PART;;;CM814BK->CM814 CM814BL->CM814 CM814CR->CM814 CM814DB->CM814 CM814GR->CM814 CM814GY->CM814 CM814LB->CM814 CM814LP->CM814 CM814MR->CM814 CM814OR->CM814 CM814PK->CM814 CM814PU->CM814 CM814RD->CM814 CM814TL->CM814 CM814WH->CM814 CM814YW->CM814;simple;;;;PS11413;no
UNSYNCABLE_PARTS;no;ids que no son un producto vivo · familia compartida con otro producto;p-8884-tahoe-stemless-cocktail-tumbler;Tahoe Stemless Cocktail Tumbler;ACTIVE;1;0;CM745BK;;CM745BK CM745BL CM745DB CM745LB CM745LP CM745PU;CM745BK=PART CM745BL=PART CM745DB=PART CM745LB=PART CM745LP=PART CM745PU=PART;;;CM745BK->CM745* CM745BL->CM745* CM745DB->CM745* CM745LB->CM745* CM745LP->CM745* CM745PU->CM745*;shared;;;;PS11414;no
UNSYNCABLE_PARTS;no;ids que no son un producto vivo · familia compartida con otro producto;p-8885-tahoe-stemless-cocktail-tumblers;Tahoe Stemless Cocktail Tumblers;ACTIVE;1;0;CM745PK;;CM745PK CM745RD CM745TL;CM745PK=PART CM745RD=PART CM745TL=PART;;;CM745PK->CM745* CM745RD->CM745* CM745TL->CM745*;shared;;;;PS11415;no
UNSYNCABLE_PARTS;no;ids que no son un producto vivo · varias familias · familia compartida con otro producto;p-8886-tahoe-travel-mug;Tahoe Travel Mug;ACTIVE;1;0;CM747LB;;CM747LB CM746LB;CM747LB=PART CM746LB=PART;;;CM747LB->CM747* CM746LB->CM746*;shared;;;;PS11416;no
UNSYNCABLE_PARTS;no;ids que no son un producto vivo · varias familias · familia compartida con otro producto;p-8887-tahoe-travel-tumbler;Tahoe Travel Tumbler;ACTIVE;1;0;CM747BK;;CM747BK CM747BL CM747DB CM747LP CM747OR CM747PK CM747PU CM747RD CM746BK CM746BL CM746DB CM746LP CM746OR CM746PK CM746PU CM746RD;CM747BK=PART CM747BL=PART CM747DB=PART CM747LP=PART CM747OR=PART CM747PK=PART CM747PU=PART CM747RD=PART CM746BK=PART CM746BL=PART CM746DB=PART CM746LP=PART CM746OR=PART CM746PK=PART CM746PU=PART CM746RD=PART;;;CM747BK->CM747* CM747BL->CM747* CM747DB->CM747* CM747LP->CM747* CM747OR->CM747* CM747PK->CM747* CM747PU->CM747* CM747RD->CM747* CM746BK->CM746* CM746BL->CM746* CM746DB->CM746* CM746LP->CM746* CM746OR->CM746* CM746PK->CM746* CM746PU->CM746* CM746RD->CM746*;shared;;;;PS11417;no
UNSYNCABLE_PARTS;no;ids que no son un producto vivo;p-8888-tahoe-tumbler-powder-coated-beverage-can-holder;Tahoe Tumbler Powder Coated Beverage Can Holder;ACTIVE;1;0;CM813BK;;CM813BK CM813BL CM813CR CM813DB CM813GR CM813GY CM813LB CM813LP CM813MR CM813OR CM813PK CM813PU CM813RD CM813TL CM813WH CM813YW;CM813BK=PART CM813BL=PART CM813CR=PART CM813DB=PART CM813GR=PART CM813GY=PART CM813LB=PART CM813LP=PART CM813MR=PART CM813OR=PART CM813PK=PART CM813PU=PART CM813RD=PART CM813TL=PART CM813WH=PART CM813YW=PART;;;CM813BK->CM813 CM813BL->CM813 CM813CR->CM813 CM813DB->CM813 CM813GR->CM813 CM813GY->CM813 CM813LB->CM813 CM813LP->CM813 CM813MR->CM813 CM813OR->CM813 CM813PK->CM813 CM813PU->CM813 CM813RD->CM813 CM813TL->CM813 CM813WH->CM813 CM813YW->CM813;simple;;;;PS11418;no
UNSYNCABLE_PARTS;no;ids que no son un producto vivo · varias familias;p-8889-taper-edge-award;Taper Edge Award;ACTIVE;1;0;GM750ABK;;GM750ABK GM750ABL GM750BBK GM750BBL GM751ABK;GM750ABK=PART GM750ABL=PART GM750BBK=PART GM750BBL=PART GM751ABK=PART;;;GM750ABK->GM750 GM750ABL->GM750 GM750BBK->GM750 GM750BBL->GM750 GM751ABK->GM751;simple;;;;PS11419;no
UNSYNCABLE_PARTS;no;ids que no son un producto vivo · familia compartida con otro producto;p-8890-teal-chisel-carve-tower-award-on-base;Teal Chisel Carve Tower Award on Base;ACTIVE;1;0;C701BLTE;;C701BLTE;C701BLTE=PART;;;C701BLTE->C701BL;shared;;;;PS11424;no
UNSYNCABLE_PARTS;no;ids que no son un producto vivo · familia compartida con otro producto;p-8891-teal-chisel-carve-tower-award;Teal Chisel Carve Tower Award;ACTIVE;1;0;C701LTE;;C701LTE;C701LTE=PART;;;C701LTE->C701L;shared;;;;PS11425;no
UNSYNCABLE_PARTS;no;ids que no son un producto vivo · familia compartida con otro producto;p-8898-walnut-finish-plaque-with-black-florentine;Walnut Finish Plaque with Black Florentine;ACTIVE;1;0;C071BSWF;;C071BSWF;C071BSWF=PART;;;C071BSWF->C071B;shared;;;;PS11512;no
UNSYNCABLE_PARTS;no;ids que no son un producto vivo · varias familias · familia compartida con otro producto;p-8899-walnut-finish-plaque-with-marble-mist-plate;Walnut Finish Plaque with Marble Mist Plate;ACTIVE;1;0;C021ABWF;;C021ABWF C021AGWF C021ARWF C021BBWF C021BGWF C021BRWF;C021ABWF=PART C021AGWF=PART C021ARWF=PART C021BBWF=PART C021BGWF=PART C021BRWF=PART;;;C021ABWF->C021A C021AGWF->C021A C021ARWF->C021A C021BBWF->C021B C021BGWF->C021B C021BRWF->C021B;shared;;;;PS11513;no
UNSYNCABLE_PARTS;no;ids que no son un producto vivo · varias familias;p-9434-interlocking-perpetual-award-bars;Interlocking Perpetual Award Bars;ACTIVE;1;0;CD908RRBL;;CD908RRBL CD908RLBL;CD908RRBL=PART CD908RLBL=PART;;;CD908RRBL->CD908RR CD908RLBL->CD908RL;simple;;;;PS9792;no
