supplier_id;kind;paceSetter_line;name;part_of;claimed_by
AE700;ORPHAN;AE700;;;p-6280-soaring-excellence-gold-eagle-award-trophy
AE710;ORPHAN;AE710;;;p-6280-soaring-excellence-gold-eagle-award-trophy
AE720;ORPHAN;AE720;;;p-6280-soaring-excellence-gold-eagle-award-trophy
C021ABEF;PART;C021A;;C021A;p-5713-ebony-finish-plaque-with-marble-mist-large
C021ABWF;PART;C021A;;C021A;p-8899-walnut-finish-plaque-with-marble-mist-plate
C021AGEF;PART;C021A;;C021A;p-5713-ebony-finish-plaque-with-marble-mist-large
C021AGWF;PART;C021A;;C021A;p-8899-walnut-finish-plaque-with-marble-mist-plate
C021AREF;PART;C021A;;C021A;p-5713-ebony-finish-plaque-with-marble-mist-large
C021ARWF;PART;C021A;;C021A;p-8899-walnut-finish-plaque-with-marble-mist-plate
C021BBEF;PART;C021B;;C021B;p-5712-ebony-finish-plaque-with-marble-mist-small
C021BBWF;PART;C021B;;C021B;p-8899-walnut-finish-plaque-with-marble-mist-plate
C021BGEF;PART;C021B;;C021B;p-5712-ebony-finish-plaque-with-marble-mist-small
C021BGWF;PART;C021B;;C021B;p-8899-walnut-finish-plaque-with-marble-mist-plate
C021BREF;PART;C021B;;C021B;p-5712-ebony-finish-plaque-with-marble-mist-small
C021BRWF;PART;C021B;;C021B;p-8899-walnut-finish-plaque-with-marble-mist-plate
C023AB;PART;C023;;C023;p-5511-blue-plaque-w-marble-mist-large
C023AGR;PART;C023;;C023;p-8845-plaque-w-green-marble-mist
C023AR;PART;C023;;C023;p-6206-red-plaque-with-marble-mist-large
C023BB;PART;C023;;C023;p-5510-blue-plaque-w-marble-mist-small
C023BGR;PART;C023;;C023;p-8758-genuine-walnut-elliptical-plaque-with-marble-mist
C023BR;PART;C023;;C023;p-6205-red-plaque-w-marble-mist-small
C031AB;ORPHAN;C031AB;;;p-5477-blue-barrel-plaque-w-marble-mist-large
C031AG;ORPHAN;C031AG;;;p-5867-genuine-walnut-barrel-large
C031AR;ORPHAN;C031AR;;;p-6195-red-barrel-plaque-with-marble-mist-plate
C031BB;ORPHAN;C031BB;;;p-5476-blue-barrel-plaque-w-marble-mist-small
C031BG;ORPHAN;C031BG;;;p-5866-genuine-walnut-barrel-plaque
C031BR;ORPHAN;C031BR;;;p-6194-red-barrel-plaque-w-marble-mist-small
C0556;PRODUCT;C0556;Silver Tone Star Paperweight (FREE Setup - Text only);;p-6253-silver-tone-star-paperweight
C0557;ORPHAN;C0557;;;p-5902-gold-tone-star-paperweight
C0610;PRODUCT;C0610;Small Blue Dynasty Award;;p-5704-dynasty-collection-blue-award
C0611;PRODUCT;C0611;Large Blue Dynasty Award;;p-5491-blue-dynasty-award
C0613;PRODUCT;C0613;Small Blue Dynasty Award with Clear Lucite Base;;p-5475-blue-award-with-clear-lucite-base
C0614;PRODUCT;C0614;Large Blue Dynasty Award with Clear Lucite Base;;p-5475-blue-award-with-clear-lucite-base
C0627;ORPHAN;C0627;;;p-6225-rosewood-piano-finish-star-paperweight
C0632;ORPHAN;C0632;;;p-6284-star-gold-trophy-on-rosewood-piano
C0633;ORPHAN;C0633;;;p-6287-stars-silver-trophy-on-rosewood-piano
C0642G;PART;C0642;;C0642;p-5899-gold-star-self-standing-plaque
C0642S;PART;C0642;;C0642;p-6249-silver-star-self-standing-plaque
C071AASWF;ORPHAN;C071AASWF;;;p-7993-florentine-edge-plate-on-walnut-finish-board
C071AGOEF;PART;C071A;;C071A;p-5737-florentine-gold-edge-plate-on-ebony-board
C071AGOWF;PART;C071A;;C071A;p-6329-walnut-finish-plaque-with-black-florentine-plate
C071ASEF;PART;C071A;;C071A;p-5734-florentine-edge-plate-on-ebony-board-medium
C071ASWF;PART;C071A;;C071A;p-8219-walnut-finish-plaque-with-black-florentine
C071BGOEF;PART;C071B;;C071B;p-5736-florentine-gold-edge-plate-on-ebony-board-large
C071BGOWF;PART;C071B;;C071B;p-6329-walnut-finish-plaque-with-black-florentine-plate
C071BSWF;PART;C071B;;C071B;p-8898-walnut-finish-plaque-with-black-florentine
C072AGO;PART;C072;;C072;p-5896-gold-plaque-w-black-with-gold-florentine-plate
C072AS;PART;C072;;C072;p-8757-genuine-walnut-elliptical-plaque-with-blacksilver-florentine-large
C072BGO;PART;C072;;C072;p-5896-gold-plaque-w-black-with-gold-florentine-plate
C072BS;PART;C072;;C072;p-8756-genuine-walnut-elliptical-plaque-with-blacksilver-florentine-small
C073A;PRODUCT;C073A; Black with Gold Florentine on Notched Corner Genuine Walnut;;p-6096-notched-plaque-w-gold-florentine-large
C073B;PRODUCT;C073B; Black with Gold Florentine on Notched Corner Genuine Walnut;;p-6095-notched-plaque-w-gold-florentine-small
C075AB;PART;C075;;C075;p-6258-simplicity-plate-on-walnut-finish-board-plaque
C075AGO;PART;C075;;C075;p-6258-simplicity-plate-on-walnut-finish-board-plaque
C075AR;PART;C075;;C075;p-6258-simplicity-plate-on-walnut-finish-board-plaque
C075AS;ORPHAN;C075AS;;;p-6258-simplicity-plate-on-walnut-finish-board-plaque
C075BB;PART;C075;;C075;p-8874-simplicity-plate-on-walnut-finish-board
C075BGO;PART;C075;;C075;p-8874-simplicity-plate-on-walnut-finish-board
C075BR;PART;C075;;C075;p-8874-simplicity-plate-on-walnut-finish-board
C075BS;ORPHAN;C075BS;;;p-8874-simplicity-plate-on-walnut-finish-board
C076AB;PART;C076;;C076;p-6256-simplicity-plate-on-ebony-board-plaque
C076AGO;PART;C076;;C076;p-6256-simplicity-plate-on-ebony-board-plaque
C076AR;PART;C076;;C076;p-6256-simplicity-plate-on-ebony-board-plaque
C076AS;PART;C076;;C076;p-6256-simplicity-plate-on-ebony-board-plaque
C076BB;PART;C076;;C076;p-8873-simplicity-plate-on-ebony-board
C076BGO;PART;C076;;C076;p-8873-simplicity-plate-on-ebony-board
C076BR;ORPHAN;C076BR;;;p-8873-simplicity-plate-on-ebony-board
C076BS;ORPHAN;C076BS;;;p-8873-simplicity-plate-on-ebony-board
C0812A;PART;C0812;;C0812;p-5753-freestanding-lucite-block
C0812B;PART;C0812;;C0812;p-5753-freestanding-lucite-block
C0812C;PART;C0812;;C0812;p-5753-freestanding-lucite-block
C0813A;PRODUCT;C0813A;Freestanding Lucite Block;;p-5753-freestanding-lucite-block
C0813B;PRODUCT;C0813B;Freestanding Lucite Block;;p-5753-freestanding-lucite-block
C0813C;PRODUCT;C0813C;Freestanding Lucite Block;;p-8754-freestanding-lucite-block
C1407LB;PRODUCT;C1407L*;Diamond Carved Octagon Plaque;C1407LG C1407LR;p-8715-blue-diamond-carve-lucite-octagon-plaque
C1407LG;PRODUCT;C1407L*;Diamond Carved Octagon Plaque;C1407LB C1407LR;p-5911-green-diamond-carved-octagon-plaque
C1407LR;PRODUCT;C1407L*;Diamond Carved Octagon Plaque;C1407LB C1407LG;p-6200-red-diamond-carve-lucite-octagon-plaque
C1908C;PRODUCT;C1908C;Beveled Octagon Lucite Paperweight;;p-5587-clear-beveled-octagon-lucite-paperweight
C1925;PRODUCT;C1925;Star Award on Base;;p-5553-celestial-stars-award-on-base
C2317C;PRODUCT;C2317C;Small Clear Chisel Tower;;p-5865-gentle-waves-clear-chisel-tower-award
C2613;ORPHAN;C2613;;;p-6237-sheared-lucite-cylinder-award-trophy
C2760A;ORPHAN;C2760A;;;p-5691-diamond-carved-square-lucite-award-on-marble
C2760B;ORPHAN;C2760B;;;p-5691-diamond-carved-square-lucite-award-on-marble
C2761A;ORPHAN;C2761A;;;p-5693-diamond-carved-wave-lucite-award-trophy
C2761B;ORPHAN;C2761B;;;p-5692-diamond-carved-wave-lucite-award-on-marble
C3050;ORPHAN;C3050;;;p-5703-double-tower-on-marble-award
C3150A;ORPHAN;C3150A;;;p-5607-clear-millennium-lucite-tower
C3150B;ORPHAN;C3150B;;;p-5607-clear-millennium-lucite-tower
C3450AC;ORPHAN;C3450AC;;;p-5588-clear-cascade-collection-lucite-award
C3450BC;ORPHAN;C3450BC;;;p-5588-clear-cascade-collection-lucite-award
C3501AEBG;PART;C3501A;;C3501A;p-5708-ebony-finish-certificateoverlay-plaque
C3501AWG;PART;C3501A;;C3501A;p-5869-genuine-walnut-certificate-plaque
C3501AWM;PART;C3501A;;C3501A;p-6325-walnut-finish-certificateoverlay-plaque-in-mailer-box
C3501AWNG;PART;C3501A;;C3501A;p-6324-walnut-finish-certificateoverlay-plaque-in-gift-box
C3501AWNM;PART;C3501A;;C3501A;p-6325-walnut-finish-certificateoverlay-plaque-in-mailer-box
C3501BEBG;PART;C3501B;;C3501B;p-5708-ebony-finish-certificateoverlay-plaque
C3501BWM;ORPHAN;C3501BWM;;;p-6325-walnut-finish-certificateoverlay-plaque-in-mailer-box
C3501BWNG;ORPHAN;C3501BWNG;;;p-6324-walnut-finish-certificateoverlay-plaque-in-gift-box
C3501BWNM;ORPHAN;C3501BWNM;;;p-6325-walnut-finish-certificateoverlay-plaque-in-mailer-box
C3501CEBG;PART;C3501C;;C3501C;p-5708-ebony-finish-certificateoverlay-plaque
C3501CW;ORPHAN;C3501CW;;;p-5868-genuine-walnut-certificateoverlay-plaque
C3501CWNG;PART;C3501C;;C3501C;p-6324-walnut-finish-certificateoverlay-plaque-in-gift-box
C3501CWNM;PART;C3501C;;C3501C;p-6325-walnut-finish-certificateoverlay-plaque-in-mailer-box
C401;ORPHAN;C401;;;p-5596-clear-diamond-desk-award
C403A;ORPHAN;C403A;;;p-8751-diamond-carved-clear-desktop-tower
C403B;ORPHAN;C403B;;;p-8752-diamond-carved-clear-tower
C4252L;PRODUCT;C4252L;Lasered Lucite Star Award;;p-6072-lucite-star-award-paperweight
C4801AAG;PART;C4801AA;;C4801AA;p-6270-slide-in-certificate-walnut-plaque-in-gift-box
C4801AAM;PART;C4801AA;;C4801AA;p-6271-slide-in-certificate-walnut-plaque-in-mailer-box
C4801AG;PART;C4801A;;C4801A;p-6270-slide-in-certificate-walnut-plaque-in-gift-box
C4801AM;PART;C4801A;;C4801A;p-6271-slide-in-certificate-walnut-plaque-in-mailer-box
C4801BG;PART;C4801B;;C4801B;p-6270-slide-in-certificate-walnut-plaque-in-gift-box
C4801BM;PART;C4801B;;C4801B;p-6271-slide-in-certificate-walnut-plaque-in-mailer-box
C4801CG;PART;C4801C;;C4801C;p-6270-slide-in-certificate-walnut-plaque-in-gift-box
C4801CM;PART;C4801C;;C4801C;p-6271-slide-in-certificate-walnut-plaque-in-mailer-box
C4802BS;PART;C4802;;C4802;p-8709-black-certificate-frame-with-silver-metallized-accent
C4802WG;PART;C4802;;C4802;p-6321-walnut-certificate-frame-with-gold-metallized-accent
C4803;PRODUCT;C4803;Ebony Finish Certificate Frame;;p-5710-ebony-finish-certificate-frame
C4806;PRODUCT;C4806;Leatherette Frame;;p-5992-leatherette-frame
C4807;PRODUCT;C4807;Padded Leatherette Certificate Holder;;p-6154-padded-leatherette-certificate-holder
C4952;ORPHAN;C4952;;;p-6281-spotlight-lucite-aluminum-lucite-base
C4953;ORPHAN;C4953;;;p-6281-spotlight-lucite-aluminum-lucite-base
C504;PRODUCT;C504;Jade Diamond Carved Rectangle;;p-5690-diamond-carved-jade-rectangle
C511;PRODUCT;C511;Clear Diamond Carved Rectangle;;p-5688-diamond-carved-clear-rectangle
C512;ORPHAN;C512;;;p-5686-diamond-carved-clear-desk-award
C5853;PRODUCT;C5853;Rosewood Pen and Case Set;;p-6216-rosewood-pen-and-case-set
C5854;PRODUCT;C5854;Rosewood Pen - Pencil - Letter Opener and Case Set;;p-5684-desk-essentials-set
C5855;PRODUCT;C5855;Rosewood Pen in Velvet Pouch;;p-6217-rosewood-pen-in-velvet-pouch
C5858;PRODUCT;C5858;Rosewood Pen - Pencil and Case Set;;p-6218-rosewood-pen-pencil-case-set
C609LBBL;PART;C609LB;;C609LB;p-5479-blue-chisel-carved-tower-award-on-base
C609LBGO;PART;C609LB;;C609LB;p-8760-gold-chisel-carved-tower-on-base-large
C609LBL;PART;C609L*;;C609LGO;p-8720-blue-spectrum-chisel-carved-tower-large
C609LGO;PRODUCT;C609L*;Small Chisel Carve Tower;;p-5898-gold-spectrum-chisel-carved-tower-trophy-award
C610LBBL;PART;C610LB;;C610LB;p-5479-blue-chisel-carved-tower-award-on-base
C610LBGO;PART;C610LB;;C610LB;p-5883-gold-chisel-carved-tower-on-base-award
C610LBL;PART;C610L;;C610L;p-8832-medium-blue-chisel-carve-tower-award
C610LGO;PART;C610L;;C610L;p-6082-medium-gold-chisel-carve-tower-award
C612LBBL;PART;C612LB;;C612LB;p-5479-blue-chisel-carved-tower-award-on-base
C612LBGO;PART;C612LB;;C612LB;p-5883-gold-chisel-carved-tower-on-base-award
C612LBL;PART;C612LB;;C612LB;p-8719-blue-spectrum-chisel-carved-tower-small
C612LGO;PART;C612LB;;C612LB;p-5897-gold-spectrum-chisel-carved-tower-award
C6801GO;PRODUCT;C6801*;Hi-Tech Lucite Riser Plaque with Wood Backing and Plate;C6801S;p-5890-lucite-riser-plaque-with-choice-of-plate
C6801S;PRODUCT;C6801*;Hi-Tech Lucite Riser Plaque with Wood Backing and Plate;C6801GO;p-6241-silver-lucite-riser-plaque
C6802GO;PRODUCT;C6802*;Hi-Tech Lucite Riser Plaque with Wood Backing and Plate;C6802S;p-5890-lucite-riser-plaque-with-choice-of-plate
C6802S;PRODUCT;C6802*;Hi-Tech Lucite Riser Plaque with Wood Backing and Plate;C6802GO;p-6241-silver-lucite-riser-plaque
C701BLBK;PART;C701BL;;C701BL;p-5430-black-chisel-carve-tower-award-on-base
C701BLBL;PART;C701BL;;C701BL;p-5479-blue-chisel-carved-tower-award-on-base
C701BLGO;PART;C701BL;;C701BL;p-5883-gold-chisel-carved-tower-on-base-award
C701BLGR;PART;C701BL;;C701BL;p-5908-green-chisel-carve-tower-award-on-base
C701BLPU;PART;C701BL;;C701BL;p-6182-purple-chisel-carve-tower-award-on-base
C701BLRE;PART;C701BL;;C701BL;p-6196-red-chisel-carve-tower-award-on-base
C701BLTE;PART;C701BL;;C701BL;p-8890-teal-chisel-carve-tower-award-on-base
C701LBK;PART;C701L;;C701L;p-5430-black-chisel-carve-tower-award-on-base
C701LBL;PART;C701L;;C701L;p-5478-blue-chisel-carve-tower-award
C701LGO;PART;C701L;;C701L;p-5882-gold-chisel-carve-tower-award
C701LGR;PART;C701L;;C701L;p-5909-green-chisel-carve-tower-award
C701LPU;PART;C701L;;C701L;p-8147-purple-chisel-carve-tower-award
C701LRE;PART;C701L;;C701L;p-6208-red-spectrum-chisel-carved-tower-award
C701LTE;PART;C701L;;C701L;p-8891-teal-chisel-carve-tower-award
C702C;PRODUCT;C702C;Large Clear Chisel Tower;;p-5864-gentle-waves-clear-chisel-tower-award
C750ALB;PART;C750;;C750;p-8716-blue-halley-collection-plaque
C750ALGN;PART;C750;;C750;p-8877-small-green-halley-plaque
C750ALGO;PART;C750;;C750;p-8876-small-gold-halley-plaque
C750ALR;PART;C750;;C750;p-8878-small-red-halley-plaque
C750BLB;PART;C750;;C750;p-8716-blue-halley-collection-plaque
C750BLGN;PART;C750;;C750;p-8834-medium-green-halley-plaque
C750BLGO;PART;C750;;C750;p-8833-medium-gold-halley-plaque
C750BLR;PART;C750;;C750;p-8835-medium-red-halley-plaque
C750CLB;PART;C750;;C750;p-8716-blue-halley-collection-plaque
C750CLGN;PART;C750;;C750;p-8777-large-green-halley-plaque
C750CLGO;PART;C750;;C750;p-8776-large-gold-halley-plaque
C750CLR;PART;C750;;C750;p-8778-large-red-halley-plaque
CA10;PRODUCT;CA10;Patina Star Double Wave Jade and Black Lucite on Base;;p-6156-patina-star-double-wave-jade-award
CA13;PRODUCT;CA13;Patina Star Tower Jade and Black Lucite on Base;;p-6157-patina-star-jade-black-lucite-on-base
CA21AXC;PRODUCT;CA21AX*;Sculptured Lucite Star - Small;CA21AXB CA21AXG;p-5610-clear-star-power-sculptured-lucite-award
CA21AXG;PRODUCT;CA21AX*;Sculptured Lucite Star - Small;CA21AXB CA21AXC;p-5901-gold-star-power-sculptured-lucite-award
CA21BXC;PRODUCT;CA21BX*;Sculptured Lucite Star - Medium;CA21BXB CA21BXG;p-5610-clear-star-power-sculptured-lucite-award
CA21BXG;PRODUCT;CA21BX*;Sculptured Lucite Star - Medium;CA21BXB CA21BXC;p-5901-gold-star-power-sculptured-lucite-award
CA21CXC;PRODUCT;CA21CX*;Sculptured Lucite Star - Large;CA21CXB CA21CXG;p-5609-clear-star-power-sculptured-lucite-large
CA21CXG;PRODUCT;CA21CX*;Sculptured Lucite Star - Large;CA21CXB CA21CXC;p-5900-gold-star-power-sculptured-lucite-small
CB35;PRODUCT;CB35;Optional Base for Sculptured Lucite Star;;p-8124-optional-base-for-sculptured-lucite-star
CBE109A;PRODUCT;CBE109A;Gold Antique Finish Resin Cast Eagle - Small;;p-6280-soaring-excellence-gold-eagle-award-trophy
CBE109B;PRODUCT;CBE109B;Gold Antique Finish Resin Cast Eagle - Medium;;p-6280-soaring-excellence-gold-eagle-award-trophy
CBE109C;PRODUCT;CBE109C;Gold Antique Finish Resin Cast Eagle - Large;;p-6280-soaring-excellence-gold-eagle-award-trophy
CD1006BL;ORPHAN;CD1006BL;;;p-8880-streaming-excellence-on-marble-award
CD1006GR;ORPHAN;CD1006GR;;;p-8880-streaming-excellence-on-marble-award
CD1006RD;ORPHAN;CD1006RD;;;p-8880-streaming-excellence-on-marble-award
CD1007ABL;ORPHAN;CD1007ABL;;;p-8897-vivid-spiral-acrylic-on-marble
CD1007ARD;ORPHAN;CD1007ARD;;;p-8897-vivid-spiral-acrylic-on-marble
CD1007BBL;ORPHAN;CD1007BBL;;;p-8897-vivid-spiral-acrylic-on-marble
CD1007BRD;ORPHAN;CD1007BRD;;;p-8216-vivid-spiral-acrylic-on-marble
CD1017ABL;ORPHAN;CD1017ABL;;;p-8903-water-drop-award
CD1017ARD;ORPHAN;CD1017ARD;;;p-8903-water-drop-award
CD1017BBL;ORPHAN;CD1017BBL;;;p-8903-water-drop-award
CD1017BRD;ORPHAN;CD1017BRD;;;p-8903-water-drop-award
CD1017CBL;ORPHAN;CD1017CBL;;;p-8903-water-drop-award
CD1017CRD;ORPHAN;CD1017CRD;;;p-8903-water-drop-award
CD1022ABL;PRODUCT;CD1022ABL;Sweeping Ribbon Award - Small;;p-8882-sweeping-ribbon-award
CD1022ACL;PRODUCT;CD1022ACL;Sweeping Ribbon Award  - Small;;p-6302-sweeping-ribbon-award-clear
CD1022AGO;PRODUCT;CD1022AGO;Sweeping Ribbon Award  - Small;;p-8882-sweeping-ribbon-award
CD1022AGR;PRODUCT;CD1022AGR;Sweeping Ribbon Award  - Small;;p-8882-sweeping-ribbon-award
CD1022ARD;PRODUCT;CD1022ARD;Sweeping Ribbon Award  - Small;;p-8882-sweeping-ribbon-award
CD1022BBL;PRODUCT;CD1022BBL;Sweeping Ribbon Award - Medium;;p-8882-sweeping-ribbon-award
CD1022BCL;PRODUCT;CD1022BCL;Sweeping Ribbon Award - Medium;;p-6302-sweeping-ribbon-award-clear
CD1022BGO;PRODUCT;CD1022BGO;Sweeping Ribbon Award - Medium;;p-8882-sweeping-ribbon-award
CD1022BGR;PRODUCT;CD1022BGR;Sweeping Ribbon Award - Medium;;p-8882-sweeping-ribbon-award
CD1022BRD;PRODUCT;CD1022BRD;Sweeping Ribbon Award - Medium;;p-8882-sweeping-ribbon-award
CD1022CBL;PRODUCT;CD1022CBL;Sweeping Ribbon Award - Large;;p-8882-sweeping-ribbon-award
CD1022CCL;PRODUCT;CD1022CCL;Sweeping Ribbon Award - Large;;p-6302-sweeping-ribbon-award-clear
CD1022CGO;PRODUCT;CD1022CGO;Sweeping Ribbon Award - Large;;p-8882-sweeping-ribbon-award
CD1022CGR;PRODUCT;CD1022CGR;Sweeping Ribbon Award - Large;;p-8882-sweeping-ribbon-award
CD1022CRD;PRODUCT;CD1022CRD;Sweeping Ribbon Award - Large;;p-8882-sweeping-ribbon-award
CD1024BL;PART;CD1024;;CD1024;p-8726-cascade-tower-award
CD1024CL;PART;CD1024;;CD1024;p-8726-cascade-tower-award
CD1028A;PART;CD1028;;CD1028;p-6164-pinstripe-award
CD1028B;PART;CD1028;;CD1028;p-6164-pinstripe-award
CD1036C;PART;CD1036;;CD1036;p-8109-magnetic-entrapment-award
CD1037A;PART;CD1037;;CD1037;p-8213-two-tone-wood-alder-plaque
CD1037B;PART;CD1037;;CD1037;p-8213-two-tone-wood-alder-plaque
CD1038A;PRODUCT;CD1038A;Two-Tone Wood Plaque, 8x10;;p-8213-two-tone-wood-alder-plaque
CD1038B;PRODUCT;CD1038B;Two-Tone Wood Plaque, 9x12;;p-8213-two-tone-wood-alder-plaque
CD1039A;ORPHAN;CD1039A;;;p-8213-two-tone-wood-alder-plaque
CD1039B;ORPHAN;CD1039B;;;p-8213-two-tone-wood-alder-plaque
CD1040ABK;PART;CD1040A;;CD1040A;p-8737-crossroads-horizontal-award
CD1040ABL;PART;CD1040A;;CD1040A;p-8737-crossroads-horizontal-award
CD1040ACL;PART;CD1040A;;CD1040A;p-8737-crossroads-horizontal-award
CD1040ARD;PART;CD1040A;;CD1040A;p-8737-crossroads-horizontal-award
CD1040BBK;PART;CD1040B;;CD1040B;p-8737-crossroads-horizontal-award
CD1040BBL;PART;CD1040B;;CD1040B;p-8737-crossroads-horizontal-award
CD1040BCL;PART;CD1040B;;CD1040B;p-8737-crossroads-horizontal-award
CD1040BRD;PART;CD1040B;;CD1040B;p-8737-crossroads-horizontal-award
CD1041ABK;ORPHAN;CD1041ABK;;;p-8739-crossroads-plaque
CD1041ABL;ORPHAN;CD1041ABL;;;p-8739-crossroads-plaque
CD1041ARD;ORPHAN;CD1041ARD;;;p-8739-crossroads-plaque
CD1041BBK;ORPHAN;CD1041BBK;;;p-8739-crossroads-plaque
CD1041BBL;ORPHAN;CD1041BBL;;;p-8739-crossroads-plaque
CD1041BRD;ORPHAN;CD1041BRD;;;p-8739-crossroads-plaque
CD1045ABK;PART;CD1045;;CD1045;p-8738-crossroads-vertical-award
CD1045ABL;PART;CD1045;;CD1045;p-8738-crossroads-vertical-award
CD1045BRD;PART;CD1045;;CD1045;p-8738-crossroads-vertical-award
CD1050A;PRODUCT;CD1050A;Puzzle Piece, Beginning ;;p-8149-puzzle-piece-awards
CD1050B;PRODUCT;CD1050B;Puzzle Piece, Middle;;p-8149-puzzle-piece-awards
CD1050C;PRODUCT;CD1050C;Puzzle Piece, End;;p-8149-puzzle-piece-awards
CD1051A;PART;CD1051;;CD1051;p-8056-golf-ball-on-green-tablet-award
CD1053AF;PART;CD1053;;CD1053;p-8058-golf-course-silhouette-award-trophy
CD1053AT;PART;CD1053;;CD1053;p-8058-golf-course-silhouette-award-trophy
CD1053BD;PART;CD1053;;CD1053;p-8057-golf-course-silhouette-award
CD1053BT;PART;CD1053;;CD1053;p-8057-golf-course-silhouette-award
CD1053CD;PART;CD1053;;CD1053;p-8057-golf-course-silhouette-award
CD1053CF;PART;CD1053;;CD1053;p-8057-golf-course-silhouette-award
CD1053CT;PART;CD1053;;CD1053;p-8057-golf-course-silhouette-award
CD1090A;ORPHAN;CD1090A;;;p-7858-bamboo-plaque-and-frost-acrylic
CD1091A;ORPHAN;CD1091A;;;p-7858-bamboo-plaque-and-frost-acrylic
CD1091B;ORPHAN;CD1091B;;;p-7858-bamboo-plaque-and-frost-acrylic
CD1092A;ORPHAN;CD1092A;;;p-7858-bamboo-plaque-and-frost-acrylic
CD1092B;ORPHAN;CD1092B;;;p-7858-bamboo-plaque-and-frost-acrylic
CD1093A;PRODUCT;CD1093A;Windermere Plaque, 8x10;;p-8226-windermere-plaque
CD1093B;ORPHAN;CD1093B;;;p-8226-windermere-plaque
CD1094A;ORPHAN;CD1094A;;;p-8226-windermere-plaque
CD1094B;ORPHAN;CD1094B;;;p-8226-windermere-plaque
CD1095B;PART;CD1095*;;CD1095*;p-7944-cosmopolitan-plaque-small
CD1095G;PART;CD1095*;;CD1095*;p-7944-cosmopolitan-plaque-small
CD1095S;PART;CD1095*;;CD1095*;p-7944-cosmopolitan-plaque-small
CD1096B;PART;CD1096*;;CD1096*;p-7945-cosmopolitan-plaque-large
CD1096G;PART;CD1096*;;CD1096*;p-7945-cosmopolitan-plaque-large
CD1096S;PART;CD1096*;;CD1096*;p-7945-cosmopolitan-plaque-large
CD1097B;PART;CD1097*;;CD1097*;p-7945-cosmopolitan-plaque-large
CD1097G;PART;CD1097*;;CD1097*;p-7945-cosmopolitan-plaque-large
CD1097S;PART;CD1097*;;CD1097*;p-7945-cosmopolitan-plaque-large
CD1098A;ORPHAN;CD1098A;;;p-8047-gatsby-plaque
CD1098B;ORPHAN;CD1098B;;;p-8047-gatsby-plaque
CD1101AB;PART;CD1101A;;CD1101A;p-7888-blue-acrylic-color-drops-award
CD1101AG;PART;CD1101A;;CD1101A;p-8061-green-acrylic-color-drops-award
CD1101AR;PART;CD1101A;;CD1101A;p-8153-red-acrylic-color-drops-award
CD1101BB;PART;CD1101B;;CD1101B;p-7888-blue-acrylic-color-drops-award
CD1101BG;PART;CD1101B;;CD1101B;p-8061-green-acrylic-color-drops-award
CD1101BR;PART;CD1101B;;CD1101B;p-8153-red-acrylic-color-drops-award
CD1101CB;PART;CD1101C;;CD1101C;p-7888-blue-acrylic-color-drops-award
CD1101CG;PART;CD1101C;;CD1101C;p-8061-green-acrylic-color-drops-award
CD1102A;ORPHAN;CD1102A;;;p-8706-avondale-award-large
CD1102B;ORPHAN;CD1102B;;;p-8705-avondale-award-small
CD1103A;PRODUCT;CD1103A;Black Diamond Carve, Small;;p-7878-black-diamond-carve-lucite-award
CD1103B;PRODUCT;CD1103B;Black Diamond Carve, Med;;p-7878-black-diamond-carve-lucite-award
CD1104;ORPHAN;CD1104;;;p-7918-clear-acrylic-with-aluminum-alpine-award
CD1105A;ORPHAN;CD1105A;;;p-7919-clear-and-black-acrylic-alpine-award
CD1105B;ORPHAN;CD1105B;;;p-7919-clear-and-black-acrylic-alpine-award
CD1106A;ORPHAN;CD1106A;;;p-8166-round-alder-coaster
CD1106B;ORPHAN;CD1106B;;;p-8188-square-alder-coaster
CD1107A;ORPHAN;CD1107A;;;p-8165-round-acrylic-coaster
CD1107B;ORPHAN;CD1107B;;;p-8187-square-acrylic-coaster
CD1200ABL;FAMILY_PART;CD1200*;;;p-8704-arch-horizon-acrylic-award
CD1200AGY;FAMILY_PART;CD1200*;;;p-8704-arch-horizon-acrylic-award
CD1200ARD;FAMILY_PART;CD1200*;;;p-8704-arch-horizon-acrylic-award
CD1200BBL;FAMILY_PART;CD1200*;;;p-8704-arch-horizon-acrylic-award
CD1200BGY;FAMILY_PART;CD1200*;;;p-8704-arch-horizon-acrylic-award
CD1200BRD;FAMILY_PART;CD1200*;;;p-8704-arch-horizon-acrylic-award
CD1200CBL;FAMILY_PART;CD1200*;;;p-8704-arch-horizon-acrylic-award
CD1200CGY;FAMILY_PART;CD1200*;;;p-8704-arch-horizon-acrylic-award
CD1200CRD;FAMILY_PART;CD1200*;;;p-8704-arch-horizon-acrylic-award
CD120G;PRODUCT;CD120*;"Slide-in Certificate Plaque - Ebony Finish for 11"" x 8½"" Insert";;p-6267-slide-in-certificate-ebony-plaque-in-gift-box
CD120M;PART;CD120*;;CD120G;p-6266-slide-in-certificate-ebony-plaque-ebony-in-mailer-box
CD1210;ORPHAN;CD1210;;;p-7832-acrylic-chandelier-magnetic-stackable-bar
CD1212;ORPHAN;CD1212;;;p-7847-arch-acrylic-chandelier-award-topper
CD1214;NO_PRICE;CD1214;"5¼"" x 10½"" x 1¾"" Breakthrough Acrylic Star Award";;p-7902-breakthrough-acrylic-star-award
CD1215A;PART;CD1215;;CD1215;p-8068-harvest-carved-acrylic-award
CD1215B;PART;CD1215;;CD1215;p-8068-harvest-carved-acrylic-award
CD1215C;PART;CD1215;;CD1215;p-8068-harvest-carved-acrylic-award
CD1216;NO_PRICE;CD1216;"7½"" x 11 7/8"" x 3"" Clear Cascade Curved Acrylic Award";;p-7921-clear-cascade-carved-acrylic-award
CD1217BL;PART;CD1217;;CD1217;p-8714-blue-cascade-carved-acrylic-award
CD1217GN;ORPHAN;CD1217GN;;;p-8062-green-cascade-carved-acrylic-award
CD1217RD;PART;CD1217;;CD1217;p-8154-red-cascade-carved-acrylic-award
CD1218A;PART;CD1218;;CD1218;p-8161-rising-star-award
CD1218B;PART;CD1218;;CD1218;p-8161-rising-star-award
CD1218C;PART;CD1218;;CD1218;p-8161-rising-star-award
CD121G;PRODUCT;CD121*;"Slide-in Certificate Plaque - Rosewood Piano Finish for 11"" x 8½"" Insert";CD121M;p-6268-slide-in-certificate-rosewood-plaque-in-gift-box
CD121M;PRODUCT;CD121*;"Slide-in Certificate Plaque - Rosewood Piano Finish for 11"" x 8½"" Insert";CD121G;p-6269-slide-in-certificate-rosewood-plaque-in-mailer-box
CD1220B;ORPHAN;CD1220B;;;p-8134-pivoting-bars-award-stacker-bar
CD1220C;ORPHAN;CD1220C;;;p-8134-pivoting-bars-award-stacker-bar
CD1220W;ORPHAN;CD1220W;;;p-8134-pivoting-bars-award-stacker-bar
CD1221B;ORPHAN;CD1221B;;;p-8135-pivoting-bars-award-with-magnetic-base
CD1221C;ORPHAN;CD1221C;;;p-8135-pivoting-bars-award-with-magnetic-base
CD1221W;ORPHAN;CD1221W;;;p-8135-pivoting-bars-award-with-magnetic-base
CD1222;NO_PRICE;CD1222;"9"" x 12"" Black and Clear Acrylic Beveled Perpetual Plaque with Standoffs; Free Personals; Laser engraved or Digi-color; Digi-Color orders less than 6 pieces incur a less than minimum charge, $60.00 (V);";;p-7872-black-and-clear-acrylic-beveled-perpetual-plaque
CD1222PLT;PART;CD1222;;CD1222;p-7917-clear-acrylic-perpetual-plate
CD1231;NO_PRICE;CD1231;"3 7/8"" x 9½"" x ¾"" Alder and Acrylic Sculpted Shape Award";;p-7834-alder-and-acrylic-sculpted-shape-award
CD1232;NO_PRICE;CD1232;"3 7/8"" x 7 7/8"" x ¾"" Alder and Acrylic Sculpted Shape Award";;p-7834-alder-and-acrylic-sculpted-shape-award
CD1233;NO_PRICE;CD1233;"7 7/8"" x 3 7/8"" x ¾"" Alder and Acrylic Sculpted Shape Award";;p-7834-alder-and-acrylic-sculpted-shape-award
CD1234;NO_PRICE;CD1234;"5 7/8"" x 5.375"" x ¾"" Alder and Acrylic Sculpted Shape Award";;p-7834-alder-and-acrylic-sculpted-shape-award
CD1235AY1;ORPHAN;CD1235AY1;;;p-7803-1-year-anniversary-freestanding-trophy
CD1235AY2;ORPHAN;CD1235AY2;;;p-7810-2-year-anniversary-freestanding-trophy
CD1235AY3;ORPHAN;CD1235AY3;;;p-7818-3-year-anniversary-freestanding-trophy
CD1235AY4;ORPHAN;CD1235AY4;;;p-7824-4-year-anniversary-freestanding-trophy
CD1235AY5;ORPHAN;CD1235AY5;;;p-7828-5-year-anniversary-freestanding-award
CD1235BY10;ORPHAN;CD1235BY10;;;p-7796-10-year-anniversary-freestanding-trophy
CD1235BY15;ORPHAN;CD1235BY15;;;p-7801-15-year-anniversary-freestanding-trophy
CD1235BY20;ORPHAN;CD1235BY20;;;p-7807-20-year-anniversary-freestanding-award-trophy
CD1235BY25;ORPHAN;CD1235BY25;;;p-7809-25-year-anniversary-freestanding-trophy
CD1235BY30;ORPHAN;CD1235BY30;;;p-7815-30-year-anniversary-freestanding-trophy
CD1235BY35;ORPHAN;CD1235BY35;;;p-7817-35-year-anniversary-freestanding-trophy
CD1235BY40;ORPHAN;CD1235BY40;;;p-7821-40-year-anniversary-freestanding-trophy
CD1235BY45;ORPHAN;CD1235BY45;;;p-7823-45-year-anniversary-freestanding-trophy
CD1235BY50;ORPHAN;CD1235BY50;;;p-7827-50-year-anniversary-freestanding-trophy
CD1236AY1B;ORPHAN;CD1236AY1B;;;p-7803-1-year-anniversary-freestanding-trophy
CD1236AY1G;ORPHAN;CD1236AY1G;;;p-7803-1-year-anniversary-freestanding-trophy
CD1236AY1R;ORPHAN;CD1236AY1R;;;p-7803-1-year-anniversary-freestanding-trophy
CD1236AY2B;ORPHAN;CD1236AY2B;;;p-7810-2-year-anniversary-freestanding-trophy
CD1236AY2G;ORPHAN;CD1236AY2G;;;p-7810-2-year-anniversary-freestanding-trophy
CD1236AY2R;ORPHAN;CD1236AY2R;;;p-7810-2-year-anniversary-freestanding-trophy
CD1236AY3B;ORPHAN;CD1236AY3B;;;p-7818-3-year-anniversary-freestanding-trophy
CD1236AY3G;ORPHAN;CD1236AY3G;;;p-7818-3-year-anniversary-freestanding-trophy
CD1236AY3R;ORPHAN;CD1236AY3R;;;p-7818-3-year-anniversary-freestanding-trophy
CD1236AY4B;ORPHAN;CD1236AY4B;;;p-7824-4-year-anniversary-freestanding-trophy
CD1236AY4G;ORPHAN;CD1236AY4G;;;p-7824-4-year-anniversary-freestanding-trophy
CD1236AY4R;ORPHAN;CD1236AY4R;;;p-7824-4-year-anniversary-freestanding-trophy
CD1236AY5B;ORPHAN;CD1236AY5B;;;p-7828-5-year-anniversary-freestanding-award
CD1236AY5G;ORPHAN;CD1236AY5G;;;p-7828-5-year-anniversary-freestanding-award
CD1236AY5R;ORPHAN;CD1236AY5R;;;p-7828-5-year-anniversary-freestanding-award
CD1236BY10B;ORPHAN;CD1236BY10B;;;p-7796-10-year-anniversary-freestanding-trophy
CD1236BY10G;ORPHAN;CD1236BY10G;;;p-7796-10-year-anniversary-freestanding-trophy
CD1236BY10R;ORPHAN;CD1236BY10R;;;p-7796-10-year-anniversary-freestanding-trophy
CD1236BY15B;ORPHAN;CD1236BY15B;;;p-7801-15-year-anniversary-freestanding-trophy
CD1236BY15G;ORPHAN;CD1236BY15G;;;p-7801-15-year-anniversary-freestanding-trophy
CD1236BY15R;ORPHAN;CD1236BY15R;;;p-7801-15-year-anniversary-freestanding-trophy
CD1236BY20B;ORPHAN;CD1236BY20B;;;p-7807-20-year-anniversary-freestanding-award-trophy
CD1236BY20G;ORPHAN;CD1236BY20G;;;p-7807-20-year-anniversary-freestanding-award-trophy
CD1236BY20R;ORPHAN;CD1236BY20R;;;p-7807-20-year-anniversary-freestanding-award-trophy
CD1236BY25B;ORPHAN;CD1236BY25B;;;p-7809-25-year-anniversary-freestanding-trophy
CD1236BY25G;ORPHAN;CD1236BY25G;;;p-7809-25-year-anniversary-freestanding-trophy
CD1236BY25R;ORPHAN;CD1236BY25R;;;p-7809-25-year-anniversary-freestanding-trophy
CD1236BY30B;ORPHAN;CD1236BY30B;;;p-7815-30-year-anniversary-freestanding-trophy
CD1236BY30G;ORPHAN;CD1236BY30G;;;p-7815-30-year-anniversary-freestanding-trophy
CD1236BY30R;ORPHAN;CD1236BY30R;;;p-7815-30-year-anniversary-freestanding-trophy
CD1236BY35B;ORPHAN;CD1236BY35B;;;p-7817-35-year-anniversary-freestanding-trophy
CD1236BY35G;ORPHAN;CD1236BY35G;;;p-7817-35-year-anniversary-freestanding-trophy
CD1236BY35R;ORPHAN;CD1236BY35R;;;p-7817-35-year-anniversary-freestanding-trophy
CD1236BY40B;ORPHAN;CD1236BY40B;;;p-7821-40-year-anniversary-freestanding-trophy
CD1236BY40G;ORPHAN;CD1236BY40G;;;p-7821-40-year-anniversary-freestanding-trophy
CD1236BY40R;ORPHAN;CD1236BY40R;;;p-7821-40-year-anniversary-freestanding-trophy
CD1236BY45B;ORPHAN;CD1236BY45B;;;p-7823-45-year-anniversary-freestanding-trophy
CD1236BY45G;ORPHAN;CD1236BY45G;;;p-7823-45-year-anniversary-freestanding-trophy
CD1236BY45R;ORPHAN;CD1236BY45R;;;p-7823-45-year-anniversary-freestanding-trophy
CD1236BY50B;ORPHAN;CD1236BY50B;;;p-7827-50-year-anniversary-freestanding-trophy
CD1236BY50G;ORPHAN;CD1236BY50G;;;p-7827-50-year-anniversary-freestanding-trophy
CD1236BY50R;ORPHAN;CD1236BY50R;;;p-7827-50-year-anniversary-freestanding-trophy
CD1237;PRODUCT;CD1237;"4½"" x 5¾"" x ¾"" ""You Rock"" Statement Acrylic Award";;p-8229-you-rock-statement-acrylic-award
CD1238;PRODUCT;CD1238;"4½"" x 5¾"" x ¾"" ""You Rock"" Statement Acrylic Award with Laser Cuts";;p-8228-you-rock-statement-acrylic-award-with-laser-cuts
CD1239;PRODUCT;CD1239;"4¼"" x 4¼"" x ¾"" ""The Bomb"" Statement Acrylic Award";;p-8207-the-bomb-statement-acrylic-award
CD1240;PRODUCT;CD1240;"4¼"" x 4¼"" x ¾"" ""The Bomb"" Statement Acrylic Award with Laser Cuts";;p-8206-the-bomb-statement-acrylic-award-with-laser-cuts
CD1241;PRODUCT;CD1241;"4 5/8"" x 5"" x ¾"" ""Thumbs Up"" Statement Acrylic Award";;p-8210-thumbs-up-statement-acrylic-award
CD1242;PRODUCT;CD1242;"4 5/8"" x 5"" x ¾"" ""Thumbs Up"" Statement Acrylic Award ";;p-8209-thumbs-up-clear-acrylic-award
CD1243;PRODUCT;CD1243;Poop Emoji Acrylic Award;;p-8141-poop-emoji-acrylic-award
CD1244;PRODUCT;CD1244;Smiley Face Emoji Acrylic Award;;p-8183-smiley-face-emoji-acrylic-award
CD1245;PRODUCT;CD1245;Strong Arm Emoji Acrylic Award;;p-8197-strong-arm-emoji-acrylic-award
CD1246;PRODUCT;CD1246;Thumbs Up Emoji Acrylic Award;;p-8208-thumbs-up-emoji-acrylic-award
CD1248ABL;PART;CD1248;;CD1248;p-8666-acrylic-trinity-tower
CD1248AGR;PART;CD1248;;CD1248;p-8666-acrylic-trinity-tower
CD1248ARD;PART;CD1248;;CD1248;p-8666-acrylic-trinity-tower
CD1248BBL;PART;CD1248;;CD1248;p-8666-acrylic-trinity-tower
CD1248BGR;PART;CD1248;;CD1248;p-8666-acrylic-trinity-tower
CD1248BRD;PART;CD1248;;CD1248;p-8666-acrylic-trinity-tower
CD1248CBL;PART;CD1248;;CD1248;p-8666-acrylic-trinity-tower
CD1248CGR;PART;CD1248;;CD1248;p-8666-acrylic-trinity-tower
CD1248CRD;PART;CD1248;;CD1248;p-8666-acrylic-trinity-tower
CD1249ABL;PART;CD1249;;CD1249;p-8688-sweeping-success-acrylic-award
CD1249AGR;PART;CD1249;;CD1249;p-8688-sweeping-success-acrylic-award
CD1249ARD;PART;CD1249;;CD1249;p-8688-sweeping-success-acrylic-award
CD1249BBL;PART;CD1249;;CD1249;p-8688-sweeping-success-acrylic-award
CD1249BGR;PART;CD1249;;CD1249;p-8688-sweeping-success-acrylic-award
CD1249BRD;PART;CD1249;;CD1249;p-8688-sweeping-success-acrylic-award
CD1249CBL;PART;CD1249;;CD1249;p-8688-sweeping-success-acrylic-award
CD1249CGR;PART;CD1249;;CD1249;p-8688-sweeping-success-acrylic-award
CD1249CRD;PART;CD1249;;CD1249;p-8688-sweeping-success-acrylic-award
CD1250BLG;ORPHAN;CD1250BLG;;;p-8669-brushed-metal-design-metallic-imprint-ring-award
CD1250BLS;ORPHAN;CD1250BLS;;;p-8669-brushed-metal-design-metallic-imprint-ring-award
CD1250GRG;ORPHAN;CD1250GRG;;;p-8669-brushed-metal-design-metallic-imprint-ring-award
CD1250GRS;ORPHAN;CD1250GRS;;;p-8669-brushed-metal-design-metallic-imprint-ring-award
CD1250RDG;ORPHAN;CD1250RDG;;;p-8669-brushed-metal-design-metallic-imprint-ring-award
CD1250RDS;ORPHAN;CD1250RDS;;;p-8669-brushed-metal-design-metallic-imprint-ring-award
CD1252ABG;PART;CD1252;;CD1252;p-8685-rounded-acrylic-highlighter-award
CD1252AOR;PART;CD1252;;CD1252;p-8685-rounded-acrylic-highlighter-award
CD1252APB;PART;CD1252;;CD1252;p-8685-rounded-acrylic-highlighter-award
CD1252BBG;PART;CD1252;;CD1252;p-8685-rounded-acrylic-highlighter-award
CD1252BOR;PART;CD1252;;CD1252;p-8685-rounded-acrylic-highlighter-award
CD1252BPB;PART;CD1252;;CD1252;p-8685-rounded-acrylic-highlighter-award
CD1252CBG;PART;CD1252;;CD1252;p-8685-rounded-acrylic-highlighter-award
CD1252COR;PART;CD1252;;CD1252;p-8685-rounded-acrylic-highlighter-award
CD1252CPB;PART;CD1252;;CD1252;p-8685-rounded-acrylic-highlighter-award
CD1254BL;ORPHAN;CD1254BL;;;p-8664-abstract-acrylic-award-with-wood-accent
CD1254GR;ORPHAN;CD1254GR;;;p-8664-abstract-acrylic-award-with-wood-accent
CD1254RD;ORPHAN;CD1254RD;;;p-8664-abstract-acrylic-award-with-wood-accent
CD1256ABL;PART;CD1256;;CD1256;p-8676-nouveau-acrylic-award-with-mirror-accent
CD1256AGR;PART;CD1256;;CD1256;p-8676-nouveau-acrylic-award-with-mirror-accent
CD1256ARD;PART;CD1256;;CD1256;p-8676-nouveau-acrylic-award-with-mirror-accent
CD1256CBL;PART;CD1256;;CD1256;p-8676-nouveau-acrylic-award-with-mirror-accent
CD1256CGR;PART;CD1256;;CD1256;p-8676-nouveau-acrylic-award-with-mirror-accent
CD1256CRD;PART;CD1256;;CD1256;p-8676-nouveau-acrylic-award-with-mirror-accent
CD1258BL;PART;CD1258;;CD1258;p-8675-luminous-pinnacle-award
CD1258GR;PART;CD1258;;CD1258;p-8675-luminous-pinnacle-award
CD1258RD;PART;CD1258;;CD1258;p-8675-luminous-pinnacle-award
CD1259BL;PART;CD1259;;CD1259;p-8677-open-pinnacle-award
CD1259GR;PART;CD1259;;CD1259;p-8677-open-pinnacle-award
CD1259RD;PART;CD1259;;CD1259;p-8677-open-pinnacle-award
CD1260Y10BL;PART;CD1260;;CD1260;p-8689-two-level-years-of-service-award
CD1260Y10GR;PART;CD1260;;CD1260;p-8689-two-level-years-of-service-award
CD1260Y10RD;ORPHAN;CD1260Y10RD;;;p-8689-two-level-years-of-service-award
CD1260Y15BL;PART;CD1260;;CD1260;p-8689-two-level-years-of-service-award
CD1260Y15GR;PART;CD1260;;CD1260;p-8689-two-level-years-of-service-award
CD1260Y15RD;ORPHAN;CD1260Y15RD;;;p-8689-two-level-years-of-service-award
CD1260Y1BL;PART;CD1260;;CD1260;p-8689-two-level-years-of-service-award
CD1260Y1GR;ORPHAN;CD1260Y1GR;;;p-8689-two-level-years-of-service-award
CD1260Y1RD;ORPHAN;CD1260Y1RD;;;p-8689-two-level-years-of-service-award
CD1260Y20BL;PART;CD1260;;CD1260;p-8689-two-level-years-of-service-award
CD1260Y20GR;PART;CD1260;;CD1260;p-8689-two-level-years-of-service-award
CD1260Y20RD;ORPHAN;CD1260Y20RD;;;p-8689-two-level-years-of-service-award
CD1260Y25BL;PART;CD1260;;CD1260;p-8689-two-level-years-of-service-award
CD1260Y25GR;PART;CD1260;;CD1260;p-8689-two-level-years-of-service-award
CD1260Y25RD;ORPHAN;CD1260Y25RD;;;p-8689-two-level-years-of-service-award
CD1260Y2BL;PART;CD1260;;CD1260;p-8689-two-level-years-of-service-award
CD1260Y2GR;ORPHAN;CD1260Y2GR;;;p-8689-two-level-years-of-service-award
CD1260Y2RD;ORPHAN;CD1260Y2RD;;;p-8689-two-level-years-of-service-award
CD1260Y30BL;PART;CD1260;;CD1260;p-8689-two-level-years-of-service-award
CD1260Y30GR;PART;CD1260;;CD1260;p-8689-two-level-years-of-service-award
CD1260Y30RD;ORPHAN;CD1260Y30RD;;;p-8689-two-level-years-of-service-award
CD1260Y35BL;PART;CD1260;;CD1260;p-8689-two-level-years-of-service-award
CD1260Y35GR;PART;CD1260;;CD1260;p-8689-two-level-years-of-service-award
CD1260Y35RD;ORPHAN;CD1260Y35RD;;;p-8689-two-level-years-of-service-award
CD1260Y3BL;ORPHAN;CD1260Y3BL;;;p-8689-two-level-years-of-service-award
CD1260Y3GR;ORPHAN;CD1260Y3GR;;;p-8689-two-level-years-of-service-award
CD1260Y3RD;ORPHAN;CD1260Y3RD;;;p-8689-two-level-years-of-service-award
CD1260Y40BL;PART;CD1260;;CD1260;p-8689-two-level-years-of-service-award
CD1260Y40GR;PART;CD1260;;CD1260;p-8689-two-level-years-of-service-award
CD1260Y40RD;ORPHAN;CD1260Y40RD;;;p-8689-two-level-years-of-service-award
CD1260Y45BL;PART;CD1260;;CD1260;p-8689-two-level-years-of-service-award
CD1260Y45GR;PART;CD1260;;CD1260;p-8689-two-level-years-of-service-award
CD1260Y45RD;ORPHAN;CD1260Y45RD;;;p-8689-two-level-years-of-service-award
CD1260Y4BL;ORPHAN;CD1260Y4BL;;;p-8689-two-level-years-of-service-award
CD1260Y4GR;ORPHAN;CD1260Y4GR;;;p-8689-two-level-years-of-service-award
CD1263;PRODUCT;CD1263;Suspended Star Acrylic Award;;p-8687-suspended-star-acrylic-award
CD1264ABL;PART;CD1264;;CD1264;p-8665-acrylic-chevron-tower-award
CD1264AGR;PART;CD1264;;CD1264;p-8665-acrylic-chevron-tower-award
CD1264ARD;PART;CD1264;;CD1264;p-8665-acrylic-chevron-tower-award
CD1264BBL;PART;CD1264;;CD1264;p-8665-acrylic-chevron-tower-award
CD1264BGR;ORPHAN;CD1264BGR;;;p-8665-acrylic-chevron-tower-award
CD1264BRD;PART;CD1264;;CD1264;p-8665-acrylic-chevron-tower-award
CD1264CBL;PART;CD1264;;CD1264;p-8665-acrylic-chevron-tower-award
CD1264CGR;ORPHAN;CD1264CGR;;;p-8665-acrylic-chevron-tower-award
CD1264CRD;PART;CD1264;;CD1264;p-8665-acrylic-chevron-tower-award
CD1268;PRODUCT;CD1268;Acrylic Awareness Ribbon on Black Base Award;;p-10294-acrylic-awareness-ribbon-awards
CD18;PRODUCT;CD18;Teardrop Lucite with Glass Gemstone and Marble Base;;p-6308-teardrop-lucite-with-glass-gemstone-on-marble-award
CD20;PRODUCT;CD20;Rectangle Lucite with Glass Gemstone and Marble Base;;p-6191-rectangle-lucite-award-with-blue-glass-gemstone-on-marble
CD225A;PART;CD225;;CD225;p-5423-beveled-paperweight
CD225B;PART;CD225;;CD225;p-5423-beveled-paperweight
CD226A;PART;CD226;;CD226;p-6311-thick-beveled-paperweight-award
CD226B;PART;CD226;;CD226;p-6311-thick-beveled-paperweight-award
CD267C;PRODUCT;CD267C;"3/8"" Thick Lucite Wall Plaque with Custom Digi-Color";;p-7812-38-thick-custom-digi-small
CD310AB;ORPHAN;CD310AB;;;p-5512-blue-rectangle-vapor-mist-award
CD310AR;ORPHAN;CD310AR;;;p-6207-red-rectangle-vapor-mist-award
CD310BB;ORPHAN;CD310BB;;;p-5512-blue-rectangle-vapor-mist-award
CD310BR;ORPHAN;CD310BR;;;p-6207-red-rectangle-vapor-mist-award
CD312;PRODUCT;CD312;Nile Arrow on Marble Base;;p-6093-nile-arrow-on-marble-base
CD313A;PART;CD313;;CD313;p-6094-nile-tower-on-marble-base
CD313B;PART;CD313;;CD313;p-6094-nile-tower-on-marble-base
CD322AB;ORPHAN;CD322AB;;;p-5497-blue-gentle-waves-on-ebony-wood-base-large
CD386;PRODUCT;CD386;Ultra-Light Lucite Sculpted Eagle on Marble Base  (ships unattached from base);;p-5928-highflying-lucite-eagle-on-marble-base-award
CD414;FAMILY_PART;CD414*;;;p-5506-blue-marble-noble-plaque
CD414ABEF;PART;CD414*;;CD414*;p-8718-blue-marble-florentine-plate-on-ebony-board
CD414AGREF;PART;CD414*;;CD414*;p-8766-green-marble-florentine-plate-on-ebony-board
CD414AGRWF;PART;CD414*;;CD414*;p-8767-green-marble-florentine-plate-on-walnut-finish-board
CD414AREF;PART;CD414*;;CD414*;p-8156-red-marble-florentine-plate-on-ebony-board
CD414ARWF;PART;CD414*;;CD414*;p-8858-red-marble-florentine-plate-on-walnut-finish-board
CD414BBEF;PART;CD414*;;CD414*;p-7896-blue-marble-florentine-plate-on-ebony-finish-board
CD414BGREF;PART;CD414*;;CD414*;p-8766-green-marble-florentine-plate-on-ebony-board
CD414BGRWF;PART;CD414*;;CD414*;p-8767-green-marble-florentine-plate-on-walnut-finish-board
CD414BREF;PART;CD414*;;CD414*;p-8156-red-marble-florentine-plate-on-ebony-board
CD414BRWF;PART;CD414*;;CD414*;p-8858-red-marble-florentine-plate-on-walnut-finish-board
CD41A;PART;CD41;;CD41;p-5966-lucite-star-accent-tower-award-on-marble
CD41B;PART;CD41;;CD41;p-5966-lucite-star-accent-tower-award-on-marble
CD41C;PART;CD41;;CD41;p-5966-lucite-star-accent-tower-award-on-marble
CD420;ORPHAN;CD420;;;p-6070-lucite-plaque-w-hangereasel
CD434S;PART;CD434*;;CD434*;p-6238-silver-architectural-metal-swirl-wall-plaque
CD435S;PART;CD435*;;CD435*;p-6238-silver-architectural-metal-swirl-wall-plaque
CD436S;PART;CD436*;;CD436*;p-6238-silver-architectural-metal-swirl-wall-plaque
CD446;PRODUCT;CD446;Bronze Antique Resin Cast Eagle with Flag and Beveled Glass;;p-5926-highflying-bronze-eagle-with-flag-and-glass-award
CD476BZ;PART;CD476;;CD476;p-5530-bronze-cascade-metal-stars-award
CD476GO;PART;CD476;;CD476;p-5881-gold-cascade-metal-stars-award
CD477BZ;PART;CD477;;CD477;p-5530-bronze-cascade-metal-stars-award
CD477GO;PART;CD477;;CD477;p-5881-gold-cascade-metal-stars-award
CD478BZ;PART;CD478;;CD478;p-5530-bronze-cascade-metal-stars-award
CD478GO;PART;CD478;;CD478;p-5881-gold-cascade-metal-stars-award
CD488;ORPHAN;CD488;;;p-5697-digi-color-on-lucite-genuine-walnut-wood-riser-plaque
CD489;PRODUCT;CD489;Digi-Color Emblem on Lucite/Ebony Piano Finish Riser Plaque;;p-5698-digi-color-on-lucite-webony-piano-wood-riser-plaque
CD547AAWN;PART;CD547AA;;CD547AA;p-8875-small-digi
CD547AEB;PART;CD547A;;CD547A;p-6081-medium-digi
CD547AMH;PART;CD547A;;CD547A;p-5696-digi-color-mahogany-plaque
CD547AWN;PART;CD547A;;CD547A;p-6326-walnut-finish-digi
CD547BEB;PART;CD547B;;CD547B;p-8775-large-digi-large
CD547BMH;PART;CD547B;;CD547B;p-5696-digi-color-mahogany-plaque
CD547BWN;PART;CD547B;;CD547B;p-6326-walnut-finish-digi
CD547CEB;PART;CD547C;;CD547C;p-7985-extra-large-digi
CD547CMH;PART;CD547C;;CD547C;p-5696-digi-color-mahogany-plaque
CD547CWN;PART;CD547C;;CD547C;p-6322-walnut-finish-digi
CD549A;PART;CD549;;CD549;p-6071-lucite-square-rectangular-block-awards
CD549B;PART;CD549;;CD549;p-5753-freestanding-lucite-block
CD549C;PART;CD549;;CD549;p-5753-freestanding-lucite-block
CD560A;PRODUCT;CD560A;"Laser-Cut Lucite Contour 3/8"" Thick Up To 23 Sq In";;p-5342-custom-shaped-acrylic-awards-38-thick-up-to-23-square-inches
CD560B;PRODUCT;CD560B;"Laser-Cut Lucite Contour 3/8"" Thick Up To 33 Sq In";;p-7165-custom-shaped-acrylic-awards-38-thick-up-to-33-square-inches
CD560C;PRODUCT;CD560C;"Laser-Cut Lucite Contour 3/8"" Thick Up To 47 Sq In";;p-7166-custom-shaped-acrylic-awards-38-thick-up-to-47-square-inches
CD560D;PRODUCT;CD560D;"Laser-Cut Lucite Contour 3/8"" Thick Up To 62 Sq In";;p-7167-custom-shaped-acrylic-awards-38-thick-up-to-62-square-inches
CD561B;PRODUCT;CD561B;"Laser-Cut Lucite Contour 1/2"" Thick Up To 33 Sq In";;p-5318-custom-lasercut-lucite-awards-on-black-base
CD561C;PRODUCT;CD561C;"Laser-Cut Lucite Contour 1/2"" Thick Up To 47 Sq In";;p-5318-custom-lasercut-lucite-awards-on-black-base
CD561D;PRODUCT;CD561D;"Laser-Cut Lucite Contour 1/2"" Thick Up To 62 Sq In";;p-5318-custom-lasercut-lucite-awards-on-black-base
CD561E;PRODUCT;CD561E;"Laser-Cut Lucite Contour 1/2"" Thick Up To 79 Sq In";;p-5318-custom-lasercut-lucite-awards-on-black-base
CD562B;PRODUCT;CD562B;"Laser-Cut Lucite Contour 3/4"" Thick Up To 33 Sq In";;p-5339-lasercut-lucite-awards-34-thick-up-to-33-square-inches
CD562C;PRODUCT;CD562C;"Laser-Cut Lucite Contour 3/4"" Thick Up To 47 Sq In";;p-7169-lasercut-lucite-awards-34-thick-up-to-47-square-inches
CD562D;PRODUCT;CD562D;"Laser-Cut Lucite Contour 3/4"" Thick Up To 62 Sq In";;p-7170-lasercut-lucite-awards-34-thick-up-to-62-square-inches
CD571B;PRODUCT;CD571B;"Layered Laser-Cut Lucite Contour 3/8"" Thick Up To 33 Sq In";;p-5973-custom-layered-lasercut-awards
CD571C;PRODUCT;CD571C;"Layered Laser-Cut Lucite Contour 3/8"" Thick Up To 47 Sq In";;p-5973-custom-layered-lasercut-awards
CD603AB;PART;CD603;;CD603;p-5493-blue-gemstone-brilliance-lucite-peak-award
CD603AGO;ORPHAN;CD603AGO;;;p-5885-gold-gemstone-brilliance-lucite-peak-award
CD603AGR;PART;CD603;;CD603;p-5913-green-gemstone-brilliance-lucite-peak-award
CD603BB;PART;CD603;;CD603;p-5493-blue-gemstone-brilliance-lucite-peak-award
CD603BGO;ORPHAN;CD603BGO;;;p-5885-gold-gemstone-brilliance-lucite-peak-award
CD603BGR;PART;CD603;;CD603;p-5913-green-gemstone-brilliance-lucite-peak-award
CD603CB;PART;CD603;;CD603;p-5493-blue-gemstone-brilliance-lucite-peak-award
CD603CGO;ORPHAN;CD603CGO;;;p-5885-gold-gemstone-brilliance-lucite-peak-award
CD603CGR;PART;CD603;;CD603;p-5913-green-gemstone-brilliance-lucite-peak-award
CD614;PRODUCT;CD614;Lucite Circle Paperweight;;p-6065-lucite-circle-paperweight
CD635B;ORPHAN;CD635B;;;p-5474-blue-arched-brilliance-award
CD635GR;ORPHAN;CD635GR;;;p-8764-green-arched-brilliance-award
CD635R;ORPHAN;CD635R;;;p-6193-red-arched-brilliance-award
CD636B;PART;CD636;;CD636;p-5473-blue-arched-brilliance-award-on-clear-base
CD636GR;PART;CD636;;CD636;p-8763-green-arched-brilliance-award-on-clear-base
CD636R;PART;CD636;;CD636;p-6192-red-arched-brilliance-award-on-clear-base
CD662A;ORPHAN;CD662A;;;p-6334-walnut-plaque-with-gold-swirl-plate
CD662B;ORPHAN;CD662B;;;p-6334-walnut-plaque-with-gold-swirl-plate
CD663A;PART;CD663;;CD663;p-5717-ebony-plaque-w-gold-swirl-plate
CD663B;PART;CD663;;CD663;p-5717-ebony-plaque-w-gold-swirl-plate
CD664A;PART;CD664;;CD664;p-5965-lasered-lucite-on-mahogany-plaque
CD664B;PART;CD664;;CD664;p-5965-lasered-lucite-on-mahogany-plaque
CD665A;ORPHAN;CD665A;;;p-5964-lasered-lucite-on-bamboo-plaque
CD665B;ORPHAN;CD665B;;;p-5964-lasered-lucite-on-bamboo-plaque
CD751;ORPHAN;CD751;;;p-7992-floating-lucite-crescent-in-bronze-resin-award
CD763A;ORPHAN;CD763A;;;p-6236-sapphire-blue-accent-diamond-on-marble-award
CD763B;ORPHAN;CD763B;;;p-6236-sapphire-blue-accent-diamond-on-marble-award
CD829;PRODUCT;CD829;Bronze Brilliance Star Arch Award with Ebony Background;;p-5533-bronze-star-arch-with-ebony-background-award-trophy
CD830;PRODUCT;CD830;Bronze Brilliance Star Award with Ebony Background;;p-5534-bronze-star-award-with-ebony-background
CD831;PRODUCT;CD831;Bronze Brilliance Star Arch Award;;p-5532-bronze-star-arch-award
CD832;PRODUCT;CD832;Bronze Brilliance Star Award;;p-5535-bronze-star-award
CD837;PRODUCT;CD837;Texture Wave Lucite Tablet on Black Marble Base;;p-6098-oceania-wave-lucite-on-marble
CD838;PRODUCT;CD838;Texture Wave Lucite Arrow Fin on Black Marble Base;;p-6097-oceania-wave-lucite-arrow-fin-on-marble-award
CD839;PRODUCT;CD839;Texture Wave Lucite Peak on Black Marble Base;;p-6099-texture-wave-lucite-peak-award
CD83A;PRODUCT;CD83A;Genuine Alder Wood Plaque;;p-5958-laser-carved-alder-wood-plaque
CD83B;PRODUCT;CD83B;Genuine Alder Wood Plaque;;p-5958-laser-carved-alder-wood-plaque
CD83C;PRODUCT;CD83C;Genuine Alder Wood Plaque;;p-5957-laser-carved-alder-wood-plaque-medium
CD83D;PRODUCT;CD83D;Genuine Alder Wood Plaque;;p-5956-laser-carved-alder-wood-plaque-large
CD848B;PART;CD848;;CD848;p-5504-blue-lucite-rising-tide-wave-monument-award
CD848G;PART;CD848;;CD848;p-5891-gold-lucite-rising-tide-wave-monument-trophy
CD852AB;PART;CD852;;CD852;p-5488-blue-designs-deco-lucite-tablet
CD852AR;PART;CD852;;CD852;p-6199-red-designs-deco-lucite-tablet-award-trophy
CD852BB;PART;CD852;;CD852;p-5488-blue-designs-deco-lucite-tablet
CD852BR;PART;CD852;;CD852;p-6199-red-designs-deco-lucite-tablet-award-trophy
CD854AR;PART;CD854;;CD854;p-6198-red-deco-lucite-peak-on-marble-base-award-trophy
CD854BB;PART;CD854;;CD854;p-5485-blue-deco-lucite-peak-on-marble-base-award
CD854BR;PART;CD854;;CD854;p-6198-red-deco-lucite-peak-on-marble-base-award-trophy
CD859A;ORPHAN;CD859A;;;p-6285-star-stream-silver-lucite-on-base
CD859B;ORPHAN;CD859B;;;p-6285-star-stream-silver-lucite-on-base
CD859C;ORPHAN;CD859C;;;p-6285-star-stream-silver-lucite-on-base
CD882A;PART;CD882;;CD882;p-6069-lucite-magnetic-entrapment-with-engraving
CD882B;PART;CD882;;CD882;p-6069-lucite-magnetic-entrapment-with-engraving
CD882C;PART;CD882;;CD882;p-6069-lucite-magnetic-entrapment-with-engraving
CD883A;ORPHAN;CD883A;;;p-6068-lucite-magnetic-entrapment-with-steel-back
CD883B;ORPHAN;CD883B;;;p-6068-lucite-magnetic-entrapment-with-steel-back
CD899A;PRODUCT;CD899A;Ticket Magnetic Entrapment;;p-8211-ticket-magnetic-entrapment
CD899B;PRODUCT;CD899B;Golf Score Card Entrapment;;p-8059-golf-score-card-entrapment-acrylic
CD900AK;PRODUCT;CD900*;Frosted Lucite Cutout on Risers Award  with Choice of State or Special Stock Shape;CD900AL CD900AR CD900AZ CD900CA CD900CO CD900CT CD900DE CD900FL CD900GA CD900HI CD900IA CD900ID CD900IL CD900IN CD900KS CD900KY CD900LA CD900MA CD900MD CD900ME CD900MI CD900MN CD900MO CD900MS CD900MT CD900NC CD900ND CD900NE CD900NH CD900NJ CD900NM CD900NV CD900NY CD900OH CD900OK CD900OR CD900OVAL CD900PA CD900RI CD900SC CD900SD CD900STAR CD900TN CD900TX CD900USA CD900UT CD900VA CD900VT CD900WA CD900WI CD900WV CD900WY;p-5805-alaska-state-silhouette-awards
CD900AL;PRODUCT;CD900*;Frosted Lucite Cutout on Risers Award  with Choice of State or Special Stock Shape;CD900AK CD900AR CD900AZ CD900CA CD900CO CD900CT CD900DE CD900FL CD900GA CD900HI CD900IA CD900ID CD900IL CD900IN CD900KS CD900KY CD900LA CD900MA CD900MD CD900ME CD900MI CD900MN CD900MO CD900MS CD900MT CD900NC CD900ND CD900NE CD900NH CD900NJ CD900NM CD900NV CD900NY CD900OH CD900OK CD900OR CD900OVAL CD900PA CD900RI CD900SC CD900SD CD900STAR CD900TN CD900TX CD900USA CD900UT CD900VA CD900VT CD900WA CD900WI CD900WV CD900WY;p-5806-alabama-state-silhouette-awards
CD900AR;PRODUCT;CD900*;Frosted Lucite Cutout on Risers Award  with Choice of State or Special Stock Shape;CD900AK CD900AL CD900AZ CD900CA CD900CO CD900CT CD900DE CD900FL CD900GA CD900HI CD900IA CD900ID CD900IL CD900IN CD900KS CD900KY CD900LA CD900MA CD900MD CD900ME CD900MI CD900MN CD900MO CD900MS CD900MT CD900NC CD900ND CD900NE CD900NH CD900NJ CD900NM CD900NV CD900NY CD900OH CD900OK CD900OR CD900OVAL CD900PA CD900RI CD900SC CD900SD CD900STAR CD900TN CD900TX CD900USA CD900UT CD900VA CD900VT CD900WA CD900WI CD900WV CD900WY;p-5807-arkansas-state-silhouette-awards
CD900AZ;PRODUCT;CD900*;Frosted Lucite Cutout on Risers Award  with Choice of State or Special Stock Shape;CD900AK CD900AL CD900AR CD900CA CD900CO CD900CT CD900DE CD900FL CD900GA CD900HI CD900IA CD900ID CD900IL CD900IN CD900KS CD900KY CD900LA CD900MA CD900MD CD900ME CD900MI CD900MN CD900MO CD900MS CD900MT CD900NC CD900ND CD900NE CD900NH CD900NJ CD900NM CD900NV CD900NY CD900OH CD900OK CD900OR CD900OVAL CD900PA CD900RI CD900SC CD900SD CD900STAR CD900TN CD900TX CD900USA CD900UT CD900VA CD900VT CD900WA CD900WI CD900WV CD900WY;p-5808-arizona-state-silhouette-awards
CD900CA;PRODUCT;CD900*;Frosted Lucite Cutout on Risers Award  with Choice of State or Special Stock Shape;CD900AK CD900AL CD900AR CD900AZ CD900CO CD900CT CD900DE CD900FL CD900GA CD900HI CD900IA CD900ID CD900IL CD900IN CD900KS CD900KY CD900LA CD900MA CD900MD CD900ME CD900MI CD900MN CD900MO CD900MS CD900MT CD900NC CD900ND CD900NE CD900NH CD900NJ CD900NM CD900NV CD900NY CD900OH CD900OK CD900OR CD900OVAL CD900PA CD900RI CD900SC CD900SD CD900STAR CD900TN CD900TX CD900USA CD900UT CD900VA CD900VT CD900WA CD900WI CD900WV CD900WY;p-5809-california-state-silhouette-awards
CD900CO;PRODUCT;CD900*;Frosted Lucite Cutout on Risers Award  with Choice of State or Special Stock Shape;CD900AK CD900AL CD900AR CD900AZ CD900CA CD900CT CD900DE CD900FL CD900GA CD900HI CD900IA CD900ID CD900IL CD900IN CD900KS CD900KY CD900LA CD900MA CD900MD CD900ME CD900MI CD900MN CD900MO CD900MS CD900MT CD900NC CD900ND CD900NE CD900NH CD900NJ CD900NM CD900NV CD900NY CD900OH CD900OK CD900OR CD900OVAL CD900PA CD900RI CD900SC CD900SD CD900STAR CD900TN CD900TX CD900USA CD900UT CD900VA CD900VT CD900WA CD900WI CD900WV CD900WY;p-5810-colorado-state-silhouette-awards
CD900CT;PRODUCT;CD900*;Frosted Lucite Cutout on Risers Award  with Choice of State or Special Stock Shape;CD900AK CD900AL CD900AR CD900AZ CD900CA CD900CO CD900DE CD900FL CD900GA CD900HI CD900IA CD900ID CD900IL CD900IN CD900KS CD900KY CD900LA CD900MA CD900MD CD900ME CD900MI CD900MN CD900MO CD900MS CD900MT CD900NC CD900ND CD900NE CD900NH CD900NJ CD900NM CD900NV CD900NY CD900OH CD900OK CD900OR CD900OVAL CD900PA CD900RI CD900SC CD900SD CD900STAR CD900TN CD900TX CD900USA CD900UT CD900VA CD900VT CD900WA CD900WI CD900WV CD900WY;p-5811-connecticut-state-silhouette-awards
CD900DE;PRODUCT;CD900*;Frosted Lucite Cutout on Risers Award  with Choice of State or Special Stock Shape;CD900AK CD900AL CD900AR CD900AZ CD900CA CD900CO CD900CT CD900FL CD900GA CD900HI CD900IA CD900ID CD900IL CD900IN CD900KS CD900KY CD900LA CD900MA CD900MD CD900ME CD900MI CD900MN CD900MO CD900MS CD900MT CD900NC CD900ND CD900NE CD900NH CD900NJ CD900NM CD900NV CD900NY CD900OH CD900OK CD900OR CD900OVAL CD900PA CD900RI CD900SC CD900SD CD900STAR CD900TN CD900TX CD900USA CD900UT CD900VA CD900VT CD900WA CD900WI CD900WV CD900WY;p-5812-delaware-state-silhouette-awards
CD900FL;PRODUCT;CD900*;Frosted Lucite Cutout on Risers Award  with Choice of State or Special Stock Shape;CD900AK CD900AL CD900AR CD900AZ CD900CA CD900CO CD900CT CD900DE CD900GA CD900HI CD900IA CD900ID CD900IL CD900IN CD900KS CD900KY CD900LA CD900MA CD900MD CD900ME CD900MI CD900MN CD900MO CD900MS CD900MT CD900NC CD900ND CD900NE CD900NH CD900NJ CD900NM CD900NV CD900NY CD900OH CD900OK CD900OR CD900OVAL CD900PA CD900RI CD900SC CD900SD CD900STAR CD900TN CD900TX CD900USA CD900UT CD900VA CD900VT CD900WA CD900WI CD900WV CD900WY;p-5813-florida-state-silhouette-awards
CD900GA;PRODUCT;CD900*;Frosted Lucite Cutout on Risers Award  with Choice of State or Special Stock Shape;CD900AK CD900AL CD900AR CD900AZ CD900CA CD900CO CD900CT CD900DE CD900FL CD900HI CD900IA CD900ID CD900IL CD900IN CD900KS CD900KY CD900LA CD900MA CD900MD CD900ME CD900MI CD900MN CD900MO CD900MS CD900MT CD900NC CD900ND CD900NE CD900NH CD900NJ CD900NM CD900NV CD900NY CD900OH CD900OK CD900OR CD900OVAL CD900PA CD900RI CD900SC CD900SD CD900STAR CD900TN CD900TX CD900USA CD900UT CD900VA CD900VT CD900WA CD900WI CD900WV CD900WY;p-5814-georgia-state-silhouette-awards
CD900HI;PRODUCT;CD900*;Frosted Lucite Cutout on Risers Award  with Choice of State or Special Stock Shape;CD900AK CD900AL CD900AR CD900AZ CD900CA CD900CO CD900CT CD900DE CD900FL CD900GA CD900IA CD900ID CD900IL CD900IN CD900KS CD900KY CD900LA CD900MA CD900MD CD900ME CD900MI CD900MN CD900MO CD900MS CD900MT CD900NC CD900ND CD900NE CD900NH CD900NJ CD900NM CD900NV CD900NY CD900OH CD900OK CD900OR CD900OVAL CD900PA CD900RI CD900SC CD900SD CD900STAR CD900TN CD900TX CD900USA CD900UT CD900VA CD900VT CD900WA CD900WI CD900WV CD900WY;p-5815-hawaii-state-silhouette-awards
CD900IA;PRODUCT;CD900*;Frosted Lucite Cutout on Risers Award  with Choice of State or Special Stock Shape;CD900AK CD900AL CD900AR CD900AZ CD900CA CD900CO CD900CT CD900DE CD900FL CD900GA CD900HI CD900ID CD900IL CD900IN CD900KS CD900KY CD900LA CD900MA CD900MD CD900ME CD900MI CD900MN CD900MO CD900MS CD900MT CD900NC CD900ND CD900NE CD900NH CD900NJ CD900NM CD900NV CD900NY CD900OH CD900OK CD900OR CD900OVAL CD900PA CD900RI CD900SC CD900SD CD900STAR CD900TN CD900TX CD900USA CD900UT CD900VA CD900VT CD900WA CD900WI CD900WV CD900WY;p-5816-iowa-state-silhouette-awards
CD900ID;PRODUCT;CD900*;Frosted Lucite Cutout on Risers Award  with Choice of State or Special Stock Shape;CD900AK CD900AL CD900AR CD900AZ CD900CA CD900CO CD900CT CD900DE CD900FL CD900GA CD900HI CD900IA CD900IL CD900IN CD900KS CD900KY CD900LA CD900MA CD900MD CD900ME CD900MI CD900MN CD900MO CD900MS CD900MT CD900NC CD900ND CD900NE CD900NH CD900NJ CD900NM CD900NV CD900NY CD900OH CD900OK CD900OR CD900OVAL CD900PA CD900RI CD900SC CD900SD CD900STAR CD900TN CD900TX CD900USA CD900UT CD900VA CD900VT CD900WA CD900WI CD900WV CD900WY;p-5817-idaho-state-sillhouette-awards
CD900IL;PRODUCT;CD900*;Frosted Lucite Cutout on Risers Award  with Choice of State or Special Stock Shape;CD900AK CD900AL CD900AR CD900AZ CD900CA CD900CO CD900CT CD900DE CD900FL CD900GA CD900HI CD900IA CD900ID CD900IN CD900KS CD900KY CD900LA CD900MA CD900MD CD900ME CD900MI CD900MN CD900MO CD900MS CD900MT CD900NC CD900ND CD900NE CD900NH CD900NJ CD900NM CD900NV CD900NY CD900OH CD900OK CD900OR CD900OVAL CD900PA CD900RI CD900SC CD900SD CD900STAR CD900TN CD900TX CD900USA CD900UT CD900VA CD900VT CD900WA CD900WI CD900WV CD900WY;p-5849-illinois-state-shaped-award-award
CD900IN;PRODUCT;CD900*;Frosted Lucite Cutout on Risers Award  with Choice of State or Special Stock Shape;CD900AK CD900AL CD900AR CD900AZ CD900CA CD900CO CD900CT CD900DE CD900FL CD900GA CD900HI CD900IA CD900ID CD900IL CD900KS CD900KY CD900LA CD900MA CD900MD CD900ME CD900MI CD900MN CD900MO CD900MS CD900MT CD900NC CD900ND CD900NE CD900NH CD900NJ CD900NM CD900NV CD900NY CD900OH CD900OK CD900OR CD900OVAL CD900PA CD900RI CD900SC CD900SD CD900STAR CD900TN CD900TX CD900USA CD900UT CD900VA CD900VT CD900WA CD900WI CD900WV CD900WY;p-5818-indiana-state-silhouette-awards
CD900KS;PRODUCT;CD900*;Frosted Lucite Cutout on Risers Award  with Choice of State or Special Stock Shape;CD900AK CD900AL CD900AR CD900AZ CD900CA CD900CO CD900CT CD900DE CD900FL CD900GA CD900HI CD900IA CD900ID CD900IL CD900IN CD900KY CD900LA CD900MA CD900MD CD900ME CD900MI CD900MN CD900MO CD900MS CD900MT CD900NC CD900ND CD900NE CD900NH CD900NJ CD900NM CD900NV CD900NY CD900OH CD900OK CD900OR CD900OVAL CD900PA CD900RI CD900SC CD900SD CD900STAR CD900TN CD900TX CD900USA CD900UT CD900VA CD900VT CD900WA CD900WI CD900WV CD900WY;p-5819-kansas-state-silhouette-awards
CD900KY;PRODUCT;CD900*;Frosted Lucite Cutout on Risers Award  with Choice of State or Special Stock Shape;CD900AK CD900AL CD900AR CD900AZ CD900CA CD900CO CD900CT CD900DE CD900FL CD900GA CD900HI CD900IA CD900ID CD900IL CD900IN CD900KS CD900LA CD900MA CD900MD CD900ME CD900MI CD900MN CD900MO CD900MS CD900MT CD900NC CD900ND CD900NE CD900NH CD900NJ CD900NM CD900NV CD900NY CD900OH CD900OK CD900OR CD900OVAL CD900PA CD900RI CD900SC CD900SD CD900STAR CD900TN CD900TX CD900USA CD900UT CD900VA CD900VT CD900WA CD900WI CD900WV CD900WY;p-5820-kentucky-state-silhouette-awards
CD900LA;PRODUCT;CD900*;Frosted Lucite Cutout on Risers Award  with Choice of State or Special Stock Shape;CD900AK CD900AL CD900AR CD900AZ CD900CA CD900CO CD900CT CD900DE CD900FL CD900GA CD900HI CD900IA CD900ID CD900IL CD900IN CD900KS CD900KY CD900MA CD900MD CD900ME CD900MI CD900MN CD900MO CD900MS CD900MT CD900NC CD900ND CD900NE CD900NH CD900NJ CD900NM CD900NV CD900NY CD900OH CD900OK CD900OR CD900OVAL CD900PA CD900RI CD900SC CD900SD CD900STAR CD900TN CD900TX CD900USA CD900UT CD900VA CD900VT CD900WA CD900WI CD900WV CD900WY;p-5821-louisiana-state-silhouette-awards
CD900MA;PRODUCT;CD900*;Frosted Lucite Cutout on Risers Award  with Choice of State or Special Stock Shape;CD900AK CD900AL CD900AR CD900AZ CD900CA CD900CO CD900CT CD900DE CD900FL CD900GA CD900HI CD900IA CD900ID CD900IL CD900IN CD900KS CD900KY CD900LA CD900MD CD900ME CD900MI CD900MN CD900MO CD900MS CD900MT CD900NC CD900ND CD900NE CD900NH CD900NJ CD900NM CD900NV CD900NY CD900OH CD900OK CD900OR CD900OVAL CD900PA CD900RI CD900SC CD900SD CD900STAR CD900TN CD900TX CD900USA CD900UT CD900VA CD900VT CD900WA CD900WI CD900WV CD900WY;p-5822-massachusetts-state-silhouette-awards
CD900MD;PRODUCT;CD900*;Frosted Lucite Cutout on Risers Award  with Choice of State or Special Stock Shape;CD900AK CD900AL CD900AR CD900AZ CD900CA CD900CO CD900CT CD900DE CD900FL CD900GA CD900HI CD900IA CD900ID CD900IL CD900IN CD900KS CD900KY CD900LA CD900MA CD900ME CD900MI CD900MN CD900MO CD900MS CD900MT CD900NC CD900ND CD900NE CD900NH CD900NJ CD900NM CD900NV CD900NY CD900OH CD900OK CD900OR CD900OVAL CD900PA CD900RI CD900SC CD900SD CD900STAR CD900TN CD900TX CD900USA CD900UT CD900VA CD900VT CD900WA CD900WI CD900WV CD900WY;p-5823-maryland-state-silhouette-awards
CD900ME;PRODUCT;CD900*;Frosted Lucite Cutout on Risers Award  with Choice of State or Special Stock Shape;CD900AK CD900AL CD900AR CD900AZ CD900CA CD900CO CD900CT CD900DE CD900FL CD900GA CD900HI CD900IA CD900ID CD900IL CD900IN CD900KS CD900KY CD900LA CD900MA CD900MD CD900MI CD900MN CD900MO CD900MS CD900MT CD900NC CD900ND CD900NE CD900NH CD900NJ CD900NM CD900NV CD900NY CD900OH CD900OK CD900OR CD900OVAL CD900PA CD900RI CD900SC CD900SD CD900STAR CD900TN CD900TX CD900USA CD900UT CD900VA CD900VT CD900WA CD900WI CD900WV CD900WY;p-5824-maine-state-silhouette-awards
CD900MI;PRODUCT;CD900*;Frosted Lucite Cutout on Risers Award  with Choice of State or Special Stock Shape;CD900AK CD900AL CD900AR CD900AZ CD900CA CD900CO CD900CT CD900DE CD900FL CD900GA CD900HI CD900IA CD900ID CD900IL CD900IN CD900KS CD900KY CD900LA CD900MA CD900MD CD900ME CD900MN CD900MO CD900MS CD900MT CD900NC CD900ND CD900NE CD900NH CD900NJ CD900NM CD900NV CD900NY CD900OH CD900OK CD900OR CD900OVAL CD900PA CD900RI CD900SC CD900SD CD900STAR CD900TN CD900TX CD900USA CD900UT CD900VA CD900VT CD900WA CD900WI CD900WV CD900WY;p-5825-michigan-state-silhouette-awards
CD900MN;PRODUCT;CD900*;Frosted Lucite Cutout on Risers Award  with Choice of State or Special Stock Shape;CD900AK CD900AL CD900AR CD900AZ CD900CA CD900CO CD900CT CD900DE CD900FL CD900GA CD900HI CD900IA CD900ID CD900IL CD900IN CD900KS CD900KY CD900LA CD900MA CD900MD CD900ME CD900MI CD900MO CD900MS CD900MT CD900NC CD900ND CD900NE CD900NH CD900NJ CD900NM CD900NV CD900NY CD900OH CD900OK CD900OR CD900OVAL CD900PA CD900RI CD900SC CD900SD CD900STAR CD900TN CD900TX CD900USA CD900UT CD900VA CD900VT CD900WA CD900WI CD900WV CD900WY;p-5826-minnesota-state-silhouette-awards
CD900MO;PRODUCT;CD900*;Frosted Lucite Cutout on Risers Award  with Choice of State or Special Stock Shape;CD900AK CD900AL CD900AR CD900AZ CD900CA CD900CO CD900CT CD900DE CD900FL CD900GA CD900HI CD900IA CD900ID CD900IL CD900IN CD900KS CD900KY CD900LA CD900MA CD900MD CD900ME CD900MI CD900MN CD900MS CD900MT CD900NC CD900ND CD900NE CD900NH CD900NJ CD900NM CD900NV CD900NY CD900OH CD900OK CD900OR CD900OVAL CD900PA CD900RI CD900SC CD900SD CD900STAR CD900TN CD900TX CD900USA CD900UT CD900VA CD900VT CD900WA CD900WI CD900WV CD900WY;p-5827-missouri-state-silhouette-awards
CD900MS;PRODUCT;CD900*;Frosted Lucite Cutout on Risers Award  with Choice of State or Special Stock Shape;CD900AK CD900AL CD900AR CD900AZ CD900CA CD900CO CD900CT CD900DE CD900FL CD900GA CD900HI CD900IA CD900ID CD900IL CD900IN CD900KS CD900KY CD900LA CD900MA CD900MD CD900ME CD900MI CD900MN CD900MO CD900MT CD900NC CD900ND CD900NE CD900NH CD900NJ CD900NM CD900NV CD900NY CD900OH CD900OK CD900OR CD900OVAL CD900PA CD900RI CD900SC CD900SD CD900STAR CD900TN CD900TX CD900USA CD900UT CD900VA CD900VT CD900WA CD900WI CD900WV CD900WY;p-5828-mississippi-state-silhouette-awards
CD900MT;PRODUCT;CD900*;Frosted Lucite Cutout on Risers Award  with Choice of State or Special Stock Shape;CD900AK CD900AL CD900AR CD900AZ CD900CA CD900CO CD900CT CD900DE CD900FL CD900GA CD900HI CD900IA CD900ID CD900IL CD900IN CD900KS CD900KY CD900LA CD900MA CD900MD CD900ME CD900MI CD900MN CD900MO CD900MS CD900NC CD900ND CD900NE CD900NH CD900NJ CD900NM CD900NV CD900NY CD900OH CD900OK CD900OR CD900OVAL CD900PA CD900RI CD900SC CD900SD CD900STAR CD900TN CD900TX CD900USA CD900UT CD900VA CD900VT CD900WA CD900WI CD900WV CD900WY;p-5829-montana-state-silhouette-awards
CD900NC;PRODUCT;CD900*;Frosted Lucite Cutout on Risers Award  with Choice of State or Special Stock Shape;CD900AK CD900AL CD900AR CD900AZ CD900CA CD900CO CD900CT CD900DE CD900FL CD900GA CD900HI CD900IA CD900ID CD900IL CD900IN CD900KS CD900KY CD900LA CD900MA CD900MD CD900ME CD900MI CD900MN CD900MO CD900MS CD900MT CD900ND CD900NE CD900NH CD900NJ CD900NM CD900NV CD900NY CD900OH CD900OK CD900OR CD900OVAL CD900PA CD900RI CD900SC CD900SD CD900STAR CD900TN CD900TX CD900USA CD900UT CD900VA CD900VT CD900WA CD900WI CD900WV CD900WY;p-5830-north-carolina-state-silhouette-awards
CD900ND;PRODUCT;CD900*;Frosted Lucite Cutout on Risers Award  with Choice of State or Special Stock Shape;CD900AK CD900AL CD900AR CD900AZ CD900CA CD900CO CD900CT CD900DE CD900FL CD900GA CD900HI CD900IA CD900ID CD900IL CD900IN CD900KS CD900KY CD900LA CD900MA CD900MD CD900ME CD900MI CD900MN CD900MO CD900MS CD900MT CD900NC CD900NE CD900NH CD900NJ CD900NM CD900NV CD900NY CD900OH CD900OK CD900OR CD900OVAL CD900PA CD900RI CD900SC CD900SD CD900STAR CD900TN CD900TX CD900USA CD900UT CD900VA CD900VT CD900WA CD900WI CD900WV CD900WY;p-5831-north-dakota-state-silhouette-awards
CD900NE;PRODUCT;CD900*;Frosted Lucite Cutout on Risers Award  with Choice of State or Special Stock Shape;CD900AK CD900AL CD900AR CD900AZ CD900CA CD900CO CD900CT CD900DE CD900FL CD900GA CD900HI CD900IA CD900ID CD900IL CD900IN CD900KS CD900KY CD900LA CD900MA CD900MD CD900ME CD900MI CD900MN CD900MO CD900MS CD900MT CD900NC CD900ND CD900NH CD900NJ CD900NM CD900NV CD900NY CD900OH CD900OK CD900OR CD900OVAL CD900PA CD900RI CD900SC CD900SD CD900STAR CD900TN CD900TX CD900USA CD900UT CD900VA CD900VT CD900WA CD900WI CD900WV CD900WY;p-5832-nebraska-state-silhouette-awards
CD900NH;PRODUCT;CD900*;Frosted Lucite Cutout on Risers Award  with Choice of State or Special Stock Shape;CD900AK CD900AL CD900AR CD900AZ CD900CA CD900CO CD900CT CD900DE CD900FL CD900GA CD900HI CD900IA CD900ID CD900IL CD900IN CD900KS CD900KY CD900LA CD900MA CD900MD CD900ME CD900MI CD900MN CD900MO CD900MS CD900MT CD900NC CD900ND CD900NE CD900NJ CD900NM CD900NV CD900NY CD900OH CD900OK CD900OR CD900OVAL CD900PA CD900RI CD900SC CD900SD CD900STAR CD900TN CD900TX CD900USA CD900UT CD900VA CD900VT CD900WA CD900WI CD900WV CD900WY;p-5833-new-hampshire-state-silhouette-awards
CD900NJ;PRODUCT;CD900*;Frosted Lucite Cutout on Risers Award  with Choice of State or Special Stock Shape;CD900AK CD900AL CD900AR CD900AZ CD900CA CD900CO CD900CT CD900DE CD900FL CD900GA CD900HI CD900IA CD900ID CD900IL CD900IN CD900KS CD900KY CD900LA CD900MA CD900MD CD900ME CD900MI CD900MN CD900MO CD900MS CD900MT CD900NC CD900ND CD900NE CD900NH CD900NM CD900NV CD900NY CD900OH CD900OK CD900OR CD900OVAL CD900PA CD900RI CD900SC CD900SD CD900STAR CD900TN CD900TX CD900USA CD900UT CD900VA CD900VT CD900WA CD900WI CD900WV CD900WY;p-5834-new-jersey-state-silhouette-awards
CD900NM;PRODUCT;CD900*;Frosted Lucite Cutout on Risers Award  with Choice of State or Special Stock Shape;CD900AK CD900AL CD900AR CD900AZ CD900CA CD900CO CD900CT CD900DE CD900FL CD900GA CD900HI CD900IA CD900ID CD900IL CD900IN CD900KS CD900KY CD900LA CD900MA CD900MD CD900ME CD900MI CD900MN CD900MO CD900MS CD900MT CD900NC CD900ND CD900NE CD900NH CD900NJ CD900NV CD900NY CD900OH CD900OK CD900OR CD900OVAL CD900PA CD900RI CD900SC CD900SD CD900STAR CD900TN CD900TX CD900USA CD900UT CD900VA CD900VT CD900WA CD900WI CD900WV CD900WY;p-5835-new-mexico-state-silhouette-awards
CD900NV;PRODUCT;CD900*;Frosted Lucite Cutout on Risers Award  with Choice of State or Special Stock Shape;CD900AK CD900AL CD900AR CD900AZ CD900CA CD900CO CD900CT CD900DE CD900FL CD900GA CD900HI CD900IA CD900ID CD900IL CD900IN CD900KS CD900KY CD900LA CD900MA CD900MD CD900ME CD900MI CD900MN CD900MO CD900MS CD900MT CD900NC CD900ND CD900NE CD900NH CD900NJ CD900NM CD900NY CD900OH CD900OK CD900OR CD900OVAL CD900PA CD900RI CD900SC CD900SD CD900STAR CD900TN CD900TX CD900USA CD900UT CD900VA CD900VT CD900WA CD900WI CD900WV CD900WY;p-5836-nevada-state-silhouette-awards
CD900NY;PRODUCT;CD900*;Frosted Lucite Cutout on Risers Award  with Choice of State or Special Stock Shape;CD900AK CD900AL CD900AR CD900AZ CD900CA CD900CO CD900CT CD900DE CD900FL CD900GA CD900HI CD900IA CD900ID CD900IL CD900IN CD900KS CD900KY CD900LA CD900MA CD900MD CD900ME CD900MI CD900MN CD900MO CD900MS CD900MT CD900NC CD900ND CD900NE CD900NH CD900NJ CD900NM CD900NV CD900OH CD900OK CD900OR CD900OVAL CD900PA CD900RI CD900SC CD900SD CD900STAR CD900TN CD900TX CD900USA CD900UT CD900VA CD900VT CD900WA CD900WI CD900WV CD900WY;p-5837-new-york-state-silhouette-awards
CD900OH;PRODUCT;CD900*;Frosted Lucite Cutout on Risers Award  with Choice of State or Special Stock Shape;CD900AK CD900AL CD900AR CD900AZ CD900CA CD900CO CD900CT CD900DE CD900FL CD900GA CD900HI CD900IA CD900ID CD900IL CD900IN CD900KS CD900KY CD900LA CD900MA CD900MD CD900ME CD900MI CD900MN CD900MO CD900MS CD900MT CD900NC CD900ND CD900NE CD900NH CD900NJ CD900NM CD900NV CD900NY CD900OK CD900OR CD900OVAL CD900PA CD900RI CD900SC CD900SD CD900STAR CD900TN CD900TX CD900USA CD900UT CD900VA CD900VT CD900WA CD900WI CD900WV CD900WY;p-5838-ohio-state-silhouette-awards
CD900OK;PRODUCT;CD900*;Frosted Lucite Cutout on Risers Award  with Choice of State or Special Stock Shape;CD900AK CD900AL CD900AR CD900AZ CD900CA CD900CO CD900CT CD900DE CD900FL CD900GA CD900HI CD900IA CD900ID CD900IL CD900IN CD900KS CD900KY CD900LA CD900MA CD900MD CD900ME CD900MI CD900MN CD900MO CD900MS CD900MT CD900NC CD900ND CD900NE CD900NH CD900NJ CD900NM CD900NV CD900NY CD900OH CD900OR CD900OVAL CD900PA CD900RI CD900SC CD900SD CD900STAR CD900TN CD900TX CD900USA CD900UT CD900VA CD900VT CD900WA CD900WI CD900WV CD900WY;p-5839-oklahoma-state-silhouette-awards
CD900OR;PRODUCT;CD900*;Frosted Lucite Cutout on Risers Award  with Choice of State or Special Stock Shape;CD900AK CD900AL CD900AR CD900AZ CD900CA CD900CO CD900CT CD900DE CD900FL CD900GA CD900HI CD900IA CD900ID CD900IL CD900IN CD900KS CD900KY CD900LA CD900MA CD900MD CD900ME CD900MI CD900MN CD900MO CD900MS CD900MT CD900NC CD900ND CD900NE CD900NH CD900NJ CD900NM CD900NV CD900NY CD900OH CD900OK CD900OVAL CD900PA CD900RI CD900SC CD900SD CD900STAR CD900TN CD900TX CD900USA CD900UT CD900VA CD900VT CD900WA CD900WI CD900WV CD900WY;p-5843-oregon-state-silhouette-awards
CD900OVAL;PRODUCT;CD900*;Frosted Lucite Cutout on Risers Award  with Choice of State or Special Stock Shape;CD900AK CD900AL CD900AR CD900AZ CD900CA CD900CO CD900CT CD900DE CD900FL CD900GA CD900HI CD900IA CD900ID CD900IL CD900IN CD900KS CD900KY CD900LA CD900MA CD900MD CD900ME CD900MI CD900MN CD900MO CD900MS CD900MT CD900NC CD900ND CD900NE CD900NH CD900NJ CD900NM CD900NV CD900NY CD900OH CD900OK CD900OR CD900PA CD900RI CD900SC CD900SD CD900STAR CD900TN CD900TX CD900USA CD900UT CD900VA CD900VT CD900WA CD900WI CD900WV CD900WY;p-5844-frosted-lucite-oval-cutout-on-risers-award
CD900PA;PRODUCT;CD900*;Frosted Lucite Cutout on Risers Award  with Choice of State or Special Stock Shape;CD900AK CD900AL CD900AR CD900AZ CD900CA CD900CO CD900CT CD900DE CD900FL CD900GA CD900HI CD900IA CD900ID CD900IL CD900IN CD900KS CD900KY CD900LA CD900MA CD900MD CD900ME CD900MI CD900MN CD900MO CD900MS CD900MT CD900NC CD900ND CD900NE CD900NH CD900NJ CD900NM CD900NV CD900NY CD900OH CD900OK CD900OR CD900OVAL CD900RI CD900SC CD900SD CD900STAR CD900TN CD900TX CD900USA CD900UT CD900VA CD900VT CD900WA CD900WI CD900WV CD900WY;p-5845-pennsylvania-state-silhouette-awards
CD900RI;PRODUCT;CD900*;Frosted Lucite Cutout on Risers Award  with Choice of State or Special Stock Shape;CD900AK CD900AL CD900AR CD900AZ CD900CA CD900CO CD900CT CD900DE CD900FL CD900GA CD900HI CD900IA CD900ID CD900IL CD900IN CD900KS CD900KY CD900LA CD900MA CD900MD CD900ME CD900MI CD900MN CD900MO CD900MS CD900MT CD900NC CD900ND CD900NE CD900NH CD900NJ CD900NM CD900NV CD900NY CD900OH CD900OK CD900OR CD900OVAL CD900PA CD900SC CD900SD CD900STAR CD900TN CD900TX CD900USA CD900UT CD900VA CD900VT CD900WA CD900WI CD900WV CD900WY;p-5846-rhode-island-state-silhouette-awards
CD900SC;PRODUCT;CD900*;Frosted Lucite Cutout on Risers Award  with Choice of State or Special Stock Shape;CD900AK CD900AL CD900AR CD900AZ CD900CA CD900CO CD900CT CD900DE CD900FL CD900GA CD900HI CD900IA CD900ID CD900IL CD900IN CD900KS CD900KY CD900LA CD900MA CD900MD CD900ME CD900MI CD900MN CD900MO CD900MS CD900MT CD900NC CD900ND CD900NE CD900NH CD900NJ CD900NM CD900NV CD900NY CD900OH CD900OK CD900OR CD900OVAL CD900PA CD900RI CD900SD CD900STAR CD900TN CD900TX CD900USA CD900UT CD900VA CD900VT CD900WA CD900WI CD900WV CD900WY;p-5847-south-carolina-state-silhouette-awards
CD900SD;PRODUCT;CD900*;Frosted Lucite Cutout on Risers Award  with Choice of State or Special Stock Shape;CD900AK CD900AL CD900AR CD900AZ CD900CA CD900CO CD900CT CD900DE CD900FL CD900GA CD900HI CD900IA CD900ID CD900IL CD900IN CD900KS CD900KY CD900LA CD900MA CD900MD CD900ME CD900MI CD900MN CD900MO CD900MS CD900MT CD900NC CD900ND CD900NE CD900NH CD900NJ CD900NM CD900NV CD900NY CD900OH CD900OK CD900OR CD900OVAL CD900PA CD900RI CD900SC CD900STAR CD900TN CD900TX CD900USA CD900UT CD900VA CD900VT CD900WA CD900WI CD900WV CD900WY;p-5848-south-dakota-state-silhouette-awards
CD900STAR;PRODUCT;CD900*;Frosted Lucite Cutout on Risers Award  with Choice of State or Special Stock Shape;CD900AK CD900AL CD900AR CD900AZ CD900CA CD900CO CD900CT CD900DE CD900FL CD900GA CD900HI CD900IA CD900ID CD900IL CD900IN CD900KS CD900KY CD900LA CD900MA CD900MD CD900ME CD900MI CD900MN CD900MO CD900MS CD900MT CD900NC CD900ND CD900NE CD900NH CD900NJ CD900NM CD900NV CD900NY CD900OH CD900OK CD900OR CD900OVAL CD900PA CD900RI CD900SC CD900SD CD900TN CD900TX CD900USA CD900UT CD900VA CD900VT CD900WA CD900WI CD900WV CD900WY;p-7115-frosted-lucite-star-cutout-on-risers-award
CD900TN;PRODUCT;CD900*;Frosted Lucite Cutout on Risers Award  with Choice of State or Special Stock Shape;CD900AK CD900AL CD900AR CD900AZ CD900CA CD900CO CD900CT CD900DE CD900FL CD900GA CD900HI CD900IA CD900ID CD900IL CD900IN CD900KS CD900KY CD900LA CD900MA CD900MD CD900ME CD900MI CD900MN CD900MO CD900MS CD900MT CD900NC CD900ND CD900NE CD900NH CD900NJ CD900NM CD900NV CD900NY CD900OH CD900OK CD900OR CD900OVAL CD900PA CD900RI CD900SC CD900SD CD900STAR CD900TX CD900USA CD900UT CD900VA CD900VT CD900WA CD900WI CD900WV CD900WY;p-5850-tennessee-state-silhouette-awards
CD900TX;PRODUCT;CD900*;Frosted Lucite Cutout on Risers Award  with Choice of State or Special Stock Shape;CD900AK CD900AL CD900AR CD900AZ CD900CA CD900CO CD900CT CD900DE CD900FL CD900GA CD900HI CD900IA CD900ID CD900IL CD900IN CD900KS CD900KY CD900LA CD900MA CD900MD CD900ME CD900MI CD900MN CD900MO CD900MS CD900MT CD900NC CD900ND CD900NE CD900NH CD900NJ CD900NM CD900NV CD900NY CD900OH CD900OK CD900OR CD900OVAL CD900PA CD900RI CD900SC CD900SD CD900STAR CD900TN CD900USA CD900UT CD900VA CD900VT CD900WA CD900WI CD900WV CD900WY;p-5851-texas-state-silhouette-awards
CD900USA;NO_PRODUCT_DATA;CD900*;;CD900AK CD900AL CD900AR CD900AZ CD900CA CD900CO CD900CT CD900DE CD900FL CD900GA CD900HI CD900IA CD900ID CD900IL CD900IN CD900KS CD900KY CD900LA CD900MA CD900MD CD900ME CD900MI CD900MN CD900MO CD900MS CD900MT CD900NC CD900ND CD900NE CD900NH CD900NJ CD900NM CD900NV CD900NY CD900OH CD900OK CD900OR CD900OVAL CD900PA CD900RI CD900SC CD900SD CD900STAR CD900TN CD900TX CD900UT CD900VA CD900VT CD900WA CD900WI CD900WV CD900WY;p-7116-frosted-lucite-usa-cutout-on-risers-award
CD900UT;PRODUCT;CD900*;Frosted Lucite Cutout on Risers Award  with Choice of State or Special Stock Shape;CD900AK CD900AL CD900AR CD900AZ CD900CA CD900CO CD900CT CD900DE CD900FL CD900GA CD900HI CD900IA CD900ID CD900IL CD900IN CD900KS CD900KY CD900LA CD900MA CD900MD CD900ME CD900MI CD900MN CD900MO CD900MS CD900MT CD900NC CD900ND CD900NE CD900NH CD900NJ CD900NM CD900NV CD900NY CD900OH CD900OK CD900OR CD900OVAL CD900PA CD900RI CD900SC CD900SD CD900STAR CD900TN CD900TX CD900USA CD900VA CD900VT CD900WA CD900WI CD900WV CD900WY;p-5852-utah-state-silhouette-awards
CD900VA;PRODUCT;CD900*;Frosted Lucite Cutout on Risers Award  with Choice of State or Special Stock Shape;CD900AK CD900AL CD900AR CD900AZ CD900CA CD900CO CD900CT CD900DE CD900FL CD900GA CD900HI CD900IA CD900ID CD900IL CD900IN CD900KS CD900KY CD900LA CD900MA CD900MD CD900ME CD900MI CD900MN CD900MO CD900MS CD900MT CD900NC CD900ND CD900NE CD900NH CD900NJ CD900NM CD900NV CD900NY CD900OH CD900OK CD900OR CD900OVAL CD900PA CD900RI CD900SC CD900SD CD900STAR CD900TN CD900TX CD900USA CD900UT CD900VT CD900WA CD900WI CD900WV CD900WY;p-5853-virginia-state-silhouette-awards
CD900VT;PRODUCT;CD900*;Frosted Lucite Cutout on Risers Award  with Choice of State or Special Stock Shape;CD900AK CD900AL CD900AR CD900AZ CD900CA CD900CO CD900CT CD900DE CD900FL CD900GA CD900HI CD900IA CD900ID CD900IL CD900IN CD900KS CD900KY CD900LA CD900MA CD900MD CD900ME CD900MI CD900MN CD900MO CD900MS CD900MT CD900NC CD900ND CD900NE CD900NH CD900NJ CD900NM CD900NV CD900NY CD900OH CD900OK CD900OR CD900OVAL CD900PA CD900RI CD900SC CD900SD CD900STAR CD900TN CD900TX CD900USA CD900UT CD900VA CD900WA CD900WI CD900WV CD900WY;p-5854-vermont-state-silhouette-awards
CD900WA;PRODUCT;CD900*;Frosted Lucite Cutout on Risers Award  with Choice of State or Special Stock Shape;CD900AK CD900AL CD900AR CD900AZ CD900CA CD900CO CD900CT CD900DE CD900FL CD900GA CD900HI CD900IA CD900ID CD900IL CD900IN CD900KS CD900KY CD900LA CD900MA CD900MD CD900ME CD900MI CD900MN CD900MO CD900MS CD900MT CD900NC CD900ND CD900NE CD900NH CD900NJ CD900NM CD900NV CD900NY CD900OH CD900OK CD900OR CD900OVAL CD900PA CD900RI CD900SC CD900SD CD900STAR CD900TN CD900TX CD900USA CD900UT CD900VA CD900VT CD900WI CD900WV CD900WY;p-5855-washington-state-silhouette-awards
CD900WI;PRODUCT;CD900*;Frosted Lucite Cutout on Risers Award  with Choice of State or Special Stock Shape;CD900AK CD900AL CD900AR CD900AZ CD900CA CD900CO CD900CT CD900DE CD900FL CD900GA CD900HI CD900IA CD900ID CD900IL CD900IN CD900KS CD900KY CD900LA CD900MA CD900MD CD900ME CD900MI CD900MN CD900MO CD900MS CD900MT CD900NC CD900ND CD900NE CD900NH CD900NJ CD900NM CD900NV CD900NY CD900OH CD900OK CD900OR CD900OVAL CD900PA CD900RI CD900SC CD900SD CD900STAR CD900TN CD900TX CD900USA CD900UT CD900VA CD900VT CD900WA CD900WV CD900WY;p-5856-wisconsin-state-silhouette-awards
CD900WV;PRODUCT;CD900*;Frosted Lucite Cutout on Risers Award  with Choice of State or Special Stock Shape;CD900AK CD900AL CD900AR CD900AZ CD900CA CD900CO CD900CT CD900DE CD900FL CD900GA CD900HI CD900IA CD900ID CD900IL CD900IN CD900KS CD900KY CD900LA CD900MA CD900MD CD900ME CD900MI CD900MN CD900MO CD900MS CD900MT CD900NC CD900ND CD900NE CD900NH CD900NJ CD900NM CD900NV CD900NY CD900OH CD900OK CD900OR CD900OVAL CD900PA CD900RI CD900SC CD900SD CD900STAR CD900TN CD900TX CD900USA CD900UT CD900VA CD900VT CD900WA CD900WI CD900WY;p-5857-west-virginia-state-silhouette-awards
CD900WY;PRODUCT;CD900*;Frosted Lucite Cutout on Risers Award  with Choice of State or Special Stock Shape;CD900AK CD900AL CD900AR CD900AZ CD900CA CD900CO CD900CT CD900DE CD900FL CD900GA CD900HI CD900IA CD900ID CD900IL CD900IN CD900KS CD900KY CD900LA CD900MA CD900MD CD900ME CD900MI CD900MN CD900MO CD900MS CD900MT CD900NC CD900ND CD900NE CD900NH CD900NJ CD900NM CD900NV CD900NY CD900OH CD900OK CD900OR CD900OVAL CD900PA CD900RI CD900SC CD900SD CD900STAR CD900TN CD900TX CD900USA CD900UT CD900VA CD900VT CD900WA CD900WI CD900WV;p-5858-wyoming-state-silhouette-awards
CD902Y10;PART;CD902Y*;;CD902Y*;p-5375-anniversary-years-of-service-achievement-plaque
CD902Y15;PART;CD902Y*;;CD902Y*;p-5375-anniversary-years-of-service-achievement-plaque
CD902Y20;PART;CD902Y*;;CD902Y*;p-5375-anniversary-years-of-service-achievement-plaque
CD902Y25;PART;CD902Y*;;CD902Y*;p-5375-anniversary-years-of-service-achievement-plaque
CD902Y5;PART;CD902Y*;;CD902Y*;p-5375-anniversary-years-of-service-achievement-plaque
CD903Y10;PART;CD903Y_;;CD903Y_;p-5374-anniversary-achievement-years-of-service-awards
CD903Y15;PART;CD903Y_;;CD903Y_;p-5374-anniversary-achievement-years-of-service-awards
CD903Y20;PART;CD903Y_;;CD903Y_;p-5374-anniversary-achievement-years-of-service-awards
CD903Y25;PART;CD903Y_;;CD903Y_;p-5374-anniversary-achievement-years-of-service-awards
CD903Y5;PART;CD903Y_;;CD903Y_;p-5374-anniversary-achievement-years-of-service-awards
CD904Y1;PART;CD904AY*;;CD904AY*;p-7628-anniversary-freestanding-1-year-award
CD904Y10;PART;CD904BY*;;CD904BY*;p-5376-anniversary-years-of-service-freestanding-award
CD904Y15;PART;CD904BY*;;CD904BY*;p-5376-anniversary-years-of-service-freestanding-award
CD904Y20;PART;CD904BY*;;CD904BY*;p-5376-anniversary-years-of-service-freestanding-award
CD904Y25;PART;CD904BY*;;CD904BY*;p-5376-anniversary-years-of-service-freestanding-award
CD904Y3;PART;CD904AY*;;CD904AY*;p-7627-anniversary-freestanding-3-year-award
CD904Y30;PART;CD904BY*;;CD904BY*;p-5376-anniversary-years-of-service-freestanding-award
CD904Y5;PART;CD904AY*;;CD904AY*;p-5377-anniversary-freestanding-5-year-award
CD907A;PART;CD907;;CD907;p-8070-interlocking-bent-award
CD907B;PART;CD907;;CD907;p-8070-interlocking-bent-award
CD908RLBL;PART;CD908RL;;CD908RL;p-9434-interlocking-perpetual-award-bars
CD908RRBL;PART;CD908RR;;CD908RR;p-9434-interlocking-perpetual-award-bars
CD909B;PART;CD909*;;CD909*;p-7947-crescent-interlock-perpetual-award
CD909W;PART;CD909*;;CD909*;p-7947-crescent-interlock-perpetual-award
CD910;PRODUCT;CD910;Interlocking Perpetual;;p-8071-interlocking-perpetual-award
CD911A;PART;CD911;;CD911;p-8116-octagon-acrylic-excellence-award
CD911B;PART;CD911;;CD911;p-8116-octagon-acrylic-excellence-award
CD911C;PART;CD911;;CD911;p-8116-octagon-acrylic-excellence-award
CD912AC;ORPHAN;CD912AC;;;p-7941-clipped-corner-laser-edge-award
CD912AD;ORPHAN;CD912AD;;;p-7975-diamond-laser-edge-award
CD912AR;PART;CD912;;CD912;p-8150-rectangle-laser-edge-award
CD912BC;ORPHAN;CD912BC;;;p-7941-clipped-corner-laser-edge-award
CD912BD;ORPHAN;CD912BD;;;p-7975-diamond-laser-edge-award
CD912BR;PART;CD912;;CD912;p-8150-rectangle-laser-edge-award
CD915ABL;PART;CD915A;;CD915A;p-8868-sedona-ridge-tablet-award
CD915AGR;PART;CD915A;;CD915A;p-8868-sedona-ridge-tablet-award
CD915ARD;PART;CD915A;;CD915A;p-8868-sedona-ridge-tablet-award
CD915BBL;PART;CD915B;;CD915B;p-8868-sedona-ridge-tablet-award
CD915BGR;PART;CD915B;;CD915B;p-8868-sedona-ridge-tablet-award
CD915BRD;PART;CD915B;;CD915B;p-8868-sedona-ridge-tablet-award
CD915CBL;PART;CD915C;;CD915C;p-8868-sedona-ridge-tablet-award
CD915CGR;PART;CD915C;;CD915C;p-8868-sedona-ridge-tablet-award
CD915CRD;PART;CD915C;;CD915C;p-8868-sedona-ridge-tablet-award
CD916ABL;PART;CD916A*;;CD916A*;p-8866-sedona-ridge-plaque
CD916AGR;PART;CD916A*;;CD916A*;p-8866-sedona-ridge-plaque
CD916ARD;PART;CD916A*;;CD916A*;p-8866-sedona-ridge-plaque
CD916BBL;PART;CD916B*;;CD916B*;p-8866-sedona-ridge-plaque
CD916BGR;PART;CD916B*;;CD916B*;p-8866-sedona-ridge-plaque
CD916BRD;PART;CD916B*;;CD916B*;p-8866-sedona-ridge-plaque
CD919AG;ORPHAN;CD919AG;;;p-8879-star-gazer-acrylic-award-trophy
CD919AS;ORPHAN;CD919AS;;;p-8879-star-gazer-acrylic-award-trophy
CD919BG;ORPHAN;CD919BG;;;p-8879-star-gazer-acrylic-award-trophy
CD919BS;ORPHAN;CD919BS;;;p-8879-star-gazer-acrylic-award-trophy
CD929AY1G;ORPHAN;CD929AY1G;;;p-7794-1-year-anniversary-service-award-freestanding
CD929AY1S;ORPHAN;CD929AY1S;;;p-7794-1-year-anniversary-service-award-freestanding
CD929AY2G;ORPHAN;CD929AY2G;;;p-7804-2-year-anniversary-freestanding
CD929AY2S;ORPHAN;CD929AY2S;;;p-7804-2-year-anniversary-freestanding
CD929AY3G;ORPHAN;CD929AY3G;;;p-7811-3-year-anniversary-freestanding-award
CD929AY3S;ORPHAN;CD929AY3S;;;p-7811-3-year-anniversary-freestanding-award
CD929AY4G;ORPHAN;CD929AY4G;;;p-7819-4-year-anniversary-freestanding
CD929AY4S;ORPHAN;CD929AY4S;;;p-7819-4-year-anniversary-freestanding
CD929AY5G;ORPHAN;CD929AY5G;;;p-7825-5-year-anniversary-freestanding-award
CD929AY5S;ORPHAN;CD929AY5S;;;p-7825-5-year-anniversary-freestanding-award
CD929BY10G;ORPHAN;CD929BY10G;;;p-7795-10-year-anniversary-freestanding-service-award
CD929BY10S;ORPHAN;CD929BY10S;;;p-7795-10-year-anniversary-freestanding-service-award
CD929BY15G;ORPHAN;CD929BY15G;;;p-7800-15-year-anniversary-freestanding-award
CD929BY15S;ORPHAN;CD929BY15S;;;p-7800-15-year-anniversary-freestanding-award
CD929BY20G;ORPHAN;CD929BY20G;;;p-7806-20-year-anniversary-freestanding-award
CD929BY20S;ORPHAN;CD929BY20S;;;p-7806-20-year-anniversary-freestanding-award
CD929BY25G;ORPHAN;CD929BY25G;;;p-7808-25-year-anniversary-freestanding-award
CD929BY25S;ORPHAN;CD929BY25S;;;p-7808-25-year-anniversary-freestanding-award
CD929BY30G;ORPHAN;CD929BY30G;;;p-7814-30-year-anniversary-freestanding-award
CD929BY30S;ORPHAN;CD929BY30S;;;p-7814-30-year-anniversary-freestanding-award
CD929BY35G;ORPHAN;CD929BY35G;;;p-7816-35-year-anniversary-freestanding-award
CD929BY35S;ORPHAN;CD929BY35S;;;p-7816-35-year-anniversary-freestanding-award
CD929BY40G;ORPHAN;CD929BY40G;;;p-7820-40-year-anniversary-freestanding-award
CD929BY40S;ORPHAN;CD929BY40S;;;p-7820-40-year-anniversary-freestanding-award
CD929BY45G;ORPHAN;CD929BY45G;;;p-7822-45-year-anniversary-freestanding-award
CD929BY45S;ORPHAN;CD929BY45S;;;p-7822-45-year-anniversary-freestanding-award
CD929BY50G;ORPHAN;CD929BY50G;;;p-7826-50-year-anniversary-freestanding-award
CD929BY50S;ORPHAN;CD929BY50S;;;p-7826-50-year-anniversary-freestanding-award
CD935A;ORPHAN;CD935A;;;p-5372-amphitheatre-tower-award
CD935B;ORPHAN;CD935B;;;p-5372-amphitheatre-tower-award
CD938A;ORPHAN;CD938A;;;p-5381-aqua-wave-circle-award-on-ebony-lucite-oval-base
CD938B;ORPHAN;CD938B;;;p-5381-aqua-wave-circle-award-on-ebony-lucite-oval-base
CD945BK;PART;CD945;;CD945;p-5840-frosted-lucite-on-black-piano-plaque-and-black-plate
CD945BL;PART;CD945;;CD945;p-8755-frosted-lucite-on-black-piano-plaque-and-blue-plate
CD947AA;PART;CD947;;CD947;p-5574-circle-cutout-alder-wood-and-silver-backer-digi
CD947AM;PART;CD947;;CD947;p-5575-circle-cutout-mahogany-wood-and-silver-backer-digi
CD947BA;PART;CD947;;CD947;p-5574-circle-cutout-alder-wood-and-silver-backer-digi
CD947BM;PART;CD947;;CD947;p-5575-circle-cutout-mahogany-wood-and-silver-backer-digi
CD953;ORPHAN;CD953;;;p-6347-state-shaped-frosted-acrylic-cutout-on-black-plaque
CD953AK;PRODUCT;CD953*;Frosted Acrylic State Cutout on Black Plaque;CD953AL CD953AR CD953AZ CD953CO CD953CT CD953GA CD953IA CD953IL CD953IN CD953KS CD953KY CD953LA CD953ME CD953MN CD953MO CD953MS CD953MT CD953ND CD953NE CD953NH CD953NJ CD953NM CD953NV CD953NY CD953OH CD953OK CD953OR CD953PA CD953RI CD953SC CD953SD CD953TX CD953UT CD953VA CD953VT CD953WA CD953WI CD953WV CD953WY;p-7997-frosted-acrylic-ak-state-cutout-on-black-plaque
CD953AL;PRODUCT;CD953*;Frosted Acrylic State Cutout on Black Plaque;CD953AK CD953AR CD953AZ CD953CO CD953CT CD953GA CD953IA CD953IL CD953IN CD953KS CD953KY CD953LA CD953ME CD953MN CD953MO CD953MS CD953MT CD953ND CD953NE CD953NH CD953NJ CD953NM CD953NV CD953NY CD953OH CD953OK CD953OR CD953PA CD953RI CD953SC CD953SD CD953TX CD953UT CD953VA CD953VT CD953WA CD953WI CD953WV CD953WY;p-7998-frosted-acrylic-al-state-cutout-on-black-plaque
CD953AR;PRODUCT;CD953*;Frosted Acrylic State Cutout on Black Plaque;CD953AK CD953AL CD953AZ CD953CO CD953CT CD953GA CD953IA CD953IL CD953IN CD953KS CD953KY CD953LA CD953ME CD953MN CD953MO CD953MS CD953MT CD953ND CD953NE CD953NH CD953NJ CD953NM CD953NV CD953NY CD953OH CD953OK CD953OR CD953PA CD953RI CD953SC CD953SD CD953TX CD953UT CD953VA CD953VT CD953WA CD953WI CD953WV CD953WY;p-7999-frosted-acrylic-ar-state-cutout-on-black-plaque
CD953AZ;PRODUCT;CD953*;Frosted Acrylic State Cutout on Black Plaque;CD953AK CD953AL CD953AR CD953CO CD953CT CD953GA CD953IA CD953IL CD953IN CD953KS CD953KY CD953LA CD953ME CD953MN CD953MO CD953MS CD953MT CD953ND CD953NE CD953NH CD953NJ CD953NM CD953NV CD953NY CD953OH CD953OK CD953OR CD953PA CD953RI CD953SC CD953SD CD953TX CD953UT CD953VA CD953VT CD953WA CD953WI CD953WV CD953WY;p-8000-frosted-acrylic-az-state-cutout-on-black-plaque
CD953CA;PART;CD953*;;CD953AK CD953AL CD953AR CD953AZ CD953CO CD953CT CD953GA CD953IA CD953IL CD953IN CD953KS CD953KY CD953LA CD953ME CD953MN CD953MO CD953MS CD953MT CD953ND CD953NE CD953NH CD953NJ CD953NM CD953NV CD953NY CD953OH CD953OK CD953OR CD953PA CD953RI CD953SC CD953SD CD953TX CD953UT CD953VA CD953VT CD953WA CD953WI CD953WV CD953WY;p-8001-frosted-acrylic-ca-state-cutout-on-black-plaque
CD953CO;PRODUCT;CD953*;Frosted Acrylic State Cutout on Black Plaque;CD953AK CD953AL CD953AR CD953AZ CD953CT CD953GA CD953IA CD953IL CD953IN CD953KS CD953KY CD953LA CD953ME CD953MN CD953MO CD953MS CD953MT CD953ND CD953NE CD953NH CD953NJ CD953NM CD953NV CD953NY CD953OH CD953OK CD953OR CD953PA CD953RI CD953SC CD953SD CD953TX CD953UT CD953VA CD953VT CD953WA CD953WI CD953WV CD953WY;p-8002-frosted-acrylic-co-state-cutout-on-black-plaque
CD953CT;PRODUCT;CD953*;Frosted Acrylic State Cutout on Black Plaque;CD953AK CD953AL CD953AR CD953AZ CD953CO CD953GA CD953IA CD953IL CD953IN CD953KS CD953KY CD953LA CD953ME CD953MN CD953MO CD953MS CD953MT CD953ND CD953NE CD953NH CD953NJ CD953NM CD953NV CD953NY CD953OH CD953OK CD953OR CD953PA CD953RI CD953SC CD953SD CD953TX CD953UT CD953VA CD953VT CD953WA CD953WI CD953WV CD953WY;p-8003-frosted-acrylic-ct-state-cutout-on-black-plaque
CD953DE;PART;CD953*;;CD953AK CD953AL CD953AR CD953AZ CD953CO CD953CT CD953GA CD953IA CD953IL CD953IN CD953KS CD953KY CD953LA CD953ME CD953MN CD953MO CD953MS CD953MT CD953ND CD953NE CD953NH CD953NJ CD953NM CD953NV CD953NY CD953OH CD953OK CD953OR CD953PA CD953RI CD953SC CD953SD CD953TX CD953UT CD953VA CD953VT CD953WA CD953WI CD953WV CD953WY;p-8004-frosted-acrylic-de-state-cutout-on-black-plaque
CD953FL;PART;CD953*;;CD953AK CD953AL CD953AR CD953AZ CD953CO CD953CT CD953GA CD953IA CD953IL CD953IN CD953KS CD953KY CD953LA CD953ME CD953MN CD953MO CD953MS CD953MT CD953ND CD953NE CD953NH CD953NJ CD953NM CD953NV CD953NY CD953OH CD953OK CD953OR CD953PA CD953RI CD953SC CD953SD CD953TX CD953UT CD953VA CD953VT CD953WA CD953WI CD953WV CD953WY;p-8005-frosted-acrylic-fl-state-cutout-on-black-plaque
CD953GA;PRODUCT;CD953*;Frosted Acrylic State Cutout on Black Plaque;CD953AK CD953AL CD953AR CD953AZ CD953CO CD953CT CD953IA CD953IL CD953IN CD953KS CD953KY CD953LA CD953ME CD953MN CD953MO CD953MS CD953MT CD953ND CD953NE CD953NH CD953NJ CD953NM CD953NV CD953NY CD953OH CD953OK CD953OR CD953PA CD953RI CD953SC CD953SD CD953TX CD953UT CD953VA CD953VT CD953WA CD953WI CD953WV CD953WY;p-8006-frosted-acrylic-ga-state-cutout-on-black-plaque
CD953HI;PART;CD953*;;CD953AK CD953AL CD953AR CD953AZ CD953CO CD953CT CD953GA CD953IA CD953IL CD953IN CD953KS CD953KY CD953LA CD953ME CD953MN CD953MO CD953MS CD953MT CD953ND CD953NE CD953NH CD953NJ CD953NM CD953NV CD953NY CD953OH CD953OK CD953OR CD953PA CD953RI CD953SC CD953SD CD953TX CD953UT CD953VA CD953VT CD953WA CD953WI CD953WV CD953WY;p-8007-frosted-acrylic-hi-state-cutout-on-black-plaque
CD953IA;PRODUCT;CD953*;Frosted Acrylic State Cutout on Black Plaque;CD953AK CD953AL CD953AR CD953AZ CD953CO CD953CT CD953GA CD953IL CD953IN CD953KS CD953KY CD953LA CD953ME CD953MN CD953MO CD953MS CD953MT CD953ND CD953NE CD953NH CD953NJ CD953NM CD953NV CD953NY CD953OH CD953OK CD953OR CD953PA CD953RI CD953SC CD953SD CD953TX CD953UT CD953VA CD953VT CD953WA CD953WI CD953WV CD953WY;p-8008-frosted-acrylic-ia-state-cutout-on-black-plaque
CD953ID;PART;CD953*;;CD953AK CD953AL CD953AR CD953AZ CD953CO CD953CT CD953GA CD953IA CD953IL CD953IN CD953KS CD953KY CD953LA CD953ME CD953MN CD953MO CD953MS CD953MT CD953ND CD953NE CD953NH CD953NJ CD953NM CD953NV CD953NY CD953OH CD953OK CD953OR CD953PA CD953RI CD953SC CD953SD CD953TX CD953UT CD953VA CD953VT CD953WA CD953WI CD953WV CD953WY;p-8009-frosted-acrylic-id-state-cutout-on-black-plaque
CD953IL;PRODUCT;CD953*;Frosted Acrylic State Cutout on Black Plaque;CD953AK CD953AL CD953AR CD953AZ CD953CO CD953CT CD953GA CD953IA CD953IN CD953KS CD953KY CD953LA CD953ME CD953MN CD953MO CD953MS CD953MT CD953ND CD953NE CD953NH CD953NJ CD953NM CD953NV CD953NY CD953OH CD953OK CD953OR CD953PA CD953RI CD953SC CD953SD CD953TX CD953UT CD953VA CD953VT CD953WA CD953WI CD953WV CD953WY;p-8010-frosted-acrylic-il-state-cutout-on-black-plaque
CD953IN;PRODUCT;CD953*;Frosted Acrylic State Cutout on Black Plaque;CD953AK CD953AL CD953AR CD953AZ CD953CO CD953CT CD953GA CD953IA CD953IL CD953KS CD953KY CD953LA CD953ME CD953MN CD953MO CD953MS CD953MT CD953ND CD953NE CD953NH CD953NJ CD953NM CD953NV CD953NY CD953OH CD953OK CD953OR CD953PA CD953RI CD953SC CD953SD CD953TX CD953UT CD953VA CD953VT CD953WA CD953WI CD953WV CD953WY;p-8011-frosted-acrylic-in-state-cutout-on-black-plaque
CD953KS;PRODUCT;CD953*;Frosted Acrylic State Cutout on Black Plaque;CD953AK CD953AL CD953AR CD953AZ CD953CO CD953CT CD953GA CD953IA CD953IL CD953IN CD953KY CD953LA CD953ME CD953MN CD953MO CD953MS CD953MT CD953ND CD953NE CD953NH CD953NJ CD953NM CD953NV CD953NY CD953OH CD953OK CD953OR CD953PA CD953RI CD953SC CD953SD CD953TX CD953UT CD953VA CD953VT CD953WA CD953WI CD953WV CD953WY;p-8012-frosted-acrylic-ks-state-cutout-on-black-plaque
CD953KY;PRODUCT;CD953*;Frosted Acrylic State Cutout on Black Plaque;CD953AK CD953AL CD953AR CD953AZ CD953CO CD953CT CD953GA CD953IA CD953IL CD953IN CD953KS CD953LA CD953ME CD953MN CD953MO CD953MS CD953MT CD953ND CD953NE CD953NH CD953NJ CD953NM CD953NV CD953NY CD953OH CD953OK CD953OR CD953PA CD953RI CD953SC CD953SD CD953TX CD953UT CD953VA CD953VT CD953WA CD953WI CD953WV CD953WY;p-8013-frosted-acrylic-ky-state-cutout-on-black-plaque
CD953LA;PRODUCT;CD953*;Frosted Acrylic State Cutout on Black Plaque;CD953AK CD953AL CD953AR CD953AZ CD953CO CD953CT CD953GA CD953IA CD953IL CD953IN CD953KS CD953KY CD953ME CD953MN CD953MO CD953MS CD953MT CD953ND CD953NE CD953NH CD953NJ CD953NM CD953NV CD953NY CD953OH CD953OK CD953OR CD953PA CD953RI CD953SC CD953SD CD953TX CD953UT CD953VA CD953VT CD953WA CD953WI CD953WV CD953WY;p-8014-frosted-acrylic-la-state-cutout-on-black-plaque
CD953MA;PART;CD953*;;CD953AK CD953AL CD953AR CD953AZ CD953CO CD953CT CD953GA CD953IA CD953IL CD953IN CD953KS CD953KY CD953LA CD953ME CD953MN CD953MO CD953MS CD953MT CD953ND CD953NE CD953NH CD953NJ CD953NM CD953NV CD953NY CD953OH CD953OK CD953OR CD953PA CD953RI CD953SC CD953SD CD953TX CD953UT CD953VA CD953VT CD953WA CD953WI CD953WV CD953WY;p-8015-frosted-acrylic-ma-state-cutout-on-black-plaque
CD953MD;PART;CD953*;;CD953AK CD953AL CD953AR CD953AZ CD953CO CD953CT CD953GA CD953IA CD953IL CD953IN CD953KS CD953KY CD953LA CD953ME CD953MN CD953MO CD953MS CD953MT CD953ND CD953NE CD953NH CD953NJ CD953NM CD953NV CD953NY CD953OH CD953OK CD953OR CD953PA CD953RI CD953SC CD953SD CD953TX CD953UT CD953VA CD953VT CD953WA CD953WI CD953WV CD953WY;p-8016-frosted-acrylic-md-state-cutout-on-black-plaque
CD953ME;PRODUCT;CD953*;Frosted Acrylic State Cutout on Black Plaque;CD953AK CD953AL CD953AR CD953AZ CD953CO CD953CT CD953GA CD953IA CD953IL CD953IN CD953KS CD953KY CD953LA CD953MN CD953MO CD953MS CD953MT CD953ND CD953NE CD953NH CD953NJ CD953NM CD953NV CD953NY CD953OH CD953OK CD953OR CD953PA CD953RI CD953SC CD953SD CD953TX CD953UT CD953VA CD953VT CD953WA CD953WI CD953WV CD953WY;p-8017-frosted-acrylic-me-state-cutout-on-black-plaque
CD953MI;PART;CD953*;;CD953AK CD953AL CD953AR CD953AZ CD953CO CD953CT CD953GA CD953IA CD953IL CD953IN CD953KS CD953KY CD953LA CD953ME CD953MN CD953MO CD953MS CD953MT CD953ND CD953NE CD953NH CD953NJ CD953NM CD953NV CD953NY CD953OH CD953OK CD953OR CD953PA CD953RI CD953SC CD953SD CD953TX CD953UT CD953VA CD953VT CD953WA CD953WI CD953WV CD953WY;p-8018-frosted-acrylic-mi-state-cutout-on-black-plaque
CD953MN;PRODUCT;CD953*;Frosted Acrylic State Cutout on Black Plaque;CD953AK CD953AL CD953AR CD953AZ CD953CO CD953CT CD953GA CD953IA CD953IL CD953IN CD953KS CD953KY CD953LA CD953ME CD953MO CD953MS CD953MT CD953ND CD953NE CD953NH CD953NJ CD953NM CD953NV CD953NY CD953OH CD953OK CD953OR CD953PA CD953RI CD953SC CD953SD CD953TX CD953UT CD953VA CD953VT CD953WA CD953WI CD953WV CD953WY;p-8019-frosted-acrylic-mn-state-cutout-on-black-plaque
CD953MO;PRODUCT;CD953*;Frosted Acrylic State Cutout on Black Plaque;CD953AK CD953AL CD953AR CD953AZ CD953CO CD953CT CD953GA CD953IA CD953IL CD953IN CD953KS CD953KY CD953LA CD953ME CD953MN CD953MS CD953MT CD953ND CD953NE CD953NH CD953NJ CD953NM CD953NV CD953NY CD953OH CD953OK CD953OR CD953PA CD953RI CD953SC CD953SD CD953TX CD953UT CD953VA CD953VT CD953WA CD953WI CD953WV CD953WY;p-8020-frosted-acrylic-mo-state-cutout-on-black-plaque
CD953MS;PRODUCT;CD953*;Frosted Acrylic State Cutout on Black Plaque;CD953AK CD953AL CD953AR CD953AZ CD953CO CD953CT CD953GA CD953IA CD953IL CD953IN CD953KS CD953KY CD953LA CD953ME CD953MN CD953MO CD953MT CD953ND CD953NE CD953NH CD953NJ CD953NM CD953NV CD953NY CD953OH CD953OK CD953OR CD953PA CD953RI CD953SC CD953SD CD953TX CD953UT CD953VA CD953VT CD953WA CD953WI CD953WV CD953WY;p-8021-frosted-acrylic-ms-state-cutout-on-black-plaque
CD953MT;PRODUCT;CD953*;Frosted Acrylic State Cutout on Black Plaque;CD953AK CD953AL CD953AR CD953AZ CD953CO CD953CT CD953GA CD953IA CD953IL CD953IN CD953KS CD953KY CD953LA CD953ME CD953MN CD953MO CD953MS CD953ND CD953NE CD953NH CD953NJ CD953NM CD953NV CD953NY CD953OH CD953OK CD953OR CD953PA CD953RI CD953SC CD953SD CD953TX CD953UT CD953VA CD953VT CD953WA CD953WI CD953WV CD953WY;p-8022-frosted-acrylic-mt-state-cutout-on-black-plaque
CD953NC;PART;CD953*;;CD953AK CD953AL CD953AR CD953AZ CD953CO CD953CT CD953GA CD953IA CD953IL CD953IN CD953KS CD953KY CD953LA CD953ME CD953MN CD953MO CD953MS CD953MT CD953ND CD953NE CD953NH CD953NJ CD953NM CD953NV CD953NY CD953OH CD953OK CD953OR CD953PA CD953RI CD953SC CD953SD CD953TX CD953UT CD953VA CD953VT CD953WA CD953WI CD953WV CD953WY;p-8023-frosted-acrylic-nc-state-cutout-on-black-plaque
CD953ND;PRODUCT;CD953*;Frosted Acrylic State Cutout on Black Plaque;CD953AK CD953AL CD953AR CD953AZ CD953CO CD953CT CD953GA CD953IA CD953IL CD953IN CD953KS CD953KY CD953LA CD953ME CD953MN CD953MO CD953MS CD953MT CD953NE CD953NH CD953NJ CD953NM CD953NV CD953NY CD953OH CD953OK CD953OR CD953PA CD953RI CD953SC CD953SD CD953TX CD953UT CD953VA CD953VT CD953WA CD953WI CD953WV CD953WY;p-8024-frosted-acrylic-nd-state-cutout-on-black-plaque
CD953NE;PRODUCT;CD953*;Frosted Acrylic State Cutout on Black Plaque;CD953AK CD953AL CD953AR CD953AZ CD953CO CD953CT CD953GA CD953IA CD953IL CD953IN CD953KS CD953KY CD953LA CD953ME CD953MN CD953MO CD953MS CD953MT CD953ND CD953NH CD953NJ CD953NM CD953NV CD953NY CD953OH CD953OK CD953OR CD953PA CD953RI CD953SC CD953SD CD953TX CD953UT CD953VA CD953VT CD953WA CD953WI CD953WV CD953WY;p-8025-frosted-acrylic-ne-state-cutout-on-black-plaque
CD953NH;PRODUCT;CD953*;Frosted Acrylic State Cutout on Black Plaque;CD953AK CD953AL CD953AR CD953AZ CD953CO CD953CT CD953GA CD953IA CD953IL CD953IN CD953KS CD953KY CD953LA CD953ME CD953MN CD953MO CD953MS CD953MT CD953ND CD953NE CD953NJ CD953NM CD953NV CD953NY CD953OH CD953OK CD953OR CD953PA CD953RI CD953SC CD953SD CD953TX CD953UT CD953VA CD953VT CD953WA CD953WI CD953WV CD953WY;p-8026-frosted-acrylic-nh-state-cutout-on-black-plaque
CD953NJ;PRODUCT;CD953*;Frosted Acrylic State Cutout on Black Plaque;CD953AK CD953AL CD953AR CD953AZ CD953CO CD953CT CD953GA CD953IA CD953IL CD953IN CD953KS CD953KY CD953LA CD953ME CD953MN CD953MO CD953MS CD953MT CD953ND CD953NE CD953NH CD953NM CD953NV CD953NY CD953OH CD953OK CD953OR CD953PA CD953RI CD953SC CD953SD CD953TX CD953UT CD953VA CD953VT CD953WA CD953WI CD953WV CD953WY;p-8027-frosted-acrylic-nj-state-cutout-on-black-plaque
CD953NM;PRODUCT;CD953*;Frosted Acrylic State Cutout on Black Plaque;CD953AK CD953AL CD953AR CD953AZ CD953CO CD953CT CD953GA CD953IA CD953IL CD953IN CD953KS CD953KY CD953LA CD953ME CD953MN CD953MO CD953MS CD953MT CD953ND CD953NE CD953NH CD953NJ CD953NV CD953NY CD953OH CD953OK CD953OR CD953PA CD953RI CD953SC CD953SD CD953TX CD953UT CD953VA CD953VT CD953WA CD953WI CD953WV CD953WY;p-8028-frosted-acrylic-nm-state-cutout-on-black-plaque
CD953NV;PRODUCT;CD953*;Frosted Acrylic State Cutout on Black Plaque;CD953AK CD953AL CD953AR CD953AZ CD953CO CD953CT CD953GA CD953IA CD953IL CD953IN CD953KS CD953KY CD953LA CD953ME CD953MN CD953MO CD953MS CD953MT CD953ND CD953NE CD953NH CD953NJ CD953NM CD953NY CD953OH CD953OK CD953OR CD953PA CD953RI CD953SC CD953SD CD953TX CD953UT CD953VA CD953VT CD953WA CD953WI CD953WV CD953WY;p-8029-frosted-acrylic-nv-state-cutout-on-black-plaque
CD953NY;PRODUCT;CD953*;Frosted Acrylic State Cutout on Black Plaque;CD953AK CD953AL CD953AR CD953AZ CD953CO CD953CT CD953GA CD953IA CD953IL CD953IN CD953KS CD953KY CD953LA CD953ME CD953MN CD953MO CD953MS CD953MT CD953ND CD953NE CD953NH CD953NJ CD953NM CD953NV CD953OH CD953OK CD953OR CD953PA CD953RI CD953SC CD953SD CD953TX CD953UT CD953VA CD953VT CD953WA CD953WI CD953WV CD953WY;p-8030-frosted-acrylic-ny-state-cutout-on-black-plaque
CD953OH;PRODUCT;CD953*;Frosted Acrylic State Cutout on Black Plaque;CD953AK CD953AL CD953AR CD953AZ CD953CO CD953CT CD953GA CD953IA CD953IL CD953IN CD953KS CD953KY CD953LA CD953ME CD953MN CD953MO CD953MS CD953MT CD953ND CD953NE CD953NH CD953NJ CD953NM CD953NV CD953NY CD953OK CD953OR CD953PA CD953RI CD953SC CD953SD CD953TX CD953UT CD953VA CD953VT CD953WA CD953WI CD953WV CD953WY;p-8031-frosted-acrylic-oh-state-cutout-on-black-plaque
CD953OK;PRODUCT;CD953*;Frosted Acrylic State Cutout on Black Plaque;CD953AK CD953AL CD953AR CD953AZ CD953CO CD953CT CD953GA CD953IA CD953IL CD953IN CD953KS CD953KY CD953LA CD953ME CD953MN CD953MO CD953MS CD953MT CD953ND CD953NE CD953NH CD953NJ CD953NM CD953NV CD953NY CD953OH CD953OR CD953PA CD953RI CD953SC CD953SD CD953TX CD953UT CD953VA CD953VT CD953WA CD953WI CD953WV CD953WY;p-8032-frosted-acrylic-ok-state-cutout-on-black-plaque
CD953OR;PRODUCT;CD953*;Frosted Acrylic State Cutout on Black Plaque;CD953AK CD953AL CD953AR CD953AZ CD953CO CD953CT CD953GA CD953IA CD953IL CD953IN CD953KS CD953KY CD953LA CD953ME CD953MN CD953MO CD953MS CD953MT CD953ND CD953NE CD953NH CD953NJ CD953NM CD953NV CD953NY CD953OH CD953OK CD953PA CD953RI CD953SC CD953SD CD953TX CD953UT CD953VA CD953VT CD953WA CD953WI CD953WV CD953WY;p-8033-frosted-acrylic-or-state-cutout-on-black-plaque
CD953PA;PRODUCT;CD953*;Frosted Acrylic State Cutout on Black Plaque;CD953AK CD953AL CD953AR CD953AZ CD953CO CD953CT CD953GA CD953IA CD953IL CD953IN CD953KS CD953KY CD953LA CD953ME CD953MN CD953MO CD953MS CD953MT CD953ND CD953NE CD953NH CD953NJ CD953NM CD953NV CD953NY CD953OH CD953OK CD953OR CD953RI CD953SC CD953SD CD953TX CD953UT CD953VA CD953VT CD953WA CD953WI CD953WV CD953WY;p-8034-frosted-acrylic-pa-state-cutout-on-black-plaque
CD953RI;PRODUCT;CD953*;Frosted Acrylic State Cutout on Black Plaque;CD953AK CD953AL CD953AR CD953AZ CD953CO CD953CT CD953GA CD953IA CD953IL CD953IN CD953KS CD953KY CD953LA CD953ME CD953MN CD953MO CD953MS CD953MT CD953ND CD953NE CD953NH CD953NJ CD953NM CD953NV CD953NY CD953OH CD953OK CD953OR CD953PA CD953SC CD953SD CD953TX CD953UT CD953VA CD953VT CD953WA CD953WI CD953WV CD953WY;p-8035-frosted-acrylic-ri-state-cutout-on-black-plaque
CD953SC;PRODUCT;CD953*;Frosted Acrylic State Cutout on Black Plaque;CD953AK CD953AL CD953AR CD953AZ CD953CO CD953CT CD953GA CD953IA CD953IL CD953IN CD953KS CD953KY CD953LA CD953ME CD953MN CD953MO CD953MS CD953MT CD953ND CD953NE CD953NH CD953NJ CD953NM CD953NV CD953NY CD953OH CD953OK CD953OR CD953PA CD953RI CD953SD CD953TX CD953UT CD953VA CD953VT CD953WA CD953WI CD953WV CD953WY;p-8036-frosted-acrylic-sc-state-cutout-on-black-plaque
CD953SD;PRODUCT;CD953*;Frosted Acrylic State Cutout on Black Plaque;CD953AK CD953AL CD953AR CD953AZ CD953CO CD953CT CD953GA CD953IA CD953IL CD953IN CD953KS CD953KY CD953LA CD953ME CD953MN CD953MO CD953MS CD953MT CD953ND CD953NE CD953NH CD953NJ CD953NM CD953NV CD953NY CD953OH CD953OK CD953OR CD953PA CD953RI CD953SC CD953TX CD953UT CD953VA CD953VT CD953WA CD953WI CD953WV CD953WY;p-8037-frosted-acrylic-sd-state-cutout-on-black-plaque
CD953TN;PART;CD953*;;CD953AK CD953AL CD953AR CD953AZ CD953CO CD953CT CD953GA CD953IA CD953IL CD953IN CD953KS CD953KY CD953LA CD953ME CD953MN CD953MO CD953MS CD953MT CD953ND CD953NE CD953NH CD953NJ CD953NM CD953NV CD953NY CD953OH CD953OK CD953OR CD953PA CD953RI CD953SC CD953SD CD953TX CD953UT CD953VA CD953VT CD953WA CD953WI CD953WV CD953WY;p-8038-frosted-acrylic-tn-state-cutout-on-black-plaque
CD953TX;PRODUCT;CD953*;Frosted Acrylic State Cutout on Black Plaque;CD953AK CD953AL CD953AR CD953AZ CD953CO CD953CT CD953GA CD953IA CD953IL CD953IN CD953KS CD953KY CD953LA CD953ME CD953MN CD953MO CD953MS CD953MT CD953ND CD953NE CD953NH CD953NJ CD953NM CD953NV CD953NY CD953OH CD953OK CD953OR CD953PA CD953RI CD953SC CD953SD CD953UT CD953VA CD953VT CD953WA CD953WI CD953WV CD953WY;p-8039-frosted-acrylic-tx-state-cutout-on-black-plaque
CD953UT;PRODUCT;CD953*;Frosted Acrylic State Cutout on Black Plaque;CD953AK CD953AL CD953AR CD953AZ CD953CO CD953CT CD953GA CD953IA CD953IL CD953IN CD953KS CD953KY CD953LA CD953ME CD953MN CD953MO CD953MS CD953MT CD953ND CD953NE CD953NH CD953NJ CD953NM CD953NV CD953NY CD953OH CD953OK CD953OR CD953PA CD953RI CD953SC CD953SD CD953TX CD953VA CD953VT CD953WA CD953WI CD953WV CD953WY;p-8040-frosted-acrylic-ut-state-cutout-on-black-plaque
CD953VA;PRODUCT;CD953*;Frosted Acrylic State Cutout on Black Plaque;CD953AK CD953AL CD953AR CD953AZ CD953CO CD953CT CD953GA CD953IA CD953IL CD953IN CD953KS CD953KY CD953LA CD953ME CD953MN CD953MO CD953MS CD953MT CD953ND CD953NE CD953NH CD953NJ CD953NM CD953NV CD953NY CD953OH CD953OK CD953OR CD953PA CD953RI CD953SC CD953SD CD953TX CD953UT CD953VT CD953WA CD953WI CD953WV CD953WY;p-8041-frosted-acrylic-va-state-cutout-on-black-plaque
CD953VT;PRODUCT;CD953*;Frosted Acrylic State Cutout on Black Plaque;CD953AK CD953AL CD953AR CD953AZ CD953CO CD953CT CD953GA CD953IA CD953IL CD953IN CD953KS CD953KY CD953LA CD953ME CD953MN CD953MO CD953MS CD953MT CD953ND CD953NE CD953NH CD953NJ CD953NM CD953NV CD953NY CD953OH CD953OK CD953OR CD953PA CD953RI CD953SC CD953SD CD953TX CD953UT CD953VA CD953WA CD953WI CD953WV CD953WY;p-8042-frosted-acrylic-vt-state-cutout-on-black-plaque
CD953WA;PRODUCT;CD953*;Frosted Acrylic State Cutout on Black Plaque;CD953AK CD953AL CD953AR CD953AZ CD953CO CD953CT CD953GA CD953IA CD953IL CD953IN CD953KS CD953KY CD953LA CD953ME CD953MN CD953MO CD953MS CD953MT CD953ND CD953NE CD953NH CD953NJ CD953NM CD953NV CD953NY CD953OH CD953OK CD953OR CD953PA CD953RI CD953SC CD953SD CD953TX CD953UT CD953VA CD953VT CD953WI CD953WV CD953WY;p-8043-frosted-acrylic-wa-state-cutout-on-black-plaque
CD953WI;PRODUCT;CD953*;Frosted Acrylic State Cutout on Black Plaque;CD953AK CD953AL CD953AR CD953AZ CD953CO CD953CT CD953GA CD953IA CD953IL CD953IN CD953KS CD953KY CD953LA CD953ME CD953MN CD953MO CD953MS CD953MT CD953ND CD953NE CD953NH CD953NJ CD953NM CD953NV CD953NY CD953OH CD953OK CD953OR CD953PA CD953RI CD953SC CD953SD CD953TX CD953UT CD953VA CD953VT CD953WA CD953WV CD953WY;p-8044-frosted-acrylic-wi-state-cutout-on-black-plaque
CD953WV;PRODUCT;CD953*;Frosted Acrylic State Cutout on Black Plaque;CD953AK CD953AL CD953AR CD953AZ CD953CO CD953CT CD953GA CD953IA CD953IL CD953IN CD953KS CD953KY CD953LA CD953ME CD953MN CD953MO CD953MS CD953MT CD953ND CD953NE CD953NH CD953NJ CD953NM CD953NV CD953NY CD953OH CD953OK CD953OR CD953PA CD953RI CD953SC CD953SD CD953TX CD953UT CD953VA CD953VT CD953WA CD953WI CD953WY;p-8045-frosted-acrylic-wv-state-cutout-on-black-plaque
CD953WY;PRODUCT;CD953*;Frosted Acrylic State Cutout on Black Plaque;CD953AK CD953AL CD953AR CD953AZ CD953CO CD953CT CD953GA CD953IA CD953IL CD953IN CD953KS CD953KY CD953LA CD953ME CD953MN CD953MO CD953MS CD953MT CD953ND CD953NE CD953NH CD953NJ CD953NM CD953NV CD953NY CD953OH CD953OK CD953OR CD953PA CD953RI CD953SC CD953SD CD953TX CD953UT CD953VA CD953VT CD953WA CD953WI CD953WV;p-8046-frosted-acrylic-wy-state-cutout-on-black-plaque
CD959G;PRODUCT;CD959G;Grooved Brilliance Plaque;;p-5921-grooved-brilliance-plaque
CD959S;PRODUCT;CD959*;Grooved Brilliance Plaque;;p-5921-grooved-brilliance-plaque
CD961BK;PART;CD961;;CD961;p-5968-layered-acrylic-plaque-wblack-back-and-circle
CD961BL;PART;CD961;;CD961;p-8779-layered-acrylic-plaque-wblue-back-and-circle
CD961GR;PART;CD961;;CD961;p-8780-layered-acrylic-plaque-wgreen-and-circle
CD961OR;PART;CD961;;CD961;p-5971-layered-acrylic-plaque-with-orange-back-and-circle-award
CD970RD;ORPHAN;CD970RD;;;p-8881-sweeping-cosmos-acrylic-with-mirror-accent
CD971AA;ORPHAN;CD971AA;;;p-5364-alder-wood-and-silver-backer-digi
CD971AM;ORPHAN;CD971AM;;;p-6075-mahogany-wood-and-silver-backer-digi
CD971BA;ORPHAN;CD971BA;;;p-5364-alder-wood-and-silver-backer-digi
CD971BM;ORPHAN;CD971BM;;;p-6075-mahogany-wood-and-silver-backer-digi
CD973ABL;PART;CD973;;CD973;p-8753-florentia-acrylic-plaque
CD973ARD;PART;CD973;;CD973;p-8753-florentia-acrylic-plaque
CD973BBL;PART;CD973;;CD973;p-8753-florentia-acrylic-plaque
CD973BRD;PART;CD973;;CD973;p-8753-florentia-acrylic-plaque
CD978A;PRODUCT;CD978A;Clear Lucite Perpetual Award - Small (Glass Bars Sold Separately);;p-5606-clear-lucite-perpetual-award-small
CD978B;PRODUCT;CD978B;Clear Lucite Perpetual Award - Large (Glass Bars Sold Separately);;p-5605-clear-lucite-large-perpetual-award
CD980Y10;ORPHAN;CD980Y10;;;p-7842-anniversary-service-recognition-awards
CD980Y15;ORPHAN;CD980Y15;;;p-7842-anniversary-service-recognition-awards
CD980Y20;ORPHAN;CD980Y20;;;p-7842-anniversary-service-recognition-awards
CD980Y25;ORPHAN;CD980Y25;;;p-7842-anniversary-service-recognition-awards
CD980Y30;ORPHAN;CD980Y30;;;p-7842-anniversary-service-recognition-awards
CD980Y35;ORPHAN;CD980Y35;;;p-7842-anniversary-service-recognition-awards
CD980Y40;ORPHAN;CD980Y40;;;p-7842-anniversary-service-recognition-awards
CD980Y45;ORPHAN;CD980Y45;;;p-7842-anniversary-service-recognition-awards
CD980Y5;ORPHAN;CD980Y5;;;p-7842-anniversary-service-recognition-awards
CD980Y50;ORPHAN;CD980Y50;;;p-7842-anniversary-service-recognition-awards
CD981Y10;PART;CD981Y*;;CD981Y*;p-7842-anniversary-service-recognition-awards
CD981Y15;PART;CD981Y*;;CD981Y*;p-7842-anniversary-service-recognition-awards
CD981Y20;PART;CD981Y*;;CD981Y*;p-7842-anniversary-service-recognition-awards
CD981Y25;PART;CD981Y*;;CD981Y*;p-7842-anniversary-service-recognition-awards
CD981Y30;PART;CD981Y*;;CD981Y*;p-7842-anniversary-service-recognition-awards
CD981Y35;PART;CD981Y*;;CD981Y*;p-7842-anniversary-service-recognition-awards
CD981Y40;PART;CD981Y*;;CD981Y*;p-7842-anniversary-service-recognition-awards
CD981Y45;PART;CD981Y*;;CD981Y*;p-7842-anniversary-service-recognition-awards
CD981Y5;PART;CD981Y*;;CD981Y*;p-7842-anniversary-service-recognition-awards
CD981Y50;PART;CD981Y*;;CD981Y*;p-7842-anniversary-service-recognition-awards
CD982;PRODUCT;CD982;Acrylic Challenge Coin Stand;;p-7831-acrylic-challenge-coin-stand
CD983;PRODUCT;CD983;Clear Acrylic Add A Bar Perpetual (Acrylic Bars Sold Separately);;p-7913-clear-acrylic-add-a-bar-perpetual-acrylic-bars-sold-separately
CD999MC;ORPHAN;CD999MC;;;p-5359-add-on-compass-medallion
CD999MG;ORPHAN;CD999MG;;;p-5360-add-on-globe-medallion
CD999MS;ORPHAN;CD999MS;;;p-5363-add-on-star-medallion
CD999YD;ORPHAN;CD999YD;;;p-5361-add-on-logo-digi
CD999YL;ORPHAN;CD999YL;;;p-5362-add-on-logo-lasered-disc
CDUS01A;PRODUCT;CDUS01A;Aquus Lucite Tablet Award - Medium;;p-5384-aquus-series-lucite-tablet-award
CDUS01B;PRODUCT;CDUS01B;Aquus Lucite Tablet Award - Large;;p-5384-aquus-series-lucite-tablet-award
CDUS02A;PRODUCT;CDUS02A;Aquus Lucite Peak Award - Small;;p-5382-aquus-lucite-peak-award
CDUS02B;PRODUCT;CDUS02B;Aquus Lucite Peak Award - Medium;;p-5382-aquus-lucite-peak-award
CDUS02C;PRODUCT;CDUS02C;Aquus Lucite Peak Award - Large;;p-5383-aquus-series-lucite-peak-award
CDUS05A;ORPHAN;CDUS05A;;;p-7862-beveled-aquus-shield-plaque
CDUS05B;ORPHAN;CDUS05B;;;p-7862-beveled-aquus-shield-plaque
CF845AB;ORPHAN;CF845AB;;;p-5485-blue-deco-lucite-peak-on-marble-base-award
CM203;PRODUCT;CM203;Rosewood Piano Finish and Aluminum Clock;;p-6221-rosewood-piano-finish-aluminum-clock
CM206;PRODUCT;CM206;Rosewood Piano Finish Desk Clock;;p-6222-rosewood-piano-finish-desk-clock
CM221A;PRODUCT;CM221A;Gold Antique Finish Resin Cast Eagle Landing - Small;;p-8186-soaring-excellence-eagle-landing-large
CM221B;PRODUCT;CM221B;Gold Antique Finish Resin Cast Eagle Landing - Medium;;p-8185-soaring-excellence-eagle-landing-small
CM221C;PRODUCT;CM221C;Gold Antique Finish Resin Cast Eagle Landing - Large;;p-6276-soaring-excellence-eagle-landing-trophy
CM224A;PART;CM224;;CM224;p-5927-highflying-eagle-head-award-trophy
CM224B;PART;CM224;;CM224;p-5927-highflying-eagle-head-award-trophy
CM224C;PART;CM224;;CM224;p-5927-highflying-eagle-head-award-trophy
CM235;PRODUCT;CM235;Silver and Black Lasered Bottle Opener Keychain;;p-5528-bottle-opener-keychain
CM237ABB;PART;CM237A*;;CM237A*;p-8096-leatherette-portfolio
CM237ABL;PART;CM237A*;;CM237A*;p-8814-leatherette-portfolio-with-notepad-sml
CM237ABS;PART;CM237A*;;CM237A*;p-8815-leatherette-portfolio-small
CM237ABV;PART;CM237A*;;CM237A*;p-8096-leatherette-portfolio
CM237ACK;PART;CM237A*;;CM237A*;p-8815-leatherette-portfolio-small
CM237ADB;PART;CM237A*;;CM237A*;p-8814-leatherette-portfolio-with-notepad-sml
CM237AGR;PART;CM237A*;;CM237A*;p-8814-leatherette-portfolio-with-notepad-sml
CM237ALB;PART;CM237A*;;CM237A*;p-8814-leatherette-portfolio-with-notepad-sml
CM237APK;PART;CM237A*;;CM237A*;p-8814-leatherette-portfolio-with-notepad-sml
CM237ARS;PART;CM237A*;;CM237A*;p-8814-leatherette-portfolio-with-notepad-sml
CM237ARW;PART;CM237A*;;CM237A*;p-8814-leatherette-portfolio-with-notepad-sml
CM237ATL;PART;CM237A*;;CM237A*;p-8815-leatherette-portfolio-small
CM237AWM;PART;CM237A*;;CM237A*;p-8096-leatherette-portfolio
CM237BBB;PART;CM237B*;;CM237B*;p-8096-leatherette-portfolio
CM237BBL;PART;CM237B*;;CM237B*;p-8813-leatherette-portfolio-with-notepad-lrg
CM237BBS;PART;CM237B*;;CM237B*;p-8815-leatherette-portfolio-small
CM237BBV;PART;CM237B*;;CM237B*;p-8096-leatherette-portfolio
CM237BCK;PART;CM237B*;;CM237B*;p-8815-leatherette-portfolio-small
CM237BDB;PART;CM237B*;;CM237B*;p-8813-leatherette-portfolio-with-notepad-lrg
CM237BGR;PART;CM237B*;;CM237B*;p-8813-leatherette-portfolio-with-notepad-lrg
CM237BLB;PART;CM237B*;;CM237B*;p-8813-leatherette-portfolio-with-notepad-lrg
CM237BPK;FAMILY_PART;CM237B*;;;p-8813-leatherette-portfolio-with-notepad-lrg
CM237BRS;PART;CM237B*;;CM237B*;p-8813-leatherette-portfolio-with-notepad-lrg
CM237BRW;PART;CM237B*;;CM237B*;p-8813-leatherette-portfolio-with-notepad-lrg
CM237BTL;PART;CM237B*;;CM237B*;p-8815-leatherette-portfolio-small
CM237BWM;PART;CM237B*;;CM237B*;p-8096-leatherette-portfolio
CM239;PRODUCT;CM239;Black 9 LED Lasered Flashlight with Strap;;p-5424-black-9-led-flashlight-with-strap
CM240BB;PART;CM240*;;CM240*;p-8098-leatherette-round-coaster
CM240BS;PART;CM240*;;CM240*;p-8817-leatherette-round-coaster
CM240BV;PART;CM240*;;CM240*;p-8098-leatherette-round-coaster
CM240CK;PART;CM240*;;CM240*;p-5623-cork-round-coaster
CM240DB;PART;CM240*;;CM240*;p-8817-leatherette-round-coaster
CM240GR;PART;CM240*;;CM240*;p-8817-leatherette-round-coaster
CM240LB;PART;CM240*;;CM240*;p-8817-leatherette-round-coaster
CM240PK;PART;CM240*;;CM240*;p-8817-leatherette-round-coaster
CM240RS;PART;CM240*;;CM240*;p-8817-leatherette-round-coaster
CM240RW;PART;CM240*;;CM240*;p-8817-leatherette-round-coaster
CM240TL;PART;CM240*;;CM240*;p-8817-leatherette-round-coaster
CM240WM;PART;CM240*;;CM240*;p-8098-leatherette-round-coaster
CM241BS;PART;CM241*;;CM241*;p-8821-leatherette-square-coaster
CM241CK;PART;CM241*;;CM241*;p-5625-cork-square-coaster
CM241DB;PART;CM241*;;CM241*;p-8821-leatherette-square-coaster
CM241GR;PART;CM241*;;CM241*;p-8821-leatherette-square-coaster
CM241LB;PART;CM241*;;CM241*;p-8821-leatherette-square-coaster
CM241PK;PART;CM241*;;CM241*;p-8821-leatherette-square-coaster
CM241RS;PART;CM241*;;CM241*;p-8821-leatherette-square-coaster
CM241RW;PART;CM241*;;CM241*;p-8821-leatherette-square-coaster
CM241TL;PART;CM241*;;CM241*;p-8821-leatherette-square-coaster
CM243BB;FAMILY_PART;CM243*;;;p-8084-leatherette-hard-business-card-case
CM243BS;PART;CM243*;;CM243*;p-8796-leatherette-hard-business-card-case
CM243BV;PART;CM243*;;CM243*;p-8084-leatherette-hard-business-card-case
CM243DB;PART;CM243*;;CM243*;p-8796-leatherette-hard-business-card-case
CM243GR;PART;CM243*;;CM243*;p-8796-leatherette-hard-business-card-case
CM243LB;PART;CM243*;;CM243*;p-8796-leatherette-hard-business-card-case
CM243PK;PART;CM243*;;CM243*;p-8796-leatherette-hard-business-card-case
CM243RS;PART;CM243*;;CM243*;p-8796-leatherette-hard-business-card-case
CM243RW;PART;CM243*;;CM243*;p-8796-leatherette-hard-business-card-case
CM243TL;PART;CM243*;;CM243*;p-8796-leatherette-hard-business-card-case
CM243WM;PART;CM243*;;CM243*;p-8084-leatherette-hard-business-card-case
CM244BB;PART;CM244*;;CM244*;p-8806-leatherette-notepad-and-pen-small
CM244BL;FAMILY_PART;CM244*;;;p-8805-large-leatherette-notepad-and-pen
CM244BS;PART;CM244*;;CM244*;p-8805-large-leatherette-notepad-and-pen
CM244BV;PART;CM244*;;CM244*;p-8805-large-leatherette-notepad-and-pen
CM244DB;PART;CM244*;;CM244*;p-8805-large-leatherette-notepad-and-pen
CM244GR;PART;CM244*;;CM244*;p-8805-large-leatherette-notepad-and-pen
CM244LB;PART;CM244*;;CM244*;p-8805-large-leatherette-notepad-and-pen
CM244PK;PART;CM244*;;CM244*;p-8805-large-leatherette-notepad-and-pen
CM244RS;PART;CM244*;;CM244*;p-8805-large-leatherette-notepad-and-pen
CM244RW;PART;CM244*;;CM244*;p-8805-large-leatherette-notepad-and-pen
CM244TL;PART;CM244*;;CM244*;p-8805-large-leatherette-notepad-and-pen
CM244WM;PART;CM244*;;CM244*;p-8805-large-leatherette-notepad-and-pen
CM245BS;PART;CM245*;;CM245*;p-8816-leatherette-rectangle-keychain-large
CM245CK;PART;CM245*;;CM245*;p-8816-leatherette-rectangle-keychain-large
CM245DB;PART;CM245*;;CM245*;p-8816-leatherette-rectangle-keychain-large
CM245GR;PART;CM245*;;CM245*;p-8816-leatherette-rectangle-keychain-large
CM245LB;PART;CM245*;;CM245*;p-8816-leatherette-rectangle-keychain-large
CM245RW;PART;CM245*;;CM245*;p-8816-leatherette-rectangle-keychain-large
CM245TL;PART;CM245*;;CM245*;p-8816-leatherette-rectangle-keychain-large
CM246DB;PART;CM246;;CM246;p-8801-leatherette-money-clipcard-holder
CM246GR;ORPHAN;CM246GR;;;p-8801-leatherette-money-clipcard-holder
CM246LB;ORPHAN;CM246LB;;;p-8801-leatherette-money-clipcard-holder
CM246RW;ORPHAN;CM246RW;;;p-8801-leatherette-money-clipcard-holder
CM247BS;ORPHAN;CM247BS;;;p-8791-leatherette-double-pen-case-with-large
CM247DB;ORPHAN;CM247DB;;;p-8790-leatherette-double-pen-case-with-small
CM247GR;ORPHAN;CM247GR;;;p-8790-leatherette-double-pen-case-with-small
CM247LB;ORPHAN;CM247LB;;;p-8790-leatherette-double-pen-case-with-small
CM247RW;ORPHAN;CM247RW;;;p-8790-leatherette-double-pen-case-with-small
CM248ABB;FAMILY_PART;CM248A*;;;p-8828-leatherette-picture-frame
CM248ABS;PART;CM248A*;;CM248A*;p-8828-leatherette-picture-frame
CM248ABV;PART;CM248A*;;CM248A*;p-8828-leatherette-picture-frame
CM248ACK;PART;CM248A*;;CM248A*;p-8828-leatherette-picture-frame
CM248ADB;PART;CM248A*;;CM248A*;p-8828-leatherette-picture-frame
CM248AGR;PART;CM248A*;;CM248A*;p-8828-leatherette-picture-frame
CM248ALB;PART;CM248A*;;CM248A*;p-8828-leatherette-picture-frame
CM248APK;PART;CM248A*;;CM248A*;p-8828-leatherette-picture-frame
CM248ARD;FAMILY_PART;CM248A*;;;p-8828-leatherette-picture-frame
CM248ARW;PART;CM248A*;;CM248A*;p-8828-leatherette-picture-frame
CM248ATL;PART;CM248A*;;CM248A*;p-8828-leatherette-picture-frame
CM248AWM;PART;CM248A*;;CM248A*;p-8828-leatherette-picture-frame
CM248BBB;FAMILY_PART;CM248B*;;;p-8828-leatherette-picture-frame
CM248BBS;PART;CM248B*;;CM248B*;p-8828-leatherette-picture-frame
CM248BBV;PART;CM248B*;;CM248B*;p-8828-leatherette-picture-frame
CM248BCK;PART;CM248B*;;CM248B*;p-8828-leatherette-picture-frame
CM248BDB;PART;CM248B*;;CM248B*;p-8828-leatherette-picture-frame
CM248BGR;PART;CM248B*;;CM248B*;p-8828-leatherette-picture-frame
CM248BLB;FAMILY_PART;CM248B*;;;p-8828-leatherette-picture-frame
CM248BPK;PART;CM248B*;;CM248B*;p-8828-leatherette-picture-frame
CM248BRD;FAMILY_PART;CM248B*;;;p-8828-leatherette-picture-frame
CM248BRW;PART;CM248B*;;CM248B*;p-8828-leatherette-picture-frame
CM248BTL;PART;CM248B*;;CM248B*;p-8828-leatherette-picture-frame
CM248BWM;PART;CM248B*;;CM248B*;p-8828-leatherette-picture-frame
CM248CBB;FAMILY_PART;CM248C*;;;p-8828-leatherette-picture-frame
CM254BK;PART;CM254;;CM254;p-8694-6-oz-matte-black-stainless-steel-lasered-flask
CM254GR;PART;CM254;;CM254;p-8695-6-oz-powder-coated-green-stainless-steel-lasered-flask
CM264A;PART;CM264;;CM264;p-5266-bright-silver-metal-cup-on-marble-base
CM264B;PART;CM264;;CM264;p-5266-bright-silver-metal-cup-on-marble-base
CM264C;PART;CM264;;CM264;p-5266-bright-silver-metal-cup-on-marble-base
CM266ARW;ORPHAN;CM266ARW;;;p-8862-rosewood-piano-finish-lucite-barrel-riser-plaque-large
CM266BRW;ORPHAN;CM266BRW;;;p-8861-rosewood-piano-finish-lucite-barrel-riser-plaque-small
CM282CK;PART;CM282*;;CM282*;p-5624-cork-round
CM282DB;PART;CM282*;;CM282*;p-8818-leatherette-set-of-6-round-coasters
CM282GR;PART;CM282*;;CM282*;p-8818-leatherette-set-of-6-round-coasters
CM282LB;PART;CM282*;;CM282*;p-8818-leatherette-set-of-6-round-coasters
CM282PK;PART;CM282*;;CM282*;p-8818-leatherette-set-of-6-round-coasters
CM282RW;PART;CM282*;;CM282*;p-8818-leatherette-set-of-6-round-coasters
CM282TL;PART;CM282*;;CM282*;p-8818-leatherette-set-of-6-round-coasters
CM283CK;PART;CM283*;;CM283*;p-5626-cork-square-coasters-set
CM283DB;PART;CM283*;;CM283*;p-8822-leatherette-square-coasters-set
CM283GR;PART;CM283*;;CM283*;p-8822-leatherette-square-coasters-set
CM283LB;PART;CM283*;;CM283*;p-8822-leatherette-square-coasters-set
CM283PK;PART;CM283*;;CM283*;p-8822-leatherette-square-coasters-set
CM283RW;PART;CM283*;;CM283*;p-8822-leatherette-square-coasters-set
CM283TL;PART;CM283*;;CM283*;p-8822-leatherette-square-coasters-set
CM286BB;PRODUCT;CM286*;Leatherette Flask;CM286BL CM286BS CM286BV CM286CK CM286DB CM286GR CM286LB CM286PK CM286RS CM286RW CM286TL;p-8082-leatherette-flask
CM286BL;PRODUCT;CM286*;Leatherette Flask;CM286BB CM286BS CM286BV CM286CK CM286DB CM286GR CM286LB CM286PK CM286RS CM286RW CM286TL;p-8793-leatherette-flask
CM286BS;PRODUCT;CM286*;Leatherette Flask;CM286BB CM286BL CM286BV CM286CK CM286DB CM286GR CM286LB CM286PK CM286RS CM286RW CM286TL;p-8793-leatherette-flask
CM286BV;PRODUCT;CM286*;Leatherette Flask;CM286BB CM286BL CM286BS CM286CK CM286DB CM286GR CM286LB CM286PK CM286RS CM286RW CM286TL;p-8082-leatherette-flask
CM286CK;PRODUCT;CM286*;Cork Flask;CM286BB CM286BL CM286BS CM286BV CM286DB CM286GR CM286LB CM286PK CM286RS CM286RW CM286TL;p-5620-cork-flask
CM286DB;PRODUCT;CM286*;Leatherette Flask;CM286BB CM286BL CM286BS CM286BV CM286CK CM286GR CM286LB CM286PK CM286RS CM286RW CM286TL;p-8793-leatherette-flask
CM286GR;PRODUCT;CM286*;Leatherette Flask;CM286BB CM286BL CM286BS CM286BV CM286CK CM286DB CM286LB CM286PK CM286RS CM286RW CM286TL;p-8793-leatherette-flask
CM286LB;PRODUCT;CM286*;Leatherette Flask;CM286BB CM286BL CM286BS CM286BV CM286CK CM286DB CM286GR CM286PK CM286RS CM286RW CM286TL;p-8793-leatherette-flask
CM286PK;PRODUCT;CM286*;Leatherette Flask;CM286BB CM286BL CM286BS CM286BV CM286CK CM286DB CM286GR CM286LB CM286RS CM286RW CM286TL;p-8793-leatherette-flask
CM286RS;PRODUCT;CM286*;Leatherette Flask;CM286BB CM286BL CM286BS CM286BV CM286CK CM286DB CM286GR CM286LB CM286PK CM286RW CM286TL;p-8793-leatherette-flask
CM286RW;PRODUCT;CM286*;Leatherette Flask;CM286BB CM286BL CM286BS CM286BV CM286CK CM286DB CM286GR CM286LB CM286PK CM286RS CM286TL;p-8793-leatherette-flask
CM286TL;PRODUCT;CM286*;Leatherette Flask;CM286BB CM286BL CM286BS CM286BV CM286CK CM286DB CM286GR CM286LB CM286PK CM286RS CM286RW;p-8793-leatherette-flask
CM286WM;ORPHAN;CM286WM;;;p-8082-leatherette-flask
CM287BS;ORPHAN;CM287BS;;;p-8803-leatherette-mug-sleeve-small
CM287DB;PRODUCT;CM287*;Leatherette Mug Sleeve;CM287LB CM287RW;p-8804-leatherette-mug-sleeve-large
CM287LB;PRODUCT;CM287*;Leatherette Mug Sleeve;CM287DB CM287RW;p-8804-leatherette-mug-sleeve-large
CM287RW;PRODUCT;CM287*;Leatherette Mug Sleeve;CM287DB CM287LB;p-8804-leatherette-mug-sleeve-large
CM288BS;PRODUCT;CM288*;Leatherette Wine Bag;CM288DB CM288RW CM288TL;p-8825-leatherette-wine-bag-large
CM288DB;PRODUCT;CM288*;Leatherette Wine Bag;CM288BS CM288RW CM288TL;p-8824-leatherette-wine-bag-small
CM288GR;ORPHAN;CM288GR;;;p-8824-leatherette-wine-bag-small
CM288LB;ORPHAN;CM288LB;;;p-8824-leatherette-wine-bag-small
CM288PK;ORPHAN;CM288PK;;;p-8824-leatherette-wine-bag-small
CM288RS;ORPHAN;CM288RS;;;p-8824-leatherette-wine-bag-small
CM288RW;PRODUCT;CM288*;Leatherette Wine Bag;CM288BS CM288DB CM288TL;p-8824-leatherette-wine-bag-small
CM288TL;PRODUCT;CM288*;Leatherette Wine Bag;CM288BS CM288DB CM288RW;p-8824-leatherette-wine-bag-small
CM289BB;PRODUCT;CM289*;Leatherette Beverage Holder;CM289BL CM289BS CM289BV CM289CK CM289DB CM289GR CM289LB CM289PK CM289RS CM289RW CM289TL;p-8077-leatherette-beverage-holder
CM289BL;PRODUCT;CM289*;Leatherette Beverage Holder;CM289BB CM289BS CM289BV CM289CK CM289DB CM289GR CM289LB CM289PK CM289RS CM289RW CM289TL;p-8781-leatherette-beverage-holder-large
CM289BS;PRODUCT;CM289*;Leatherette Beverage Holder;CM289BB CM289BL CM289BV CM289CK CM289DB CM289GR CM289LB CM289PK CM289RS CM289RW CM289TL;p-8781-leatherette-beverage-holder-large
CM289BV;PRODUCT;CM289*;Leatherette Beverage Holder;CM289BB CM289BL CM289BS CM289CK CM289DB CM289GR CM289LB CM289PK CM289RS CM289RW CM289TL;p-8077-leatherette-beverage-holder
CM289CK;PRODUCT;CM289*;Cork Beverage Holder;CM289BB CM289BL CM289BS CM289BV CM289DB CM289GR CM289LB CM289PK CM289RS CM289RW CM289TL;p-5617-cork-beverage-holder
CM289DB;PRODUCT;CM289*;Leatherette Beverage Holder;CM289BB CM289BL CM289BS CM289BV CM289CK CM289GR CM289LB CM289PK CM289RS CM289RW CM289TL;p-8781-leatherette-beverage-holder-large
CM289GR;PRODUCT;CM289*;Leatherette Beverage Holder;CM289BB CM289BL CM289BS CM289BV CM289CK CM289DB CM289LB CM289PK CM289RS CM289RW CM289TL;p-8781-leatherette-beverage-holder-large
CM289LB;PRODUCT;CM289*;Leatherette Beverage Holder;CM289BB CM289BL CM289BS CM289BV CM289CK CM289DB CM289GR CM289PK CM289RS CM289RW CM289TL;p-8781-leatherette-beverage-holder-large
CM289PK;PRODUCT;CM289*;Leatherette Beverage Holder;CM289BB CM289BL CM289BS CM289BV CM289CK CM289DB CM289GR CM289LB CM289RS CM289RW CM289TL;p-8781-leatherette-beverage-holder-large
CM289RS;PRODUCT;CM289*;Leatherette Beverage Holder;CM289BB CM289BL CM289BS CM289BV CM289CK CM289DB CM289GR CM289LB CM289PK CM289RW CM289TL;p-8781-leatherette-beverage-holder-large
CM289RW;PRODUCT;CM289*;Leatherette Beverage Holder;CM289BB CM289BL CM289BS CM289BV CM289CK CM289DB CM289GR CM289LB CM289PK CM289RS CM289TL;p-8781-leatherette-beverage-holder-large
CM289TL;PRODUCT;CM289*;Leatherette Beverage Holder;CM289BB CM289BL CM289BS CM289BV CM289CK CM289DB CM289GR CM289LB CM289PK CM289RS CM289RW;p-8781-leatherette-beverage-holder-large
CM289WM;PART;CM289*;;CM289BB CM289BL CM289BS CM289BV CM289CK CM289DB CM289GR CM289LB CM289PK CM289RS CM289RW CM289TL;p-8077-leatherette-beverage-holder
CM291BB;PART;CM291*;;CM291*;p-8091-leatherette-oval-keychain
CM291BS;PART;CM291*;;CM291*;p-8710-blacksilver-leatherette-oval-keychain
CM291BV;PART;CM291*;;CM291*;p-8091-leatherette-oval-keychain
CM291CK;FAMILY_PART;CM291*;;;p-6014-cork-leatherette-oval-keychain
CM291DB;PART;CM291*;;CM291*;p-8748-dark-brown-leatherette-oval-keychain
CM291GR;PART;CM291*;;CM291*;p-8770-grey-leatherette-oval-keychain
CM291LB;PART;CM291*;;CM291*;p-8829-light-brown-leatherette-oval-keychain
CM291PK;PART;CM291*;;CM291*;p-8843-pink-leatherette-oval-keychain
CM291RG;FAMILY_PART;CM291*;;;p-6014-cork-leatherette-oval-keychain
CM291RS;PART;CM291*;;CM291*;p-8859-rose-leatherette-oval-keychain
CM291RW;PART;CM291*;;CM291*;p-8856-rawhide-leatherette-oval-keychain
CM291TL;PART;CM291*;;CM291*;p-6014-cork-leatherette-oval-keychain
CM291WM;PART;CM291*;;CM291*;p-8091-leatherette-oval-keychain
CM292BS;PART;CM292;;CM292;p-8820-leatherette-slim-large
CM292DB;PART;CM292;;CM292;p-8819-leatherette-slim-small
CM292GR;PART;CM292;;CM292;p-8819-leatherette-slim-small
CM292LB;PART;CM292;;CM292;p-8819-leatherette-slim-small
CM292RW;PART;CM292;;CM292;p-8819-leatherette-slim-small
CM293BS;PART;CM293;;CM293;p-8696-7-piece-blacksilver-leatherette-manicure-gift-set
CM293DB;PART;CM293;;CM293;p-8697-7-piece-dark-brown-leatherette-manicure-gift-set
CM293LB;PART;CM293;;CM293;p-8698-7-piece-light-brown-leatherette-manicure-gift-set
CM293PK;PART;CM293;;CM293;p-8699-7-piece-pink-leatherette-manicure-gift-set
CM293RW;PART;CM293;;CM293;p-8700-7-piece-rawhide-leatherette-manicure-gift-set
CM295BL;PART;CM295*;;CM295*;p-8798-leatherette-luggage-tag-large
CM295BS;PART;CM295*;;CM295*;p-8798-leatherette-luggage-tag-large
CM295CK;FAMILY_PART;CM295*;;;p-5621-cork-luggage-tag
CM295DB;PART;CM295*;;CM295*;p-8798-leatherette-luggage-tag-large
CM295GR;PART;CM295*;;CM295*;p-8798-leatherette-luggage-tag-large
CM295LB;PART;CM295*;;CM295*;p-8798-leatherette-luggage-tag-large
CM295PK;PART;CM295*;;CM295*;p-8798-leatherette-luggage-tag-large
CM295RS;PART;CM295*;;CM295*;p-8798-leatherette-luggage-tag-large
CM295RW;FAMILY_PART;CM295*;;;p-8798-leatherette-luggage-tag-large
CM295TL;PART;CM295*;;CM295*;p-8798-leatherette-luggage-tag-large
CM296BL;ORPHAN;CM296BL;;;p-8717-blue-leatherette-phone-easel
CM296BS;PART;CM296;;CM296;p-8711-blacksilver-leatherette-phone-easel
CM296DB;PART;CM296;;CM296;p-8749-dark-brown-leatherette-phone-easel
CM296GR;PART;CM296;;CM296;p-8771-grey-leatherette-phone-easel
CM296LB;PART;CM296;;CM296;p-8830-light-brown-leatherette-phone-easel
CM296PK;ORPHAN;CM296PK;;;p-8844-pink-leatherette-phone-easel
CM296RS;ORPHAN;CM296RS;;;p-8860-rose-leatherette-phone-easel
CM296RW;PART;CM296;;CM296;p-8857-rawhide-leatherette-phone-easel
CM297BL;PRODUCT;CM297*;Zipper Leatherette Portfolio;CM297BB CM297BS CM297CK CM297DB CM297GR CM297LB CM297PK CM297RS CM297RW CM297TL CM297WM;p-8905-zipper-leatherette-portfolio
CM297BS;PRODUCT;CM297*;Zipper Leatherette Portfolio;CM297BB CM297BL CM297CK CM297DB CM297GR CM297LB CM297PK CM297RS CM297RW CM297TL CM297WM;p-8905-zipper-leatherette-portfolio
CM297CK;PRODUCT;CM297*;Zipper Leatherette Portfolio;CM297BB CM297BL CM297BS CM297DB CM297GR CM297LB CM297PK CM297RS CM297RW CM297TL CM297WM;p-8905-zipper-leatherette-portfolio
CM297DB;PRODUCT;CM297*;Zipper Leatherette Portfolio;CM297BB CM297BL CM297BS CM297CK CM297GR CM297LB CM297PK CM297RS CM297RW CM297TL CM297WM;p-8905-zipper-leatherette-portfolio
CM297GR;PRODUCT;CM297*;Zipper Leatherette Portfolio;CM297BB CM297BL CM297BS CM297CK CM297DB CM297LB CM297PK CM297RS CM297RW CM297TL CM297WM;p-8905-zipper-leatherette-portfolio
CM297LB;PRODUCT;CM297*;Zipper Leatherette Portfolio;CM297BB CM297BL CM297BS CM297CK CM297DB CM297GR CM297PK CM297RS CM297RW CM297TL CM297WM;p-8905-zipper-leatherette-portfolio
CM297PK;PRODUCT;CM297*;Zipper Leatherette Portfolio;CM297BB CM297BL CM297BS CM297CK CM297DB CM297GR CM297LB CM297RS CM297RW CM297TL CM297WM;p-8905-zipper-leatherette-portfolio
CM297RS;PRODUCT;CM297*;Zipper Leatherette Portfolio;CM297BB CM297BL CM297BS CM297CK CM297DB CM297GR CM297LB CM297PK CM297RW CM297TL CM297WM;p-8905-zipper-leatherette-portfolio
CM297RW;PRODUCT;CM297*;Zipper Leatherette Portfolio;CM297BB CM297BL CM297BS CM297CK CM297DB CM297GR CM297LB CM297PK CM297RS CM297TL CM297WM;p-8905-zipper-leatherette-portfolio
CM297TL;PRODUCT;CM297*;Zipper Leatherette Portfolio;CM297BB CM297BL CM297BS CM297CK CM297DB CM297GR CM297LB CM297PK CM297RS CM297RW CM297WM;p-8905-zipper-leatherette-portfolio
CM298DB;ORPHAN;CM298DB;;;p-8789-leatherette-dome-top-clock
CM298LB;ORPHAN;CM298LB;;;p-8789-leatherette-dome-top-clock
CM298RW;ORPHAN;CM298RW;;;p-8789-leatherette-dome-top-clock
CM325BL;ORPHAN;CM325BL;;;p-8810-leatherette-phone-wallet-small
CM325BS;ORPHAN;CM325BS;;;p-8811-leatherette-phone-wallet-large
CM325DB;ORPHAN;CM325DB;;;p-8811-leatherette-phone-wallet-large
CM325GR;ORPHAN;CM325GR;;;p-8811-leatherette-phone-wallet-large
CM325LB;ORPHAN;CM325LB;;;p-8811-leatherette-phone-wallet-large
CM325PK;ORPHAN;CM325PK;;;p-8811-leatherette-phone-wallet-large
CM325RS;ORPHAN;CM325RS;;;p-8811-leatherette-phone-wallet-large
CM325RW;ORPHAN;CM325RW;;;p-8811-leatherette-phone-wallet-large
CM326BL;ORPHAN;CM326BL;;;p-8786-leatherette-certificate-holder
CM326BS;PRODUCT;CM326;Leatherette Certificate Holder for 8-1/2 x 11 ;CM326DB CM326GR CM326RS CM326RW;p-8786-leatherette-certificate-holder
CM326DB;PRODUCT;CM326;Leatherette Certificate Holder for 8-1/2 x 11 ;CM326BS CM326GR CM326RS CM326RW;p-8786-leatherette-certificate-holder
CM326GR;PRODUCT;CM326;Leatherette Certificate Holder for 8-1/2 x 11 ;CM326BS CM326DB CM326RS CM326RW;p-8786-leatherette-certificate-holder
CM326LB;ORPHAN;CM326LB;;;p-8786-leatherette-certificate-holder
CM326PK;ORPHAN;CM326PK;;;p-8786-leatherette-certificate-holder
CM326RS;PRODUCT;CM326;Leatherette Certificate Holder for 8-1/2 x 11 ;CM326BS CM326DB CM326GR CM326RW;p-8786-leatherette-certificate-holder
CM326RW;PRODUCT;CM326;Leatherette Certificate Holder for 8-1/2 x 11 ;CM326BS CM326DB CM326GR CM326RS;p-8786-leatherette-certificate-holder
CM330;PRODUCT;CM330;Leatherette Bottle Opener Keychain;;p-8782-leatherette-bottle-opener-keychain
CM331;ORPHAN;CM331;;;p-6038-leatherette-rectangle-bottle-opener-keychain
CM332BS;PART;CM332*;;CM332*;p-8784-leatherette-bottle-opener
CM332CK;PART;CM332*;;CM332*;p-5618-cork-bottle-opener
CM332DB;PART;CM332*;;CM332*;p-8784-leatherette-bottle-opener
CM332GR;PART;CM332*;;CM332*;p-8784-leatherette-bottle-opener
CM332LB;PART;CM332*;;CM332*;p-8784-leatherette-bottle-opener
CM332PK;PART;CM332*;;CM332*;p-8784-leatherette-bottle-opener
CM332RD;PART;CM332*;;CM332*;p-8784-leatherette-bottle-opener
CM332RS;PART;CM332*;;CM332*;p-8784-leatherette-bottle-opener
CM332RW;PART;CM332*;;CM332*;p-8784-leatherette-bottle-opener
CM332TL;FAMILY_PART;CM332*;;;p-8784-leatherette-bottle-opener
CM333BS;PART;CM333;;CM333;p-8784-leatherette-bottle-opener
CM333DB;PART;CM333;;CM333;p-8784-leatherette-bottle-opener
CM333GR;PART;CM333;;CM333;p-8784-leatherette-bottle-opener
CM333LB;PART;CM333;;CM333;p-8784-leatherette-bottle-opener
CM333PK;ORPHAN;CM333PK;;;p-8784-leatherette-bottle-opener
CM333RW;ORPHAN;CM333RW;;;p-8784-leatherette-bottle-opener
CM335BS;PART;CM335;;CM335;p-8812-leatherette-poker-set
CM335GR;PART;CM335;;CM335;p-8812-leatherette-poker-set
CM356BB;PART;CM356*;;CM356BL CM356BS CM356DB CM356GR CM356LB CM356PK CM356RS CM356RW CM356TL;p-8092-leatherette-pen
CM356BL;PRODUCT;CM356*;Leatherette Pen;CM356BS CM356DB CM356GR CM356LB CM356PK CM356RS CM356RW CM356TL;p-8808-leatherette-pen-large
CM356BS;PRODUCT;CM356*;Leatherette Pen;CM356BL CM356DB CM356GR CM356LB CM356PK CM356RS CM356RW CM356TL;p-8808-leatherette-pen-large
CM356BV;PART;CM356*;;CM356BL CM356BS CM356DB CM356GR CM356LB CM356PK CM356RS CM356RW CM356TL;p-8092-leatherette-pen
CM356DB;PRODUCT;CM356*;Leatherette Pen;CM356BL CM356BS CM356GR CM356LB CM356PK CM356RS CM356RW CM356TL;p-8808-leatherette-pen-large
CM356GR;PRODUCT;CM356*;Leatherette Pen;CM356BL CM356BS CM356DB CM356LB CM356PK CM356RS CM356RW CM356TL;p-8808-leatherette-pen-large
CM356LB;PRODUCT;CM356*;Leatherette Pen;CM356BL CM356BS CM356DB CM356GR CM356PK CM356RS CM356RW CM356TL;p-8808-leatherette-pen-large
CM356PK;PRODUCT;CM356*;Leatherette Pen;CM356BL CM356BS CM356DB CM356GR CM356LB CM356RS CM356RW CM356TL;p-8808-leatherette-pen-large
CM356RS;PRODUCT;CM356*;Leatherette Pen;CM356BL CM356BS CM356DB CM356GR CM356LB CM356PK CM356RW CM356TL;p-8808-leatherette-pen-large
CM356RW;PRODUCT;CM356*;Leatherette Pen;CM356BL CM356BS CM356DB CM356GR CM356LB CM356PK CM356RS CM356TL;p-8808-leatherette-pen-large
CM356TL;PRODUCT;CM356*;Leatherette Pen;CM356BL CM356BS CM356DB CM356GR CM356LB CM356PK CM356RS CM356RW;p-8808-leatherette-pen-large
CM370BS;PART;CM370;;CM370;p-8788-leatherette-dice-cup-set
CM370DB;PART;CM370;;CM370;p-8788-leatherette-dice-cup-set
CM370GR;PART;CM370;;CM370;p-8788-leatherette-dice-cup-set
CM371BS;PART;CM371;;CM371;p-8785-leatherette-card-and-dice-set
CM371BV;PART;CM371;;CM371;p-8785-leatherette-card-and-dice-set
CM371GR;PART;CM371;;CM371;p-8785-leatherette-card-and-dice-set
CM371RW;PART;CM371;;CM371;p-8785-leatherette-card-and-dice-set
CM371TL;PART;CM371;;CM371;p-8785-leatherette-card-and-dice-set
CM372BB;PART;CM372;;CM372;p-8080-leatherette-cigar-case-with-cutter
CM372BS;PART;CM372;;CM372;p-8787-leatherette-cigar-case-with-cutter
CM372BV;PART;CM372;;CM372;p-8787-leatherette-cigar-case-with-cutter
CM372DB;PART;CM372;;CM372;p-8787-leatherette-cigar-case-with-cutter
CM372GR;PART;CM372;;CM372;p-8787-leatherette-cigar-case-with-cutter
CM372LB;PART;CM372;;CM372;p-8787-leatherette-cigar-case-with-cutter
CM372RV;PART;CM372;;CM372;p-8787-leatherette-cigar-case-with-cutter
CM372RW;PART;CM372;;CM372;p-8787-leatherette-cigar-case-with-cutter
CM373BS;PRODUCT;CM373*;Leatherette on Steel Shot Glass;CM373BB CM373BV CM373DB CM373GR CM373LB CM373PK CM373RW CM373TL CM373WM;p-8807-leatherette-on-steel-shot-glass
CM373BV;PRODUCT;CM373*;Leatherette on Steel Shot Glass;CM373BB CM373BS CM373DB CM373GR CM373LB CM373PK CM373RW CM373TL CM373WM;p-8807-leatherette-on-steel-shot-glass
CM373DB;PRODUCT;CM373*;Leatherette on Steel Shot Glass;CM373BB CM373BS CM373BV CM373GR CM373LB CM373PK CM373RW CM373TL CM373WM;p-8807-leatherette-on-steel-shot-glass
CM373GR;PRODUCT;CM373*;Leatherette on Steel Shot Glass;CM373BB CM373BS CM373BV CM373DB CM373LB CM373PK CM373RW CM373TL CM373WM;p-8807-leatherette-on-steel-shot-glass
CM373LB;PRODUCT;CM373*;Leatherette on Steel Shot Glass;CM373BB CM373BS CM373BV CM373DB CM373GR CM373PK CM373RW CM373TL CM373WM;p-8807-leatherette-on-steel-shot-glass
CM373PK;PRODUCT;CM373*;Leatherette on Steel Shot Glass;CM373BB CM373BS CM373BV CM373DB CM373GR CM373LB CM373RW CM373TL CM373WM;p-8807-leatherette-on-steel-shot-glass
CM373RV;PART;CM373*;;CM373BB CM373BS CM373BV CM373DB CM373GR CM373LB CM373PK CM373RW CM373TL CM373WM;p-8807-leatherette-on-steel-shot-glass
CM373RW;PRODUCT;CM373*;Leatherette on Steel Shot Glass;CM373BB CM373BS CM373BV CM373DB CM373GR CM373LB CM373PK CM373TL CM373WM;p-8807-leatherette-on-steel-shot-glass
CM373TL;PRODUCT;CM373*;Leatherette on Steel Shot Glass;CM373BB CM373BS CM373BV CM373DB CM373GR CM373LB CM373PK CM373RW CM373WM;p-8807-leatherette-on-steel-shot-glass
CM375BB;ORPHAN;CM375BB;;;p-8093-leatherette-phone-wallet-with-ring
CM375BS;ORPHAN;CM375BS;;;p-8809-leatherette-phone-wallet-with-ring
CM375DB;ORPHAN;CM375DB;;;p-8809-leatherette-phone-wallet-with-ring
CM375GR;ORPHAN;CM375GR;;;p-8809-leatherette-phone-wallet-with-ring
CM375LB;ORPHAN;CM375LB;;;p-8809-leatherette-phone-wallet-with-ring
CM375PK;ORPHAN;CM375PK;;;p-8809-leatherette-phone-wallet-with-ring
CM375RS;ORPHAN;CM375RS;;;p-8809-leatherette-phone-wallet-with-ring
CM375RW;ORPHAN;CM375RW;;;p-8809-leatherette-phone-wallet-with-ring
CM375TL;ORPHAN;CM375TL;;;p-8809-leatherette-phone-wallet-with-ring
CM376BS;ORPHAN;CM376BS;;;p-8724-bottle-opener-wine-corkscrew
CM376BV;ORPHAN;CM376BV;;;p-8724-bottle-opener-wine-corkscrew
CM376CK;ORPHAN;CM376CK;;;p-8724-bottle-opener-wine-corkscrew
CM376DB;ORPHAN;CM376DB;;;p-8724-bottle-opener-wine-corkscrew
CM376GR;ORPHAN;CM376GR;;;p-8724-bottle-opener-wine-corkscrew
CM376LB;ORPHAN;CM376LB;;;p-8724-bottle-opener-wine-corkscrew
CM376PK;ORPHAN;CM376PK;;;p-8724-bottle-opener-wine-corkscrew
CM376RS;ORPHAN;CM376RS;;;p-8724-bottle-opener-wine-corkscrew
CM376RW;ORPHAN;CM376RW;;;p-8724-bottle-opener-wine-corkscrew
CM376TL;ORPHAN;CM376TL;;;p-8724-bottle-opener-wine-corkscrew
CM400A;PRODUCT;CM400A;Silver Star Cutout Trophy Cup - Small;;p-6250-silver-star-cutout-trophy-cup
CM400B;PRODUCT;CM400B;Silver Star Cutout Trophy Cup - Medium;;p-6250-silver-star-cutout-trophy-cup
CM400C;PRODUCT;CM400C;Silver Star Cutout Trophy Cup - Large;;p-6250-silver-star-cutout-trophy-cup
CM401AG;PART;CM401;;CM401;p-8053-gold-metal-trophy-cup
CM401AS;PART;CM401;;CM401;p-6246-silver-metal-trophy-cup
CM401BG;PART;CM401;;CM401;p-8053-gold-metal-trophy-cup
CM401BS;PART;CM401;;CM401;p-6246-silver-metal-trophy-cup
CM401CG;PART;CM401;;CM401;p-8053-gold-metal-trophy-cup
CM401CS;PART;CM401;;CM401;p-6246-silver-metal-trophy-cup
CM403A;PRODUCT;CM403A;Silver Metal Fluted Cup - Small;;p-6244-silver-metal-fluted-cup-small
CM403B;PRODUCT;CM403B;Silver Metal Fluted Cup - Medium;;p-6243-silver-metal-fluted-cup-medium
CM403C;PRODUCT;CM403C;Silver Metal Fluted Cup - Large;;p-6242-silver-metal-fluted-cup-large
CM409;PRODUCT;CM409;Clear Crystal Arrowhead Clock;;p-5589-clear-crystal-arrowhead-clock
CM410;PRODUCT;CM410;Black Piano Arch Clock;;p-5436-black-piano-arch-clock
CM411;PRODUCT;CM411;Black Piano Rectangle Clock;;p-5437-black-piano-rectangle-clock
CM412;PRODUCT;CM412;Rosewood Piano Book Clock;;p-6219-rosewood-piano-book-clock
CM415BB;PRODUCT;CM415*;Leatherette Journal;CM415BS CM415BV CM415CK CM415DB CM415GR CM415LB CM415PK CM415RS CM415RW CM415TL CM415WM;p-8085-leatherette-journal
CM415BS;PRODUCT;CM415*;Leatherette Journal;CM415BB CM415BV CM415CK CM415DB CM415GR CM415LB CM415PK CM415RS CM415RW CM415TL CM415WM;p-8797-leatherette-journal
CM415BV;PRODUCT;CM415*;Leatherette Journal;CM415BB CM415BS CM415CK CM415DB CM415GR CM415LB CM415PK CM415RS CM415RW CM415TL CM415WM;p-8085-leatherette-journal
CM415CK;PRODUCT;CM415*;Leatherette Journal;CM415BB CM415BS CM415BV CM415DB CM415GR CM415LB CM415PK CM415RS CM415RW CM415TL CM415WM;p-8797-leatherette-journal
CM415DB;PRODUCT;CM415*;Leatherette Journal;CM415BB CM415BS CM415BV CM415CK CM415GR CM415LB CM415PK CM415RS CM415RW CM415TL CM415WM;p-8797-leatherette-journal
CM415GR;PRODUCT;CM415*;Leatherette Journal;CM415BB CM415BS CM415BV CM415CK CM415DB CM415LB CM415PK CM415RS CM415RW CM415TL CM415WM;p-8797-leatherette-journal
CM415LB;PRODUCT;CM415*;Leatherette Journal;CM415BB CM415BS CM415BV CM415CK CM415DB CM415GR CM415PK CM415RS CM415RW CM415TL CM415WM;p-8797-leatherette-journal
CM415PK;PRODUCT;CM415*;Leatherette Journal;CM415BB CM415BS CM415BV CM415CK CM415DB CM415GR CM415LB CM415RS CM415RW CM415TL CM415WM;p-8797-leatherette-journal
CM415RS;PRODUCT;CM415*;Leatherette Journal;CM415BB CM415BS CM415BV CM415CK CM415DB CM415GR CM415LB CM415PK CM415RW CM415TL CM415WM;p-8797-leatherette-journal
CM415RW;PRODUCT;CM415*;Leatherette Journal;CM415BB CM415BS CM415BV CM415CK CM415DB CM415GR CM415LB CM415PK CM415RS CM415TL CM415WM;p-8797-leatherette-journal
CM415TL;PRODUCT;CM415*;Leatherette Journal;CM415BB CM415BS CM415BV CM415CK CM415DB CM415GR CM415LB CM415PK CM415RS CM415RW CM415WM;p-8797-leatherette-journal
CM415WM;PRODUCT;CM415*;Leatherette Journal;CM415BB CM415BS CM415BV CM415CK CM415DB CM415GR CM415LB CM415PK CM415RS CM415RW CM415TL;p-8085-leatherette-journal
CM416;PRODUCT;CM416;Bamboo BBQ Set;;p-5398-bamboo-bbq-set
CM417A;PART;CM417;;CM417;p-5400-bamboo-cutting-board-with-handle-cutout
CM417B;PART;CM417;;CM417;p-5400-bamboo-cutting-board-with-handle-cutout
CM418;PRODUCT;CM418;Bamboo Cutting Board with Handle Cutout - Bar Size;;p-5400-bamboo-cutting-board-with-handle-cutout
CM419A;PRODUCT;CM419A;2-Tone Bamboo Cutting Board - Small;;p-5336-2-tone-bamboo-cutting-board
CM419B;PRODUCT;CM419B;2-Tone Bamboo Cutting Board - Large;;p-5336-2-tone-bamboo-cutting-board
CM420;PRODUCT;CM420;Bamboo Cheese Cutting Board;;p-5399-bamboo-cheese-cutting-board
CM423;ORPHAN;CM423;;;p-6231-round-bamboo-wine-gift-set
CM424;PRODUCT;CM424;Rosewood 2-Piece Wine Gift Set;;p-6229-rosewood-wine-gift-set
CM425BS;PART;CM425;;CM425;p-8826-leatherette-wine-box
CM425CK;ORPHAN;CM425CK;;;p-5628-cork-wine-box
CM425DB;ORPHAN;CM425DB;;;p-8826-leatherette-wine-box
CM425GR;PART;CM425;;CM425;p-8826-leatherette-wine-box
CM425RW;PART;CM425;;CM425;p-8826-leatherette-wine-box
CM428DB;ORPHAN;CM428DB;;;p-8828-leatherette-picture-frame
CM428GR;ORPHAN;CM428GR;;;p-8828-leatherette-picture-frame
CM428LB;ORPHAN;CM428LB;;;p-8828-leatherette-picture-frame
CM428RW;ORPHAN;CM428RW;;;p-8828-leatherette-picture-frame
CM429BS;ORPHAN;CM429BS;;;p-8828-leatherette-picture-frame
CM450BS;PRODUCT;CM450*;Leatherette Flask Gift Set;CM450DB CM450GR CM450PK CM450RW;p-8792-leatherette-flask-gift-set
CM450DB;PRODUCT;CM450*;Leatherette Flask Gift Set;CM450BS CM450GR CM450PK CM450RW;p-8792-leatherette-flask-gift-set
CM450GR;PRODUCT;CM450*;Leatherette Flask Gift Set;CM450BS CM450DB CM450PK CM450RW;p-8792-leatherette-flask-gift-set
CM450LB;ORPHAN;CM450LB;;;p-8792-leatherette-flask-gift-set
CM450PK;PRODUCT;CM450*;Leatherette Flask Gift Set;CM450BS CM450DB CM450GR CM450RW;p-8792-leatherette-flask-gift-set
CM450RW;PRODUCT;CM450*;Leatherette Flask Gift Set;CM450BS CM450DB CM450GR CM450PK;p-8792-leatherette-flask-gift-set
CM450TL;ORPHAN;CM450TL;;;p-8792-leatherette-flask-gift-set
CM451;PRODUCT;CM451;Maple Gift Set - Pen - Keychain - & Business Card Holder;;p-6076-maple-business-gift-set
CM452BS;PART;CM452;;CM452;p-8802-leatherette-mouse-pad
CM452DB;PART;CM452;;CM452;p-8802-leatherette-mouse-pad
CM452GR;PART;CM452;;CM452;p-8802-leatherette-mouse-pad
CM452LB;ORPHAN;CM452LB;;;p-8802-leatherette-mouse-pad
CM452PK;ORPHAN;CM452PK;;;p-8802-leatherette-mouse-pad
CM452RS;ORPHAN;CM452RS;;;p-8802-leatherette-mouse-pad
CM452RW;PART;CM452;;CM452;p-8802-leatherette-mouse-pad
CM452TL;ORPHAN;CM452TL;;;p-8802-leatherette-mouse-pad
CM453;ORPHAN;CM453;;;p-5405-beechwood-keychain
CM454;PRODUCT;CM454;Silver with Black Keychain;;p-6254-silver-with-black-keychain
CM455BS;PART;CM455;;CM455;p-8799-leatherette-money-clip-small
CM455BV;PART;CM455;;CM455;p-8088-leatherette-money-clip-large
CM455DB;PART;CM455;;CM455;p-8800-leatherette-money-clip-large
CM455GR;PART;CM455;;CM455;p-8800-leatherette-money-clip-large
CM455LB;PART;CM455;;CM455;p-8800-leatherette-money-clip-large
CM455RW;PART;CM455;;CM455;p-8800-leatherette-money-clip-large
CM460;PRODUCT;CM460;Bamboo Wine Presentation Box with Tools;;p-5404-bamboo-wine-presentation-box-with-tools
CM461;PRODUCT;CM461;Matte Black Wine Presentation Box with Tools;;p-6079-matte-black-wine-presentation-box-with-tools
CM462;PRODUCT;CM462;Rosewood Wine Presentation Box with Tools;;p-6228-rosewood-wine-presentation-box-with-tools
CM464;PRODUCT;CM464;Alder Wood Oval Name Bar;;p-5365-alder-wood-oval-name-bar
CM465;PRODUCT;CM465;Alder Wood Rectangle Name Bar;;p-5366-alder-wood-rectangle-name-bar
CM466;PRODUCT;CM466;Round Bamboo Coaster Set;;p-6230-round-bamboo-coaster-set
CM470;PRODUCT;CM470;Piano Finish Walnut Name Bar;;p-6160-piano-finish-walnut-name-bar
CM471;PRODUCT;CM471;Piano Finish Ebony Name Bar;;p-6159-piano-finish-ebony-name-bar
CM700-05;ORPHAN;CM700-05;;;p-5321-11-oz-black-mug
CM700-08;ORPHAN;CM700-08;;;p-5324-11-oz-grey-mug
CM700-14;ORPHAN;CM700-14;;;p-5322-11-oz-blue-mug
CM700-67;ORPHAN;CM700-67;;;p-5323-11-oz-green-mug
CM701-02;ORPHAN;CM701-02;;;p-5325-11-oz-black-coffee-mug
CM701-05;ORPHAN;CM701-05;;;p-5325-11-oz-black-coffee-mug
CM701-89;ORPHAN;CM701-89;;;p-5325-11-oz-black-coffee-mug
CM702-06;ORPHAN;CM702-06;;;p-5328-14-oz-ceramic-mug
CM704-04;ORPHAN;CM704-04;;;p-7970-dark-blue-ceramic-mug
CM704-05;ORPHAN;CM704-05;;;p-7876-black-ceramic-mug-large
CM704-1041;ORPHAN;CM704-1041;;;p-8136-plum-ceramic-mug
CM704-11;ORPHAN;CM704-11;;;p-7971-dark-green-ceramic-mug
CM704-1840;ORPHAN;CM704-1840;;;p-8064-el-grande-green-ceramic-mug
CM704-2899;ORPHAN;CM704-2899;;;p-8146-purple-ceramic-mug-large
CM704-2904;ORPHAN;CM704-2904;;;p-8155-red-ceramic-mug
CM704-3192;ORPHAN;CM704-3192;;;p-7942-coral-ceramic-mug
CM704-43;ORPHAN;CM704-43;;;p-7907-burgundy-ceramic-mug
CM704-464;ORPHAN;CM704-464;;;p-8167-russet-ceramic-mug
CM704-5405;ORPHAN;CM704-5405;;;p-8076-lavender-ceramic-mug
CM704-632;ORPHAN;CM704-632;;;p-7890-blue-ceramic-mug
CM704-640;ORPHAN;CM704-640;;;p-8115-mustard-ceramic-mug
CM704-755;ORPHAN;CM704-755;;;p-8205-teal-ceramic-mug
CM705-04;ORPHAN;CM705-04;;;p-8145-purple-ceramic-mug-small
CM705-05;ORPHAN;CM705-05;;;p-7875-black-ceramic-mug-small
CM705-11;ORPHAN;CM705-11;;;p-8063-green-ceramic-mug-small
CM705-43;ORPHAN;CM705-43;;;p-7905-brown-ceramic-mug
CM706-04;ORPHAN;CM706-04;;;p-7890-blue-ceramic-mug
CM706-05;ORPHAN;CM706-05;;;p-7876-black-ceramic-mug-large
CM706-3192;ORPHAN;CM706-3192;;;p-7942-coral-ceramic-mug
CM706-664;ORPHAN;CM706-664;;;p-8155-red-ceramic-mug
CM706-755;ORPHAN;CM706-755;;;p-8205-teal-ceramic-mug
CM707-02;ORPHAN;CM707-02;;;p-8225-white-ceramic-mug
CM707-05;ORPHAN;CM707-05;;;p-7876-black-ceramic-mug-large
CM707-199;ORPHAN;CM707-199;;;p-8155-red-ceramic-mug
CM707-209;ORPHAN;CM707-209;;;p-7907-burgundy-ceramic-mug
CM707-287;ORPHAN;CM707-287;;;p-7890-blue-ceramic-mug
CM707-2956;ORPHAN;CM707-2956;;;p-8126-orange-ceramic-mug
CM707-3415;ORPHAN;CM707-3415;;;p-8064-el-grande-green-ceramic-mug
CM707-84;ORPHAN;CM707-84;;;p-8146-purple-ceramic-mug-large
CM708-04;ORPHAN;CM708-04;;;p-7890-blue-ceramic-mug
CM708-05;ORPHAN;CM708-05;;;p-7876-black-ceramic-mug-large
CM708-11;ORPHAN;CM708-11;;;p-8064-el-grande-green-ceramic-mug
CM708-25;ORPHAN;CM708-25;;;p-8146-purple-ceramic-mug-large
CM708-2956;ORPHAN;CM708-2956;;;p-8126-orange-ceramic-mug
CM708-3192;ORPHAN;CM708-3192;;;p-8155-red-ceramic-mug
CM708-43;ORPHAN;CM708-43;;;p-8112-maroon-ceramic-mug
CM708-579;ORPHAN;CM708-579;;;p-8205-teal-ceramic-mug
CM708-632;ORPHAN;CM708-632;;;p-8107-light-blue-ceramic-mug
CM708-640;ORPHAN;CM708-640;;;p-8227-yellow-ceramic-mug
CM708-755;ORPHAN;CM708-755;;;p-7846-aqua-ceramic-mug
CM710;FAMILY_PART;CM710*;;;p-6168-polar-camel-ringneck-tumblers-personalized
CM711;PRODUCT;CM711;Polar Camel 20 oz. Ringneck Tumbler;;p-6168-polar-camel-ringneck-tumblers-personalized
CM711BL;PART;CM711;;CM711;p-8848-polar-camel-small
CM711CR;PART;CM711;;CM711;p-8848-polar-camel-small
CM711DB;PART;CM711;;CM711;p-8848-polar-camel-small
CM711GR;PART;CM711;;CM711;p-8848-polar-camel-small
CM711GY;PART;CM711;;CM711;p-8848-polar-camel-small
CM711LB;PART;CM711;;CM711;p-8848-polar-camel-small
CM711LP;PART;CM711;;CM711;p-8848-polar-camel-small
CM711MR;PART;CM711;;CM711;p-8848-polar-camel-small
CM711OG;PART;CM711;;CM711;p-8848-polar-camel-small
CM711OR;PART;CM711;;CM711;p-8848-polar-camel-small
CM711PK;PART;CM711;;CM711;p-8848-polar-camel-small
CM711PU;PART;CM711;;CM711;p-8848-polar-camel-small
CM711RD;PART;CM711;;CM711;p-8848-polar-camel-small
CM711TL;PART;CM711;;CM711;p-8848-polar-camel-small
CM711WH;PART;CM711;;CM711;p-8848-polar-camel-small
CM711YW;PART;CM711;;CM711;p-8848-polar-camel-small
CM712;PRODUCT;CM712;Polar Camel 12 oz. Stemless Tumbler;;p-6356-polar-camel-stemless-wine-tumblers-personalized
CM712BK;PART;CM712;;CM712;p-8848-polar-camel-small
CM712BL;PART;CM712;;CM712;p-8850-polar-camel-medium
CM712DB;PART;CM712;;CM712;p-8850-polar-camel-medium
CM712GR;PART;CM712;;CM712;p-8850-polar-camel-medium
CM712GY;PART;CM712;;CM712;p-8850-polar-camel-medium
CM712LB;PART;CM712;;CM712;p-8850-polar-camel-medium
CM712LP;PART;CM712;;CM712;p-8850-polar-camel-medium
CM712MR;PART;CM712;;CM712;p-8850-polar-camel-medium
CM712OR;PART;CM712;;CM712;p-8850-polar-camel-medium
CM712PK;PART;CM712;;CM712;p-8850-polar-camel-medium
CM712PU;PART;CM712;;CM712;p-8850-polar-camel-medium
CM712RD;PART;CM712;;CM712;p-8850-polar-camel-medium
CM712TL;PART;CM712;;CM712;p-8850-polar-camel-medium
CM712WH;PART;CM712;;CM712;p-8850-polar-camel-medium
CM713;FAMILY_PART;CM713*;;;p-6356-polar-camel-stemless-wine-tumblers-personalized
CM713BK;PART;CM713*;;CM713*;p-8850-polar-camel-medium
CM713BL;PART;CM713*;;CM713*;p-8848-polar-camel-small
CM713DB;PART;CM713*;;CM713*;p-8848-polar-camel-small
CM713GR;PART;CM713*;;CM713*;p-8848-polar-camel-small
CM713GY;PART;CM713*;;CM713*;p-8848-polar-camel-small
CM713LB;PART;CM713*;;CM713*;p-8848-polar-camel-small
CM713LP;PART;CM713*;;CM713*;p-8848-polar-camel-small
CM713MR;PART;CM713*;;CM713*;p-8848-polar-camel-small
CM713OR;PART;CM713*;;CM713*;p-8848-polar-camel-small
CM713PK;PART;CM713*;;CM713*;p-8848-polar-camel-small
CM713PU;PART;CM713*;;CM713*;p-8848-polar-camel-small
CM713RD;PART;CM713*;;CM713*;p-8848-polar-camel-small
CM713TL;PART;CM713*;;CM713*;p-8848-polar-camel-small
CM713WH;PART;CM713*;;CM713*;p-8848-polar-camel-small
CM715AB;PART;CM715;;CM715;p-8052-gold-finish-plastic-cup-on-marble-base
CM715AK;PART;CM715;;CM715;p-8052-gold-finish-plastic-cup-on-marble-base
CM715AR;PART;CM715;;CM715;p-8052-gold-finish-plastic-cup-on-marble-base
CM715BB;PART;CM715;;CM715 CM715BR;p-8052-gold-finish-plastic-cup-on-marble-base
CM715BK;PART;CM715;;CM715 CM715BR;p-8052-gold-finish-plastic-cup-on-marble-base
CM715BR;PRODUCT;CM715B;Gold Finish Plastic Cup on Marble Base;;p-8052-gold-finish-plastic-cup-on-marble-base
CM716BK;PART;CM716*;;CM716*;p-8693-20-oz-pilsner-tumbler
CM716BL;PART;CM716*;;CM716*;p-8693-20-oz-pilsner-tumbler
CM716DB;PART;CM716*;;CM716*;p-8693-20-oz-pilsner-tumbler
CM716GR;PART;CM716*;;CM716*;p-8693-20-oz-pilsner-tumbler
CM716GY;PART;CM716*;;CM716*;p-8693-20-oz-pilsner-tumbler
CM716LB;PART;CM716*;;CM716*;p-8693-20-oz-pilsner-tumbler
CM716LP;PART;CM716*;;CM716*;p-8693-20-oz-pilsner-tumbler
CM716MR;PART;CM716*;;CM716*;p-8693-20-oz-pilsner-tumbler
CM716OR;PART;CM716*;;CM716*;p-8693-20-oz-pilsner-tumbler
CM716PK;PART;CM716*;;CM716*;p-8693-20-oz-pilsner-tumbler
CM716PU;PART;CM716*;;CM716*;p-8693-20-oz-pilsner-tumbler
CM716RD;PART;CM716*;;CM716*;p-8693-20-oz-pilsner-tumbler
CM716TL;PART;CM716*;;CM716*;p-8693-20-oz-pilsner-tumbler
CM716WH;PART;CM716*;;CM716*;p-8693-20-oz-pilsner-tumbler
CM717BK;PART;CM717*;;CM717*;p-8692-14-oz-pilsner-tumbler
CM717BL;PART;CM717*;;CM717*;p-8692-14-oz-pilsner-tumbler
CM717DB;PART;CM717*;;CM717*;p-8692-14-oz-pilsner-tumbler
CM717GR;PART;CM717*;;CM717*;p-8692-14-oz-pilsner-tumbler
CM717GY;PART;CM717*;;CM717*;p-8692-14-oz-pilsner-tumbler
CM717LB;PART;CM717*;;CM717*;p-8692-14-oz-pilsner-tumbler
CM717LP;PART;CM717*;;CM717*;p-8692-14-oz-pilsner-tumbler
CM717MR;PART;CM717*;;CM717*;p-8692-14-oz-pilsner-tumbler
CM717OR;PART;CM717*;;CM717*;p-8692-14-oz-pilsner-tumbler
CM717PK;PART;CM717*;;CM717*;p-8692-14-oz-pilsner-tumbler
CM717PU;PART;CM717*;;CM717*;p-8692-14-oz-pilsner-tumbler
CM717RD;PART;CM717*;;CM717*;p-8692-14-oz-pilsner-tumbler
CM717TL;PART;CM717*;;CM717*;p-8692-14-oz-pilsner-tumbler
CM717WH;PART;CM717*;;CM717*;p-8692-14-oz-pilsner-tumbler
CM718BS;PART;CM718;;CM718;p-8823-leatherette-wiereless-phone-charging-mat-with-usb-cord
CM718GR;PART;CM718;;CM718;p-8823-leatherette-wiereless-phone-charging-mat-with-usb-cord
CM718RW;PART;CM718;;CM718;p-8823-leatherette-wiereless-phone-charging-mat-with-usb-cord
CM718TL;PART;CM718;;CM718;p-8823-leatherette-wiereless-phone-charging-mat-with-usb-cord
CM720ABS;PART;CM720A;;CM720A;p-8725-canvas-portfolio-with-leatherette-accent
CM720AGR;PART;CM720A;;CM720A;p-8725-canvas-portfolio-with-leatherette-accent
CM720ARW;PART;CM720A;;CM720A;p-8725-canvas-portfolio-with-leatherette-accent
CM720BBS;PART;CM720B;;CM720B;p-8725-canvas-portfolio-with-leatherette-accent
CM720BGR;PART;CM720B;;CM720B;p-8725-canvas-portfolio-with-leatherette-accent
CM720BRW;PART;CM720B;;CM720B;p-8725-canvas-portfolio-with-leatherette-accent
CM721BS;PRODUCT;CM721*;Journal with Phone Pouch;CM721GR CM721RW;p-8773-journal-with-phone-pouch-small
CM721GR;PRODUCT;CM721*;Journal with Phone Pouch;CM721BS CM721RW;p-8774-journal-with-phone-pouch-large
CM721RW;PRODUCT;CM721*;Journal with Phone Pouch;CM721BS CM721GR;p-8774-journal-with-phone-pouch-large
CM722ABB;PRODUCT;CM722A;Leatherette Frame  Holds 4 x 6, Bamboo;CM722ABS CM722ABV CM722AGR CM722ALB CM722ARW CM722ATL;p-8795-leatherette-frame-holds-large
CM722ABS;PRODUCT;CM722A;Leatherette Frame  Holds 4 x 6, Black/Silver;CM722ABB CM722ABV CM722AGR CM722ALB CM722ARW CM722ATL;p-8794-leatherette-frame-holds-small
CM722ABV;PRODUCT;CM722A;Leatherette Frame  Holds 4 x 6, Blue/Silver;CM722ABB CM722ABS CM722AGR CM722ALB CM722ARW CM722ATL;p-8794-leatherette-frame-holds-small
CM722AGR;PRODUCT;CM722A;Leatherette Frame  Holds 4 x 6, Gray;CM722ABB CM722ABS CM722ABV CM722ALB CM722ARW CM722ATL;p-8794-leatherette-frame-holds-small
CM722ALB;PRODUCT;CM722A;Leatherette Frame  Holds 4 x 6, Light Brown;CM722ABB CM722ABS CM722ABV CM722AGR CM722ARW CM722ATL;p-8794-leatherette-frame-holds-small
CM722ARW;PRODUCT;CM722A;Leatherette Frame  Holds 4 x 6, Rawhide;CM722ABB CM722ABS CM722ABV CM722AGR CM722ALB CM722ATL;p-8794-leatherette-frame-holds-small
CM722ATL;PRODUCT;CM722A;Leatherette Frame  Holds 4 x 6, Teal;CM722ABB CM722ABS CM722ABV CM722AGR CM722ALB CM722ARW;p-8794-leatherette-frame-holds-small
CM722BBB;PRODUCT;CM722B;Leatherette Frame  Holds 5 x 7, Bamboo;CM722BBS CM722BBV CM722BGR CM722BLB CM722BRW CM722BTL;p-8794-leatherette-frame-holds-small
CM722BBS;PRODUCT;CM722B;Leatherette Frame  Holds 5 x 7, Black/Silver;CM722BBB CM722BBV CM722BGR CM722BLB CM722BRW CM722BTL;p-8794-leatherette-frame-holds-small
CM722BBV;PRODUCT;CM722B;Leatherette Frame  Holds 5 x 7, Blue/Silver;CM722BBB CM722BBS CM722BGR CM722BLB CM722BRW CM722BTL;p-8794-leatherette-frame-holds-small
CM722BGR;PRODUCT;CM722B;Leatherette Frame  Holds 5 x 7, Gray;CM722BBB CM722BBS CM722BBV CM722BLB CM722BRW CM722BTL;p-8794-leatherette-frame-holds-small
CM722BLB;PRODUCT;CM722B;Leatherette Frame  Holds 5 x 7, Light Brown;CM722BBB CM722BBS CM722BBV CM722BGR CM722BRW CM722BTL;p-8794-leatherette-frame-holds-small
CM722BRW;PRODUCT;CM722B;Leatherette Frame  Holds 5 x 7, Rawhide;CM722BBB CM722BBS CM722BBV CM722BGR CM722BLB CM722BTL;p-8794-leatherette-frame-holds-small
CM722BTL;PRODUCT;CM722B;Leatherette Frame  Holds 5 x 7, Teal;CM722BBB CM722BBS CM722BBV CM722BGR CM722BLB CM722BRW;p-8794-leatherette-frame-holds-small
CM723BB;PART;CM723*;;CM723*;p-8761-golf-bag-tag-with-tees
CM723BS;PART;CM723*;;CM723*;p-8762-leatherette-golf-bag-tag-with-tees
CM723GR;PART;CM723*;;CM723*;p-8762-leatherette-golf-bag-tag-with-tees
CM723PK;PART;CM723*;;CM723*;p-8762-leatherette-golf-bag-tag-with-tees
CM723RW;PART;CM723*;;CM723*;p-8762-leatherette-golf-bag-tag-with-tees
CM723TL;PART;CM723*;;CM723*;p-8762-leatherette-golf-bag-tag-with-tees
CM724;PRODUCT;CM724;Beveled Edge Clear Crystal Clock;;p-7867-beveled-edge-clear-crystal-clock
CM725A;PART;CM725;;CM725;p-8054-goldsilver-plastic-cup-on-marble-base
CM725B;PART;CM725;;CM725;p-8054-goldsilver-plastic-cup-on-marble-base
CM725C;PART;CM725;;CM725;p-8054-goldsilver-plastic-cup-on-marble-base
CM726BL;PART;CM726*;;CM726*;p-8848-polar-camel-small
CM726CR;PART;CM726*;;CM726*;p-8848-polar-camel-small
CM726DB;PART;CM726*;;CM726*;p-8848-polar-camel-small
CM726GR;PART;CM726*;;CM726*;p-8848-polar-camel-small
CM726GY;PART;CM726*;;CM726*;p-8848-polar-camel-small
CM726LB;PART;CM726*;;CM726*;p-8848-polar-camel-small
CM726LP;PART;CM726*;;CM726*;p-8848-polar-camel-small
CM726MR;PART;CM726*;;CM726*;p-8848-polar-camel-small
CM726OR;PART;CM726*;;CM726*;p-8848-polar-camel-small
CM726PK;PART;CM726*;;CM726*;p-8848-polar-camel-small
CM726PU;PART;CM726*;;CM726*;p-8848-polar-camel-small
CM726RD;PART;CM726*;;CM726*;p-8848-polar-camel-small
CM726TL;PART;CM726*;;CM726*;p-8848-polar-camel-small
CM726WH;PART;CM726*;;CM726*;p-8848-polar-camel-small
CM726YW;PART;CM726*;;CM726*;p-8848-polar-camel-small
CM727BK;PART;CM727*;;CM727*;p-8846-polar-camel-stainless-steel-beverage-holder-small
CM727BL;PART;CM727*;;CM727*;p-8847-polar-camel-stainless-steel-beverage-holder-large
CM727CR;PART;CM727*;;CM727*;p-8847-polar-camel-stainless-steel-beverage-holder-large
CM727DB;PART;CM727*;;CM727*;p-8847-polar-camel-stainless-steel-beverage-holder-large
CM727GR;PART;CM727*;;CM727*;p-8847-polar-camel-stainless-steel-beverage-holder-large
CM727GY;PART;CM727*;;CM727*;p-8847-polar-camel-stainless-steel-beverage-holder-large
CM727LB;PART;CM727*;;CM727*;p-8847-polar-camel-stainless-steel-beverage-holder-large
CM727LP;PART;CM727*;;CM727*;p-8847-polar-camel-stainless-steel-beverage-holder-large
CM727MR;PART;CM727*;;CM727*;p-8847-polar-camel-stainless-steel-beverage-holder-large
CM727OR;PART;CM727*;;CM727*;p-8847-polar-camel-stainless-steel-beverage-holder-large
CM727PK;PART;CM727*;;CM727*;p-8847-polar-camel-stainless-steel-beverage-holder-large
CM727PU;PART;CM727*;;CM727*;p-8847-polar-camel-stainless-steel-beverage-holder-large
CM727RD;PART;CM727*;;CM727*;p-8847-polar-camel-stainless-steel-beverage-holder-large
CM727TL;PART;CM727*;;CM727*;p-8847-polar-camel-stainless-steel-beverage-holder-large
CM727WH;PART;CM727*;;CM727*;p-8847-polar-camel-stainless-steel-beverage-holder-large
CM727YW;PART;CM727*;;CM727*;p-8847-polar-camel-stainless-steel-beverage-holder-large
CM731BK;PART;CM731;;CM731;p-8850-polar-camel-medium
CM731BL;PART;CM731;;CM731;p-8848-polar-camel-small
CM731CR;PART;CM731;;CM731;p-8848-polar-camel-small
CM731DB;PART;CM731;;CM731;p-8848-polar-camel-small
CM731GR;PART;CM731;;CM731;p-8848-polar-camel-small
CM731GY;PART;CM731;;CM731;p-8848-polar-camel-small
CM737BK;PART;CM737*;;CM737*;p-8846-polar-camel-stainless-steel-beverage-holder-small
CM737BL;PART;CM737*;;CM737*;p-8847-polar-camel-stainless-steel-beverage-holder-large
CM737CR;PART;CM737*;;CM737*;p-8847-polar-camel-stainless-steel-beverage-holder-large
CM737DB;PART;CM737*;;CM737*;p-8847-polar-camel-stainless-steel-beverage-holder-large
CM737GR;PART;CM737*;;CM737*;p-8847-polar-camel-stainless-steel-beverage-holder-large
CM737GY;PART;CM737*;;CM737*;p-8847-polar-camel-stainless-steel-beverage-holder-large
CM737LB;PART;CM737*;;CM737*;p-8847-polar-camel-stainless-steel-beverage-holder-large
CM737LP;PART;CM737*;;CM737*;p-8847-polar-camel-stainless-steel-beverage-holder-large
CM737MR;PART;CM737*;;CM737*;p-8847-polar-camel-stainless-steel-beverage-holder-large
CM737OR;PART;CM737*;;CM737*;p-8847-polar-camel-stainless-steel-beverage-holder-large
CM737PK;PART;CM737*;;CM737*;p-8847-polar-camel-stainless-steel-beverage-holder-large
CM737PU;PART;CM737*;;CM737*;p-8847-polar-camel-stainless-steel-beverage-holder-large
CM737RD;PART;CM737*;;CM737*;p-8847-polar-camel-stainless-steel-beverage-holder-large
CM737TL;PART;CM737*;;CM737*;p-8847-polar-camel-stainless-steel-beverage-holder-large
CM737WH;PART;CM737*;;CM737*;p-8847-polar-camel-stainless-steel-beverage-holder-large
CM737YW;PART;CM737*;;CM737*;p-8847-polar-camel-stainless-steel-beverage-holder-large
CM745BK;PART;CM745*;;CM745*;p-8884-tahoe-stemless-cocktail-tumbler
CM745BL;PART;CM745*;;CM745*;p-8884-tahoe-stemless-cocktail-tumbler
CM745DB;PART;CM745*;;CM745*;p-8884-tahoe-stemless-cocktail-tumbler
CM745LB;PART;CM745*;;CM745*;p-8884-tahoe-stemless-cocktail-tumbler
CM745LP;PART;CM745*;;CM745*;p-8884-tahoe-stemless-cocktail-tumbler
CM745PK;PART;CM745*;;CM745*;p-8885-tahoe-stemless-cocktail-tumblers
CM745PU;PART;CM745*;;CM745*;p-8884-tahoe-stemless-cocktail-tumbler
CM745RD;PART;CM745*;;CM745*;p-8885-tahoe-stemless-cocktail-tumblers
CM745TL;PART;CM745*;;CM745*;p-8885-tahoe-stemless-cocktail-tumblers
CM746BK;PART;CM746*;;CM746*;p-8887-tahoe-travel-tumbler
CM746BL;PART;CM746*;;CM746*;p-8887-tahoe-travel-tumbler
CM746DB;PART;CM746*;;CM746*;p-8887-tahoe-travel-tumbler
CM746LB;PART;CM746*;;CM746*;p-8886-tahoe-travel-mug
CM746LP;PART;CM746*;;CM746*;p-8887-tahoe-travel-tumbler
CM746OR;PART;CM746*;;CM746*;p-8887-tahoe-travel-tumbler
CM746PK;PART;CM746*;;CM746*;p-8887-tahoe-travel-tumbler
CM746PU;PART;CM746*;;CM746*;p-8887-tahoe-travel-tumbler
CM746RD;PART;CM746*;;CM746*;p-8887-tahoe-travel-tumbler
CM747BK;PART;CM747*;;CM747*;p-8887-tahoe-travel-tumbler
CM747BL;PART;CM747*;;CM747*;p-8887-tahoe-travel-tumbler
CM747DB;PART;CM747*;;CM747*;p-8887-tahoe-travel-tumbler
CM747LB;PART;CM747*;;CM747*;p-8886-tahoe-travel-mug
CM747LP;PART;CM747*;;CM747*;p-8887-tahoe-travel-tumbler
CM747OR;PART;CM747*;;CM747*;p-8887-tahoe-travel-tumbler
CM747PK;PART;CM747*;;CM747*;p-8887-tahoe-travel-tumbler
CM747PU;PART;CM747*;;CM747*;p-8887-tahoe-travel-tumbler
CM747RD;PART;CM747*;;CM747*;p-8887-tahoe-travel-tumbler
CM748;PRODUCT;CM748;Barrel Stave Bottle Opener;;p-7859-barrel-stave-bottle-opener
CM749B;ORPHAN;CM749B;;;p-7860-beech-wood-business-card-holder
CM749W;ORPHAN;CM749W;;;p-8217-walnut-business-card-holder
CM750A;PART;CM750;;CM750;p-7882-black-walnut-cutting-charcuterie-board
CM750B;PART;CM750;;CM750;p-7882-black-walnut-cutting-charcuterie-board
CM750C;PART;CM750;;CM750;p-7882-black-walnut-cutting-charcuterie-board
CM750D;PART;CM750;;CM750;p-7882-black-walnut-cutting-charcuterie-board
CM750E;PART;CM750;;CM750;p-7881-black-walnut-cutting-charcuterie-board-large
CM750F;PART;CM750;;CM750;p-7881-black-walnut-cutting-charcuterie-board-large
CM751;PRODUCT;CM751;Acacia Wood/Slate Cheese Set;;p-7830-acacia-woodslate-cheese-set
CM752A;PRODUCT;CM752A;Bamboo BBQ Spatula & Bottle Openers;;p-7854-bamboo-bbq-spatula-bottle-openers
CM752B;PRODUCT;CM752B;Bamboo BBQ Fork;;p-7853-bamboo-bbq-fork
CM752C;PRODUCT;CM752C;Bamboo BBQ Spatula  ;;p-7855-bamboo-bbq-spatula
CM752D;PRODUCT;CM752D;Bamboo BBQ Tongs;;p-7856-bamboo-bbq-tongs
CM754A;PRODUCT;CM754A;Walnut Single Row Challenge Coin Display;;p-8221-walnut-single-row-challenge-coin-display
CM754B;PART;CM754;;CM754;p-8218-walnut-double-row-challenge-coin-display
CM754C;PART;CM754;;CM754;p-8222-walnut-triple-row-challenge-coin-display
CM754D;PART;CM754;;CM754;p-8220-walnut-quadruple-row-challenge-coin-display
CM755A;PRODUCT;CM755A;Alder Cube, Laser;;p-7835-alder-cube-small
CM755B;PRODUCT;CM755B;Alder Cube, Digi-Color Plate;;p-7836-alder-cube-large
CM756A;PRODUCT;CM756A;Portable Wine Rack;;p-8142-portable-wine-rack
CM756B;PRODUCT;CM756B;Portable Wine Rack;;p-8142-portable-wine-rack
CM757A;PRODUCT;CM757A;Ball Alder Ornament;;p-7852-ball-alder-ornament
CM757B;PRODUCT;CM757B;Snowflake Alder Ornament;;p-8184-snowflake-alder-ornament
CM757C;PRODUCT;CM757C;Star Alder Ornament;;p-8189-star-alder-ornament
CM760;PRODUCT;CM760;Rosewood BBQ Set;;p-8162-rosewood-bbq-set
CM799;PRODUCT;CM799;Eagle on World with Glass;;p-7980-eagle-on-top-of-the-world-with-glass-tablet-award
CM806;PRODUCT;CM806;Eagle Head with American Flag and Glass;;p-7979-eagle-head-with-american-flag-and-glass-trophy
CM807;PRODUCT;CM807;Lighthouse with Glass;;p-8108-lighthouse-with-glass-award
CM808;PRODUCT;CM808;Bull & Bear;;p-7906-bull-bear-award-trophy
CM809;ORPHAN;CM809;;;p-7933-clear-glass-certificate-display
CM810EZG;PART;CM810EZ*;;CM810EZ*;p-8130-perpetual-corporate-cup-with-perpetual-plates
CM810EZS;PART;CM810EZ*;;CM810EZ*;p-8130-perpetual-corporate-cup-with-perpetual-plates
CM810G;PART;CM810*;;CM810*;p-8131-perpetual-corporate-cup
CM810S;PART;CM810*;;CM810*;p-8131-perpetual-corporate-cup
CM812;ORPHAN;CM812;;;p-8176-silver-plated-cup-on-base
CM813BK;PART;CM813;;CM813;p-8888-tahoe-tumbler-powder-coated-beverage-can-holder
CM813BL;PART;CM813;;CM813;p-8888-tahoe-tumbler-powder-coated-beverage-can-holder
CM813CR;PART;CM813;;CM813;p-8888-tahoe-tumbler-powder-coated-beverage-can-holder
CM813DB;PART;CM813;;CM813;p-8888-tahoe-tumbler-powder-coated-beverage-can-holder
CM813GR;PART;CM813;;CM813;p-8888-tahoe-tumbler-powder-coated-beverage-can-holder
CM813GY;PART;CM813;;CM813;p-8888-tahoe-tumbler-powder-coated-beverage-can-holder
CM813LB;PART;CM813;;CM813;p-8888-tahoe-tumbler-powder-coated-beverage-can-holder
CM813LP;PART;CM813;;CM813;p-8888-tahoe-tumbler-powder-coated-beverage-can-holder
CM813MR;PART;CM813;;CM813;p-8888-tahoe-tumbler-powder-coated-beverage-can-holder
CM813OR;PART;CM813;;CM813;p-8888-tahoe-tumbler-powder-coated-beverage-can-holder
CM813PK;PART;CM813;;CM813;p-8888-tahoe-tumbler-powder-coated-beverage-can-holder
CM813PU;PART;CM813;;CM813;p-8888-tahoe-tumbler-powder-coated-beverage-can-holder
CM813RD;PART;CM813;;CM813;p-8888-tahoe-tumbler-powder-coated-beverage-can-holder
CM813TL;PART;CM813;;CM813;p-8888-tahoe-tumbler-powder-coated-beverage-can-holder
CM813WH;PART;CM813;;CM813;p-8888-tahoe-tumbler-powder-coated-beverage-can-holder
CM813YW;PART;CM813;;CM813;p-8888-tahoe-tumbler-powder-coated-beverage-can-holder
CM814BK;PART;CM814;;CM814;p-8883-tahoe-drinkware
CM814BL;PART;CM814;;CM814;p-8883-tahoe-drinkware
CM814CR;PART;CM814;;CM814;p-8883-tahoe-drinkware
CM814DB;PART;CM814;;CM814;p-8883-tahoe-drinkware
CM814GR;PART;CM814;;CM814;p-8883-tahoe-drinkware
CM814GY;PART;CM814;;CM814;p-8883-tahoe-drinkware
CM814LB;PART;CM814;;CM814;p-8883-tahoe-drinkware
CM814LP;PART;CM814;;CM814;p-8883-tahoe-drinkware
CM814MR;PART;CM814;;CM814;p-8883-tahoe-drinkware
CM814OR;PART;CM814;;CM814;p-8883-tahoe-drinkware
CM814PK;PART;CM814;;CM814;p-8883-tahoe-drinkware
CM814PU;PART;CM814;;CM814;p-8883-tahoe-drinkware
CM814RD;PART;CM814;;CM814;p-8883-tahoe-drinkware
CM814TL;PART;CM814;;CM814;p-8883-tahoe-drinkware
CM814WH;PART;CM814;;CM814;p-8883-tahoe-drinkware
CM814YW;PART;CM814;;CM814;p-8883-tahoe-drinkware
CM816BK;PART;CM816*;;CM816*;p-8854-powder-coated-tumbler-large
CM816BL;PART;CM816*;;CM816*;p-8853-powder-coated-tumbler-small
CM816DB;PART;CM816*;;CM816*;p-8853-powder-coated-tumbler-small
CM816MR;PART;CM816*;;CM816*;p-8853-powder-coated-tumbler-small
CM816PK;PART;CM816*;;CM816*;p-8853-powder-coated-tumbler-small
CM816PU;PART;CM816*;;CM816*;p-8853-powder-coated-tumbler-small
CM816RD;PART;CM816*;;CM816*;p-8853-powder-coated-tumbler-small
CM816TL;PART;CM816*;;CM816*;p-8853-powder-coated-tumbler-small
CM816WH;PART;CM816*;;CM816*;p-8853-powder-coated-tumbler-small
CM817BK;PART;CM817*;;CM817*;p-8852-powder-coated-travel-water-bottle
CM817BL;PART;CM817*;;CM817*;p-8852-powder-coated-travel-water-bottle
CM817CR;PART;CM817*;;CM817*;p-8852-powder-coated-travel-water-bottle
CM817DB;PART;CM817*;;CM817*;p-8852-powder-coated-travel-water-bottle
CM817GR;PART;CM817*;;CM817*;p-8852-powder-coated-travel-water-bottle
CM817GY;PART;CM817*;;CM817*;p-8852-powder-coated-travel-water-bottle
CM817LB;PART;CM817*;;CM817*;p-8852-powder-coated-travel-water-bottle
CM817LP;PART;CM817*;;CM817*;p-8852-powder-coated-travel-water-bottle
CM817MR;PART;CM817*;;CM817*;p-8852-powder-coated-travel-water-bottle
CM817OR;PART;CM817*;;CM817*;p-8852-powder-coated-travel-water-bottle
CM817PK;PART;CM817*;;CM817*;p-8852-powder-coated-travel-water-bottle
CM817PU;PART;CM817*;;CM817*;p-8852-powder-coated-travel-water-bottle
CM817RD;PART;CM817*;;CM817*;p-8852-powder-coated-travel-water-bottle
CM817TL;PART;CM817*;;CM817*;p-8852-powder-coated-travel-water-bottle
CM817WH;PART;CM817*;;CM817*;p-8852-powder-coated-travel-water-bottle
CM817YW;PART;CM817*;;CM817*;p-8852-powder-coated-travel-water-bottle
CM818BK;PART;CM818*;;CM818*;p-8852-powder-coated-travel-water-bottle
CM818BL;PART;CM818*;;CM818*;p-8852-powder-coated-travel-water-bottle
CM818CR;PART;CM818*;;CM818*;p-8852-powder-coated-travel-water-bottle
CM818DB;PART;CM818*;;CM818*;p-8852-powder-coated-travel-water-bottle
CM818GR;PART;CM818*;;CM818*;p-8852-powder-coated-travel-water-bottle
CM818GY;PART;CM818*;;CM818*;p-8852-powder-coated-travel-water-bottle
CM818LB;PART;CM818*;;CM818*;p-8852-powder-coated-travel-water-bottle
CM818LP;PART;CM818*;;CM818*;p-8852-powder-coated-travel-water-bottle
CM818MR;PART;CM818*;;CM818*;p-8852-powder-coated-travel-water-bottle
CM818OR;PART;CM818*;;CM818*;p-8852-powder-coated-travel-water-bottle
CM818PK;PART;CM818*;;CM818*;p-8852-powder-coated-travel-water-bottle
CM818PU;PART;CM818*;;CM818*;p-8852-powder-coated-travel-water-bottle
CM818RD;PART;CM818*;;CM818*;p-8852-powder-coated-travel-water-bottle
CM818TL;PART;CM818*;;CM818*;p-8852-powder-coated-travel-water-bottle
CM818WH;PART;CM818*;;CM818*;p-8852-powder-coated-travel-water-bottle
CM818YW;PART;CM818*;;CM818*;p-8852-powder-coated-travel-water-bottle
CM822BL;ORPHAN;CM822BL;;;p-8901-water-bottle-carabiner-small
CM822GR;ORPHAN;CM822GR;;;p-8902-water-bottle-carabiner-large
CM822OR;ORPHAN;CM822OR;;;p-8902-water-bottle-carabiner-large
CM822PU;ORPHAN;CM822PU;;;p-8902-water-bottle-carabiner-large
CM822RD;ORPHAN;CM822RD;;;p-8902-water-bottle-carabiner-large
CM824BS;PART;CM824;;CM824;p-8671-engraved-leatherette-jewelry-box
CM824BV;PART;CM824;;CM824;p-8671-engraved-leatherette-jewelry-box
CM824DB;ORPHAN;CM824DB;;;p-8671-engraved-leatherette-jewelry-box
CM824GY;ORPHAN;CM824GY;;;p-8671-engraved-leatherette-jewelry-box
CM824PK;ORPHAN;CM824PK;;;p-8671-engraved-leatherette-jewelry-box
CM824RD;ORPHAN;CM824RD;;;p-8671-engraved-leatherette-jewelry-box
CM824RV;ORPHAN;CM824RV;;;p-8671-engraved-leatherette-jewelry-box
CM824RW;ORPHAN;CM824RW;;;p-8671-engraved-leatherette-jewelry-box
CM824TL;ORPHAN;CM824TL;;;p-8671-engraved-leatherette-jewelry-box
CM825;PRODUCT;CM825;Stainless Steel Whiskey Stone Gift Set In Bamboo ;;p-8686-stainless-steel-whiskey-stone-gift-set-in-bamboo-case
CM826BS;PART;CM826;;CM826;p-8672-engraved-leatherette-wallet-wstrap
CM826BV;ORPHAN;CM826BV;;;p-8672-engraved-leatherette-wallet-wstrap
CM826DB;ORPHAN;CM826DB;;;p-8672-engraved-leatherette-wallet-wstrap
CM826GY;ORPHAN;CM826GY;;;p-8672-engraved-leatherette-wallet-wstrap
CM826PK;ORPHAN;CM826PK;;;p-8672-engraved-leatherette-wallet-wstrap
CM826PU;ORPHAN;CM826PU;;;p-8672-engraved-leatherette-wallet-wstrap
CM826RV;ORPHAN;CM826RV;;;p-8672-engraved-leatherette-wallet-wstrap
CM826RW;ORPHAN;CM826RW;;;p-8672-engraved-leatherette-wallet-wstrap
CM826TL;ORPHAN;CM826TL;;;p-8672-engraved-leatherette-wallet-wstrap
CM826WH;ORPHAN;CM826WH;;;p-8672-engraved-leatherette-wallet-wstrap
D1036B;ORPHAN;D1036B;;;p-8109-magnetic-entrapment-award
DA01;ORPHAN;DA01;;;p-8053-gold-metal-trophy-cup
DCC0500A;PART;DCC0500;;DCC0500;p-5348-3-layer-multi-dimensional-digi-color-award
DCC0500B;PART;DCC0500;;DCC0500;p-5348-3-layer-multi-dimensional-digi-color-award
DCC0501A;PRODUCT;DCC0501A;2-Layer Multi-Dimensional Digi-Color Award;;p-5334-2-layer-multi-dimensional-digi-color-award
DCC0501B;PRODUCT;DCC0501B;2-Layer Multi-Dimensional Digi-Color Award;;p-5334-2-layer-multi-dimensional-digi-color-award
DCC0504;PRODUCT;DCC0504;Oval Triple Layer Cutout on Base;;p-6152-oval-triple-layer-cutout-award-on-base
DCC0812A;ORPHAN;DCC0812A;;;p-5700-full-color-free-standing-lucite-block
DCC0812B;ORPHAN;DCC0812B;;;p-5700-full-color-free-standing-lucite-block
DCC0812C;ORPHAN;DCC0812C;;;p-5700-full-color-free-standing-lucite-block
DCC0813A;ORPHAN;DCC0813A;;;p-5700-full-color-free-standing-lucite-block
DCC0813B;ORPHAN;DCC0813B;;;p-5700-full-color-free-standing-lucite-block
DCC0813C;ORPHAN;DCC0813C;;;p-5700-full-color-free-standing-lucite-block
DCC3001BWN;PART;DCC3001B*;;DCC3001BEB;p-8730-choice-of-digi-large
DCC3001CEB;PRODUCT;DCC3001C*;Choice of Digi-Color Plate on Economy Board;DCC3001CWN;p-7912-choice-of-digi-medium
DCC3001CWN;PRODUCT;DCC3001C*;Choice of Digi-Color Plate on Economy Board;DCC3001CEB;p-6327-walnut-finish-plaque-w-choice-of-plate-board
DCC3001DWN;PRODUCT;DCC3001D*;Choice of Digi-Color Plate on Economy Board;DCC3001DEB;p-6327-walnut-finish-plaque-w-choice-of-plate-board
DCC3001EWN;PRODUCT;DCC3001E*;Choice of Digi-Color Plate on Economy Board;DCC3001EEB;p-6327-walnut-finish-plaque-w-choice-of-plate-board
DCCD226B;ORPHAN;DCCD226B;;;p-6311-thick-beveled-paperweight-award
DCCD332A;PART;DCCD332;;DCCD332;p-5406-beveled-circle-award-with-digital-color
DCCD332B;PART;DCCD332;;DCCD332;p-5406-beveled-circle-award-with-digital-color
DCCD332C;PART;DCCD332;;DCCD332;p-5406-beveled-circle-award-with-digital-color
DCCD424ACU;PRODUCT;DCCD424**;Medium Digi-Color Lucite Award;DCCD424ARB;p-5678-large-rectangular-custom-digi-color-lucite-award
DCCD424ARB;PRODUCT;DCCD424**;Medium Digi-Color Lucite Award;DCCD424ACU;p-8160-rectangular-digi-color-lucite-ribbon-award
DCCD424BCU;PRODUCT;DCCD424B;Medium Digi-Color Lucite Award;;p-5678-large-rectangular-custom-digi-color-lucite-award
DCCD424BRB;PRODUCT;DCCD425**;Large Digi-Color Lucite Award;;p-8160-rectangular-digi-color-lucite-ribbon-award
DCCD520DEB;PART;DCCD520;;DCCD520;p-7984-ebony-piano-finish-plaque
DCCD520DGA;PART;DCCD520;;DCCD520;p-8730-choice-of-digi-large
DCCD520DRW;PART;DCCD520;;DCCD520;p-8730-choice-of-digi-large
DCCD520DWN;PART;DCCD520;;DCCD520;p-8730-choice-of-digi-large
DCCD520EEB;PART;DCCD520;;DCCD520;p-5711-ebony-finish-plaque-with-choice-of-plate-and-board
DCCD520EGA;PART;DCCD520;;DCCD520;p-8729-choice-of-digi-small
DCCD520ERW;PART;DCCD520;;DCCD520;p-8729-choice-of-digi-small
DCCD520EWN;PART;DCCD520;;DCCD520;p-8729-choice-of-digi-small
DCCD943A;ORPHAN;DCCD943A;;;p-8732-clear-acrylic-circle-on-clear-base-award
DCCD943B;ORPHAN;DCCD943B;;;p-8732-clear-acrylic-circle-on-clear-base-award
DCCD943C;ORPHAN;DCCD943C;;;p-8732-clear-acrylic-circle-on-clear-base-award
DCCD944A;PART;DCCD944;;DCCD944;p-6342-white-wood-beveled-edge-block
DCCD944B;PART;DCCD944;;DCCD944;p-6342-white-wood-beveled-edge-block
DCCD944C;PART;DCCD944;;DCCD944;p-6342-white-wood-beveled-edge-block
DCGI35;ORPHAN;DCGI35;;;p-5942-jade-glass-octagon-on-base-w-digi
DCGI36;ORPHAN;DCGI36;;;p-5941-jade-glass-oblong-octagon-award-trophy
DCGI496A;ORPHAN;DCGI496A;;;p-5937-jade-glass-circle-award
DCGI496B;ORPHAN;DCGI496B;;;p-5937-jade-glass-circle-award
DCGI527A;ORPHAN;DCGI527A;;;p-5945-jade-glass-slant-peak-award-trophy
DCGI527B;ORPHAN;DCGI527B;;;p-5945-jade-glass-slant-peak-award-trophy
DCGI527C;ORPHAN;DCGI527C;;;p-5945-jade-glass-slant-peak-award-trophy
DCGI540A;ORPHAN;DCGI540A;;;p-5664-crystal-tablets-with-digi-medium
DCGI540B;ORPHAN;DCGI540B;;;p-5663-crystal-tablets-with-digi-color-award
DCGI540C;ORPHAN;DCGI540C;;;p-5662-crystal-tablets-with-digi-awards
DCGI541A;PART;DCGI541;;DCGI541;p-5418-beveled-digi-medium-award
DCGI541B;PART;DCGI541;;DCGI541;p-5418-beveled-digi-medium-award
DCGM446A;ORPHAN;DCGM446A;;;p-5948-jade-glass-tablet-award-plaque
DCGM446B;ORPHAN;DCGM446B;;;p-5948-jade-glass-tablet-award-plaque
DCGM446C;ORPHAN;DCGM446C;;;p-5948-jade-glass-tablet-award-plaque
DCGM448;ORPHAN;DCGM448;;;p-5637-crystal-card-paperweight-w-digi
EP10;PRODUCT;EP10;Raised Lucite Silver Swirl 12-Plt Plaque  with Easy Perpetual Plate Release Program;;p-8855-raised-lucite-silver-swirl-perpetual-plaque
EP10PKG;PRODUCT;EP10PKG;"Raised Lucite Silver Swirl 12-Plt Plaque  with Easy Perpetual Plate Release Program and 12 Individual 5"" x 7"" Companion Plaques";;p-8855-raised-lucite-silver-swirl-perpetual-plaque
EP11;PRODUCT;EP11;Clear Acrylic EZ Perpetual;;p-7916-clear-acrylic-ez-perpetual-plaque
EP2;PRODUCT;EP2;Walnut Finish 13-Plt Scroll Border Photo Plaque  with Easy Perpetual Plate Release Program;;p-8900-scroll-border-photo-plaque
EP20PKG;ORPHAN;EP20PKG;;;p-8894-turquoise-and-stone-lucite-13-plate-photo-plaque
EP21;PRODUCT;EP21;Turquoise and Stone Background Lucite 12-Plt Plaque with Easy Perpetual Plate Release Program;;p-6315-turquoise-and-stone-background-lucite-perpetual-plaque
EP22;PRODUCT;EP22;Blue Steel Background Beveled Lucite 12-Plt Plaque  with Easy Perpetual Plate Release Program;;p-5518-blue-steel-background-beveled-lucite-perpetual-plaque
EP22PKG;PRODUCT;EP22PKG;"Blue Steel Background Beveled Lucite 12-Plt Plaque  with Easy Perpetual Plate Release Program and 12 Individual 4"" x 6"" Companion Plaques";;p-8721-blue-steel-beveled-lucite
EP23;PRODUCT;EP23;Crimson Border Beveled Lucite 12-Plt Plaque  with Easy Perpetual Plate Release Program;;p-8736-crimson-border-beveled-lucite
EP23PKG;ORPHAN;EP23PKG;;;p-8736-crimson-border-beveled-lucite
EP25;PRODUCT;EP25;Blue Steel Contoured Lucite 12-Plt Award on Base with Easy Perpetual Plate Release Program;;p-8722-blue-steel-contoured-lucite
EP25PKG;ORPHAN;EP25PKG;;;p-8722-blue-steel-contoured-lucite
EP2PK;PRODUCT;EP2PK;"Walnut Finish 13-Plt Scroll Border Photo Plaque  with Easy Perpetual Plate Release Program and 12 Individual 5"" x 7"" Companion Plaques";;p-8900-scroll-border-photo-plaque
EP5;PRODUCT;EP5;Rosewood Piano Finish 12-Plt Pearl Border Plaque  with Easy Perpetual Plate Release Program;;p-8863-rosewood-12-plate-perpetual-plaque
EP9;PRODUCT;EP9;Ebony Finish 12-Plt Layered Blue and Silver Border Plaque  with Easy Perpetual Plate Release Program;;p-8831-ebony-finish-12-plt-layered-blue-and-silver-border-plaque-with-easy-perpetual-plate-release-program
EP9PK;PRODUCT;EP9PK;"Ebony Finish 12-Plt Layered Blue and Silver Border Plaque  with Easy Perpetual Plate Release Program  and 12 Individual 5"" x 7"" Companion Plaques";;p-8831-ebony-finish-12-plt-layered-blue-and-silver-border-plaque-with-easy-perpetual-plate-release-program
G0500A;PART;G0500;;G0500;p-8182-slant-top-vase
G0500B;PART;G0500;;G0500;p-8182-slant-top-vase
G0500C;PART;G0500;;G0500;p-8182-slant-top-vase
G0606;PRODUCT;G0606;Starphire Glass/Aluminum Levels Award  (Aluminum Achievement Bars Sold Separately);;p-6286-starphire-glassaluminum-levels-award
G0617;PRODUCT;G0617;Glass Domed Paperweight;;p-6175-prestigious-paperweights-glass-domed
G0655A;PRODUCT;G0655A;Ebony Piano Finish Board with Raised Starphire Glass;;p-5707-ebony-plaque-with-raised-starphire-glass
G0655B;PRODUCT;G0655B;Ebony Piano Finish Board with Raised Starphire Glass;;p-5707-ebony-plaque-with-raised-starphire-glass
G0656A;PRODUCT;G0656A;Rosewood Piano Finish Board with Raised Starphire Glass;;p-6215-rosewood-plaque-w-raised-starphire-glass
G0656B;PRODUCT;G0656B;Rosewood Piano Finish Board with Raised Starphire Glass;;p-6215-rosewood-plaque-w-raised-starphire-glass
G0661A;PART;G0661;;G0661;p-8073-jade-glass-rectangle-on-base
G0661B;PART;G0661;;G0661;p-8073-jade-glass-rectangle-on-base
G0713A;PRODUCT;G0713A;Optic Crystal Globe on Base - Small;;p-6119-optic-crystal-globe-on-base-award-trophy
G0713B;PRODUCT;G0713B;Optic Crystal Globe on Base - Medium;;p-6119-optic-crystal-globe-on-base-award-trophy
G0713C;PRODUCT;G0713C;Optic Crystal Globe on Base - Large;;p-6118-large-optic-crystal-globe-award-trophy
G0976;PRODUCT;G0976;Jade Glass Triangle Vase;;p-5949-jade-glass-triangle-vase
G0982;PRODUCT;G0982;Clear Glass Sculpted Ice Vase;;p-5599-clear-glass-sculpted-ice-vase
G0983;PRODUCT;G0983;Clear Glass Box;;p-5598-clear-glass-box
G0984;PRODUCT;G0984;Faceted Crystal Heart Paperweight;;p-5725-faceted-crystal-heart-paperweight
G0985A;PART;G0985;;G0985;p-7983-ebony-piano-finish-plaque-with-raised-glass
G0985B;PART;G0985;;G0985;p-7983-ebony-piano-finish-plaque-with-raised-glass
G0986A;PART;G0986;;G0986;p-8164-rosewood-piano-finish-board-with-raised-glass
G0986B;PART;G0986;;G0986;p-8164-rosewood-piano-finish-board-with-raised-glass
G0987A;ORPHAN;G0987A;;;p-7880-black-glass-arrowhead
G0987B;ORPHAN;G0987B;;;p-7880-black-glass-arrowhead
G0987C;ORPHAN;G0987C;;;p-7880-black-glass-arrowhead
G0988A;PART;G0988;;G0988;p-7939-clear-vase
G0988B;PART;G0988;;G0988;p-7939-clear-vase
G0989A;ORPHAN;G0989A;;;p-7920-clear-angular-vase
G0989B;ORPHAN;G0989B;;;p-7920-clear-angular-vase
G0990;PRODUCT;G0990;9 oz. Stemless Wine Glass;;p-8663-9-oz-stemless-wine-glass
G0991;PRODUCT;G0991;15 oz. Stemless Wine Glass;;p-8657-15-oz-stemless-wine-glass
G0992;PRODUCT;G0992;16 oz. Pint Mixing Glass;;p-8659-16-oz-pint-mixing-glass
G0993;ORPHAN;G0993;;;p-8658-16-oz-pilsner-glass
G0994;PRODUCT;G0994;16 oz. Willi Becher Beer Glass;;p-8660-16-oz-willi-becher-beer-glass
G0995;PRODUCT;G0995;8 oz. Champagne Flute;;p-8662-8-oz-champagne-flute
G0996;PRODUCT;G0996; 19 oz. Wine Glass;;p-8661-19-oz-wine-glass
G0999A;ORPHAN;G0999A;;;p-7879-black-glass-pinnacle-award
G0999B;ORPHAN;G0999B;;;p-7879-black-glass-pinnacle-award
G0999C;ORPHAN;G0999C;;;p-7879-black-glass-pinnacle-award
G1000;ORPHAN;G1000;;;p-8674-large-crystal-triangular-votive-holder
G1001BK;ORPHAN;G1001BK;;;p-8667-black-crystal-triangular-votive-holder
G1001BL;ORPHAN;G1001BL;;;p-8668-blue-crystal-triangular-votive-holder
G1001WH;ORPHAN;G1001WH;;;p-8690-white-crystal-triangular-votive-holder
GI01;PRODUCT;GI01;Majestic Optic Crystal Executive Tower;;p-6117-optic-crystal-executive-tower-award
GI04;PRODUCT;GI04;Optic Crystal Circle with Blue Gemstone Base;;p-6109-optic-crystal-circle-award-with-blue-gemstone-base
GI05;PRODUCT;GI05;Optic Crystal Rectangle with Blue Gemstone Base;;p-6129-optic-crystal-rectangle-award-with-blue-gemstone-base
GI09;PRODUCT;GI09;Optic Crystal Rising Star on Glass Base;;p-6212-rising-star-on-glass-base
GI18;PRODUCT;GI18;Blue and Optic Crystal Peak on Aluminum Base  (Includes Sandblast in 2 Locations and Silver Color-Fill on Blue Glass);;p-5469-blue-optic-crystal-peak-on-base
GI204;PRODUCT;GI204;Tear Drop Art Glass on Black Glass Base (Includes Silver Color-Fill on Base Only);;p-5876-black-tear-drop-art-glass-award-on-glass-base
GI206;PRODUCT;GI206;Spiral Art Glass on Black Glass Base  (Includes Silver Color-Fill on Base);;p-5390-art-glass-green-spiral-on-black-glass-base-award
GI213;PRODUCT;GI213;Beveled Freeform Blue and Optic Crystal;;p-5419-beveled-freeform-blue-and-optic-crystal-award
GI215;PRODUCT;GI215;Deep Beveled Optic Crystal  with Thick Honey Gold Glass Accent;;p-5415-beveled-crystal-w-gold-glass-accent
GI23A;PRODUCT;GI23;Optic Crystal Octagon Tower - Small;;p-8836-octagon-tower
GI23B;PRODUCT;GI23B;Optic Crystal Octagon Tower - Medium;;p-8836-octagon-tower
GI23C;PRODUCT;GI23C;Optic Crystal Octagon Tower - Large;;p-8836-octagon-tower
GI26A;PRODUCT;GI26A;Optic Crystal Obelisk - Medium;;p-6123-optic-crystal-obelisk
GI26B;PRODUCT;GI26B;Optic Crystal Obelisk - Large;;p-6123-optic-crystal-obelisk
GI27A;PRODUCT;GI27A;Starphire Glass with Brushed Silver Base- Medium;;p-5671-diamond-glass-award-on-chrome-base
GI27B;PRODUCT;GI27B;Starphire Glass with Brushed Silver Base- Large;;p-5671-diamond-glass-award-on-chrome-base
GI29A;PART;GI29;;GI29;p-6143-optic-crystal-wedge-award-trophy
GI29B;PART;GI29;;GI29;p-6143-optic-crystal-wedge-award-trophy
GI29C;PART;GI29;;GI29;p-6143-optic-crystal-wedge-award-trophy
GI29D;PART;GI29;;GI29;p-8123-optic-crystal-wedge-award-large
GI306;ORPHAN;GI306;;;p-8892-the-noir-glass-dome-on-black-glass-base
GI307;PRODUCT;GI307;The Noir Glass Wave on Black Glass Base;;p-8893-the-noir-glass-wave-on-black-glass-base
GI309;PRODUCT;GI309;Blue and Optic Crystal Arches (Includes Silver Color-Fill - Oval Date Bars Sold Separately);;p-8713-blue-and-optic-crystal-arches
GI30A;PRODUCT;GI30A;Optic Crystal Circular Wedge;;p-8838-optic-crystal-circular-wedge-award
GI30B;PRODUCT;GI30B;Optic Crystal Circular Wedge;;p-8838-optic-crystal-circular-wedge-award
GI30C;PRODUCT;GI30C;Optic Crystal Circular Wedge;;p-8838-optic-crystal-circular-wedge-award
GI31;PRODUCT;GI31;Optic Crystal Oval Paperweight;;p-6174-prestigious-optic-crystal-oval-paperweight
GI310;PRODUCT;GI310;Blue and Optic Crystal Beveled Glass Towers (Includes 1 Glass Bar with Silver Color-Fill);;p-5470-blue-and-crystal-beveled-glass-towers
GI311BAR;PRODUCT;GI311BAR;Blue Glass Bar with Silver Color-Fill (Includes FREE Text Set-up);GI311BARK;p-5498-blue-glass-bar-with-silver-color
GI32;PRODUCT;GI32;Optic Crystal Rectangular Paperweight;;p-6155-paperweight-optic-crystal-rectangular-award
GI322;PRODUCT;GI322;Blue and Optic Crystal Peak on Aluminum Base  (Includes Silver Color-Fill - Date Tabs Sold Separately);;p-5468-blue-optic-crystal-peak-perpetual-award
GI35;PRODUCT;GI35;Jade Glass Octagon on Base;;p-5951-jade-impressions-octagon-on-base
GI36;PRODUCT;GI36;Jade Glass Oblong Octagon on Base;;p-8072-jade-glass-oblong-octagon-on-base
GI489;PRODUCT;GI489;Optic Crystal Tapered Star Tower;;p-6135-optic-crystal-star-tapered-tower-award
GI491A;PRODUCT;G0680;Optic Crystal Rectangle - Medium;;p-8840-optic-crystal-rectangle-award
GI491B;PRODUCT;GI491B;Optic Crystal Rectangle - Large;;p-8840-optic-crystal-rectangle-award
GI491C;PRODUCT;GI491;Optic Crystal Billboard;;p-8837-optic-crystal-billboard
GI493;PRODUCT;GI493;Optic Crystal Bullnose Rectangle;;p-6106-optic-crystal-bullnose-rectangle
GI496A;PRODUCT;GI496A;Jade Glass Circle on Base - Medium;;p-5936-jade-glass-circle-on-base
GI496B;PRODUCT;GI496B;Jade Glass Circle on Base - Large;;p-5936-jade-glass-circle-on-base
GI498;PRODUCT;GI498;Blue and Optic Crystal Victory Award;;p-5472-blue-and-optic-crystal-victory-award
GI50;PRODUCT;GI50;Optic Crystal Pentagon Tower;;p-6127-optic-crystal-pentagon-tower
GI51;PRODUCT;GI51;Optic Crystal Vertex Tower;;p-6140-optic-crystal-vertex-tower
GI512AB;PART;GI512;;GI512;p-5523-blue-vibrant-gemstone-award
GI512AGO;ORPHAN;GI512AGO;;;p-5903-gold-vibrant-gemstone-award
GI512AGR;PART;GI512;;GI512;p-8769-green-vibrant-gemstone-award
GI512BB;PART;GI512;;GI512;p-5523-blue-vibrant-gemstone-award
GI512BGO;ORPHAN;GI512BGO;;;p-5903-gold-vibrant-gemstone-award
GI512BGR;PART;GI512;;GI512;p-8769-green-vibrant-gemstone-award
GI513AB;PART;GI513A;;GI513A;p-5509-blue-optic-crystal-gemstone-award
GI513AGO;ORPHAN;GI513AGO;;;p-5895-gold-optic-crystal-gemstone-award
GI513AGR;PART;GI513A;;GI513A;p-8768-green-optic-crystal-gemstone-award
GI513BB;PART;GI513B;;GI513B;p-5509-blue-optic-crystal-gemstone-award
GI513BGO;ORPHAN;GI513BGO;;;p-5895-gold-optic-crystal-gemstone-award
GI513BGR;PART;GI513B;;GI513B;p-8768-green-optic-crystal-gemstone-award
GI513CB;PART;GI513C;;GI513C;p-5509-blue-optic-crystal-gemstone-award
GI513CGO;ORPHAN;GI513CGO;;;p-5895-gold-optic-crystal-gemstone-award
GI513CGR;PART;GI513C;;GI513C;p-8768-green-optic-crystal-gemstone-award
GI514;PRODUCT;GI514;Curved Beveled-Top Crystal on Beveled Base;;p-5677-curved-beveled-top-crystal-award-on-base
GI515B;PART;GI515;;GI515;p-5484-blue-curved-beveled
GI515BK;PART;GI515;;GI515;p-5433-black-curved-beveled
GI515GR;PART;GI515;;GI515;p-8765-green-curved-beveled
GI524A;PRODUCT;GI524A;Optic Crystal Reaching Arch on Black Glass Base - Small;;p-5648-crystal-reaching-arch-award-on-glass-base
GI524B;PRODUCT;GI524B;Optic Crystal Reaching Arch on Black Glass Base - Large;;p-5648-crystal-reaching-arch-award-on-glass-base
GI527A;PRODUCT;GI527A;Jade Glass Slant Peak on Base - Small;;p-5944-jade-glass-slant-peak-on-base-award-trophy
GI527B;PRODUCT;GI527B;Jade Glass Slant Peak on Base - Medium;;p-5944-jade-glass-slant-peak-on-base-award-trophy
GI527C;PRODUCT;GI527C;Jade Glass Slant Peak on Base - Large;;p-5944-jade-glass-slant-peak-on-base-award-trophy
GI530;PRODUCT;GI530;Optic Crystal Arched Wedge;;p-6104-optic-crystal-arched-wedge
GI540A;PRODUCT;GI540A;Crystal Tablet - Small;;p-5660-crystal-tablet-medium
GI540B;PRODUCT;GI540B;Crystal Tablet - Medium;;p-5659-crystal-tablet-large
GI540C;PRODUCT;GI540C;Crystal Tablet - Large;;p-5658-crystal-tablet-small
GI567;PRODUCT;GI567;Round Clear Glass Paperweight;;p-5661-crystal-tablets-round-glass-paperweight
GI568;ORPHAN;GI568;;;p-5392-art-glass-vases-distinctive-glass-glazed
GI569;ORPHAN;GI569;;;p-5391-art-glass-vases-brilliant-red-centerpiece
GI581A;ORPHAN;GI581A;;;p-6116-optic-crystal-dome-wedge-award-trophy
GI581B;PART;GI581;;GI581;p-6116-optic-crystal-dome-wedge-award-trophy
GI582MC;ORPHAN;GI582MC;;;p-6261-slant-front-crystal-award-with-compass-medallion
GI582MG;ORPHAN;GI582MG;;;p-6263-slant-front-crystal-award-with-globe-medallion
GI582MS;ORPHAN;GI582MS;;;p-6265-slant-front-crystal-award-with-star-medallion
GI582YD;ORPHAN;GI582YD;;;p-6262-slant-front-crystal-with-logo-medallion
GI582YL;ORPHAN;GI582YL;;;p-6264-slant-front-crystal-with-lasered-black-disc-logo-medallion
GI583M;PRODUCT;GI583M;Carved Clear Crystal on Black Base with Choice of Medallion (Includes Silver Color-Fill on Black);;p-5546-carved-clear-crystal-on-black-base-with-compass-medallion
GI583MS;PART;GI583M;;GI583M;p-5548-carved-clear-crystal-on-black-base-with-star-medallion-includes-silver-color
GI583YD;PART;GI583Y;;GI583Y;p-5544-carved-clear-crystal-on-black-base-wdigi
GI583YL;PART;GI583Y;;GI583Y;p-5545-carved-clear-crystal-award-on-black-base-with-logo-medallion
GI584AYD;ORPHAN;GI584AYD;;;p-8742-crystal-tablet-with-digi-large
GI584BYD;ORPHAN;GI584BYD;;;p-8741-crystal-tablet-with-digi-small
GI585;ORPHAN;GI585;;;p-5905-gray-art-glass-vase
GI586BK;PRODUCT;GI586*;Two-Tone Crescent Curved Glass  (Includes Silver Color-Fill on Black/Blue);GI586BL;p-6317-clear-and-black-crescent-curved-glass-award-trophy
GI586BL;PRODUCT;GI586*;Two-Tone Crescent Curved Glass  (Includes Silver Color-Fill on Black/Blue);GI586BK;p-8896-two-tone-clear-and-blue-crescent-curved-glass-includes-silver-color
GI594;PRODUCT;GI594;Optic Crystal with Blue Crystal Accent;;p-6145-optic-crystal-award-with-blue-crystal-accent
GI595BK;PART;GI595;;GI595;p-5600-clear-glass-with-bold-black-crystal-accent
GI595BL;PART;GI595;;GI595;p-8733-clear-glass-with-bold-blue-crystal-accent
GI595GR;PART;GI595;;GI595;p-8734-clear-glass-with-bold-green-crystal-accent
GI595RE;PART;GI595;;GI595;p-5603-clear-glass-with-bold-red-crystal-accent
GI601;PRODUCT;GI601;Sweeping Curved Glass;;p-6300-sweeping-curved-glass-award
GI602BK;PRODUCT;GI602*;Deco Clear Glass with Colorful Glass Accents;GI602BL;p-5681-deco-clear-glass-with-black-glass-accents
GI602BL;PRODUCT;GI602*;Deco Clear Glass with Colorful Glass Accents;GI602BK;p-8750-deco-clear-glass-with-blue-glass-accents
GI603AM;PART;GI603;;GI603;p-5337-3-tier-glass-tower-award-amber
GI603BL;PART;GI603;;GI603;p-5338-3-tier-glass-tower-blue-award
GI604;PRODUCT;GI604;Beveled Glass with Metal Pin;;p-5421-beveled-glass-with-metal-pin-award-trophy
GI606;PRODUCT;GI606;Optic Crystal Tri-Pinnacle Tower (Includes Sandblast in 2 locations - Bars Sold Separately);;p-6138-optic-crystal-tri-pinnacle-award
GI606BARK;PRODUCT;GI606BAR*;Glass Bar with Silver Color-Fill (Includes FREE Sandblast Text Set-up);GI606BARB;p-5434-black-or-blue-glass-perpetual-bar-with-silver-color
GI607;PRODUCT;GI607;Clear and Black Crystal Diamond-Front Tower;;p-5666-crystal-diamond-tower-award
GI608B;PART;GI608;;GI608;p-5668-crystal-towers-w-black-jewel-cut-pillar
GI608W;PART;GI608;;GI608;p-5669-crystal-towers-w-white-jewel-cut-pillar
GI609;PRODUCT;GI609;Clear and Black Crystal Octagon (Includes Sandblast on Clear);;p-6111-optic-crystal-clear-and-black-octagon
GI630A;PART;GI630;;GI630;p-5670-crystal-vase-award
GI630B;PART;GI630;;GI630;p-5670-crystal-vase-award
GI631;PRODUCT;GI631;Crystal Centerpiece Bowl;;p-5639-crystal-centerpiece-bowl-award
GI633;ORPHAN;GI633;;;p-5640-crystal-clear-bowl
GI634;ORPHAN;GI634;;;p-5718-elegant-clear-vase
GI635A;PRODUCT;GI635A;Bold Clear Crystal Wedge - Medium;;p-5526-bold-clear-crystal-wedge-award
GI635B;PRODUCT;GI635B;Bold Clear Crystal Wedge - Large;;p-5526-bold-clear-crystal-wedge-award
GI636W;ORPHAN;GI636W;;;p-6339-white-fluted-vase
GI637;PRODUCT;GI637;Clear Crystal on Base;;p-5594-clear-crystal-on-base-award
GI638CLR;PART;GI638;;GI638;p-5593-clear-crystal-chisel-carve-award
GI638SBK;PART;GI638;;GI638;p-5565-chisel-carved-with-reflective-black-bottom-award
GI638SBL;PART;GI638;;GI638;p-8727-chisel-carved-reflective-blue-bottom-award
GI638SGO;PART;GI638;;GI638;p-5567-chisel-carved-with-reflective-gold-bottom-award
GI638SGR;PART;GI638;;GI638;p-8728-chisel-carved-reflective-green-bottom-award
GI638SRE;PART;GI638;;GI638;p-5569-chisel-carved-with-reflective-red-bottom-award
GI639A;ORPHAN;GI639A;;;p-5647-crystal-iceberg-award-small
GI639B;ORPHAN;GI639B;;;p-5646-crystal-iceberg-award-large
GI643;PRODUCT;GI643;Black and Clear Glass on Black Base;;p-5426-black-and-clear-glass-award-on-black-base
GI644;PRODUCT;GI644;Clear and Blue Glass on Black base;;p-5584-clear-and-blue-glass-award-on-black-base
GI647A;PRODUCT;GI647A;Bold Clear Crystal Facet Oval, Small;;p-8723-bold-clear-crystal-facet-oval
GI647B;PRODUCT;GI647B;Bold Clear Crystal Facet Oval, Med;;p-8723-bold-clear-crystal-facet-oval
GI647C;PRODUCT;GI647C;Bold Clear Crystal Facet Oval;;p-8723-bold-clear-crystal-facet-oval
GI653;ORPHAN;GI653;;;p-5597-clear-glass-bonbon-bowl-with-lid
GI654A;PART;GI654;;GI654;p-5483-blue-crescent-glass-award-on-black-oval-glass-base
GI654B;PART;GI654;;GI654;p-5483-blue-crescent-glass-award-on-black-oval-glass-base
GI655;ORPHAN;GI655;;;p-5675-crystal-with-sub
GI656;ORPHAN;GI656;;;p-5513-blue-sail-award-with-clear-panel-on-mirror-and-black-base
GI657;PRODUCT;GI657;Crystal Tablet with Sub-Surface Window;GI657B;p-5657-crystal-tablet-with-subsurface-star-streams-award
GI657B;PRODUCT;GI657;Crystal Tablet with Sub-Surface Window;GI657;p-5657-crystal-tablet-with-subsurface-star-streams-award
GI658;ORPHAN;GI658;;;p-5657-crystal-tablet-with-subsurface-star-streams-award
GI662;PRODUCT;GI662;Black Crystal with Clear Glass;;p-7962-black-crystal-award-with-clear-glass
GI663;PRODUCT;GI663;Clear Crystal Slant Top Half Column on White Jade Base;;p-7927-clear-crystal-slant-top-half-column-on-white-jade-base
GI664A;PART;GI664;;GI664;p-7923-clear-crystal-angular-award-with-amber-center
GI664B;PART;GI664;;GI664;p-7923-clear-crystal-angular-award-with-amber-center
GI664C;PART;GI664;;GI664;p-7923-clear-crystal-angular-award-with-amber-center
GI667;PRODUCT;GI667;Perpetual Tower;;p-8132-perpetual-tower-award
GI668;PRODUCT;GI668;Angular Perpetual;;p-7839-angular-perpetual-award
GI669;PRODUCT;GI669;Slant Bar Perpetual;;p-8179-slant-bar-perpetual-award
GI670;PRODUCT;GI670;Brilliant Ascension;;p-7903-brilliant-ascension-award
GI671A;PART;GI671;;GI671;p-7988-faceted-clear-crystal-with-black-crystal-award
GI671B;PART;GI671;;GI671;p-7988-faceted-clear-crystal-with-black-crystal-award
GI671C;PART;GI671;;GI671;p-7988-faceted-clear-crystal-with-black-crystal-award
GI672B;PART;GI672;;GI672;p-7838-angular-clearblue-glass-award
GI672BK;PART;GI672;;GI672;p-7837-angular-clearblack-glass-award
GI673B;PART;GI673;;GI673;p-7931-clear-crystal-with-blue-black-crystal-accents
GI673BK;PART;GI673;;GI673;p-7930-clear-crystal-with-black-crystal-accents
GI673R;PART;GI673;;GI673;p-7932-clear-crystal-with-red-black-crystal-accents
GI674A;PART;GI674;;GI674;p-7976-diamond-tower
GI674B;PART;GI674;;GI674;p-7976-diamond-tower
GI674C;PART;GI674;;GI674;p-7977-diamond-tower-large
GI675;ORPHAN;GI675;;;p-8148-puzzle-crescent-on-base
GI836BK;PART;GI836;;GI836;p-8670-crystal-triangular-stackable-add
GI836BL;PART;GI836;;GI836;p-8670-crystal-triangular-stackable-add
GI836WH;PART;GI836;;GI836;p-8670-crystal-triangular-stackable-add
GI838A;PART;GI838;;GI838;p-8683-optic-crystal-triad-tower
GI838B;PART;GI838;;GI838;p-8683-optic-crystal-triad-tower
GI839A;PART;GI839;;GI839;p-8680-optic-crystal-diamond-tower-award
GI839B;PART;GI839;;GI839;p-8680-optic-crystal-diamond-tower-award
GI839C;PART;GI839;;GI839;p-8680-optic-crystal-diamond-tower-award
GI840AFL;PART;GI840;;GI840;p-8681-optic-crystal-rectangle-award-with-full-color
GI840ALR;PART;GI840;;GI840;p-8681-optic-crystal-rectangle-award-with-full-color
GI840ASP;PART;GI840;;GI840;p-8681-optic-crystal-rectangle-award-with-full-color
GI840BFL;PART;GI840;;GI840;p-8681-optic-crystal-rectangle-award-with-full-color
GI840BLR;PART;GI840;;GI840;p-8681-optic-crystal-rectangle-award-with-full-color
GI840BSP;PART;GI840;;GI840;p-8681-optic-crystal-rectangle-award-with-full-color
GI840CFL;PART;GI840;;GI840;p-8681-optic-crystal-rectangle-award-with-full-color
GI840CLR;PART;GI840;;GI840;p-8681-optic-crystal-rectangle-award-with-full-color
GI840CSP;PART;GI840;;GI840;p-8681-optic-crystal-rectangle-award-with-full-color
GI842ABL;PART;GI842;;GI842;p-8678-optic-crystal-block-with-stock-color-background
GI842AGR;ORPHAN;GI842AGR;;;p-8678-optic-crystal-block-with-stock-color-background
GI842ARD;ORPHAN;GI842ARD;;;p-8678-optic-crystal-block-with-stock-color-background
GI842BBL;PART;GI842;;GI842;p-8678-optic-crystal-block-with-stock-color-background
GI842BGR;ORPHAN;GI842BGR;;;p-8678-optic-crystal-block-with-stock-color-background
GI842BRD;ORPHAN;GI842BRD;;;p-8678-optic-crystal-block-with-stock-color-background
GI842CBL;PART;GI842;;GI842;p-8678-optic-crystal-block-with-stock-color-background
GI842CGR;ORPHAN;GI842CGR;;;p-8678-optic-crystal-block-with-stock-color-background
GI842CRD;ORPHAN;GI842CRD;;;p-8678-optic-crystal-block-with-stock-color-background
GI843ABL;PART;GI843;;GI843;p-8684-optic-crystal-wedge-with-colorful-wave-design
GI843AGR;PART;GI843;;GI843;p-8684-optic-crystal-wedge-with-colorful-wave-design
GI843ARD;PART;GI843;;GI843;p-8684-optic-crystal-wedge-with-colorful-wave-design
GI843BBL;PART;GI843;;GI843;p-8684-optic-crystal-wedge-with-colorful-wave-design
GI843BGR;PART;GI843;;GI843;p-8684-optic-crystal-wedge-with-colorful-wave-design
GI843BRD;PART;GI843;;GI843;p-8684-optic-crystal-wedge-with-colorful-wave-design
GI843CBL;PART;GI843;;GI843;p-8684-optic-crystal-wedge-with-colorful-wave-design
GI843CGR;PART;GI843;;GI843;p-8684-optic-crystal-wedge-with-colorful-wave-design
GI843CRD;PART;GI843;;GI843;p-8684-optic-crystal-wedge-with-colorful-wave-design
GI843DBL;PART;GI843;;GI843;p-8684-optic-crystal-wedge-with-colorful-wave-design
GI843DGR;PART;GI843;;GI843;p-8684-optic-crystal-wedge-with-colorful-wave-design
GI843DRD;PART;GI843;;GI843;p-8684-optic-crystal-wedge-with-colorful-wave-design
GI847;ORPHAN;GI847;;;p-8679-optic-crystal-diamond-on-base
GM401A;PART;GM401;;GM401;p-5630-cornerstone-excellence-optic-crystal-award
GM401B;PART;GM401;;GM401;p-5630-cornerstone-excellence-optic-crystal-award
GM401C;PART;GM401;;GM401;p-5630-cornerstone-excellence-optic-crystal-award
GM405A;PART;GM405;;GM405;p-5667-crystal-towers-cup-shaped-trophy
GM405B;PART;GM405;;GM405;p-5667-crystal-towers-cup-shaped-trophy
GM405C;PART;GM405;;GM405;p-5667-crystal-towers-cup-shaped-trophy
GM410A;PRODUCT;GM410A;Diamond on Base - Small;;p-5395-ashbourne-series-diamond-on-base
GM410B;PRODUCT;GM410B;Diamond on Base - Medium;;p-5395-ashbourne-series-diamond-on-base
GM410C;PRODUCT;GM410C;Diamond on Base - Large;;p-5395-ashbourne-series-diamond-on-base
GM411A;PRODUCT;GM411A;Deep Beveled Back on Base - Small;;p-5683-deep-beveled-back-on-base
GM411B;PRODUCT;GM411B;Deep Beveled Back on Base - Medium;;p-5683-deep-beveled-back-on-base
GM411C;PRODUCT;GM411C;Deep Beveled Back on Base - Large;;p-5683-deep-beveled-back-on-base
GM413A;PART;GM413;;GM413;p-5730-florence-series-faceted-oval-crystal-large
GM413B;PART;GM413;;GM413;p-5730-florence-series-faceted-oval-crystal-large
GM413C;PART;GM413;;GM413;p-5729-florence-series-faceted-oval-crystal-small
GM422B;PRODUCT;GM422B;Optic Crystal with Blue Glass Pillars - Medium;;p-6146-optic-crystal-with-blue-glass-pillars
GM422C;PRODUCT;GM422C;Optic Crystal with Blue Glass Pillars - Large;;p-6146-optic-crystal-with-blue-glass-pillars
GM428;PRODUCT;GM428;Optic Crystal Spotlight Tower on Black Glass Base (Includes Sandblast in 2 Locations and Silver Color-Fill on Base);;p-6132-optic-crystal-spotlight-tower-on-glass-base
GM429;PRODUCT;GM429;Optic Crystal Diamond Spires on Black Glass Base (Includes Silver Color-Fill on Base);;p-5642-crystal-diamond-spires-on-black-glass-base
GM435B;PRODUCT;GM435B;Indigo Stream Art Glass - Medium (Includes Silver Color-Fill on Base Only);;p-5873-glass-droplets-indigo-stream-art-glass-award
GM435C;PRODUCT;GM435C;Indigo Stream Art Glass - Large (Includes Silver Color-Fill on Base Only);;p-5873-glass-droplets-indigo-stream-art-glass-award
GM442A;PRODUCT;GM442A;Premium Jade Glass Flame on Base - Small;;p-5959-laser-etched-premium-flame-on-base
GM442B;PRODUCT;GM442B;Premium Jade Glass Flame on Base - Medium;;p-5959-laser-etched-premium-flame-on-base
GM442C;PRODUCT;GM442C;Premium Jade Glass Flame on Base - Large;;p-5959-laser-etched-premium-flame-on-base
GM444A;PRODUCT;GM444A;Premium Jade Glass Octagon on Base - Small;;p-5961-laser-etched-premium-octagon-on-base-large
GM444B;PRODUCT;GM444B;Premium Jade Glass Octagon on Base - Medium;;p-5960-laser-etched-premium-octagon-on-base-small
GM444C;PRODUCT;GM444C;Premium Jade Glass Octagon on Base - Large;;p-5960-laser-etched-premium-octagon-on-base-small
GM446A;PRODUCT;GM446A;Premium Standing Jade Glass Tablet - Small;;p-5720-etched-premium-standing-jade-tablet-large
GM446B;PRODUCT;GM446B;Premium Standing Jade Glass Tablet - Medium;;p-5720-etched-premium-standing-jade-tablet-large
GM446C;PRODUCT;GM446C;Premium Standing Jade Glass Tablet - Large;;p-5719-etched-premium-standing-jade-tablet-small
GM447;PRODUCT;GM447;Faceted Optic Crystal Round Paperweight;;p-5727-faceted-optic-crystal-round-paperweight
GM448;PRODUCT;GM448;Optic Crystal Business Card Paperweight;;p-6107-optic-crystal-business-card-paperweight
GM453A;PART;GM453;;GM453;p-6103-optic-clear-crystal-cube-award-trophy
GM453B;PART;GM453;;GM453;p-6103-optic-clear-crystal-cube-award-trophy
GM453C;PART;GM453;;GM453;p-6103-optic-clear-crystal-cube-award-trophy
GM453D;PART;GM453;;GM453;p-6102-optic-clear-crystal-cube-x-large-award-trophy
GM453E;PART;GM453;;GM453;p-6101-optic-clear-crystal-cube-xx-large-award
GM454A;PART;GM454;;GM454;p-5938-jade-glass-crescent-award-with-picture-frame
GM454B;PART;GM454;;GM454;p-5938-jade-glass-crescent-award-with-picture-frame
GM454C;PART;GM454;;GM454;p-5938-jade-glass-crescent-award-with-picture-frame
GM455A;PRODUCT;GM455A;"Jade Glass Crescent with 5"" x 3½"" Frame";;p-6344-wide-crescents-jade-glass-award
GM455B;PRODUCT;GM455B;"Jade Glass Crescent with 7"" x 5"" Frame";;p-6343-wide-crescents-jade-glass-small
GM456A;PRODUCT;GM456A;Beveled Jade Glass Crescent Plaque;;p-5397-avignon-crescents-beveled-jade-glass-plaque-award-trophy
GM456B;PRODUCT;GM456B;Beveled Jade Glass Crescent Plaque;;p-5397-avignon-crescents-beveled-jade-glass-plaque-award-trophy
GM456C;PRODUCT;GM456C;Beveled Jade Glass Crescent Plaque;;p-5396-beveled-jade-glass-award-plaque
GM456D;PRODUCT;GM456D;Beveled Jade Glass Crescent Plaque;;p-5396-beveled-jade-glass-award-plaque
GM457;PRODUCT;GM457;Optic Crystal Globe Tower;;p-6122-optic-crystal-globe-tower-award
GM461;PRODUCT;GM461;Optic Crystal Globe in Semi-Meridian Holder on Black Glass Base with Lasered Plate;;p-5645-crystal-globe-in-holder-on-base-w-plate
GM466;PRODUCT;GM466;Optic Crystal Diamond on Black Glass Base (Includes Silver Color-Fill on Base);;p-6114-optic-crystal-diamond-on-black-glass-base
GM478;PRODUCT;GM478;Optic Crystal Desk Clock;;p-6113-optic-crystal-desk-clock
GM549;PRODUCT;GM549;Landing Bronze Antique Resin Eagle with Crystal Tablet;;p-5531-bronze-resin-eagle-with-crystal-tablet-trophy
GM562A;PRODUCT;GM562A;Silver Star Topped Optic Crystal Tower - Small;;p-5674-crystal-with-metal-stars-award-tower
GM562B;PRODUCT;GM562B;Silver Star Topped Optic Crystal Tower - Medium;;p-5673-crystal-with-metal-stars-topped-tower-award
GM562C;PRODUCT;GM562C;Silver Star Topped Optic Crystal Tower - Large;;p-5673-crystal-with-metal-stars-topped-tower-award
GM577;PRODUCT;GM577;Colorful Art Glass Award on Black Glass Base  with Silver Lasered Plate;;p-5385-art-glass-award-on-glass-base-with-plate
GM615A;PRODUCT;GM615A;Faceted Crystal Circle - Small;;p-5728-florence-series-faceted-crystal-circle-award
GM615B;PRODUCT;GM615B;Faceted Crystal Circle - Medium;;p-5728-florence-series-faceted-crystal-circle-award
GM615C;PRODUCT;GM615C;Faceted Crystal Circle - Large;;p-5728-florence-series-faceted-crystal-circle-award
GM617A;PRODUCT;GM617A;Reflective Glass Shield with Diamond  on Black Glass Base - Small;;p-5875-glass-shield-w-diamond-on-base
GM617B;PRODUCT;GM617B;Reflective Glass Shield with Diamond  on Black Glass Base - Medium;;p-5875-glass-shield-w-diamond-on-base
GM617C;PRODUCT;GM617C;Reflective Glass Shield with Diamond  on Black Glass Base - Large;;p-5875-glass-shield-w-diamond-on-base
GM625A;PART;GM625;;GM625;p-8178-silver-star-on-crystal-base-with-silver-plate
GM625B;PART;GM625;;GM625;p-8178-silver-star-on-crystal-base-with-silver-plate
GM626A;ORPHAN;GM626A;;;p-8119-optic-crystal-circle-with-silver-star
GM626B;ORPHAN;GM626B;;;p-8119-optic-crystal-circle-with-silver-star
GM631A;PRODUCT;GM631A;Optic Crystal Triangle Front Pillar - Small;;p-6139-optic-crystal-triangle-front-pillar
GM631B;PRODUCT;GM631B;Optic Crystal Triangle Front Pillar - Medium;;p-6139-optic-crystal-triangle-front-pillar
GM633;PRODUCT;GM633;Optic Crystal Hands Holding Globe on Black Glass Base  with Black Lasered Plate;;p-5644-crystal-globe-award-on-base-w-plate
GM637;PRODUCT;GM637;Blue and Gold Art Glass Drop on Black Glass Base (Includes Black Lasered Plate);;p-5388-art-glass-blue-gold-drop-on-base
GM638;PRODUCT;GM638;Green and Gold Art Glass Drop on Black Glass Base (Includes Black Lasered Plate);;p-5389-art-glass-green-and-gold-drop-on-base
GM639;PRODUCT;GM639;Black and Gold Coral Art Glass on Black Glass Base (Includes Black Lasered Plate);;p-5386-art-glass-black-gold-coral-award-on-base
GM640;PRODUCT;GM640;Black and Gold Curve Art Glass on Black Glass Base (Includes Black Lasered Plate);;p-5387-art-glass-black-gold-curve-on-base-award
GM660;PRODUCT;GM660;Bold Artistic Glass on Black Glass Base  with Black Lasered Plate;;p-5524-bold-artistic-glass-award-on-black-glass-base
GM661;PRODUCT;GM661;Distinctive Art Glass Cubes with Black Lasered Plate;;p-5701-distinctive-art-glass-cubes-award
GM662A;PRODUCT;GM662A;Pearl Edge Flame Clear - Small;;p-5934-jade-faceted-flame-award-trophy
GM662B;PRODUCT;GM662B;Pearl Edge Flame Clear - Medium;;p-5934-jade-faceted-flame-award-trophy
GM662C;PRODUCT;GM662C;Pearl Edge Flame Clear - Large;;p-5934-jade-faceted-flame-award-trophy
GM663A;PRODUCT;GM663A;Pearl Edge Circle Clear - Small;;p-5932-jade-faceted-circle-award-trophy
GM663B;PRODUCT;GM663B;Pearl Edge Circle Clear - Medium;;p-5932-jade-faceted-circle-award-trophy
GM663C;PRODUCT;GM663C;Pearl Edge Circle Clear - Large;;p-5932-jade-faceted-circle-award-trophy
GM665A;PRODUCT;GM665A;Beveled Jade Glass Crescent Plaque;;p-5422-beveled-jade-glass-crescent-plaque
GM665B;PRODUCT;GM665B;Beveled Jade Glass Crescent Plaque;;p-5422-beveled-jade-glass-crescent-plaque
GM665C;PRODUCT;GM665C;Beveled Jade Glass Crescent Plaque;;p-5422-beveled-jade-glass-crescent-plaque
GM665D;PRODUCT;GM665D;Beveled Jade Glass Crescent Plaque;;p-5422-beveled-jade-glass-crescent-plaque
GM668A;PRODUCT;GM668A;Jade Glass Star Crescent;;p-5946-jade-glass-star-crescent-award-trophy
GM668B;PRODUCT;GM668B;Jade Glass Star Crescent;;p-5946-jade-glass-star-crescent-award-trophy
GM669A;PART;GM669;;GM669;p-6173-premium-horizontal-jade-glass-tablet-with-metal-stand
GM669B;PART;GM669;;GM669;p-6173-premium-horizontal-jade-glass-tablet-with-metal-stand
GM669C;PART;GM669;;GM669;p-6173-premium-horizontal-jade-glass-tablet-with-metal-stand
GM671A;PART;GM671;;GM671;p-7955-crystal-golf-ball-and-green-accented-pin-award
GM671B;PART;GM671;;GM671;p-7955-crystal-golf-ball-and-green-accented-pin-award
GM671C;PART;GM671;;GM671;p-7955-crystal-golf-ball-and-green-accented-pin-award
GM679A;PART;GM679;;GM679;p-6092-multi-tiered-optic-crystal-shield-award
GM679B;PART;GM679;;GM679;p-6092-multi-tiered-optic-crystal-shield-award
GM679C;PART;GM679;;GM679;p-6092-multi-tiered-optic-crystal-shield-award
GM681;PRODUCT;GM681;Clear Crystal Book Clock with Aluminum Accent;;p-5590-clear-crystal-book-clock-with-aluminum-accent
GM683;ORPHAN;GM683;;;p-7884-blown-art-glass-egg-with-black-lasered-plate
GM690A;PART;GM690;;GM690;p-7963-crystal-golfer-tower-award
GM690B;PART;GM690;;GM690;p-7963-crystal-golfer-tower-award
GM690C;PART;GM690;;GM690;p-7963-crystal-golfer-tower-award
GM691A;PART;GM691;;GM691;p-8127-orbital-metal-golfer-award
GM691B;PART;GM691;;GM691;p-8127-orbital-metal-golfer-award
GM691C;PART;GM691;;GM691;p-8127-orbital-metal-golfer-award
GM698A;PART;GM698;;GM698;p-6172-premium-blue-glass-tablet-with-metal-stand-small
GM698B;PART;GM698;;GM698;p-6171-premium-blue-glass-tablet-with-metal-stand
GM698C;PART;GM698;;GM698;p-6171-premium-blue-glass-tablet-with-metal-stand
GM699A;PART;GM699;;GM699;p-6170-premium-black-glass-tablet-with-metal-stand-small
GM699B;PART;GM699;;GM699;p-6169-premium-black-glass-tablet-with-metal-stand
GM699C;PART;GM699;;GM699;p-6169-premium-black-glass-tablet-with-metal-stand
GM710;PRODUCT;GM710;Indigo Art Glass with Blue Waves with Black Laser Plate;;p-5930-indigo-art-glass-award-with-blue-waves-and-black-laser-plate
GM711A;PRODUCT;GM711A;Clear Crystal Star on Base - Small;;p-5595-clear-crystal-star-award-on-base
GM711B;PRODUCT;GM711B;Clear Crystal Star on Base - Medium;;p-5595-clear-crystal-star-award-on-base
GM711C;PRODUCT;GM711C;Clear Crystal Star on Base - Large;;p-5595-clear-crystal-star-award-on-base
GM713A;PRODUCT;GM713A;Optic Crystal Palace Award - Small;;p-6125-optic-crystal-palace-award-trophy
GM713B;PRODUCT;GM713B;Optic Crystal Palace Award - Medium;;p-6125-optic-crystal-palace-award-trophy
GM713C;PRODUCT;GM713C;Optic Crystal Palace Award - Large;;p-6125-optic-crystal-palace-award-trophy
GM714A;PRODUCT;GM714A;Cobalt and Clear Optic Crystal Ribbon - Small;;p-5612-cobalt-and-clear-optic-crystal-ribbon-award
GM714B;PRODUCT;GM714B;Cobalt and Clear Optic Crystal Ribbon - Med;;p-5612-cobalt-and-clear-optic-crystal-ribbon-award
GM714C;PRODUCT;GM714C;Cobalt and Clear Optic Crystal Ribbon - Lrg;;p-5612-cobalt-and-clear-optic-crystal-ribbon-award
GM715A;PRODUCT;GM715A;Promo Glass Clear Leaf on Black and Clear Glass Base - Sm;;p-6180-promo-glass-clear-leaf-award-on-black-and-clear-base
GM715B;PART;GM715A;;GM715A;p-6180-promo-glass-clear-leaf-award-on-black-and-clear-base
GM715C;PRODUCT;GM715C;Promo Glass Clear Leaf on Black and Clear Glass Base - Lrg;;p-6180-promo-glass-clear-leaf-award-on-black-and-clear-base
GM716A;PRODUCT;GM716A;Clear Glass Arrowhead on Base, ;;p-5586-clear-beveled-arrowhead-award-on-base
GM716B;PRODUCT;GM716B;Clear Beveled Glass Arrowhead on Base - Medium;;p-5586-clear-beveled-arrowhead-award-on-base
GM716C;PRODUCT;GM716C;Clear Beveled Glass Arrowhead on Base - Large;;p-5586-clear-beveled-arrowhead-award-on-base
GM717A;PART;GM717;;GM717;p-6158-pearl-edge-scroll-glass-on-black-base
GM717B;PART;GM717;;GM717;p-6158-pearl-edge-scroll-glass-on-black-base
GM717C;PART;GM717;;GM717;p-6158-pearl-edge-scroll-glass-on-black-base
GM718A;PART;GM718;;GM718;p-5608-clear-optic-crystal-tiered-pyramid-on-black-base
GM718B;PART;GM718;;GM718;p-5608-clear-optic-crystal-tiered-pyramid-on-black-base
GM719A;PART;GM719;;GM719;p-5633-crimson-and-clear-optic-crystal-ribbon-award
GM719B;PART;GM719;;GM719;p-5633-crimson-and-clear-optic-crystal-ribbon-award
GM719C;PART;GM719;;GM719;p-5633-crimson-and-clear-optic-crystal-ribbon-award
GM720;PRODUCT;GM720;Multi-Color Art Glass Swirl  with Black Laser Plate;;p-6086-multi-color-art-glass-swirl-with-black-laser-plate
GM721;PRODUCT;GM721;Double Helix Art Glass Egg on Base;;p-5702-double-helix-art-glass-egg-on-base-award
GM722A;PART;GM722;;GM722;p-5635-crystal-tapered-monolith
GM722B;PART;GM722;;GM722;p-5665-crystal-tapered-monolith
GM722C;PART;GM722;;GM722;p-5665-crystal-tapered-monolith
GM723A;PART;GM723;;GM723;p-5611-clipped-corner-bevel-glass-award-and-marble-pillar-base
GM723B;PART;GM723;;GM723;p-5611-clipped-corner-bevel-glass-award-and-marble-pillar-base
GM724;PRODUCT;GM724;Blue Edge Crystal Skeleton Clock;;p-5492-blue-edge-crystal-skeleton-clock
GM725A;PRODUCT;GM725A;Rectangle Bevel Glass and Marble Pillar Base - Small;;p-6188-rectangle-bevel-glass-award-and-marble-pillar-base
GM725B;PRODUCT;GM725B;Rectangle Bevel Glass and Marble Pillar Base - Large;;p-6188-rectangle-bevel-glass-award-and-marble-pillar-base
GM726A;PRODUCT;GM726A;Diamond Bevel Glass and Marble Pillar Base - Small;;p-5685-diamond-bevel-glass-and-marble-pillar-base-award
GM726B;PRODUCT;GM726B;Diamond Bevel Glass and Marble Pillar Base - Large;;p-5685-diamond-bevel-glass-and-marble-pillar-base-award
GM727A;PART;GM727;;GM727;p-6091-multi-faceted-clear-crystal-award-with-blue-and-black-base
GM727B;PART;GM727;;GM727;p-6091-multi-faceted-clear-crystal-award-with-blue-and-black-base
GM727C;PART;GM727;;GM727;p-6091-multi-faceted-clear-crystal-award-with-blue-and-black-base
GM728A;PRODUCT;GM728A;Promo Glass with Mirror and Texture Accent on Clear Base - Small;;p-6181-promo-glass-award-with-mirror-and-texture-accent-on-clear-base
GM728B;PRODUCT;GM728B;Promo Glass with Mirror and Texture Accent on Clear Base - Large;;p-6181-promo-glass-award-with-mirror-and-texture-accent-on-clear-base
GM729A;PRODUCT;GM729A;Promo Glass with Mirror and Texture Accent on Clear Base - Small;;p-6181-promo-glass-award-with-mirror-and-texture-accent-on-clear-base
GM729B;PRODUCT;GM729B;Promo Glass with Mirror and Texture Accent on Clear Base - Large;;p-6181-promo-glass-award-with-mirror-and-texture-accent-on-clear-base
GM730A;PRODUCT;GM730A;Round Crystal Plate with Crystal Stand;;p-6232-round-crystal-plate-with-crystal-stand
GM730B;PRODUCT;GM730B;Round Crystal Plate with Crystal Stand;;p-6232-round-crystal-plate-with-crystal-stand
GM730C;PRODUCT;GM730C;Round Crystal Plate with Crystal Stand;;p-6232-round-crystal-plate-with-crystal-stand
GM731A;PART;GM731;;GM731;p-6190-rectangle-etched-edge-crystal-with-layered-base
GM731B;PART;GM731;;GM731;p-6190-rectangle-etched-edge-crystal-with-layered-base
GM731C;PART;GM731;;GM731;p-6189-rectangle-etched-edge-crystal-with-layered-base-large
GM740;PRODUCT;GM740;Black Art Glass Tear Drop with Hole;;p-7874-black-art-glass-tear-drop-with-hole
GM741;PRODUCT;GM741;Blue with White Banner Art Glass on Clear Base;;p-7899-blue-with-white-banner-art-glass-award-on-clear-base
GM742A;PART;GM742;;GM742;p-8106-light-dark-blue-art-glass-on-clear-base-large
GM742B;PART;GM742;;GM742;p-8106-light-dark-blue-art-glass-on-clear-base-large
GM742C;PART;GM742;;GM742;p-8105-light-dark-blue-art-glass-on-clear-base-small
GM743;PRODUCT;GM743;Multi-Color Swirl Art Glass on Clear Base;;p-8114-multi-color-swirl-art-glass-award-on-clear-base
GM744A;PRODUCT;GM744A;Star Pillar, Small;;p-8191-star-pillar-award
GM744B;PRODUCT;GM744B;Star Tower, Medium;;p-8193-star-tower-award
GM744C;PRODUCT;GM744C;Star Tower, Large;;p-8193-star-tower-award
GM745;PRODUCT;GM745;Star Tower on Black Base - 2 Imprint Locations with Silver Colorfill on Base;;p-8192-star-tower-on-black-base-award
GM746A;PRODUCT;GM746A;Clear Star with Blue Triangle Base, Small;;p-7935-clear-star-award-with-blue-triangle-base
GM746B;PRODUCT;GM746B;Clear Star with Blue Triangle Base, Large;;p-7935-clear-star-award-with-blue-triangle-base
GM748A;PRODUCT;GM748A;Clear Monolith with Blue Insert, Small;;p-7934-clear-monolith-with-blue-insert
GM748B;PRODUCT;GM748B;Clear Monolith with Blue Insert, Large;;p-7934-clear-monolith-with-blue-insert
GM749ABL;PART;GM749;;GM749;p-7925-clear-crystal-diamond-face-award-with-red-bottom
GM749ARE;PART;GM749;;GM749;p-7925-clear-crystal-diamond-face-award-with-red-bottom
GM749BBL;PART;GM749;;GM749;p-7925-clear-crystal-diamond-face-award-with-red-bottom
GM749BRE;PART;GM749;;GM749;p-7925-clear-crystal-diamond-face-award-with-red-bottom
GM750ABK;PART;GM750;;GM750;p-8889-taper-edge-award
GM750ABL;PART;GM750;;GM750;p-8889-taper-edge-award
GM750BBK;PART;GM750;;GM750;p-8889-taper-edge-award
GM750BBL;PART;GM750;;GM750;p-8889-taper-edge-award
GM751ABK;PART;GM751;;GM751;p-8889-taper-edge-award
GM752A;ORPHAN;GM752A;;;p-8224-waterfall-crystal-on-base
GM752B;ORPHAN;GM752B;;;p-8224-waterfall-crystal-on-base
GM752C;ORPHAN;GM752C;;;p-8224-waterfall-crystal-on-base
GM753A;PART;GM753;;GM753;p-7863-beveled-clipped-corner-paperweight
GM753B;PART;GM753;;GM753;p-7863-beveled-clipped-corner-paperweight
GM753C;PART;GM753;;GM753;p-7863-beveled-clipped-corner-paperweight
GM754A;PART;GM754;;GM754;p-7960-crystal-tablet-with-linear-accent
GM754B;PART;GM754;;GM754;p-7960-crystal-tablet-with-linear-accent
GM755A;PART;GM755;;GM755;p-7959-crystal-tablet-with-globe-large
GM755B;PART;GM755;;GM755;p-7958-crystal-tablet-with-globe-small
GM755C;PART;GM755;;GM755;p-7958-crystal-tablet-with-globe-small
GM755D;PART;GM755;;GM755;p-7958-crystal-tablet-with-globe-small
GM756A;PRODUCT;GM756A;Crystal Octagon, Small;;p-7956-crystal-octagon
GM756B;PRODUCT;GM756B;Crystal Octagon, Med;;p-7956-crystal-octagon
GM756C;PRODUCT;GM756C;Crystal Octagon, Lrg;;p-7956-crystal-octagon
GM757A;PRODUCT;GM757A;Beveled Crystal Circle, Small;;p-7865-beveled-crystal-circle-award
GM757B;PRODUCT;GM757B;Beveled Crystal Circle, Med;;p-7864-beveled-crystal-circle-award-trophy
GM757C;PRODUCT;GM757C;Beveled Crystal Circle, Lrg;;p-7864-beveled-crystal-circle-award-trophy
GM758A;PART;GM758;;GM758;p-8181-slant-top-crystal-cylinder-award
GM758B;PART;GM758;;GM758;p-8181-slant-top-crystal-cylinder-award
GM759;PRODUCT;GM759;Crystal Eagle on Black Base;;p-7954-crystal-eagle-on-black-base-award
GM75CA;ORPHAN;GM75CA;;;p-8181-slant-top-crystal-cylinder-award
GM801;PRODUCT;GM801;Blue Swirl Art Glass;;p-7897-blue-swirl-art-glass-award
GM802;PRODUCT;GM802;Universe  Art Glass;;p-8214-universe-art-glass-award
GM803;PRODUCT;GM803;Twisted Horn Red Art Glass;;p-8212-twisted-horn-red-art-glass-award
GM804;PRODUCT;GM804;"Crystal Diamond 4""";;p-7953-crystal-diamond
GM805B;PART;GM805;;GM805;p-7898-blue-teardrop-art-glass
GM805G;PART;GM805;;GM805;p-8067-green-teardrop-art-glass
GM805R;PART;GM805;;GM805;p-8158-red-teardrop-art-glass
GM806A;PRODUCT;GM806A;Crystal Tower   ;;p-7965-crystal-tower-award
GM806B;PRODUCT;GM806B;Crystal Tower   ;;p-7965-crystal-tower-award
GM806C;PRODUCT;GM806C;Crystal Tower   ;;p-7964-crystal-sports-tower
GM806D;PRODUCT;GM806D;Crystal Tower   ;;p-7964-crystal-sports-tower
GM806E;PRODUCT;GM806E;Crystal Tower   ;;p-7964-crystal-sports-tower
GM807;PRODUCT;GM807;Faceted Crystal with blue bottom;;p-7989-faceted-crystal-with-blue-bottom
GM808;PRODUCT;GM808;Beveled Edge Crystal Tower with Blue Bottom;;p-7868-beveled-edge-crystal-tower-with-blue-bottom
GM809ABL;PRODUCT;GM809A*;Blue  Accent Clear Center Crystal;GM809ARE;p-8712-blue-accent-clear-center-crystal
GM809ARE;PRODUCT;GM809A*;Red Accent Clear Center Crystal;GM809ABL;p-8151-red-accent-clear-center-crystal
GM809BBL;PRODUCT;GM809B*;Blue  Accent Clear Center Crystal;GM809BRE;p-8712-blue-accent-clear-center-crystal
GM809BRE;PRODUCT;GM809B*;Red Accent Clear Center Crystal;GM809BBL;p-8151-red-accent-clear-center-crystal
GM809CBL;PRODUCT;GM809C*;Blue  Accent Clear Center Crystal;GM809CRE;p-8712-blue-accent-clear-center-crystal
GM809CRE;PRODUCT;GM809C*;Red Accent Clear Center Crystal;GM809CBL;p-8151-red-accent-clear-center-crystal
GM811A;PRODUCT;GM811A;Clear Swoop  with Black & Clear Base;;p-7937-clear-swoop-with-black-clear-base-large
GM811B;PRODUCT;GM811B;Clear Swoop  with Black & Clear Base;;p-7937-clear-swoop-with-black-clear-base-large
GM811C;PRODUCT;GM811C;Clear Swoop  with Black & Clear Base;;p-7936-clear-swoop-with-black-clear-base-small
GM812A;PRODUCT;GM812A;Clear Swoop with Black Accent;;p-7938-clear-swoop-with-black-accent
GM812B;PRODUCT;GM812B;Clear Swoop with Black Accent;;p-7938-clear-swoop-with-black-accent
GM812C;PRODUCT;GM812C;Clear Swoop with Black Accent;;p-7938-clear-swoop-with-black-accent
GM813;PRODUCT;GM813;Crystal Cubes on Black Base;;p-7952-crystal-cubes-on-black-base
GM814A;PRODUCT;GM814A;Faceted Edge Circle on Slant Base;;p-7990-faceted-edge-circle-award-on-slant-base
GM814B;PRODUCT;GM814B;Faceted Edge Circle on Slant Base;;p-7990-faceted-edge-circle-award-on-slant-base
GM814C;PRODUCT;GM814C;Faceted Edge Circle on Slant Base;;p-7990-faceted-edge-circle-award-on-slant-base
GM815A;PRODUCT;GM815A;Faceted Circle Wedge on Slant Side Base;;p-7987-faceted-circle-wedge-on-slant-side-base-large
GM815B;PRODUCT;GM815B;Faceted Circle Wedge on Slant Side Base;;p-7987-faceted-circle-wedge-on-slant-side-base-large
GM815C;PRODUCT;GM815C;Faceted Circle Wedge on Slant Side Base;;p-7986-faceted-circle-wedge-on-slant-side-base-small
GM816A;PRODUCT;GM816A;Modern Flame Clear Crystal;;p-8113-modern-flame-clear-crystal-award
GM816B;PRODUCT;GM816B;Modern Flame Clear Crystal;;p-8113-modern-flame-clear-crystal-award
GM816C;PRODUCT;GM816C;Modern Flame Clear Crystal;;p-8113-modern-flame-clear-crystal-award
GM817A;PRODUCT;GM817A;Clear Crystal Wave;;p-7929-clear-crystal-wave-large
GM817B;PRODUCT;GM817B;Clear Crystal Wave;;p-7928-clear-crystal-wave-small
GM817C;PRODUCT;GM817C;Clear Crystal Wave;;p-7928-clear-crystal-wave-small
GM818A;PRODUCT;GM818A;Diamond Columns;;p-7974-diamond-columns
GM818B;PRODUCT;GM818B;Diamond Columns;;p-7974-diamond-columns
GM818C;PRODUCT;GM818C;Diamond Columns;;p-7974-diamond-columns
GM820;PRODUCT;GM820;Globe Tower on Base;;p-8050-globe-tower-on-base
GM821;PRODUCT;GM821;Globe on Pedestal with Base;;p-8049-globe-on-pedestal-with-base
GM822A;PRODUCT;GM822A;Carved Flame with Blue Accent;;p-7909-carved-flame-with-blue-accent-award
GM822B;PRODUCT;GM822B;Carved Flame with Blue Accent;;p-7909-carved-flame-with-blue-accent-award
GM823A;PRODUCT;GM823A;Beveled Jade Glass Crescent Plaque;;p-7871-beveled-jade-glass-crescent-plaque-medium
GM823B;PRODUCT;GM823B;Beveled Jade Glass Crescent Plaque;;p-7870-beveled-jade-glass-crescent-plaque-large
GM823C;PRODUCT;GM823C;Beveled Jade Glass Crescent Plaque;;p-7869-beveled-jade-glass-crescent-plaque-small
GM823D;PRODUCT;GM823D;Beveled Jade Glass Crescent Plaque;;p-7869-beveled-jade-glass-crescent-plaque-small
GM823E;PRODUCT;GM823E;Beveled Jade Glass Crescent Plaque;;p-7869-beveled-jade-glass-crescent-plaque-small
GM824;PRODUCT;GM824;Bevel Edge Clear Crystal Paperweight;;p-7861-bevel-edge-clear-crystal-paperweight
GM825A;ORPHAN;GM825A;;;p-7940-clipped-corner-clear-crystal-paperweight
GM825B;ORPHAN;GM825B;;;p-7940-clipped-corner-clear-crystal-paperweight
GM825C;ORPHAN;GM825C;;;p-7940-clipped-corner-clear-crystal-paperweight
GM826A;PART;GM826;;GM826;p-7991-faceted-edge-crystal-paperweight
GM826B;PART;GM826;;GM826;p-7991-faceted-edge-crystal-paperweight
GM827A;PART;GM827;;GM827;p-7957-crystal-pyramid
GM827B;PART;GM827;;GM827;p-7957-crystal-pyramid
GM828;PRODUCT;GM828;Red/Black Spiral Teardrop Art Glass;;p-8159-redblack-spiral-teardrop-art-glass
GM830;PRODUCT;GM830;Clear Crystal Diamond on Pedestal;;p-7926-clear-crystal-diamond-on-pedestal
GM832A;PRODUCT;GM832A;Crystal Tower, Male Baseball;;p-7964-crystal-sports-tower
GM832B;PRODUCT;GM832C;Crystal Tower, Male Basketball;GM832C;p-7964-crystal-sports-tower
GM832C;PRODUCT;GM832C;Crystal Tower, Male Basketball;GM832B;p-7964-crystal-sports-tower
GM832D;PRODUCT;GM832D;Crystal Tower, Female Basketball;;p-7964-crystal-sports-tower
GM832E;PRODUCT;GM832E;Crystal Tower, Football;;p-7964-crystal-sports-tower
GM832G;PRODUCT;GM832G;Crystal Tower, Cheerleader;;p-7964-crystal-sports-tower
GM832H;PRODUCT;GM832H;Crystal Tower, Male Golf;;p-7964-crystal-sports-tower
GM832I;PRODUCT;GM832I;Crystal Tower, Female Golf;;p-7964-crystal-sports-tower
GM832J;PRODUCT;GM832J;Crystal Tower, Hockey;;p-7964-crystal-sports-tower
GM832K;PRODUCT;GM832K;Crystal Tower, Male Soccer;;p-7964-crystal-sports-tower
GM832L;PRODUCT;GM832L;Crystal Tower, Female Soccer;;p-7964-crystal-sports-tower
GM832M;PRODUCT;GM832M;Crystal Tower, Male Tennis;;p-7964-crystal-sports-tower
GM832N;PRODUCT;GM832N;Crystal Tower, Female Tennis;;p-7964-crystal-sports-tower
GM832O;PRODUCT;GM832O;Crystal Tower, Male Volleyball;;p-7964-crystal-sports-tower
GM832P;PRODUCT;GM832P;Crystal Tower, Female Volleyball;;p-7964-crystal-sports-tower
GM832Q;PRODUCT;GM832Q;Crystal Tower, Wrestling;;p-7964-crystal-sports-tower
GM833A;PRODUCT;GM833A;Crystal Column with Ball, Male Baseball;;p-7951-crystal-column-sports-award-with-ball
GM833B;PRODUCT;GM833B;Crystal Column with Ball, Female Softball;;p-7951-crystal-column-sports-award-with-ball
GM833C;PRODUCT;GM833C;Crystal Column with Ball, Male Basketball;;p-7951-crystal-column-sports-award-with-ball
GM833D;PRODUCT;GM833D;Crystal Column with Ball, Female Basketball;;p-7951-crystal-column-sports-award-with-ball
GM833E;PRODUCT;GM833E;Crystal Column with Ball, Football;;p-7951-crystal-column-sports-award-with-ball
GM833F;ORPHAN;GM833F;;;p-7951-crystal-column-sports-award-with-ball
GM833G;PRODUCT;GM833G;Crystal Column with Ball, Female Golf;;p-7951-crystal-column-sports-award-with-ball
GM833H;PRODUCT;GM833H;Crystal Column with Ball, Male Soccer;;p-7951-crystal-column-sports-award-with-ball
GM833I;PRODUCT;GM833I;Crystal Column with Ball, Female Soccer;;p-7951-crystal-column-sports-award-with-ball
GM833J;PRODUCT;GM833J;Crystal Column with Ball, Male Tennis;;p-7951-crystal-column-sports-award-with-ball
GM833K;PRODUCT;GM833K;Crystal Column with Ball, Female Tennis;;p-7951-crystal-column-sports-award-with-ball
GM833L;PRODUCT;GM833L;Crystal Column with Ball, Male Volleyball;;p-7951-crystal-column-sports-award-with-ball
GM833M;PRODUCT;GM833M;Crystal Column with Ball, Female Volleyball;;p-7951-crystal-column-sports-award-with-ball
GM834;NO_PRICE;GM834;Blue Curved Wedge Crystal Award;;p-7891-blue-curved-wedge-crystal-award
GM845A;PART;GM845;;GM845;p-8682-optic-crystal-tower-with-wood-block-base
GM845B;PART;GM845;;GM845;p-8682-optic-crystal-tower-with-wood-block-base
GM846A;PART;GM846;;GM846;p-8673-faceted-optic-crystal-tower-with-slanted-wood-block-base
GM846B;PART;GM846;;GM846;p-8673-faceted-optic-crystal-tower-with-slanted-wood-block-base
GNS106;PRODUCT;GNS106; Bowed Edge Crystal Evergreen Vase     ;;p-5877-bowed-edge-crystal-evergreen-vase-award
GNS116;PRODUCT;GNS116;Clear Glass Vase with Blue Swirl Accents;;p-5722-expanded-line-glass-vase-w-swirl-accents
GNS118;PRODUCT;GNS118;Orbit Vase Crystal;;p-5723-orbit-vase-crystal-award
GNS123;ORPHAN;GNS123;;;p-7885-blown-glass-bud-vase
GNS137;ORPHAN;GNS137;;;p-5343-3d-etched-crystal-cube
GNS142;ORPHAN;GNS142;;;p-5344-3d-etched-crystal-diamond-cube
GNS180A;PRODUCT;GNS180A;Optic Crystal Pyramid - Small;;p-5721-optic-crystal-pyramid-award-trophy
GNS180B;PRODUCT;GNS180B;Optic Crystal Pyramid - Med;;p-5721-optic-crystal-pyramid-award-trophy
GNS180C;PRODUCT;GNS180C;Optic Crystal Pyramid - Lrg;;p-5721-optic-crystal-pyramid-award-trophy
PH01;ORPHAN;PH01;;;p-7833-a-frame-phone-holder
PH03A;ORPHAN;PH03A;;;p-7833-a-frame-phone-holder
PH03B;ORPHAN;PH03B;;;p-7833-a-frame-phone-holder
PH04;PRODUCT;PH04;Rectangle Acrylic Phone Holder;;p-8133-phone-holder
PH07MR;ORPHAN;PH07MR;;;p-8133-phone-holder
PH13E;ORPHAN;PH13E;;;p-8133-phone-holder
PH15;ORPHAN;PH15;;;p-7829-a-frame-acrylic-phone-holder-calendar
RFB805;ORPHAN;RFB805;;;p-5926-highflying-bronze-eagle-with-flag-and-glass-award
RFB806;ORPHAN;RFB806;;;p-5531-bronze-resin-eagle-with-crystal-tablet-trophy
