estado;handle;titulo;ps_product_ids;que_hace_falta;admin
ESPERA_CODIGO;p-5546-carved-clear-crystal-on-black-base-with-compass-medallion;Carved Clear Crystal on Black Base with Compass Medallion;GI583M;la unión alcanzaría ids de otro producto (GI583M);https://admin.shopify.com/store/trophy-partner/products?query=PS6228
ESPERA_CODIGO;p-5609-clear-star-power-sculptured-lucite-large;Clear Star Power Sculptured Lucite Large;CA21CXC;la unión alcanzaría ids de otro producto (CA21CX*);https://admin.shopify.com/store/trophy-partner/products?query=PS6291
ESPERA_CODIGO;p-5610-clear-star-power-sculptured-lucite-award;Clear Star Power Sculptured Lucite Award;CA21AXC CA21BXC;la unión alcanzaría ids de otro producto (CA21AX* CA21BX*);https://admin.shopify.com/store/trophy-partner/products?query=PS6292
ESPERA_CODIGO;p-5617-cork-beverage-holder;Cork Beverage Holder;CM289CK;la unión alcanzaría ids de otro producto (CM289*);https://admin.shopify.com/store/trophy-partner/products?query=PS6299
ESPERA_CODIGO;p-5620-cork-flask;Cork Flask;CM286CK;la unión alcanzaría ids de otro producto (CM286*);https://admin.shopify.com/store/trophy-partner/products?query=PS6302
ESPERA_CODIGO;p-5678-large-rectangular-custom-digi-color-lucite-award;Large Rectangular Custom Digi Color Lucite Award;DCCD424ACU DCCD424BCU;la unión alcanzaría ids de otro producto (DCCD424** DCCD424B);https://admin.shopify.com/store/trophy-partner/products?query=PS6360
ESPERA_CODIGO;p-5753-freestanding-lucite-block;Freestanding Lucite Block;CD549B C0812A CD549C C0813A C0812B C0813B C0812C;la unión alcanzaría ids de otro producto (C0813A C0813B);https://admin.shopify.com/store/trophy-partner/products?query=PS6435
ESPERA_CODIGO;p-5805-alaska-state-silhouette-awards;Alaska State Silhouette Awards;CD900AK;la unión alcanzaría ids de otro producto (CD900*);https://admin.shopify.com/store/trophy-partner/products?query=PS6487
ESPERA_CODIGO;p-5806-alabama-state-silhouette-awards;Alabama State Silhouette Awards;CD900AL;la unión alcanzaría ids de otro producto (CD900*);https://admin.shopify.com/store/trophy-partner/products?query=PS6488
ESPERA_CODIGO;p-5807-arkansas-state-silhouette-awards;Arkansas State Silhouette Awards;CD900AR;la unión alcanzaría ids de otro producto (CD900*);https://admin.shopify.com/store/trophy-partner/products?query=PS6489
ESPERA_CODIGO;p-5808-arizona-state-silhouette-awards;Arizona State Silhouette Awards;CD900AZ;la unión alcanzaría ids de otro producto (CD900*);https://admin.shopify.com/store/trophy-partner/products?query=PS6490
ESPERA_CODIGO;p-5809-california-state-silhouette-awards;California State Silhouette Awards;CD900CA;la unión alcanzaría ids de otro producto (CD900*);https://admin.shopify.com/store/trophy-partner/products?query=PS6491
ESPERA_CODIGO;p-5810-colorado-state-silhouette-awards;Colorado State Silhouette Awards;CD900CO;la unión alcanzaría ids de otro producto (CD900*);https://admin.shopify.com/store/trophy-partner/products?query=PS6492
ESPERA_CODIGO;p-5811-connecticut-state-silhouette-awards;Connecticut State Silhouette Awards;CD900CT;la unión alcanzaría ids de otro producto (CD900*);https://admin.shopify.com/store/trophy-partner/products?query=PS6493
ESPERA_CODIGO;p-5812-delaware-state-silhouette-awards;Delaware State Silhouette Awards;CD900DE;la unión alcanzaría ids de otro producto (CD900*);https://admin.shopify.com/store/trophy-partner/products?query=PS6494
ESPERA_CODIGO;p-5813-florida-state-silhouette-awards;Florida State Silhouette Awards;CD900FL;la unión alcanzaría ids de otro producto (CD900*);https://admin.shopify.com/store/trophy-partner/products?query=PS6495
ESPERA_CODIGO;p-5814-georgia-state-silhouette-awards;Georgia State Silhouette Awards;CD900GA;la unión alcanzaría ids de otro producto (CD900*);https://admin.shopify.com/store/trophy-partner/products?query=PS6496
ESPERA_CODIGO;p-5815-hawaii-state-silhouette-awards;Hawaii State Silhouette Awards;CD900HI;la unión alcanzaría ids de otro producto (CD900*);https://admin.shopify.com/store/trophy-partner/products?query=PS6497
ESPERA_CODIGO;p-5816-iowa-state-silhouette-awards;Iowa State Silhouette Awards;CD900IA;la unión alcanzaría ids de otro producto (CD900*);https://admin.shopify.com/store/trophy-partner/products?query=PS6498
ESPERA_CODIGO;p-5817-idaho-state-sillhouette-awards;Idaho State Sillhouette Awards;CD900ID;la unión alcanzaría ids de otro producto (CD900*);https://admin.shopify.com/store/trophy-partner/products?query=PS6499
ESPERA_CODIGO;p-5818-indiana-state-silhouette-awards;Indiana State Silhouette Awards;CD900IN;la unión alcanzaría ids de otro producto (CD900*);https://admin.shopify.com/store/trophy-partner/products?query=PS6500
ESPERA_CODIGO;p-5819-kansas-state-silhouette-awards;Kansas State Silhouette Awards;CD900KS;la unión alcanzaría ids de otro producto (CD900*);https://admin.shopify.com/store/trophy-partner/products?query=PS6501
ESPERA_CODIGO;p-5820-kentucky-state-silhouette-awards;Kentucky State Silhouette Awards;CD900KY;la unión alcanzaría ids de otro producto (CD900*);https://admin.shopify.com/store/trophy-partner/products?query=PS6502
ESPERA_CODIGO;p-5821-louisiana-state-silhouette-awards;Louisiana State Silhouette Awards;CD900LA;la unión alcanzaría ids de otro producto (CD900*);https://admin.shopify.com/store/trophy-partner/products?query=PS6503
ESPERA_CODIGO;p-5822-massachusetts-state-silhouette-awards;Massachusetts State Silhouette Awards;CD900MA;la unión alcanzaría ids de otro producto (CD900*);https://admin.shopify.com/store/trophy-partner/products?query=PS6504
ESPERA_CODIGO;p-5823-maryland-state-silhouette-awards;Maryland State Silhouette Awards;CD900MD;la unión alcanzaría ids de otro producto (CD900*);https://admin.shopify.com/store/trophy-partner/products?query=PS6505
ESPERA_CODIGO;p-5824-maine-state-silhouette-awards;Maine State Silhouette Awards;CD900ME;la unión alcanzaría ids de otro producto (CD900*);https://admin.shopify.com/store/trophy-partner/products?query=PS6506
ESPERA_CODIGO;p-5825-michigan-state-silhouette-awards;Michigan State Silhouette Awards;CD900MI;la unión alcanzaría ids de otro producto (CD900*);https://admin.shopify.com/store/trophy-partner/products?query=PS6507
ESPERA_CODIGO;p-5826-minnesota-state-silhouette-awards;Minnesota State Silhouette Awards;CD900MN;la unión alcanzaría ids de otro producto (CD900*);https://admin.shopify.com/store/trophy-partner/products?query=PS6508
ESPERA_CODIGO;p-5827-missouri-state-silhouette-awards;Missouri State Silhouette Awards;CD900MO;la unión alcanzaría ids de otro producto (CD900*);https://admin.shopify.com/store/trophy-partner/products?query=PS6509
ESPERA_CODIGO;p-5828-mississippi-state-silhouette-awards;Mississippi State Silhouette Awards;CD900MS;la unión alcanzaría ids de otro producto (CD900*);https://admin.shopify.com/store/trophy-partner/products?query=PS6510
ESPERA_CODIGO;p-5829-montana-state-silhouette-awards;Montana State Silhouette Awards;CD900MT;la unión alcanzaría ids de otro producto (CD900*);https://admin.shopify.com/store/trophy-partner/products?query=PS6511
ESPERA_CODIGO;p-5830-north-carolina-state-silhouette-awards;North Carolina State Silhouette Awards;CD900NC;la unión alcanzaría ids de otro producto (CD900*);https://admin.shopify.com/store/trophy-partner/products?query=PS6512
ESPERA_CODIGO;p-5831-north-dakota-state-silhouette-awards;North Dakota State Silhouette Awards;CD900ND;la unión alcanzaría ids de otro producto (CD900*);https://admin.shopify.com/store/trophy-partner/products?query=PS6513
ESPERA_CODIGO;p-5832-nebraska-state-silhouette-awards;Nebraska State Silhouette Awards;CD900NE;la unión alcanzaría ids de otro producto (CD900*);https://admin.shopify.com/store/trophy-partner/products?query=PS6514
ESPERA_CODIGO;p-5833-new-hampshire-state-silhouette-awards;New Hampshire State Silhouette Awards;CD900NH;la unión alcanzaría ids de otro producto (CD900*);https://admin.shopify.com/store/trophy-partner/products?query=PS6515
ESPERA_CODIGO;p-5834-new-jersey-state-silhouette-awards;New Jersey State Silhouette Awards;CD900NJ;la unión alcanzaría ids de otro producto (CD900*);https://admin.shopify.com/store/trophy-partner/products?query=PS6516
ESPERA_CODIGO;p-5835-new-mexico-state-silhouette-awards;New Mexico State Silhouette Awards;CD900NM;la unión alcanzaría ids de otro producto (CD900*);https://admin.shopify.com/store/trophy-partner/products?query=PS6517
ESPERA_CODIGO;p-5836-nevada-state-silhouette-awards;Nevada State Silhouette  Awards;CD900NV;la unión alcanzaría ids de otro producto (CD900*);https://admin.shopify.com/store/trophy-partner/products?query=PS6518
ESPERA_CODIGO;p-5837-new-york-state-silhouette-awards;New York State Silhouette Awards;CD900NY;la unión alcanzaría ids de otro producto (CD900*);https://admin.shopify.com/store/trophy-partner/products?query=PS6519
ESPERA_CODIGO;p-5838-ohio-state-silhouette-awards;Ohio State Silhouette Awards;CD900OH;la unión alcanzaría ids de otro producto (CD900*);https://admin.shopify.com/store/trophy-partner/products?query=PS6520
ESPERA_CODIGO;p-5839-oklahoma-state-silhouette-awards;Oklahoma State Silhouette Awards;CD900OK;la unión alcanzaría ids de otro producto (CD900*);https://admin.shopify.com/store/trophy-partner/products?query=PS6521
ESPERA_CODIGO;p-5843-oregon-state-silhouette-awards;Oregon State Silhouette Awards;CD900OR;la unión alcanzaría ids de otro producto (CD900*);https://admin.shopify.com/store/trophy-partner/products?query=PS6525
ESPERA_CODIGO;p-5844-frosted-lucite-oval-cutout-on-risers-award;Frosted Lucite Oval Cutout on Risers Award;CD900OVAL;la unión alcanzaría ids de otro producto (CD900*);https://admin.shopify.com/store/trophy-partner/products?query=PS6526
ESPERA_CODIGO;p-5845-pennsylvania-state-silhouette-awards;Pennsylvania State Silhouette Awards;CD900PA;la unión alcanzaría ids de otro producto (CD900*);https://admin.shopify.com/store/trophy-partner/products?query=PS6527
ESPERA_CODIGO;p-5846-rhode-island-state-silhouette-awards;Rhode Island State Silhouette Awards;CD900RI;la unión alcanzaría ids de otro producto (CD900*);https://admin.shopify.com/store/trophy-partner/products?query=PS6528
ESPERA_CODIGO;p-5847-south-carolina-state-silhouette-awards;South Carolina State Silhouette Awards;CD900SC;la unión alcanzaría ids de otro producto (CD900*);https://admin.shopify.com/store/trophy-partner/products?query=PS6529
ESPERA_CODIGO;p-5848-south-dakota-state-silhouette-awards;South Dakota State Silhouette Awards;CD900SD;la unión alcanzaría ids de otro producto (CD900*);https://admin.shopify.com/store/trophy-partner/products?query=PS6530
ESPERA_CODIGO;p-5849-illinois-state-shaped-award-award;Illinois State Shaped Award Award;CD900IL;la unión alcanzaría ids de otro producto (CD900*);https://admin.shopify.com/store/trophy-partner/products?query=PS6531
ESPERA_CODIGO;p-5850-tennessee-state-silhouette-awards;Tennessee State Silhouette Awards;CD900TN;la unión alcanzaría ids de otro producto (CD900*);https://admin.shopify.com/store/trophy-partner/products?query=PS6532
ESPERA_CODIGO;p-5851-texas-state-silhouette-awards;Texas State Silhouette Awards;CD900TX;la unión alcanzaría ids de otro producto (CD900*);https://admin.shopify.com/store/trophy-partner/products?query=PS6533
ESPERA_CODIGO;p-5852-utah-state-silhouette-awards;Utah State Silhouette Awards;CD900UT;la unión alcanzaría ids de otro producto (CD900*);https://admin.shopify.com/store/trophy-partner/products?query=PS6534
ESPERA_CODIGO;p-5853-virginia-state-silhouette-awards;Virginia State Silhouette Awards;CD900VA;la unión alcanzaría ids de otro producto (CD900*);https://admin.shopify.com/store/trophy-partner/products?query=PS6535
ESPERA_CODIGO;p-5854-vermont-state-silhouette-awards;Vermont State Silhouette Awards;CD900VT;la unión alcanzaría ids de otro producto (CD900*);https://admin.shopify.com/store/trophy-partner/products?query=PS6536
ESPERA_CODIGO;p-5855-washington-state-silhouette-awards;Washington State Silhouette Awards;CD900WA;la unión alcanzaría ids de otro producto (CD900*);https://admin.shopify.com/store/trophy-partner/products?query=PS6537
ESPERA_CODIGO;p-5856-wisconsin-state-silhouette-awards;Wisconsin State Silhouette Awards;CD900WI;la unión alcanzaría ids de otro producto (CD900*);https://admin.shopify.com/store/trophy-partner/products?query=PS6538
ESPERA_CODIGO;p-5857-west-virginia-state-silhouette-awards;West Virginia State Silhouette Awards;CD900WV;la unión alcanzaría ids de otro producto (CD900*);https://admin.shopify.com/store/trophy-partner/products?query=PS6539
ESPERA_CODIGO;p-5858-wyoming-state-silhouette-awards;Wyoming State Silhouette Awards;CD900WY;la unión alcanzaría ids de otro producto (CD900*);https://admin.shopify.com/store/trophy-partner/products?query=PS6540
ESPERA_CODIGO;p-5890-lucite-riser-plaque-with-choice-of-plate;Lucite Riser Plaque with Choice Of Plate;C6801GO C6802GO;la unión alcanzaría ids de otro producto (C6801* C6802*);https://admin.shopify.com/store/trophy-partner/products?query=PS6572
ESPERA_CODIGO;p-5898-gold-spectrum-chisel-carved-tower-trophy-award;Gold Spectrum Chisel Carved Tower Trophy Award;C609LGO;la unión alcanzaría ids de otro producto (C609L*);https://admin.shopify.com/store/trophy-partner/products?query=PS6580
ESPERA_CODIGO;p-5900-gold-star-power-sculptured-lucite-small;Gold Star Power Sculptured Lucite Small;CA21CXG;la unión alcanzaría ids de otro producto (CA21CX*);https://admin.shopify.com/store/trophy-partner/products?query=PS6582
ESPERA_CODIGO;p-5901-gold-star-power-sculptured-lucite-award;Gold Star Power Sculptured Lucite Award;CA21AXG CA21BXG;la unión alcanzaría ids de otro producto (CA21AX* CA21BX*);https://admin.shopify.com/store/trophy-partner/products?query=PS6583
ESPERA_CODIGO;p-5911-green-diamond-carved-octagon-plaque;Green Diamond Carved Octagon Plaque;C1407LG;la unión alcanzaría ids de otro producto (C1407L*);https://admin.shopify.com/store/trophy-partner/products?query=PS6593
ESPERA_CODIGO;p-6168-polar-camel-ringneck-tumblers-personalized;Polar Camel Ringneck Tumblers Personalized;CM711 CM710;la unión alcanzaría ids de otro producto (CM711);https://admin.shopify.com/store/trophy-partner/products?query=PS6850
ESPERA_CODIGO;p-6200-red-diamond-carve-lucite-octagon-plaque;Red Diamond Carve Lucite Octagon Plaque;C1407LR;la unión alcanzaría ids de otro producto (C1407L*);https://admin.shopify.com/store/trophy-partner/products?query=PS6882
ESPERA_CODIGO;p-6241-silver-lucite-riser-plaque;Silver Lucite Riser Plaque;C6801S C6802S;la unión alcanzaría ids de otro producto (C6801* C6802*);https://admin.shopify.com/store/trophy-partner/products?query=PS6923
ESPERA_CODIGO;p-6267-slide-in-certificate-ebony-plaque-in-gift-box;Slide-in Certificate Ebony Plaque in Gift Box;CD120G;la unión alcanzaría ids de otro producto (CD120*);https://admin.shopify.com/store/trophy-partner/products?query=PS6949
ESPERA_CODIGO;p-6268-slide-in-certificate-rosewood-plaque-in-gift-box;Slide-in Certificate Rosewood Plaque in Gift Box;CD121G;la unión alcanzaría ids de otro producto (CD121*);https://admin.shopify.com/store/trophy-partner/products?query=PS6950
ESPERA_CODIGO;p-6269-slide-in-certificate-rosewood-plaque-in-mailer-box;Slide-in Certificate Rosewood Plaque in Mailer Box;CD121M;la unión alcanzaría ids de otro producto (CD121*);https://admin.shopify.com/store/trophy-partner/products?query=PS6951
ESPERA_CODIGO;p-6317-clear-and-black-crescent-curved-glass-award-trophy;Clear and Black Crescent Curved Glass Award Trophy;GI586BK;la unión alcanzaría ids de otro producto (GI586*);https://admin.shopify.com/store/trophy-partner/products?query=PS6999
ESPERA_CODIGO;p-6327-walnut-finish-plaque-w-choice-of-plate-board;Walnut Finish Plaque w/ Choice Of Plate & Board;DCC3001CWN DCC3001DWN DCC3001EWN;la unión alcanzaría ids de otro producto (DCC3001C* DCC3001D* DCC3001E*);https://admin.shopify.com/store/trophy-partner/products?query=PS7009
ESPERA_CODIGO;p-6356-polar-camel-stemless-wine-tumblers-personalized;Polar Camel Stemless Wine Tumblers Personalized;CM712 CM713;la unión alcanzaría ids de otro producto (CM712);https://admin.shopify.com/store/trophy-partner/products?query=PS8002
ESPERA_CODIGO;p-7115-frosted-lucite-star-cutout-on-risers-award;Frosted Lucite Star Cutout on Risers Award;CD900STAR;la unión alcanzaría ids de otro producto (CD900*);https://admin.shopify.com/store/trophy-partner/products?query=PS8003
ESPERA_CODIGO;p-7912-choice-of-digi-medium;Choice of Digi Medium;DCC3001CEB;la unión alcanzaría ids de otro producto (DCC3001C*);https://admin.shopify.com/store/trophy-partner/products?query=PS8349
ESPERA_CODIGO;p-7997-frosted-acrylic-ak-state-cutout-on-black-plaque;Frosted Acrylic AK State Cutout on Black Plaque;CD953AK;la unión alcanzaría ids de otro producto (CD953*);https://admin.shopify.com/store/trophy-partner/products?query=PS8630
ESPERA_CODIGO;p-7998-frosted-acrylic-al-state-cutout-on-black-plaque;Frosted Acrylic AL State Cutout on Black Plaque;CD953AL;la unión alcanzaría ids de otro producto (CD953*);https://admin.shopify.com/store/trophy-partner/products?query=PS8631
ESPERA_CODIGO;p-7999-frosted-acrylic-ar-state-cutout-on-black-plaque;Frosted Acrylic AR State Cutout on Black Plaque;CD953AR;la unión alcanzaría ids de otro producto (CD953*);https://admin.shopify.com/store/trophy-partner/products?query=PS8632
ESPERA_CODIGO;p-8000-frosted-acrylic-az-state-cutout-on-black-plaque;Frosted Acrylic AZ State Cutout on Black Plaque;CD953AZ;la unión alcanzaría ids de otro producto (CD953*);https://admin.shopify.com/store/trophy-partner/products?query=PS8633
ESPERA_CODIGO;p-8002-frosted-acrylic-co-state-cutout-on-black-plaque;Frosted Acrylic CO State Cutout on Black Plaque;CD953CO;la unión alcanzaría ids de otro producto (CD953*);https://admin.shopify.com/store/trophy-partner/products?query=PS8635
ESPERA_CODIGO;p-8003-frosted-acrylic-ct-state-cutout-on-black-plaque;Frosted Acrylic CT State Cutout on Black Plaque;CD953CT;la unión alcanzaría ids de otro producto (CD953*);https://admin.shopify.com/store/trophy-partner/products?query=PS8636
ESPERA_CODIGO;p-8006-frosted-acrylic-ga-state-cutout-on-black-plaque;Frosted Acrylic GA State Cutout on Black Plaque;CD953GA;la unión alcanzaría ids de otro producto (CD953*);https://admin.shopify.com/store/trophy-partner/products?query=PS8640
ESPERA_CODIGO;p-8008-frosted-acrylic-ia-state-cutout-on-black-plaque;Frosted Acrylic IA State Cutout on Black Plaque;CD953IA;la unión alcanzaría ids de otro producto (CD953*);https://admin.shopify.com/store/trophy-partner/products?query=PS8642
ESPERA_CODIGO;p-8010-frosted-acrylic-il-state-cutout-on-black-plaque;Frosted Acrylic IL State Cutout on Black Plaque;CD953IL;la unión alcanzaría ids de otro producto (CD953*);https://admin.shopify.com/store/trophy-partner/products?query=PS8644
ESPERA_CODIGO;p-8011-frosted-acrylic-in-state-cutout-on-black-plaque;Frosted Acrylic IN State Cutout on Black Plaque;CD953IN;la unión alcanzaría ids de otro producto (CD953*);https://admin.shopify.com/store/trophy-partner/products?query=PS8645
ESPERA_CODIGO;p-8012-frosted-acrylic-ks-state-cutout-on-black-plaque;Frosted Acrylic KS State Cutout on Black Plaque;CD953KS;la unión alcanzaría ids de otro producto (CD953*);https://admin.shopify.com/store/trophy-partner/products?query=PS8646
ESPERA_CODIGO;p-8013-frosted-acrylic-ky-state-cutout-on-black-plaque;Frosted Acrylic KY State Cutout on Black Plaque;CD953KY;la unión alcanzaría ids de otro producto (CD953*);https://admin.shopify.com/store/trophy-partner/products?query=PS8647
ESPERA_CODIGO;p-8014-frosted-acrylic-la-state-cutout-on-black-plaque;Frosted Acrylic LA State Cutout on Black Plaque;CD953LA;la unión alcanzaría ids de otro producto (CD953*);https://admin.shopify.com/store/trophy-partner/products?query=PS8648
ESPERA_CODIGO;p-8017-frosted-acrylic-me-state-cutout-on-black-plaque;Frosted Acrylic ME State Cutout on Black Plaque;CD953ME;la unión alcanzaría ids de otro producto (CD953*);https://admin.shopify.com/store/trophy-partner/products?query=PS8651
ESPERA_CODIGO;p-8019-frosted-acrylic-mn-state-cutout-on-black-plaque;Frosted Acrylic MN State Cutout on Black Plaque;CD953MN;la unión alcanzaría ids de otro producto (CD953*);https://admin.shopify.com/store/trophy-partner/products?query=PS8653
ESPERA_CODIGO;p-8020-frosted-acrylic-mo-state-cutout-on-black-plaque;Frosted Acrylic MO State Cutout on Black Plaque;CD953MO;la unión alcanzaría ids de otro producto (CD953*);https://admin.shopify.com/store/trophy-partner/products?query=PS8654
ESPERA_CODIGO;p-8021-frosted-acrylic-ms-state-cutout-on-black-plaque;Frosted Acrylic MS State Cutout on Black Plaque;CD953MS;la unión alcanzaría ids de otro producto (CD953*);https://admin.shopify.com/store/trophy-partner/products?query=PS8655
ESPERA_CODIGO;p-8022-frosted-acrylic-mt-state-cutout-on-black-plaque;Frosted Acrylic MT State Cutout on Black Plaque;CD953MT;la unión alcanzaría ids de otro producto (CD953*);https://admin.shopify.com/store/trophy-partner/products?query=PS8656
ESPERA_CODIGO;p-8024-frosted-acrylic-nd-state-cutout-on-black-plaque;Frosted Acrylic ND State Cutout on Black Plaque;CD953ND;la unión alcanzaría ids de otro producto (CD953*);https://admin.shopify.com/store/trophy-partner/products?query=PS8658
ESPERA_CODIGO;p-8025-frosted-acrylic-ne-state-cutout-on-black-plaque;Frosted Acrylic NE State Cutout on Black Plaque;CD953NE;la unión alcanzaría ids de otro producto (CD953*);https://admin.shopify.com/store/trophy-partner/products?query=PS8659
ESPERA_CODIGO;p-8026-frosted-acrylic-nh-state-cutout-on-black-plaque;Frosted Acrylic NH State Cutout on Black Plaque;CD953NH;la unión alcanzaría ids de otro producto (CD953*);https://admin.shopify.com/store/trophy-partner/products?query=PS8660
ESPERA_CODIGO;p-8027-frosted-acrylic-nj-state-cutout-on-black-plaque;Frosted Acrylic NJ State Cutout on Black Plaque;CD953NJ;la unión alcanzaría ids de otro producto (CD953*);https://admin.shopify.com/store/trophy-partner/products?query=PS8661
ESPERA_CODIGO;p-8028-frosted-acrylic-nm-state-cutout-on-black-plaque;Frosted Acrylic NM State Cutout on Black Plaque;CD953NM;la unión alcanzaría ids de otro producto (CD953*);https://admin.shopify.com/store/trophy-partner/products?query=PS8662
ESPERA_CODIGO;p-8029-frosted-acrylic-nv-state-cutout-on-black-plaque;Frosted Acrylic NV State Cutout on Black Plaque;CD953NV;la unión alcanzaría ids de otro producto (CD953*);https://admin.shopify.com/store/trophy-partner/products?query=PS8663
ESPERA_CODIGO;p-8030-frosted-acrylic-ny-state-cutout-on-black-plaque;Frosted Acrylic NY State Cutout on Black Plaque;CD953NY;la unión alcanzaría ids de otro producto (CD953*);https://admin.shopify.com/store/trophy-partner/products?query=PS8664
ESPERA_CODIGO;p-8031-frosted-acrylic-oh-state-cutout-on-black-plaque;Frosted Acrylic OH State Cutout on Black Plaque;CD953OH;la unión alcanzaría ids de otro producto (CD953*);https://admin.shopify.com/store/trophy-partner/products?query=PS8665
ESPERA_CODIGO;p-8032-frosted-acrylic-ok-state-cutout-on-black-plaque;Frosted Acrylic OK State Cutout on Black Plaque;CD953OK;la unión alcanzaría ids de otro producto (CD953*);https://admin.shopify.com/store/trophy-partner/products?query=PS8666
ESPERA_CODIGO;p-8033-frosted-acrylic-or-state-cutout-on-black-plaque;Frosted Acrylic OR State Cutout on Black Plaque;CD953OR;la unión alcanzaría ids de otro producto (CD953*);https://admin.shopify.com/store/trophy-partner/products?query=PS8667
ESPERA_CODIGO;p-8034-frosted-acrylic-pa-state-cutout-on-black-plaque;Frosted Acrylic PA State Cutout on Black Plaque;CD953PA;la unión alcanzaría ids de otro producto (CD953*);https://admin.shopify.com/store/trophy-partner/products?query=PS8668
ESPERA_CODIGO;p-8035-frosted-acrylic-ri-state-cutout-on-black-plaque;Frosted Acrylic RI State Cutout on Black Plaque;CD953RI;la unión alcanzaría ids de otro producto (CD953*);https://admin.shopify.com/store/trophy-partner/products?query=PS8669
ESPERA_CODIGO;p-8036-frosted-acrylic-sc-state-cutout-on-black-plaque;Frosted Acrylic SC State Cutout on Black Plaque;CD953SC;la unión alcanzaría ids de otro producto (CD953*);https://admin.shopify.com/store/trophy-partner/products?query=PS8670
ESPERA_CODIGO;p-8037-frosted-acrylic-sd-state-cutout-on-black-plaque;Frosted Acrylic SD State Cutout on Black Plaque;CD953SD;la unión alcanzaría ids de otro producto (CD953*);https://admin.shopify.com/store/trophy-partner/products?query=PS8671
ESPERA_CODIGO;p-8039-frosted-acrylic-tx-state-cutout-on-black-plaque;Frosted Acrylic TX State Cutout on Black Plaque;CD953TX;la unión alcanzaría ids de otro producto (CD953*);https://admin.shopify.com/store/trophy-partner/products?query=PS8673
ESPERA_CODIGO;p-8040-frosted-acrylic-ut-state-cutout-on-black-plaque;Frosted Acrylic UT State Cutout on Black Plaque;CD953UT;la unión alcanzaría ids de otro producto (CD953*);https://admin.shopify.com/store/trophy-partner/products?query=PS8674
ESPERA_CODIGO;p-8041-frosted-acrylic-va-state-cutout-on-black-plaque;Frosted Acrylic VA State Cutout on Black Plaque;CD953VA;la unión alcanzaría ids de otro producto (CD953*);https://admin.shopify.com/store/trophy-partner/products?query=PS8675
ESPERA_CODIGO;p-8042-frosted-acrylic-vt-state-cutout-on-black-plaque;Frosted Acrylic VT State Cutout on Black Plaque;CD953VT;la unión alcanzaría ids de otro producto (CD953*);https://admin.shopify.com/store/trophy-partner/products?query=PS8676
ESPERA_CODIGO;p-8043-frosted-acrylic-wa-state-cutout-on-black-plaque;Frosted Acrylic WA State Cutout on Black Plaque;CD953WA;la unión alcanzaría ids de otro producto (CD953*);https://admin.shopify.com/store/trophy-partner/products?query=PS8677
ESPERA_CODIGO;p-8044-frosted-acrylic-wi-state-cutout-on-black-plaque;Frosted Acrylic WI State Cutout on Black Plaque;CD953WI;la unión alcanzaría ids de otro producto (CD953*);https://admin.shopify.com/store/trophy-partner/products?query=PS8678
ESPERA_CODIGO;p-8045-frosted-acrylic-wv-state-cutout-on-black-plaque;Frosted Acrylic WV State Cutout on Black Plaque;CD953WV;la unión alcanzaría ids de otro producto (CD953*);https://admin.shopify.com/store/trophy-partner/products?query=PS8679
ESPERA_CODIGO;p-8046-frosted-acrylic-wy-state-cutout-on-black-plaque;Frosted Acrylic WY State Cutout on Black Plaque;CD953WY;la unión alcanzaría ids de otro producto (CD953*);https://admin.shopify.com/store/trophy-partner/products?query=PS8680
ESPERA_CODIGO;p-8077-leatherette-beverage-holder;Leatherette Beverage Holder;CM289BB CM289BV CM289WM;la unión alcanzaría ids de otro producto (CM289*);https://admin.shopify.com/store/trophy-partner/products?query=PS8908
ESPERA_CODIGO;p-8082-leatherette-flask;Leatherette Flask;CM286BB CM286BV CM286WM;la unión alcanzaría ids de otro producto (CM286*);https://admin.shopify.com/store/trophy-partner/products?query=PS8976
ESPERA_CODIGO;p-8085-leatherette-journal;Leatherette Journal;CM415BB CM415BV CM415WM;la unión alcanzaría ids de otro producto (CM415*);https://admin.shopify.com/store/trophy-partner/products?query=PS8997
ESPERA_CODIGO;p-8151-red-accent-clear-center-crystal;Red Accent Clear Center Crystal;GM809ARE GM809BRE GM809CRE;la unión alcanzaría ids de otro producto (GM809A* GM809B* GM809C*);https://admin.shopify.com/store/trophy-partner/products?query=PS9323
ESPERA_CODIGO;p-8160-rectangular-digi-color-lucite-ribbon-award;Rectangular Digi Color Lucite Ribbon Award;DCCD424ARB DCCD424BRB;la unión alcanzaría ids de otro producto (DCCD424** DCCD425**);https://admin.shopify.com/store/trophy-partner/products?query=PS9350
ESPERA_CODIGO;p-8712-blue-accent-clear-center-crystal;Blue  Accent Clear Center Crystal;GM809ABL GM809BBL GM809CBL;la unión alcanzaría ids de otro producto (GM809A* GM809B* GM809C*);https://admin.shopify.com/store/trophy-partner/products?query=PS10044
ESPERA_CODIGO;p-8715-blue-diamond-carve-lucite-octagon-plaque;Blue Diamond Carve Lucite Octagon Plaque;C1407LB;la unión alcanzaría ids de otro producto (C1407L*);https://admin.shopify.com/store/trophy-partner/products?query=PS10084
ESPERA_CODIGO;p-8773-journal-with-phone-pouch-small;Journal with Phone Pouch Small;CM721BS;la unión alcanzaría ids de otro producto (CM721*);https://admin.shopify.com/store/trophy-partner/products?query=PS10822
ESPERA_CODIGO;p-8774-journal-with-phone-pouch-large;Journal with Phone Pouch Large;CM721GR CM721RW;la unión alcanzaría ids de otro producto (CM721*);https://admin.shopify.com/store/trophy-partner/products?query=PS10823
ESPERA_CODIGO;p-8781-leatherette-beverage-holder-large;Leatherette Beverage Holder Large;CM289BL CM289BS CM289DB CM289GR CM289LB CM289PK CM289RS CM289RW CM289TL;la unión alcanzaría ids de otro producto (CM289*);https://admin.shopify.com/store/trophy-partner/products?query=PS10853
ESPERA_CODIGO;p-8793-leatherette-flask;Leatherette Flask;CM286BL CM286BS CM286DB CM286GR CM286LB CM286PK CM286RS CM286RW CM286TL;la unión alcanzaría ids de otro producto (CM286*);https://admin.shopify.com/store/trophy-partner/products?query=PS10878
ESPERA_CODIGO;p-8794-leatherette-frame-holds-small;Leatherette Frame  Holds Small;CM722ABS CM722ABV CM722AGR CM722ALB CM722ARW CM722ATL CM722BBB CM722BBS CM722BBV CM722BGR CM722BLB CM722BRW CM722BTL;la unión alcanzaría ids de otro producto (CM722A CM722B);https://admin.shopify.com/store/trophy-partner/products?query=PS10879
ESPERA_CODIGO;p-8795-leatherette-frame-holds-large;Leatherette Frame  Holds Large;CM722ABB;la unión alcanzaría ids de otro producto (CM722A);https://admin.shopify.com/store/trophy-partner/products?query=PS10880
ESPERA_CODIGO;p-8797-leatherette-journal;Leatherette Journal;CM415BS CM415CK CM415DB CM415GR CM415LB CM415PK CM415RS CM415RW CM415TL;la unión alcanzaría ids de otro producto (CM415*);https://admin.shopify.com/store/trophy-partner/products?query=PS10889
ESPERA_CODIGO;p-8808-leatherette-pen-large;Leatherette Pen Large;CM356BL CM356BS CM356DB CM356GR CM356LB CM356PK CM356RS CM356RW CM356TL;la unión alcanzaría ids de otro producto (CM356*);https://admin.shopify.com/store/trophy-partner/products?query=PS10914
ESPERA_CODIGO;p-8824-leatherette-wine-bag-small;Leatherette Wine Bag Small;CM288DB CM288GR CM288LB CM288PK CM288RS CM288RW CM288TL;la unión alcanzaría ids de otro producto (CM288*);https://admin.shopify.com/store/trophy-partner/products?query=PS10949
ESPERA_CODIGO;p-8825-leatherette-wine-bag-large;Leatherette Wine Bag Large;CM288BS;la unión alcanzaría ids de otro producto (CM288*);https://admin.shopify.com/store/trophy-partner/products?query=PS10950
ESPERA_CODIGO;p-8896-two-tone-clear-and-blue-crescent-curved-glass-includes-silver-color;Two-Tone Clear and Blue Crescent Curved Glass (Includes Silver Color;GI586BL;la unión alcanzaría ids de otro producto (GI586*);https://admin.shopify.com/store/trophy-partner/products?query=PS11481
FUSION;p-5337-3-tier-glass-tower-award-amber;3 Tier Glass Tower Award Amber;GI603AM;1 producto(s) PaceSetter repartidos entre varios de la tienda;https://admin.shopify.com/store/trophy-partner/products?query=PS6019
FUSION;p-5338-3-tier-glass-tower-blue-award;3 Tier Glass Tower Blue Award;GI603BL;1 producto(s) PaceSetter repartidos entre varios de la tienda;https://admin.shopify.com/store/trophy-partner/products?query=PS6020
FUSION;p-5377-anniversary-freestanding-5-year-award;Anniversary Freestanding 5 Year Award;CD904Y5;1 producto(s) PaceSetter repartidos entre varios de la tienda;https://admin.shopify.com/store/trophy-partner/products?query=PS6059
FUSION;p-5430-black-chisel-carve-tower-award-on-base;Black Chisel Carve Tower Award on Base;C701LBK C701BLBK;2 producto(s) PaceSetter repartidos entre varios de la tienda;https://admin.shopify.com/store/trophy-partner/products?query=PS6112
FUSION;p-5433-black-curved-beveled;Black Curved Beveled;GI515BK;1 producto(s) PaceSetter repartidos entre varios de la tienda;https://admin.shopify.com/store/trophy-partner/products?query=PS6115
FUSION;p-5473-blue-arched-brilliance-award-on-clear-base;Blue Arched Brilliance Award on Clear Base;CD636B;1 producto(s) PaceSetter repartidos entre varios de la tienda;https://admin.shopify.com/store/trophy-partner/products?query=PS6155
FUSION;p-5478-blue-chisel-carve-tower-award;Blue Chisel Carve Tower Award;C701LBL;1 producto(s) PaceSetter repartidos entre varios de la tienda;https://admin.shopify.com/store/trophy-partner/products?query=PS6160
FUSION;p-5479-blue-chisel-carved-tower-award-on-base;Blue Chisel Carved Tower Award On Base;C609LBBL C610LBBL C701BLBL C612LBBL;4 producto(s) PaceSetter repartidos entre varios de la tienda;https://admin.shopify.com/store/trophy-partner/products?query=PS6161
FUSION;p-5484-blue-curved-beveled;Blue Curved Beveled;GI515B;1 producto(s) PaceSetter repartidos entre varios de la tienda;https://admin.shopify.com/store/trophy-partner/products?query=PS6166
FUSION;p-5485-blue-deco-lucite-peak-on-marble-base-award;Blue Deco Lucite Peak on Marble Base Award;CF845AB CD854BB;1 producto(s) PaceSetter repartidos entre varios de la tienda;https://admin.shopify.com/store/trophy-partner/products?query=PS6167
FUSION;p-5488-blue-designs-deco-lucite-tablet;Blue Designs Deco Lucite Tablet;CD852AB CD852BB;1 producto(s) PaceSetter repartidos entre varios de la tienda;https://admin.shopify.com/store/trophy-partner/products?query=PS6170
FUSION;p-5493-blue-gemstone-brilliance-lucite-peak-award;Blue Gemstone Brilliance Lucite Peak Award;CD603AB CD603BB CD603CB;1 producto(s) PaceSetter repartidos entre varios de la tienda;https://admin.shopify.com/store/trophy-partner/products?query=PS6175
FUSION;p-5504-blue-lucite-rising-tide-wave-monument-award;Blue Lucite Rising Tide Wave Monument Award;CD848B;1 producto(s) PaceSetter repartidos entre varios de la tienda;https://admin.shopify.com/store/trophy-partner/products?query=PS6186
FUSION;p-5509-blue-optic-crystal-gemstone-award;Blue Optic Crystal Gemstone Award;GI513AB GI513BB GI513CB;3 producto(s) PaceSetter repartidos entre varios de la tienda;https://admin.shopify.com/store/trophy-partner/products?query=PS6191
FUSION;p-5510-blue-plaque-w-marble-mist-small;Blue Plaque w/ Marble Mist Small;C023BB;1 producto(s) PaceSetter repartidos entre varios de la tienda;https://admin.shopify.com/store/trophy-partner/products?query=PS6192
FUSION;p-5511-blue-plaque-w-marble-mist-large;Blue Plaque w/ Marble Mist Large;C023AB;1 producto(s) PaceSetter repartidos entre varios de la tienda;https://admin.shopify.com/store/trophy-partner/products?query=PS6193
FUSION;p-5523-blue-vibrant-gemstone-award;Blue Vibrant Gemstone Award;GI512AB GI512BB;1 producto(s) PaceSetter repartidos entre varios de la tienda;https://admin.shopify.com/store/trophy-partner/products?query=PS6205
FUSION;p-5530-bronze-cascade-metal-stars-award;Bronze Cascade Metal Stars Award;CD476BZ CD477BZ CD478BZ;3 producto(s) PaceSetter repartidos entre varios de la tienda;https://admin.shopify.com/store/trophy-partner/products?query=PS6212
FUSION;p-5544-carved-clear-crystal-on-black-base-wdigi;Carved Clear Crystal on Black Base w/Digi;GI583YD;1 producto(s) PaceSetter repartidos entre varios de la tienda;https://admin.shopify.com/store/trophy-partner/products?query=PS6226
FUSION;p-5545-carved-clear-crystal-award-on-black-base-with-logo-medallion;Carved Clear Crystal Award on Black Base with Logo Medallion;GI583YL;1 producto(s) PaceSetter repartidos entre varios de la tienda;https://admin.shopify.com/store/trophy-partner/products?query=PS6227
FUSION;p-5548-carved-clear-crystal-on-black-base-with-star-medallion-includes-silver-color;Carved Clear Crystal on Black Base with Star Medallion Includes Silver Color;GI583MS;repunte a GI583M, pero ya lo reclama otro producto;https://admin.shopify.com/store/trophy-partner/products?query=PS6230
FUSION;p-5565-chisel-carved-with-reflective-black-bottom-award;Chisel Carved with Reflective Black Bottom Award;GI638SBK;1 producto(s) PaceSetter repartidos entre varios de la tienda;https://admin.shopify.com/store/trophy-partner/products?query=PS6247
FUSION;p-5567-chisel-carved-with-reflective-gold-bottom-award;Chisel Carved with Reflective Gold Bottom Award;GI638SGO;1 producto(s) PaceSetter repartidos entre varios de la tienda;https://admin.shopify.com/store/trophy-partner/products?query=PS6249
FUSION;p-5569-chisel-carved-with-reflective-red-bottom-award;Chisel Carved with Reflective Red Bottom Award;GI638SRE;1 producto(s) PaceSetter repartidos entre varios de la tienda;https://admin.shopify.com/store/trophy-partner/products?query=PS6251
FUSION;p-5574-circle-cutout-alder-wood-and-silver-backer-digi;Circle Cutout Alder Wood and Silver Backer Digi;CD947AA CD947BA;1 producto(s) PaceSetter repartidos entre varios de la tienda;https://admin.shopify.com/store/trophy-partner/products?query=PS6256
FUSION;p-5575-circle-cutout-mahogany-wood-and-silver-backer-digi;Circle Cutout Mahogany Wood and Silver Backer Digi;CD947AM CD947BM;1 producto(s) PaceSetter repartidos entre varios de la tienda;https://admin.shopify.com/store/trophy-partner/products?query=PS6257
FUSION;p-5593-clear-crystal-chisel-carve-award;Clear Crystal Chisel Carve Award;GI638CLR;1 producto(s) PaceSetter repartidos entre varios de la tienda;https://admin.shopify.com/store/trophy-partner/products?query=PS6275
FUSION;p-5600-clear-glass-with-bold-black-crystal-accent;Clear Glass with Bold Black Crystal Accent;GI595BK;1 producto(s) PaceSetter repartidos entre varios de la tienda;https://admin.shopify.com/store/trophy-partner/products?query=PS6282
FUSION;p-5603-clear-glass-with-bold-red-crystal-accent;Clear Glass with Bold Red Crystal Accent;GI595RE;1 producto(s) PaceSetter repartidos entre varios de la tienda;https://admin.shopify.com/store/trophy-partner/products?query=PS6285
FUSION;p-5618-cork-bottle-opener;Cork Bottle Opener;CM332CK;1 producto(s) PaceSetter repartidos entre varios de la tienda;https://admin.shopify.com/store/trophy-partner/products?query=PS6300
FUSION;p-5623-cork-round-coaster;Cork Round Coaster;CM240CK;1 producto(s) PaceSetter repartidos entre varios de la tienda;https://admin.shopify.com/store/trophy-partner/products?query=PS6305
FUSION;p-5624-cork-round;Cork Round;CM282CK;1 producto(s) PaceSetter repartidos entre varios de la tienda;https://admin.shopify.com/store/trophy-partner/products?query=PS6306
FUSION;p-5625-cork-square-coaster;Cork Square Coaster;CM241CK;1 producto(s) PaceSetter repartidos entre varios de la tienda;https://admin.shopify.com/store/trophy-partner/products?query=PS6307
FUSION;p-5626-cork-square-coasters-set;Cork Square Coasters Set;CM283CK;1 producto(s) PaceSetter repartidos entre varios de la tienda;https://admin.shopify.com/store/trophy-partner/products?query=PS6308
FUSION;p-5635-crystal-tapered-monolith;Crystal Tapered Monolith;GM722A;1 producto(s) PaceSetter repartidos entre varios de la tienda;https://admin.shopify.com/store/trophy-partner/products?query=PS6317
FUSION;p-5665-crystal-tapered-monolith;Crystal Tapered Monolith;GM722B GM722C;1 producto(s) PaceSetter repartidos entre varios de la tienda;https://admin.shopify.com/store/trophy-partner/products?query=PS6347
FUSION;p-5668-crystal-towers-w-black-jewel-cut-pillar;Crystal Towers w/ Black Jewel cut Pillar;GI608B;1 producto(s) PaceSetter repartidos entre varios de la tienda;https://admin.shopify.com/store/trophy-partner/products?query=PS6350
FUSION;p-5669-crystal-towers-w-white-jewel-cut-pillar;Crystal Towers w/ White Jewel cut Pillar;GI608W;1 producto(s) PaceSetter repartidos entre varios de la tienda;https://admin.shopify.com/store/trophy-partner/products?query=PS6351
FUSION;p-5696-digi-color-mahogany-plaque;Digi-color Mahogany Plaque;CD547AMH CD547BMH CD547CMH;3 producto(s) PaceSetter repartidos entre varios de la tienda;https://admin.shopify.com/store/trophy-partner/products?query=PS6378
FUSION;p-5708-ebony-finish-certificateoverlay-plaque;Ebony Finish Certificate/Overlay Plaque;C3501AEBG C3501BEBG C3501CEBG;3 producto(s) PaceSetter repartidos entre varios de la tienda;https://admin.shopify.com/store/trophy-partner/products?query=PS6390
FUSION;p-5711-ebony-finish-plaque-with-choice-of-plate-and-board;Ebony Finish Plaque with choice of plate and board;DCCD520EEB;1 producto(s) PaceSetter repartidos entre varios de la tienda;https://admin.shopify.com/store/trophy-partner/products?query=PS6393
FUSION;p-5712-ebony-finish-plaque-with-marble-mist-small;Ebony Finish Plaque with Marble Mist Small;C021BBEF C021BGEF C021BREF;1 producto(s) PaceSetter repartidos entre varios de la tienda;https://admin.shopify.com/store/trophy-partner/products?query=PS6394
FUSION;p-5713-ebony-finish-plaque-with-marble-mist-large;Ebony Finish Plaque with Marble Mist Large;C021ABEF C021AGEF C021AREF;1 producto(s) PaceSetter repartidos entre varios de la tienda;https://admin.shopify.com/store/trophy-partner/products?query=PS6395
FUSION;p-5729-florence-series-faceted-oval-crystal-small;Florence Series Faceted Oval Crystal Small;GM413C;1 producto(s) PaceSetter repartidos entre varios de la tienda;https://admin.shopify.com/store/trophy-partner/products?query=PS6411
FUSION;p-5730-florence-series-faceted-oval-crystal-large;Florence Series Faceted Oval Crystal Large;GM413A GM413B;1 producto(s) PaceSetter repartidos entre varios de la tienda;https://admin.shopify.com/store/trophy-partner/products?query=PS6412
FUSION;p-5734-florentine-edge-plate-on-ebony-board-medium;Florentine Edge Plate on Ebony Board Medium;C071ASEF;1 producto(s) PaceSetter repartidos entre varios de la tienda;https://admin.shopify.com/store/trophy-partner/products?query=PS6416
FUSION;p-5736-florentine-gold-edge-plate-on-ebony-board-large;Florentine Gold Edge Plate on Ebony Board Large;C071BGOEF;1 producto(s) PaceSetter repartidos entre varios de la tienda;https://admin.shopify.com/store/trophy-partner/products?query=PS6418
FUSION;p-5737-florentine-gold-edge-plate-on-ebony-board;Florentine Gold Edge Plate on Ebony Board;C071AGOEF;1 producto(s) PaceSetter repartidos entre varios de la tienda;https://admin.shopify.com/store/trophy-partner/products?query=PS6419
FUSION;p-5840-frosted-lucite-on-black-piano-plaque-and-black-plate;Frosted Lucite on Black Piano Plaque and Black Plate;CD945BK;1 producto(s) PaceSetter repartidos entre varios de la tienda;https://admin.shopify.com/store/trophy-partner/products?query=PS6522
FUSION;p-5869-genuine-walnut-certificate-plaque;Genuine Walnut Certificate Plaque;C3501AWG;1 producto(s) PaceSetter repartidos entre varios de la tienda;https://admin.shopify.com/store/trophy-partner/products?query=PS6551
FUSION;p-5881-gold-cascade-metal-stars-award;Gold Cascade Metal Stars Award;CD476GO CD477GO CD478GO;3 producto(s) PaceSetter repartidos entre varios de la tienda;https://admin.shopify.com/store/trophy-partner/products?query=PS6563
FUSION;p-5882-gold-chisel-carve-tower-award;Gold Chisel Carve Tower Award;C701LGO;1 producto(s) PaceSetter repartidos entre varios de la tienda;https://admin.shopify.com/store/trophy-partner/products?query=PS6564
FUSION;p-5883-gold-chisel-carved-tower-on-base-award;Gold Chisel Carved Tower on Base Award;C610LBGO C701BLGO C612LBGO;3 producto(s) PaceSetter repartidos entre varios de la tienda;https://admin.shopify.com/store/trophy-partner/products?query=PS6565
FUSION;p-5891-gold-lucite-rising-tide-wave-monument-trophy;Gold Lucite Rising Tide Wave Monument Trophy;CD848G;1 producto(s) PaceSetter repartidos entre varios de la tienda;https://admin.shopify.com/store/trophy-partner/products?query=PS6573
FUSION;p-5896-gold-plaque-w-black-with-gold-florentine-plate;Gold Plaque w/ Black with Gold Florentine Plate;C072AGO C072BGO;1 producto(s) PaceSetter repartidos entre varios de la tienda;https://admin.shopify.com/store/trophy-partner/products?query=PS6578
FUSION;p-5897-gold-spectrum-chisel-carved-tower-award;Gold Spectrum Chisel Carved Tower Award;C612LGO;1 producto(s) PaceSetter repartidos entre varios de la tienda;https://admin.shopify.com/store/trophy-partner/products?query=PS6579
FUSION;p-5899-gold-star-self-standing-plaque;Gold Star Self-Standing Plaque;C0642G;1 producto(s) PaceSetter repartidos entre varios de la tienda;https://admin.shopify.com/store/trophy-partner/products?query=PS6581
FUSION;p-5908-green-chisel-carve-tower-award-on-base;Green Chisel Carve Tower Award on Base;C701BLGR;1 producto(s) PaceSetter repartidos entre varios de la tienda;https://admin.shopify.com/store/trophy-partner/products?query=PS6590
FUSION;p-5909-green-chisel-carve-tower-award;Green Chisel Carve Tower Award;C701LGR;1 producto(s) PaceSetter repartidos entre varios de la tienda;https://admin.shopify.com/store/trophy-partner/products?query=PS6591
FUSION;p-5913-green-gemstone-brilliance-lucite-peak-award;Green Gemstone Brilliance Lucite Peak Award;CD603AGR CD603BGR CD603CGR;1 producto(s) PaceSetter repartidos entre varios de la tienda;https://admin.shopify.com/store/trophy-partner/products?query=PS6595
FUSION;p-5968-layered-acrylic-plaque-wblack-back-and-circle;Layered Acrylic Plaque w/Black Back and Circle;CD961BK;1 producto(s) PaceSetter repartidos entre varios de la tienda;https://admin.shopify.com/store/trophy-partner/products?query=PS6650
FUSION;p-5971-layered-acrylic-plaque-with-orange-back-and-circle-award;Layered Acrylic Plaque with Orange Back and Circle Award;CD961OR;1 producto(s) PaceSetter repartidos entre varios de la tienda;https://admin.shopify.com/store/trophy-partner/products?query=PS6653
FUSION;p-6014-cork-leatherette-oval-keychain;Cork Leatherette Oval Keychain;CM291CK CM291RG CM291TL;1 producto(s) PaceSetter repartidos entre varios de la tienda;https://admin.shopify.com/store/trophy-partner/products?query=PS6696
FUSION;p-6071-lucite-square-rectangular-block-awards;Lucite Square & Rectangular Block Awards;CD549A;1 producto(s) PaceSetter repartidos entre varios de la tienda;https://admin.shopify.com/store/trophy-partner/products?query=PS6753
FUSION;p-6081-medium-digi;Medium Digi;CD547AEB;1 producto(s) PaceSetter repartidos entre varios de la tienda;https://admin.shopify.com/store/trophy-partner/products?query=PS6763
FUSION;p-6082-medium-gold-chisel-carve-tower-award;Medium Gold Chisel Carve Tower Award;C610LGO;1 producto(s) PaceSetter repartidos entre varios de la tienda;https://admin.shopify.com/store/trophy-partner/products?query=PS6764
FUSION;p-6101-optic-clear-crystal-cube-xx-large-award;Optic Clear Crystal Cube XX Large Award;GM453E;1 producto(s) PaceSetter repartidos entre varios de la tienda;https://admin.shopify.com/store/trophy-partner/products?query=PS6783
FUSION;p-6102-optic-clear-crystal-cube-x-large-award-trophy;Optic Clear Crystal Cube X Large Award Trophy;GM453D;1 producto(s) PaceSetter repartidos entre varios de la tienda;https://admin.shopify.com/store/trophy-partner/products?query=PS6784
FUSION;p-6103-optic-clear-crystal-cube-award-trophy;Optic Clear Crystal Cube Award Trophy;GM453A GM453B GM453C;1 producto(s) PaceSetter repartidos entre varios de la tienda;https://admin.shopify.com/store/trophy-partner/products?query=PS6785
FUSION;p-6143-optic-crystal-wedge-award-trophy;Optic Crystal Wedge Award Trophy;GI29A GI29B GI29C;1 producto(s) PaceSetter repartidos entre varios de la tienda;https://admin.shopify.com/store/trophy-partner/products?query=PS6825
FUSION;p-6169-premium-black-glass-tablet-with-metal-stand;Premium Black Glass Tablet with Metal Stand;GM699B GM699C;1 producto(s) PaceSetter repartidos entre varios de la tienda;https://admin.shopify.com/store/trophy-partner/products?query=PS6851
FUSION;p-6170-premium-black-glass-tablet-with-metal-stand-small;Premium Black Glass Tablet with Metal Stand Small;GM699A;1 producto(s) PaceSetter repartidos entre varios de la tienda;https://admin.shopify.com/store/trophy-partner/products?query=PS6852
FUSION;p-6171-premium-blue-glass-tablet-with-metal-stand;Premium Blue Glass Tablet with Metal Stand;GM698B GM698C;1 producto(s) PaceSetter repartidos entre varios de la tienda;https://admin.shopify.com/store/trophy-partner/products?query=PS6853
FUSION;p-6172-premium-blue-glass-tablet-with-metal-stand-small;Premium Blue Glass Tablet with Metal Stand Small;GM698A;1 producto(s) PaceSetter repartidos entre varios de la tienda;https://admin.shopify.com/store/trophy-partner/products?query=PS6854
FUSION;p-6182-purple-chisel-carve-tower-award-on-base;Purple Chisel Carve Tower Award on Base;C701BLPU;1 producto(s) PaceSetter repartidos entre varios de la tienda;https://admin.shopify.com/store/trophy-partner/products?query=PS6864
FUSION;p-6189-rectangle-etched-edge-crystal-with-layered-base-large;Rectangle Etched Edge Crystal with Layered Base Large;GM731C;1 producto(s) PaceSetter repartidos entre varios de la tienda;https://admin.shopify.com/store/trophy-partner/products?query=PS6871
FUSION;p-6190-rectangle-etched-edge-crystal-with-layered-base;Rectangle Etched Edge Crystal with Layered Base;GM731A GM731B;1 producto(s) PaceSetter repartidos entre varios de la tienda;https://admin.shopify.com/store/trophy-partner/products?query=PS6872
FUSION;p-6192-red-arched-brilliance-award-on-clear-base;Red Arched Brilliance Award on Clear Base;CD636R;1 producto(s) PaceSetter repartidos entre varios de la tienda;https://admin.shopify.com/store/trophy-partner/products?query=PS6874
FUSION;p-6196-red-chisel-carve-tower-award-on-base;Red Chisel Carve Tower Award on Base;C701BLRE;1 producto(s) PaceSetter repartidos entre varios de la tienda;https://admin.shopify.com/store/trophy-partner/products?query=PS6878
FUSION;p-6198-red-deco-lucite-peak-on-marble-base-award-trophy;Red Deco Lucite Peak On Marble Base Award Trophy;CD854AR CD854BR;1 producto(s) PaceSetter repartidos entre varios de la tienda;https://admin.shopify.com/store/trophy-partner/products?query=PS6880
FUSION;p-6199-red-designs-deco-lucite-tablet-award-trophy;Red Designs Deco Lucite Tablet Award Trophy;CD852AR CD852BR;1 producto(s) PaceSetter repartidos entre varios de la tienda;https://admin.shopify.com/store/trophy-partner/products?query=PS6881
FUSION;p-6205-red-plaque-w-marble-mist-small;Red Plaque w/ Marble Mist Small;C023BR;1 producto(s) PaceSetter repartidos entre varios de la tienda;https://admin.shopify.com/store/trophy-partner/products?query=PS6887
FUSION;p-6206-red-plaque-with-marble-mist-large;Red Plaque with Marble Mist Large;C023AR;1 producto(s) PaceSetter repartidos entre varios de la tienda;https://admin.shopify.com/store/trophy-partner/products?query=PS6888
FUSION;p-6208-red-spectrum-chisel-carved-tower-award;Red Spectrum Chisel Carved Tower Award;C701LRE;1 producto(s) PaceSetter repartidos entre varios de la tienda;https://admin.shopify.com/store/trophy-partner/products?query=PS6890
FUSION;p-6246-silver-metal-trophy-cup;Silver Metal Trophy Cup;CM401AS CM401BS CM401CS;1 producto(s) PaceSetter repartidos entre varios de la tienda;https://admin.shopify.com/store/trophy-partner/products?query=PS6928
FUSION;p-6249-silver-star-self-standing-plaque;Silver Star Self-Standing Plaque;C0642S;1 producto(s) PaceSetter repartidos entre varios de la tienda;https://admin.shopify.com/store/trophy-partner/products?query=PS6931
FUSION;p-6256-simplicity-plate-on-ebony-board-plaque;Simplicity Plate on Ebony Board Plaque;C076AB C076AGO C076AR C076AS;1 producto(s) PaceSetter repartidos entre varios de la tienda;https://admin.shopify.com/store/trophy-partner/products?query=PS6938
FUSION;p-6258-simplicity-plate-on-walnut-finish-board-plaque;Simplicity Plate on Walnut Finish Board Plaque;C075AB C075AGO C075AR C075AS;1 producto(s) PaceSetter repartidos entre varios de la tienda;https://admin.shopify.com/store/trophy-partner/products?query=PS6940
FUSION;p-6266-slide-in-certificate-ebony-plaque-ebony-in-mailer-box;Slide-in Certificate Ebony Plaque Ebony in Mailer Box;CD120M;repunte a CD120G, pero ya lo reclama otro producto;https://admin.shopify.com/store/trophy-partner/products?query=PS6948
FUSION;p-6270-slide-in-certificate-walnut-plaque-in-gift-box;Slide-in Certificate Walnut Plaque in Gift Box;C4801AAG C4801AG C4801BG C4801CG;4 producto(s) PaceSetter repartidos entre varios de la tienda;https://admin.shopify.com/store/trophy-partner/products?query=PS6952
FUSION;p-6271-slide-in-certificate-walnut-plaque-in-mailer-box;Slide-in Certificate Walnut Plaque in Mailer Box;C4801AAM C4801AM C4801BM C4801CM;4 producto(s) PaceSetter repartidos entre varios de la tienda;https://admin.shopify.com/store/trophy-partner/products?query=PS6953
FUSION;p-6321-walnut-certificate-frame-with-gold-metallized-accent;Walnut Certificate Frame with Gold Metallized Accent;C4802WG;1 producto(s) PaceSetter repartidos entre varios de la tienda;https://admin.shopify.com/store/trophy-partner/products?query=PS7003
FUSION;p-6322-walnut-finish-digi;Walnut Finish  Digi;CD547CWN;1 producto(s) PaceSetter repartidos entre varios de la tienda;https://admin.shopify.com/store/trophy-partner/products?query=PS7004
FUSION;p-6324-walnut-finish-certificateoverlay-plaque-in-gift-box;Walnut Finish Certificate/Overlay Plaque in Gift Box;C3501AWNG C3501BWNG C3501CWNG;2 producto(s) PaceSetter repartidos entre varios de la tienda;https://admin.shopify.com/store/trophy-partner/products?query=PS7006
FUSION;p-6325-walnut-finish-certificateoverlay-plaque-in-mailer-box;Walnut Finish Certificate/Overlay Plaque in Mailer Box;C3501AWNM C3501BWNM C3501CWNM C3501AWM C3501BWM;2 producto(s) PaceSetter repartidos entre varios de la tienda;https://admin.shopify.com/store/trophy-partner/products?query=PS7007
FUSION;p-6326-walnut-finish-digi;Walnut Finish Digi;CD547AWN CD547BWN;2 producto(s) PaceSetter repartidos entre varios de la tienda;https://admin.shopify.com/store/trophy-partner/products?query=PS7008
FUSION;p-6329-walnut-finish-plaque-with-black-florentine-plate;Walnut Finish Plaque with Black Florentine Plate;C071AGOWF C071BGOWF;2 producto(s) PaceSetter repartidos entre varios de la tienda;https://admin.shopify.com/store/trophy-partner/products?query=PS7011
FUSION;p-7627-anniversary-freestanding-3-year-award;Anniversary Freestanding 3 Year Award;CD904Y3;1 producto(s) PaceSetter repartidos entre varios de la tienda;https://admin.shopify.com/store/trophy-partner/products?query=PS6059-3
FUSION;p-7628-anniversary-freestanding-1-year-award;Anniversary Freestanding 1 Year Award;CD904Y1;1 producto(s) PaceSetter repartidos entre varios de la tienda;https://admin.shopify.com/store/trophy-partner/products?query=PS6059-1
FUSION;p-7837-angular-clearblack-glass-award;Angular Clear/Black Glass Award;GI672BK;1 producto(s) PaceSetter repartidos entre varios de la tienda;https://admin.shopify.com/store/trophy-partner/products?query=PS8097
FUSION;p-7838-angular-clearblue-glass-award;Angular Clear/Blue Glass Award;GI672B;1 producto(s) PaceSetter repartidos entre varios de la tienda;https://admin.shopify.com/store/trophy-partner/products?query=PS8098
FUSION;p-7881-black-walnut-cutting-charcuterie-board-large;Black Walnut Cutting & Charcuterie Board Large;CM750E CM750F;1 producto(s) PaceSetter repartidos entre varios de la tienda;https://admin.shopify.com/store/trophy-partner/products?query=PS8221
FUSION;p-7882-black-walnut-cutting-charcuterie-board;Black Walnut Cutting & Charcuterie Board;CM750A CM750C CM750D CM750B;1 producto(s) PaceSetter repartidos entre varios de la tienda;https://admin.shopify.com/store/trophy-partner/products?query=PS8222
FUSION;p-7888-blue-acrylic-color-drops-award;Blue Acrylic Color Drops Award;CD1101AB CD1101BB CD1101CB;3 producto(s) PaceSetter repartidos entre varios de la tienda;https://admin.shopify.com/store/trophy-partner/products?query=PS8232
FUSION;p-7896-blue-marble-florentine-plate-on-ebony-finish-board;Blue Marble Florentine Plate on Ebony Finish Board;CD414BBEF;1 producto(s) PaceSetter repartidos entre varios de la tienda;https://admin.shopify.com/store/trophy-partner/products?query=PS8278
FUSION;p-7898-blue-teardrop-art-glass;Blue Teardrop Art Glass;GM805B;1 producto(s) PaceSetter repartidos entre varios de la tienda;https://admin.shopify.com/store/trophy-partner/products?query=PS8297
FUSION;p-7917-clear-acrylic-perpetual-plate;Clear Acrylic Perpetual Plate;CD1222PLT;repunte a CD1222, pero ya lo reclama otro producto;https://admin.shopify.com/store/trophy-partner/products?query=PS8361
FUSION;p-7930-clear-crystal-with-black-crystal-accents;Clear Crystal with Black Crystal Accents;GI673BK;1 producto(s) PaceSetter repartidos entre varios de la tienda;https://admin.shopify.com/store/trophy-partner/products?query=PS8396
FUSION;p-7931-clear-crystal-with-blue-black-crystal-accents;Clear Crystal with Blue & Black Crystal Accents;GI673B;1 producto(s) PaceSetter repartidos entre varios de la tienda;https://admin.shopify.com/store/trophy-partner/products?query=PS8397
FUSION;p-7932-clear-crystal-with-red-black-crystal-accents;Clear Crystal with Red & Black Crystal Accents;GI673R;1 producto(s) PaceSetter repartidos entre varios de la tienda;https://admin.shopify.com/store/trophy-partner/products?query=PS8398
FUSION;p-7958-crystal-tablet-with-globe-small;Crystal Tablet with Globe Small;GM755B GM755C GM755D;1 producto(s) PaceSetter repartidos entre varios de la tienda;https://admin.shopify.com/store/trophy-partner/products?query=PS8481
FUSION;p-7959-crystal-tablet-with-globe-large;Crystal Tablet with Globe Large;GM755A;1 producto(s) PaceSetter repartidos entre varios de la tienda;https://admin.shopify.com/store/trophy-partner/products?query=PS8482
FUSION;p-7976-diamond-tower;Diamond Tower;GI674A GI674B;1 producto(s) PaceSetter repartidos entre varios de la tienda;https://admin.shopify.com/store/trophy-partner/products?query=PS8543
FUSION;p-7977-diamond-tower-large;Diamond Tower. Large;GI674C;1 producto(s) PaceSetter repartidos entre varios de la tienda;https://admin.shopify.com/store/trophy-partner/products?query=PS8544
FUSION;p-7984-ebony-piano-finish-plaque;Ebony Piano Finish Plaque;DCCD520DEB;1 producto(s) PaceSetter repartidos entre varios de la tienda;https://admin.shopify.com/store/trophy-partner/products?query=PS8579
FUSION;p-7985-extra-large-digi;Extra-Large Digi;CD547CEB;1 producto(s) PaceSetter repartidos entre varios de la tienda;https://admin.shopify.com/store/trophy-partner/products?query=PS8591
FUSION;p-8001-frosted-acrylic-ca-state-cutout-on-black-plaque;Frosted Acrylic CA State Cutout on Black Plaque;CD953CA;1 producto(s) PaceSetter repartidos entre varios de la tienda;https://admin.shopify.com/store/trophy-partner/products?query=PS8634
FUSION;p-8004-frosted-acrylic-de-state-cutout-on-black-plaque;Frosted Acrylic DE State Cutout on Black Plaque;CD953DE;1 producto(s) PaceSetter repartidos entre varios de la tienda;https://admin.shopify.com/store/trophy-partner/products?query=PS8637
FUSION;p-8005-frosted-acrylic-fl-state-cutout-on-black-plaque;Frosted Acrylic FL State Cutout on Black Plaque;CD953FL;1 producto(s) PaceSetter repartidos entre varios de la tienda;https://admin.shopify.com/store/trophy-partner/products?query=PS8639
FUSION;p-8007-frosted-acrylic-hi-state-cutout-on-black-plaque;Frosted Acrylic HI State Cutout on Black Plaque;CD953HI;1 producto(s) PaceSetter repartidos entre varios de la tienda;https://admin.shopify.com/store/trophy-partner/products?query=PS8641
FUSION;p-8009-frosted-acrylic-id-state-cutout-on-black-plaque;Frosted Acrylic ID State Cutout on Black Plaque;CD953ID;1 producto(s) PaceSetter repartidos entre varios de la tienda;https://admin.shopify.com/store/trophy-partner/products?query=PS8643
FUSION;p-8015-frosted-acrylic-ma-state-cutout-on-black-plaque;Frosted Acrylic MA State Cutout on Black Plaque;CD953MA;1 producto(s) PaceSetter repartidos entre varios de la tienda;https://admin.shopify.com/store/trophy-partner/products?query=PS8649
FUSION;p-8016-frosted-acrylic-md-state-cutout-on-black-plaque;Frosted Acrylic MD State Cutout on Black Plaque;CD953MD;1 producto(s) PaceSetter repartidos entre varios de la tienda;https://admin.shopify.com/store/trophy-partner/products?query=PS8650
FUSION;p-8018-frosted-acrylic-mi-state-cutout-on-black-plaque;Frosted Acrylic MI State Cutout on Black Plaque;CD953MI;1 producto(s) PaceSetter repartidos entre varios de la tienda;https://admin.shopify.com/store/trophy-partner/products?query=PS8652
FUSION;p-8023-frosted-acrylic-nc-state-cutout-on-black-plaque;Frosted Acrylic NC State Cutout on Black Plaque;CD953NC;1 producto(s) PaceSetter repartidos entre varios de la tienda;https://admin.shopify.com/store/trophy-partner/products?query=PS8657
FUSION;p-8038-frosted-acrylic-tn-state-cutout-on-black-plaque;Frosted Acrylic TN State Cutout on Black Plaque;CD953TN;1 producto(s) PaceSetter repartidos entre varios de la tienda;https://admin.shopify.com/store/trophy-partner/products?query=PS8672
FUSION;p-8053-gold-metal-trophy-cup;Gold Metal Trophy Cup;CM401AG CM401BG CM401CG DA01;1 producto(s) PaceSetter repartidos entre varios de la tienda;https://admin.shopify.com/store/trophy-partner/products?query=PS8784
FUSION;p-8057-golf-course-silhouette-award;Golf Course Silhouette Award;CD1053BD CD1053BT CD1053CD CD1053CF CD1053CT;1 producto(s) PaceSetter repartidos entre varios de la tienda;https://admin.shopify.com/store/trophy-partner/products?query=PS8800
FUSION;p-8058-golf-course-silhouette-award-trophy;Golf Course Silhouette Award Trophy;CD1053AF CD1053AT;1 producto(s) PaceSetter repartidos entre varios de la tienda;https://admin.shopify.com/store/trophy-partner/products?query=PS8801
FUSION;p-8061-green-acrylic-color-drops-award;Green Acrylic Color Drops Award;CD1101AG CD1101BG CD1101CG;3 producto(s) PaceSetter repartidos entre varios de la tienda;https://admin.shopify.com/store/trophy-partner/products?query=PS8805
FUSION;p-8067-green-teardrop-art-glass;Green Teardrop Art Glass;GM805G;1 producto(s) PaceSetter repartidos entre varios de la tienda;https://admin.shopify.com/store/trophy-partner/products?query=PS8823
FUSION;p-8080-leatherette-cigar-case-with-cutter;Leatherette Cigar Case with Cutter;CM372BB;1 producto(s) PaceSetter repartidos entre varios de la tienda;https://admin.shopify.com/store/trophy-partner/products?query=PS8947
FUSION;p-8084-leatherette-hard-business-card-case;Leatherette Hard Business Card Case;CM243BB CM243BV CM243WM;1 producto(s) PaceSetter repartidos entre varios de la tienda;https://admin.shopify.com/store/trophy-partner/products?query=PS8987
FUSION;p-8088-leatherette-money-clip-large;Leatherette Money Clip Large;CM455BV;1 producto(s) PaceSetter repartidos entre varios de la tienda;https://admin.shopify.com/store/trophy-partner/products?query=PS9014
FUSION;p-8091-leatherette-oval-keychain;Leatherette Oval Keychain;CM291BB CM291BV CM291WM;1 producto(s) PaceSetter repartidos entre varios de la tienda;https://admin.shopify.com/store/trophy-partner/products?query=PS9044
FUSION;p-8096-leatherette-portfolio;Leatherette Portfolio;CM237ABB CM237ABV CM237AWM CM237BBB CM237BBV CM237BWM;2 producto(s) PaceSetter repartidos entre varios de la tienda;https://admin.shopify.com/store/trophy-partner/products?query=PS9082
FUSION;p-8098-leatherette-round-coaster;Leatherette Round Coaster;CM240BB CM240BV CM240WM;1 producto(s) PaceSetter repartidos entre varios de la tienda;https://admin.shopify.com/store/trophy-partner/products?query=PS9099
FUSION;p-8105-light-dark-blue-art-glass-on-clear-base-small;Light & Dark Blue Art Glass on Clear Base Small;GM742C;1 producto(s) PaceSetter repartidos entre varios de la tienda;https://admin.shopify.com/store/trophy-partner/products?query=PS9145
FUSION;p-8106-light-dark-blue-art-glass-on-clear-base-large;Light & Dark Blue Art Glass on Clear Base Large;GM742A GM742B;1 producto(s) PaceSetter repartidos entre varios de la tienda;https://admin.shopify.com/store/trophy-partner/products?query=PS9146
FUSION;p-8123-optic-crystal-wedge-award-large;Optic Crystal Wedge Award Large;GI29D;1 producto(s) PaceSetter repartidos entre varios de la tienda;https://admin.shopify.com/store/trophy-partner/products?query=PS9242
FUSION;p-8147-purple-chisel-carve-tower-award;Purple Chisel Carve Tower Award;C701LPU;1 producto(s) PaceSetter repartidos entre varios de la tienda;https://admin.shopify.com/store/trophy-partner/products?query=PS9309
FUSION;p-8153-red-acrylic-color-drops-award;Red Acrylic Color Drops Award;CD1101AR CD1101BR;2 producto(s) PaceSetter repartidos entre varios de la tienda;https://admin.shopify.com/store/trophy-partner/products?query=PS9325
FUSION;p-8154-red-cascade-carved-acrylic-award;Red Cascade Carved Acrylic Award;CD1217RD;1 producto(s) PaceSetter repartidos entre varios de la tienda;https://admin.shopify.com/store/trophy-partner/products?query=PS9330
FUSION;p-8156-red-marble-florentine-plate-on-ebony-board;Red Marble Florentine Plate on Ebony Board;CD414AREF CD414BREF;1 producto(s) PaceSetter repartidos entre varios de la tienda;https://admin.shopify.com/store/trophy-partner/products?query=PS9339
FUSION;p-8158-red-teardrop-art-glass;Red Teardrop Art Glass;GM805R;1 producto(s) PaceSetter repartidos entre varios de la tienda;https://admin.shopify.com/store/trophy-partner/products?query=PS9346
FUSION;p-8218-walnut-double-row-challenge-coin-display;Walnut Double Row Challenge Coin Display;CM754B;1 producto(s) PaceSetter repartidos entre varios de la tienda;https://admin.shopify.com/store/trophy-partner/products?query=PS9544
FUSION;p-8219-walnut-finish-plaque-with-black-florentine;Walnut Finish Plaque with Black Florentine;C071ASWF;1 producto(s) PaceSetter repartidos entre varios de la tienda;https://admin.shopify.com/store/trophy-partner/products?query=PS9563
FUSION;p-8220-walnut-quadruple-row-challenge-coin-display;Walnut Quadruple Row Challenge Coin Display;CM754D;1 producto(s) PaceSetter repartidos entre varios de la tienda;https://admin.shopify.com/store/trophy-partner/products?query=PS9574
FUSION;p-8222-walnut-triple-row-challenge-coin-display;Walnut Triple Row Challenge Coin Display;CM754C;1 producto(s) PaceSetter repartidos entre varios de la tienda;https://admin.shopify.com/store/trophy-partner/products?query=PS9576
FUSION;p-8694-6-oz-matte-black-stainless-steel-lasered-flask;6 oz. Matte Black Stainless Steel Lasered Flask;CM254BK;1 producto(s) PaceSetter repartidos entre varios de la tienda;https://admin.shopify.com/store/trophy-partner/products?query=PS9784
FUSION;p-8695-6-oz-powder-coated-green-stainless-steel-lasered-flask;6 oz Powder Coated Green Stainless Steel Lasered Flask;CM254GR;1 producto(s) PaceSetter repartidos entre varios de la tienda;https://admin.shopify.com/store/trophy-partner/products?query=PS9785
FUSION;p-8696-7-piece-blacksilver-leatherette-manicure-gift-set;7-Piece Black/Silver Leatherette Manicure Gift Set;CM293BS;1 producto(s) PaceSetter repartidos entre varios de la tienda;https://admin.shopify.com/store/trophy-partner/products?query=PS9786
FUSION;p-8697-7-piece-dark-brown-leatherette-manicure-gift-set;7-Piece Dark Brown Leatherette Manicure Gift Set;CM293DB;1 producto(s) PaceSetter repartidos entre varios de la tienda;https://admin.shopify.com/store/trophy-partner/products?query=PS9787
FUSION;p-8698-7-piece-light-brown-leatherette-manicure-gift-set;7-Piece Light Brown Leatherette Manicure Gift Set;CM293LB;1 producto(s) PaceSetter repartidos entre varios de la tienda;https://admin.shopify.com/store/trophy-partner/products?query=PS9789
FUSION;p-8699-7-piece-pink-leatherette-manicure-gift-set;7-Piece Pink Leatherette Manicure Gift Set;CM293PK;1 producto(s) PaceSetter repartidos entre varios de la tienda;https://admin.shopify.com/store/trophy-partner/products?query=PS9790
FUSION;p-8700-7-piece-rawhide-leatherette-manicure-gift-set;7-Piece Rawhide Leatherette Manicure Gift Set;CM293RW;1 producto(s) PaceSetter repartidos entre varios de la tienda;https://admin.shopify.com/store/trophy-partner/products?query=PS9791
FUSION;p-8709-black-certificate-frame-with-silver-metallized-accent;Black Certificate Frame with Silver Metallized Accent;C4802BS;1 producto(s) PaceSetter repartidos entre varios de la tienda;https://admin.shopify.com/store/trophy-partner/products?query=PS10012
FUSION;p-8710-blacksilver-leatherette-oval-keychain;Black/Silver Leatherette Oval Keychain;CM291BS;1 producto(s) PaceSetter repartidos entre varios de la tienda;https://admin.shopify.com/store/trophy-partner/products?query=PS10040
FUSION;p-8711-blacksilver-leatherette-phone-easel;Black/Silver Leatherette Phone Easel;CM296BS;1 producto(s) PaceSetter repartidos entre varios de la tienda;https://admin.shopify.com/store/trophy-partner/products?query=PS10041
FUSION;p-8714-blue-cascade-carved-acrylic-award;Blue Cascade Carved Acrylic Award;CD1217BL;1 producto(s) PaceSetter repartidos entre varios de la tienda;https://admin.shopify.com/store/trophy-partner/products?query=PS10062
FUSION;p-8716-blue-halley-collection-plaque;Blue Halley Collection Plaque;C750ALB C750BLB C750CLB;1 producto(s) PaceSetter repartidos entre varios de la tienda;https://admin.shopify.com/store/trophy-partner/products?query=PS10093
FUSION;p-8718-blue-marble-florentine-plate-on-ebony-board;Blue Marble Florentine Plate on Ebony Board;CD414ABEF;1 producto(s) PaceSetter repartidos entre varios de la tienda;https://admin.shopify.com/store/trophy-partner/products?query=PS10096
FUSION;p-8719-blue-spectrum-chisel-carved-tower-small;Blue Spectrum Chisel Carved Tower Small;C612LBL;1 producto(s) PaceSetter repartidos entre varios de la tienda;https://admin.shopify.com/store/trophy-partner/products?query=PS10106
FUSION;p-8720-blue-spectrum-chisel-carved-tower-large;Blue Spectrum Chisel Carved Tower Large;C609LBL;repunte a C609LGO, pero ya lo reclama otro producto;https://admin.shopify.com/store/trophy-partner/products?query=PS10107
FUSION;p-8727-chisel-carved-reflective-blue-bottom-award;Chisel Carved Reflective Blue Bottom Award;GI638SBL;1 producto(s) PaceSetter repartidos entre varios de la tienda;https://admin.shopify.com/store/trophy-partner/products?query=PS10156
FUSION;p-8728-chisel-carved-reflective-green-bottom-award;Chisel Carved Reflective Green Bottom Award;GI638SGR;1 producto(s) PaceSetter repartidos entre varios de la tienda;https://admin.shopify.com/store/trophy-partner/products?query=PS10158
FUSION;p-8729-choice-of-digi-small;Choice of Digi Small;DCCD520EGA DCCD520ERW DCCD520EWN;1 producto(s) PaceSetter repartidos entre varios de la tienda;https://admin.shopify.com/store/trophy-partner/products?query=PS10160
FUSION;p-8730-choice-of-digi-large;Choice of Digi Large;DCC3001BWN DCCD520DGA DCCD520DRW DCCD520DWN;2 producto(s) PaceSetter repartidos entre varios de la tienda;https://admin.shopify.com/store/trophy-partner/products?query=PS10162
FUSION;p-8733-clear-glass-with-bold-blue-crystal-accent;Clear Glass with Bold Blue Crystal Accent;GI595BL;1 producto(s) PaceSetter repartidos entre varios de la tienda;https://admin.shopify.com/store/trophy-partner/products?query=PS10226
FUSION;p-8734-clear-glass-with-bold-green-crystal-accent;Clear Glass with Bold Green Crystal Accent;GI595GR;1 producto(s) PaceSetter repartidos entre varios de la tienda;https://admin.shopify.com/store/trophy-partner/products?query=PS10227
FUSION;p-8748-dark-brown-leatherette-oval-keychain;Dark Brown Leatherette Oval Keychain;CM291DB;1 producto(s) PaceSetter repartidos entre varios de la tienda;https://admin.shopify.com/store/trophy-partner/products?query=PS10404
FUSION;p-8749-dark-brown-leatherette-phone-easel;Dark Brown Leatherette Phone Easel;CM296DB;1 producto(s) PaceSetter repartidos entre varios de la tienda;https://admin.shopify.com/store/trophy-partner/products?query=PS10405
FUSION;p-8755-frosted-lucite-on-black-piano-plaque-and-blue-plate;Frosted Lucite on Black Piano Plaque and Blue Plate;CD945BL;1 producto(s) PaceSetter repartidos entre varios de la tienda;https://admin.shopify.com/store/trophy-partner/products?query=PS10646
FUSION;p-8756-genuine-walnut-elliptical-plaque-with-blacksilver-florentine-small;Genuine Walnut Elliptical Plaque with Black/Silver Florentine Small;C072BS;1 producto(s) PaceSetter repartidos entre varios de la tienda;https://admin.shopify.com/store/trophy-partner/products?query=PS10681
FUSION;p-8757-genuine-walnut-elliptical-plaque-with-blacksilver-florentine-large;Genuine Walnut Elliptical Plaque with Black/Silver Florentine Large;C072AS;1 producto(s) PaceSetter repartidos entre varios de la tienda;https://admin.shopify.com/store/trophy-partner/products?query=PS10682
FUSION;p-8758-genuine-walnut-elliptical-plaque-with-marble-mist;Genuine Walnut Elliptical Plaque with Marble Mist;C023BGR;1 producto(s) PaceSetter repartidos entre varios de la tienda;https://admin.shopify.com/store/trophy-partner/products?query=PS10683
FUSION;p-8760-gold-chisel-carved-tower-on-base-large;Gold Chisel Carved Tower On Base Large;C609LBGO;1 producto(s) PaceSetter repartidos entre varios de la tienda;https://admin.shopify.com/store/trophy-partner/products?query=PS10703
FUSION;p-8761-golf-bag-tag-with-tees;Golf Bag Tag with Tees;CM723BB;1 producto(s) PaceSetter repartidos entre varios de la tienda;https://admin.shopify.com/store/trophy-partner/products?query=PS10734
FUSION;p-8762-leatherette-golf-bag-tag-with-tees;Leatherette Golf Bag Tag with Tees;CM723BS CM723GR CM723PK CM723RW CM723TL;1 producto(s) PaceSetter repartidos entre varios de la tienda;https://admin.shopify.com/store/trophy-partner/products?query=PS10735
FUSION;p-8763-green-arched-brilliance-award-on-clear-base;Green Arched Brilliance Award on Clear Base;CD636GR;1 producto(s) PaceSetter repartidos entre varios de la tienda;https://admin.shopify.com/store/trophy-partner/products?query=PS10752
FUSION;p-8765-green-curved-beveled;Green Curved Beveled;GI515GR;1 producto(s) PaceSetter repartidos entre varios de la tienda;https://admin.shopify.com/store/trophy-partner/products?query=PS10761
FUSION;p-8766-green-marble-florentine-plate-on-ebony-board;Green Marble Florentine Plate on Ebony Board;CD414AGREF CD414BGREF;1 producto(s) PaceSetter repartidos entre varios de la tienda;https://admin.shopify.com/store/trophy-partner/products?query=PS10766
FUSION;p-8767-green-marble-florentine-plate-on-walnut-finish-board;Green Marble Florentine Plate on Walnut Finish Board;CD414AGRWF CD414BGRWF;1 producto(s) PaceSetter repartidos entre varios de la tienda;https://admin.shopify.com/store/trophy-partner/products?query=PS10767
FUSION;p-8768-green-optic-crystal-gemstone-award;Green Optic Crystal Gemstone Award;GI513AGR GI513BGR GI513CGR;3 producto(s) PaceSetter repartidos entre varios de la tienda;https://admin.shopify.com/store/trophy-partner/products?query=PS10768
FUSION;p-8769-green-vibrant-gemstone-award;Green Vibrant Gemstone Award;GI512AGR GI512BGR;1 producto(s) PaceSetter repartidos entre varios de la tienda;https://admin.shopify.com/store/trophy-partner/products?query=PS10770
FUSION;p-8770-grey-leatherette-oval-keychain;Grey Leatherette Oval Keychain;CM291GR;1 producto(s) PaceSetter repartidos entre varios de la tienda;https://admin.shopify.com/store/trophy-partner/products?query=PS10771
FUSION;p-8771-grey-leatherette-phone-easel;Grey Leatherette Phone Easel;CM296GR;1 producto(s) PaceSetter repartidos entre varios de la tienda;https://admin.shopify.com/store/trophy-partner/products?query=PS10772
FUSION;p-8775-large-digi-large;Large Digi Large;CD547BEB;1 producto(s) PaceSetter repartidos entre varios de la tienda;https://admin.shopify.com/store/trophy-partner/products?query=PS10827
FUSION;p-8776-large-gold-halley-plaque;Large Gold Halley Plaque;C750CLGO;1 producto(s) PaceSetter repartidos entre varios de la tienda;https://admin.shopify.com/store/trophy-partner/products?query=PS10828
FUSION;p-8777-large-green-halley-plaque;Large Green Halley Plaque;C750CLGN;1 producto(s) PaceSetter repartidos entre varios de la tienda;https://admin.shopify.com/store/trophy-partner/products?query=PS10829
FUSION;p-8778-large-red-halley-plaque;Large Red Halley Plaque;C750CLR;1 producto(s) PaceSetter repartidos entre varios de la tienda;https://admin.shopify.com/store/trophy-partner/products?query=PS10830
FUSION;p-8779-layered-acrylic-plaque-wblue-back-and-circle;Layered Acrylic Plaque w/Blue Back and Circle;CD961BL;1 producto(s) PaceSetter repartidos entre varios de la tienda;https://admin.shopify.com/store/trophy-partner/products?query=PS10847
FUSION;p-8780-layered-acrylic-plaque-wgreen-and-circle;Layered Acrylic Plaque w/Green and Circle;CD961GR;1 producto(s) PaceSetter repartidos entre varios de la tienda;https://admin.shopify.com/store/trophy-partner/products?query=PS10848
FUSION;p-8784-leatherette-bottle-opener;Leatherette Bottle Opener;CM332BS CM332DB CM332GR CM332LB CM332PK CM332RD CM332RS CM332RW CM332TL CM333BS CM333DB CM333GR CM333LB CM333PK CM333RW;2 producto(s) PaceSetter repartidos entre varios de la tienda;https://admin.shopify.com/store/trophy-partner/products?query=PS10860
FUSION;p-8787-leatherette-cigar-case-with-cutter;Leatherette Cigar Case with Cutter;CM372BS CM372BV CM372DB CM372GR CM372LB CM372RV CM372RW;1 producto(s) PaceSetter repartidos entre varios de la tienda;https://admin.shopify.com/store/trophy-partner/products?query=PS10866
FUSION;p-8796-leatherette-hard-business-card-case;Leatherette Hard Business Card Case;CM243BS CM243DB CM243GR CM243LB CM243PK CM243RS CM243RW CM243TL;1 producto(s) PaceSetter repartidos entre varios de la tienda;https://admin.shopify.com/store/trophy-partner/products?query=PS10885
FUSION;p-8799-leatherette-money-clip-small;Leatherette Money Clip Small;CM455BS;1 producto(s) PaceSetter repartidos entre varios de la tienda;https://admin.shopify.com/store/trophy-partner/products?query=PS10894
FUSION;p-8800-leatherette-money-clip-large;Leatherette Money Clip Large;CM455DB CM455GR CM455LB CM455RW;1 producto(s) PaceSetter repartidos entre varios de la tienda;https://admin.shopify.com/store/trophy-partner/products?query=PS10897
FUSION;p-8805-large-leatherette-notepad-and-pen;Large Leatherette Notepad and Pen;CM244BL CM244BS CM244BV CM244DB CM244GR CM244LB CM244PK CM244RS CM244RW CM244TL CM244WM;1 producto(s) PaceSetter repartidos entre varios de la tienda;https://admin.shopify.com/store/trophy-partner/products?query=PS10904
FUSION;p-8806-leatherette-notepad-and-pen-small;Leatherette Notepad and Pen Small;CM244BB;1 producto(s) PaceSetter repartidos entre varios de la tienda;https://admin.shopify.com/store/trophy-partner/products?query=PS10905
FUSION;p-8813-leatherette-portfolio-with-notepad-lrg;Leatherette Portfolio with Notepad (lrg);CM237BBL CM237BDB CM237BGR CM237BLB CM237BPK CM237BRS CM237BRW;1 producto(s) PaceSetter repartidos entre varios de la tienda;https://admin.shopify.com/store/trophy-partner/products?query=PS10920
FUSION;p-8814-leatherette-portfolio-with-notepad-sml;Leatherette Portfolio with Notepad (sml);CM237ABL CM237ADB CM237AGR CM237ALB CM237APK CM237ARS CM237ARW;1 producto(s) PaceSetter repartidos entre varios de la tienda;https://admin.shopify.com/store/trophy-partner/products?query=PS10921
FUSION;p-8815-leatherette-portfolio-small;Leatherette Portfolio Small;CM237ABS CM237ACK CM237ATL CM237BBS CM237BCK CM237BTL;2 producto(s) PaceSetter repartidos entre varios de la tienda;https://admin.shopify.com/store/trophy-partner/products?query=PS10927
FUSION;p-8817-leatherette-round-coaster;Leatherette Round Coaster;CM240BS CM240DB CM240GR CM240LB CM240PK CM240RS CM240RW CM240TL;1 producto(s) PaceSetter repartidos entre varios de la tienda;https://admin.shopify.com/store/trophy-partner/products?query=PS10936
FUSION;p-8818-leatherette-set-of-6-round-coasters;Leatherette Set of 6 Round Coasters;CM282DB CM282GR CM282LB CM282PK CM282RW CM282TL;1 producto(s) PaceSetter repartidos entre varios de la tienda;https://admin.shopify.com/store/trophy-partner/products?query=PS10937
FUSION;p-8819-leatherette-slim-small;Leatherette Slim Small;CM292DB CM292GR CM292LB CM292RW;1 producto(s) PaceSetter repartidos entre varios de la tienda;https://admin.shopify.com/store/trophy-partner/products?query=PS10940
FUSION;p-8820-leatherette-slim-large;Leatherette Slim Large;CM292BS;1 producto(s) PaceSetter repartidos entre varios de la tienda;https://admin.shopify.com/store/trophy-partner/products?query=PS10941
FUSION;p-8821-leatherette-square-coaster;Leatherette Square Coaster;CM241BS CM241DB CM241GR CM241LB CM241PK CM241RS CM241RW CM241TL;1 producto(s) PaceSetter repartidos entre varios de la tienda;https://admin.shopify.com/store/trophy-partner/products?query=PS10946
FUSION;p-8822-leatherette-square-coasters-set;Leatherette Square Coasters Set;CM283DB CM283GR CM283LB CM283PK CM283RW CM283TL;1 producto(s) PaceSetter repartidos entre varios de la tienda;https://admin.shopify.com/store/trophy-partner/products?query=PS10947
FUSION;p-8829-light-brown-leatherette-oval-keychain;Light Brown Leatherette Oval Keychain;CM291LB;1 producto(s) PaceSetter repartidos entre varios de la tienda;https://admin.shopify.com/store/trophy-partner/products?query=PS10958
FUSION;p-8830-light-brown-leatherette-phone-easel;Light Brown Leatherette Phone Easel;CM296LB;1 producto(s) PaceSetter repartidos entre varios de la tienda;https://admin.shopify.com/store/trophy-partner/products?query=PS10959
FUSION;p-8832-medium-blue-chisel-carve-tower-award;Medium Blue Chisel Carve Tower Award;C610LBL;1 producto(s) PaceSetter repartidos entre varios de la tienda;https://admin.shopify.com/store/trophy-partner/products?query=PS10984
FUSION;p-8833-medium-gold-halley-plaque;Medium Gold Halley Plaque;C750BLGO;1 producto(s) PaceSetter repartidos entre varios de la tienda;https://admin.shopify.com/store/trophy-partner/products?query=PS10987
FUSION;p-8834-medium-green-halley-plaque;Medium Green Halley Plaque;C750BLGN;1 producto(s) PaceSetter repartidos entre varios de la tienda;https://admin.shopify.com/store/trophy-partner/products?query=PS10988
FUSION;p-8835-medium-red-halley-plaque;Medium Red Halley Plaque;C750BLR;1 producto(s) PaceSetter repartidos entre varios de la tienda;https://admin.shopify.com/store/trophy-partner/products?query=PS10989
FUSION;p-8843-pink-leatherette-oval-keychain;Pink Leatherette Oval Keychain;CM291PK;1 producto(s) PaceSetter repartidos entre varios de la tienda;https://admin.shopify.com/store/trophy-partner/products?query=PS11148
FUSION;p-8845-plaque-w-green-marble-mist;Plaque w/ Green Marble Mist;C023AGR;1 producto(s) PaceSetter repartidos entre varios de la tienda;https://admin.shopify.com/store/trophy-partner/products?query=PS11160
FUSION;p-8846-polar-camel-stainless-steel-beverage-holder-small;Polar Camel stainless steel beverage holder. Small;CM727BK CM737BK;2 producto(s) PaceSetter repartidos entre varios de la tienda;https://admin.shopify.com/store/trophy-partner/products?query=PS11162
FUSION;p-8847-polar-camel-stainless-steel-beverage-holder-large;Polar Camel stainless steel beverage holder. Large;CM727BL CM727CR CM727DB CM727GR CM727GY CM727LB CM727LP CM727MR CM727OR CM727PK CM727PU CM727RD CM727TL CM727WH CM727YW CM737BL CM737CR CM737DB CM737GR CM737GY CM737LB CM737LP CM737MR CM737OR CM737PK CM737PU CM737RD CM737TL CM737WH CM737YW;2 producto(s) PaceSetter repartidos entre varios de la tienda;https://admin.shopify.com/store/trophy-partner/products?query=PS11163
FUSION;p-8848-polar-camel-small;Polar Camel Small;CM713BL CM713DB CM713GR CM713GY CM713LB CM713LP CM713MR CM713OR CM713PK CM713PU CM713RD CM713TL CM713WH CM711BL CM711CR CM711DB CM711GR CM711GY CM711LB CM711LP CM711MR CM711OG CM711OR CM711PK CM711PU CM711RD CM711TL CM711WH CM711YW CM712BK CM726BL CM726CR CM726DB CM726GR CM726GY CM726LB CM726LP CM726MR CM726OR CM726PK CM726PU CM726RD CM726TL CM726WH CM726YW CM731BL CM731CR CM731DB CM731GR CM731GY;5 producto(s) PaceSetter repartidos entre varios de la tienda;https://admin.shopify.com/store/trophy-partner/products?query=PS11164
FUSION;p-8850-polar-camel-medium;Polar Camel Medium;CM712BL CM712DB CM712GR CM712GY CM712LB CM712LP CM712MR CM712OR CM712PK CM712PU CM712RD CM712TL CM712WH CM713BK CM731BK;3 producto(s) PaceSetter repartidos entre varios de la tienda;https://admin.shopify.com/store/trophy-partner/products?query=PS11166
FUSION;p-8853-powder-coated-tumbler-small;Powder Coated Tumbler Small;CM816BL CM816DB CM816MR CM816PK CM816PU CM816RD CM816TL CM816WH;1 producto(s) PaceSetter repartidos entre varios de la tienda;https://admin.shopify.com/store/trophy-partner/products?query=PS11172
FUSION;p-8854-powder-coated-tumbler-large;Powder Coated Tumbler Large;CM816BK;1 producto(s) PaceSetter repartidos entre varios de la tienda;https://admin.shopify.com/store/trophy-partner/products?query=PS11173
FUSION;p-8856-rawhide-leatherette-oval-keychain;Rawhide Leatherette Oval Keychain;CM291RW;1 producto(s) PaceSetter repartidos entre varios de la tienda;https://admin.shopify.com/store/trophy-partner/products?query=PS11203
FUSION;p-8857-rawhide-leatherette-phone-easel;Rawhide Leatherette Phone Easel;CM296RW;1 producto(s) PaceSetter repartidos entre varios de la tienda;https://admin.shopify.com/store/trophy-partner/products?query=PS11204
FUSION;p-8858-red-marble-florentine-plate-on-walnut-finish-board;Red Marble Florentine Plate on Walnut Finish Board;CD414ARWF CD414BRWF;1 producto(s) PaceSetter repartidos entre varios de la tienda;https://admin.shopify.com/store/trophy-partner/products?query=PS11238
FUSION;p-8859-rose-leatherette-oval-keychain;Rose Leatherette Oval Keychain;CM291RS;1 producto(s) PaceSetter repartidos entre varios de la tienda;https://admin.shopify.com/store/trophy-partner/products?query=PS11251
FUSION;p-8873-simplicity-plate-on-ebony-board;Simplicity Plate on Ebony Board;C076BB C076BGO C076BR C076BS;1 producto(s) PaceSetter repartidos entre varios de la tienda;https://admin.shopify.com/store/trophy-partner/products?query=PS11328
FUSION;p-8874-simplicity-plate-on-walnut-finish-board;Simplicity Plate on Walnut Finish Board;C075BB C075BGO C075BR C075BS;1 producto(s) PaceSetter repartidos entre varios de la tienda;https://admin.shopify.com/store/trophy-partner/products?query=PS11333
FUSION;p-8876-small-gold-halley-plaque;Small Gold Halley Plaque;C750ALGO;1 producto(s) PaceSetter repartidos entre varios de la tienda;https://admin.shopify.com/store/trophy-partner/products?query=PS11360
FUSION;p-8877-small-green-halley-plaque;Small Green Halley Plaque;C750ALGN;1 producto(s) PaceSetter repartidos entre varios de la tienda;https://admin.shopify.com/store/trophy-partner/products?query=PS11361
FUSION;p-8878-small-red-halley-plaque;Small Red Halley Plaque;C750ALR;1 producto(s) PaceSetter repartidos entre varios de la tienda;https://admin.shopify.com/store/trophy-partner/products?query=PS11362
FUSION;p-8884-tahoe-stemless-cocktail-tumbler;Tahoe Stemless Cocktail Tumbler;CM745BK CM745BL CM745DB CM745LB CM745LP CM745PU;1 producto(s) PaceSetter repartidos entre varios de la tienda;https://admin.shopify.com/store/trophy-partner/products?query=PS11414
FUSION;p-8885-tahoe-stemless-cocktail-tumblers;Tahoe Stemless Cocktail Tumblers;CM745PK CM745RD CM745TL;1 producto(s) PaceSetter repartidos entre varios de la tienda;https://admin.shopify.com/store/trophy-partner/products?query=PS11415
FUSION;p-8886-tahoe-travel-mug;Tahoe Travel Mug;CM747LB CM746LB;2 producto(s) PaceSetter repartidos entre varios de la tienda;https://admin.shopify.com/store/trophy-partner/products?query=PS11416
FUSION;p-8887-tahoe-travel-tumbler;Tahoe Travel Tumbler;CM747BK CM747BL CM747DB CM747LP CM747OR CM747PK CM747PU CM747RD CM746BK CM746BL CM746DB CM746LP CM746OR CM746PK CM746PU CM746RD;2 producto(s) PaceSetter repartidos entre varios de la tienda;https://admin.shopify.com/store/trophy-partner/products?query=PS11417
FUSION;p-8890-teal-chisel-carve-tower-award-on-base;Teal Chisel Carve Tower Award on Base;C701BLTE;1 producto(s) PaceSetter repartidos entre varios de la tienda;https://admin.shopify.com/store/trophy-partner/products?query=PS11424
FUSION;p-8891-teal-chisel-carve-tower-award;Teal Chisel Carve Tower Award;C701LTE;1 producto(s) PaceSetter repartidos entre varios de la tienda;https://admin.shopify.com/store/trophy-partner/products?query=PS11425
FUSION;p-8898-walnut-finish-plaque-with-black-florentine;Walnut Finish Plaque with Black Florentine;C071BSWF;1 producto(s) PaceSetter repartidos entre varios de la tienda;https://admin.shopify.com/store/trophy-partner/products?query=PS11512
FUSION;p-8899-walnut-finish-plaque-with-marble-mist-plate;Walnut Finish Plaque with Marble Mist Plate;C021ABWF C021AGWF C021ARWF C021BBWF C021BGWF C021BRWF;2 producto(s) PaceSetter repartidos entre varios de la tienda;https://admin.shopify.com/store/trophy-partner/products?query=PS11513
LISTO (apartado: nombres de opción);p-5318-custom-lasercut-lucite-awards-on-black-base;Custom Lasercut Lucite Awards on Black Base;CD561B CD561C CD561D CD561E;;https://admin.shopify.com/store/trophy-partner/products?query=PS6000
LISTO (apartado: nombres de opción);p-5382-aquus-lucite-peak-award;Aquus Lucite Peak Award;CDUS02A CDUS02B;;https://admin.shopify.com/store/trophy-partner/products?query=PS6064
LISTO (apartado: nombres de opción);p-5657-crystal-tablet-with-subsurface-star-streams-award;Crystal Tablet with Subsurface Star Streams Award;GI658 GI657 GI657B;arrastra 1 id(s) muerto(s): GI658;https://admin.shopify.com/store/trophy-partner/products?query=PS6339
LISTO (apartado: nombres de opción);p-5921-grooved-brilliance-plaque;Grooved Brilliance Plaque;CD959G CD959S;;https://admin.shopify.com/store/trophy-partner/products?query=PS6603
LISTO (apartado: nombres de opción);p-5973-custom-layered-lasercut-awards;Custom Layered Lasercut Awards;CD571B CD571C;;https://admin.shopify.com/store/trophy-partner/products?query=PS6655
LISTO (apartado: nombres de opción);p-6302-sweeping-ribbon-award-clear;Sweeping Ribbon Award Clear;CD1022ACL CD1022BCL CD1022CCL;;https://admin.shopify.com/store/trophy-partner/products?query=PS6984
LISTO (apartado: nombres de opción);p-7878-black-diamond-carve-lucite-award;Black Diamond Carve Lucite Award;CD1103A CD1103B;;https://admin.shopify.com/store/trophy-partner/products?query=PS8213
LISTO (apartado: nombres de opción);p-7951-crystal-column-sports-award-with-ball;Crystal Column Sports Award with Ball;GM833B GM833L GM833M GM833A GM833D GM833H GM833J GM833G GM833F GM833K GM833C GM833I GM833E;"arrastra 1 id(s) muerto(s): GM833F; agrupa artículos PaceSetter distintos";https://admin.shopify.com/store/trophy-partner/products?query=PS8464
LISTO (apartado: nombres de opción);p-7964-crystal-sports-tower;Crystal Sports Tower;GM832G GM832E GM832Q GM832B GM832L GM832J GM832K GM806C GM832C GM832M GM806D GM832I GM832D GM832N GM832A GM832H GM832O GM832P GM806E;agrupa artículos PaceSetter distintos;https://admin.shopify.com/store/trophy-partner/products?query=PS8501
LISTO (apartado: nombres de opción);p-8142-portable-wine-rack;Portable Wine Rack;CM756A CM756B;;https://admin.shopify.com/store/trophy-partner/products?query=PS9285
LISTO (apartado: nombres de opción);p-8149-puzzle-piece-awards;Puzzle Piece Awards;CD1050A CD1050B CD1050C;agrupa artículos PaceSetter distintos;https://admin.shopify.com/store/trophy-partner/products?query=PS9311
LISTO (apartado: nombres de opción);p-8226-windermere-plaque;Windermere Plaque;CD1093A CD1094A CD1093B CD1094B;arrastra 3 id(s) muerto(s): CD1094A CD1093B CD1094B;https://admin.shopify.com/store/trophy-partner/products?query=PS9598
LISTO (apartado: nombres de opción);p-8831-ebony-finish-12-plt-layered-blue-and-silver-border-plaque-with-easy-perpetual-plate-release-program;Ebony Finish 12-Plt Layered Blue and Silver Border Plaque with Easy Perpetual Plate Release Program;EP9 EP9PK;;https://admin.shopify.com/store/trophy-partner/products?query=PS10982
LISTO (apartado: nombres de opción);p-8838-optic-crystal-circular-wedge-award;Optic Crystal Circular Wedge Award;GI30A GI30B GI30C;;https://admin.shopify.com/store/trophy-partner/products?query=PS11046
LISTO (apartado: nombres de opción);p-8840-optic-crystal-rectangle-award;Optic Crystal Rectangle Award;GI491A GI491B;;https://admin.shopify.com/store/trophy-partner/products?query=PS11079
LISTO (apartado: nombres de opción);p-8855-raised-lucite-silver-swirl-perpetual-plaque;Raised Lucite Silver Swirl Perpetual Plaque;EP10 EP10PKG;;https://admin.shopify.com/store/trophy-partner/products?query=PS11202
LISTO (apartado: nombres de opción);p-8900-scroll-border-photo-plaque;Scroll Border Photo Plaque;EP2 EP2PK;;https://admin.shopify.com/store/trophy-partner/products?query=PS11514
NO_IMPORTABLE;p-5266-bright-silver-metal-cup-on-marble-base;Bright Silver Metal Cup on Marble Base;CM264A CM264B CM264C;CM264: sin partes en Product Data (sin stock, con precio);https://admin.shopify.com/store/trophy-partner/products?query=PS202
NO_IMPORTABLE;p-5321-11-oz-black-mug;11 oz. Black Mug;CM700-05;ningún servicio lo sirve como producto;https://admin.shopify.com/store/trophy-partner/products?query=PS6003
NO_IMPORTABLE;p-5322-11-oz-blue-mug;11 oz. Blue Mug;CM700-14;ningún servicio lo sirve como producto;https://admin.shopify.com/store/trophy-partner/products?query=PS6004
NO_IMPORTABLE;p-5323-11-oz-green-mug;11 oz. Green Mug;CM700-67;ningún servicio lo sirve como producto;https://admin.shopify.com/store/trophy-partner/products?query=PS6005
NO_IMPORTABLE;p-5324-11-oz-grey-mug;11 oz. Grey Mug;CM700-08;ningún servicio lo sirve como producto;https://admin.shopify.com/store/trophy-partner/products?query=PS6006
NO_IMPORTABLE;p-5325-11-oz-black-coffee-mug;11 oz. Black Coffee Mug;CM701-02 CM701-05 CM701-89;ningún servicio lo sirve como producto;https://admin.shopify.com/store/trophy-partner/products?query=PS6007
NO_IMPORTABLE;p-5328-14-oz-ceramic-mug;14 oz. Ceramic Mug;CM702-06;ningún servicio lo sirve como producto;https://admin.shopify.com/store/trophy-partner/products?query=PS6010
NO_IMPORTABLE;p-5343-3d-etched-crystal-cube;3D Etched Crystal Cube;GNS137;ningún servicio lo sirve como producto;https://admin.shopify.com/store/trophy-partner/products?query=PS6025
NO_IMPORTABLE;p-5344-3d-etched-crystal-diamond-cube;3D Etched Crystal Diamond Cube;GNS142;ningún servicio lo sirve como producto;https://admin.shopify.com/store/trophy-partner/products?query=PS6026
NO_IMPORTABLE;p-5348-3-layer-multi-dimensional-digi-color-award;3-Layer Multi-Dimensional Digi-Color Award;DCC0500A DCC0500B;DCC0500: sin partes en Product Data (sin stock, con precio);https://admin.shopify.com/store/trophy-partner/products?query=PS6030
NO_IMPORTABLE;p-5359-add-on-compass-medallion;Add-on Compass Medallion;CD999MC;ningún servicio lo sirve como producto;https://admin.shopify.com/store/trophy-partner/products?query=PS6041
NO_IMPORTABLE;p-5360-add-on-globe-medallion;Add-on Globe Medallion;CD999MG;ningún servicio lo sirve como producto;https://admin.shopify.com/store/trophy-partner/products?query=PS6042
NO_IMPORTABLE;p-5361-add-on-logo-digi;Add-on Logo Digi;CD999YD;ningún servicio lo sirve como producto;https://admin.shopify.com/store/trophy-partner/products?query=PS6043
NO_IMPORTABLE;p-5362-add-on-logo-lasered-disc;Add-on Logo Lasered Disc;CD999YL;ningún servicio lo sirve como producto;https://admin.shopify.com/store/trophy-partner/products?query=PS6044
NO_IMPORTABLE;p-5363-add-on-star-medallion;Add-on Star Medallion;CD999MS;ningún servicio lo sirve como producto;https://admin.shopify.com/store/trophy-partner/products?query=PS6045
NO_IMPORTABLE;p-5364-alder-wood-and-silver-backer-digi;Alder Wood and Silver Backer Digi;CD971AA CD971BA;ningún servicio lo sirve como producto;https://admin.shopify.com/store/trophy-partner/products?query=PS6046
NO_IMPORTABLE;p-5372-amphitheatre-tower-award;Amphitheatre Tower Award;CD935A CD935B;ningún servicio lo sirve como producto;https://admin.shopify.com/store/trophy-partner/products?query=PS6054
NO_IMPORTABLE;p-5381-aqua-wave-circle-award-on-ebony-lucite-oval-base;Aqua Wave Circle Award on Ebony Lucite Oval Base;CD938A CD938B;ningún servicio lo sirve como producto;https://admin.shopify.com/store/trophy-partner/products?query=PS6063
NO_IMPORTABLE;p-5391-art-glass-vases-brilliant-red-centerpiece;Art Glass Vases Brilliant Red Centerpiece;GI569;ningún servicio lo sirve como producto;https://admin.shopify.com/store/trophy-partner/products?query=PS6073
NO_IMPORTABLE;p-5392-art-glass-vases-distinctive-glass-glazed;Art Glass Vases Distinctive Glass Glazed;GI568;ningún servicio lo sirve como producto;https://admin.shopify.com/store/trophy-partner/products?query=PS6074
NO_IMPORTABLE;p-5405-beechwood-keychain;Beechwood Keychain;CM453;ningún servicio lo sirve como producto;https://admin.shopify.com/store/trophy-partner/products?query=PS6087
NO_IMPORTABLE;p-5406-beveled-circle-award-with-digital-color;Beveled Circle Award with digital color;DCCD332A DCCD332B DCCD332C;DCCD332: sin partes en Product Data (sin stock, con precio);https://admin.shopify.com/store/trophy-partner/products?query=PS6088
NO_IMPORTABLE;p-5418-beveled-digi-medium-award;Beveled Digi Medium Award;DCGI541A DCGI541B;DCGI541: sin partes en Product Data (sin stock, con precio);https://admin.shopify.com/store/trophy-partner/products?query=PS6100
NO_IMPORTABLE;p-5423-beveled-paperweight;Beveled Paperweight;CD225A CD225B;CD225: sin partes en Product Data (con stock, con precio);https://admin.shopify.com/store/trophy-partner/products?query=PS6105
NO_IMPORTABLE;p-5474-blue-arched-brilliance-award;Blue Arched Brilliance Award;CD635B;ningún servicio lo sirve como producto;https://admin.shopify.com/store/trophy-partner/products?query=PS6156
NO_IMPORTABLE;p-5476-blue-barrel-plaque-w-marble-mist-small;Blue Barrel Plaque w/ Marble Mist Small;C031BB;ningún servicio lo sirve como producto;https://admin.shopify.com/store/trophy-partner/products?query=PS6158
NO_IMPORTABLE;p-5477-blue-barrel-plaque-w-marble-mist-large;Blue Barrel Plaque w/ Marble Mist Large;C031AB;ningún servicio lo sirve como producto;https://admin.shopify.com/store/trophy-partner/products?query=PS6159
NO_IMPORTABLE;p-5483-blue-crescent-glass-award-on-black-oval-glass-base;Blue Crescent Glass Award on Black Oval Glass Base;GI654A GI654B;GI654: sin partes en Product Data (sin stock, con precio);https://admin.shopify.com/store/trophy-partner/products?query=PS6165
NO_IMPORTABLE;p-5497-blue-gentle-waves-on-ebony-wood-base-large;Blue Gentle Waves On Ebony Wood Base Large;CD322AB;ningún servicio lo sirve como producto;https://admin.shopify.com/store/trophy-partner/products?query=PS6179
NO_IMPORTABLE;p-5506-blue-marble-noble-plaque;Blue Marble Noble Plaque;CD414;sólo bajo una familia con comodín;https://admin.shopify.com/store/trophy-partner/products?query=PS6188
NO_IMPORTABLE;p-5512-blue-rectangle-vapor-mist-award;Blue Rectangle Vapor Mist Award;CD310AB CD310BB;ningún servicio lo sirve como producto;https://admin.shopify.com/store/trophy-partner/products?query=PS6194
NO_IMPORTABLE;p-5513-blue-sail-award-with-clear-panel-on-mirror-and-black-base;Blue Sail Award with Clear Panel on Mirror and Black Base;GI656;ningún servicio lo sirve como producto;https://admin.shopify.com/store/trophy-partner/products?query=PS6195
NO_IMPORTABLE;p-5588-clear-cascade-collection-lucite-award;Clear Cascade Collection Lucite Award;C3450AC C3450BC;ningún servicio lo sirve como producto;https://admin.shopify.com/store/trophy-partner/products?query=PS6270
NO_IMPORTABLE;p-5596-clear-diamond-desk-award;Clear Diamond Desk Award;C401;ningún servicio lo sirve como producto;https://admin.shopify.com/store/trophy-partner/products?query=PS6278
NO_IMPORTABLE;p-5597-clear-glass-bonbon-bowl-with-lid;Clear Glass BonBon Bowl with Lid;GI653;ningún servicio lo sirve como producto;https://admin.shopify.com/store/trophy-partner/products?query=PS6279
NO_IMPORTABLE;p-5607-clear-millennium-lucite-tower;Clear Millennium Lucite Tower;C3150A C3150B;ningún servicio lo sirve como producto;https://admin.shopify.com/store/trophy-partner/products?query=PS6289
NO_IMPORTABLE;p-5608-clear-optic-crystal-tiered-pyramid-on-black-base;Clear Optic Crystal Tiered Pyramid on Black Base;GM718A GM718B;GM718: sin partes en Product Data (sin stock, con precio);https://admin.shopify.com/store/trophy-partner/products?query=PS6290
NO_IMPORTABLE;p-5611-clipped-corner-bevel-glass-award-and-marble-pillar-base;Clipped Corner Bevel Glass Award and Marble Pillar Base;GM723A GM723B;GM723: sin partes en Product Data (sin stock, con precio);https://admin.shopify.com/store/trophy-partner/products?query=PS6293
NO_IMPORTABLE;p-5621-cork-luggage-tag;Cork Luggage Tag;CM295CK;sólo bajo una familia con comodín;https://admin.shopify.com/store/trophy-partner/products?query=PS6303
NO_IMPORTABLE;p-5628-cork-wine-box;Cork Wine Box;CM425CK;ningún servicio lo sirve como producto;https://admin.shopify.com/store/trophy-partner/products?query=PS6310
NO_IMPORTABLE;p-5630-cornerstone-excellence-optic-crystal-award;Cornerstone Excellence Optic Crystal Award;GM401A GM401B GM401C;GM401: sin partes en Product Data (sin stock, con precio);https://admin.shopify.com/store/trophy-partner/products?query=PS6312
NO_IMPORTABLE;p-5633-crimson-and-clear-optic-crystal-ribbon-award;Crimson and Clear Optic Crystal Ribbon Award;GM719A GM719B GM719C;GM719: sin partes en Product Data (sin stock, con precio);https://admin.shopify.com/store/trophy-partner/products?query=PS6315
NO_IMPORTABLE;p-5637-crystal-card-paperweight-w-digi;Crystal Card Paperweight w/ Digi;DCGM448;ningún servicio lo sirve como producto;https://admin.shopify.com/store/trophy-partner/products?query=PS6319
NO_IMPORTABLE;p-5640-crystal-clear-bowl;Crystal Clear Bowl;GI633;ningún servicio lo sirve como producto;https://admin.shopify.com/store/trophy-partner/products?query=PS6322
NO_IMPORTABLE;p-5646-crystal-iceberg-award-large;Crystal Iceberg Award Large;GI639B;ningún servicio lo sirve como producto;https://admin.shopify.com/store/trophy-partner/products?query=PS6328
NO_IMPORTABLE;p-5647-crystal-iceberg-award-small;Crystal Iceberg Award Small;GI639A;ningún servicio lo sirve como producto;https://admin.shopify.com/store/trophy-partner/products?query=PS6329
NO_IMPORTABLE;p-5662-crystal-tablets-with-digi-awards;Crystal Tablets with Digi Awards;DCGI540C;ningún servicio lo sirve como producto;https://admin.shopify.com/store/trophy-partner/products?query=PS6344
NO_IMPORTABLE;p-5663-crystal-tablets-with-digi-color-award;Crystal Tablets with Digi Color Award;DCGI540B;ningún servicio lo sirve como producto;https://admin.shopify.com/store/trophy-partner/products?query=PS6345
NO_IMPORTABLE;p-5664-crystal-tablets-with-digi-medium;Crystal Tablets With Digi Medium;DCGI540A;ningún servicio lo sirve como producto;https://admin.shopify.com/store/trophy-partner/products?query=PS6346
NO_IMPORTABLE;p-5667-crystal-towers-cup-shaped-trophy;Crystal Towers Cup Shaped Trophy;GM405A GM405B GM405C;GM405: sin partes en Product Data (sin stock, con precio);https://admin.shopify.com/store/trophy-partner/products?query=PS6349
NO_IMPORTABLE;p-5670-crystal-vase-award;Crystal Vase Award;GI630A GI630B;GI630: sin partes en Product Data (sin stock, con precio);https://admin.shopify.com/store/trophy-partner/products?query=PS6352
NO_IMPORTABLE;p-5675-crystal-with-sub;Crystal with Sub;GI655;ningún servicio lo sirve como producto;https://admin.shopify.com/store/trophy-partner/products?query=PS6357
NO_IMPORTABLE;p-5686-diamond-carved-clear-desk-award;Diamond Carved Clear Desk Award;C512;ningún servicio lo sirve como producto;https://admin.shopify.com/store/trophy-partner/products?query=PS6368
NO_IMPORTABLE;p-5691-diamond-carved-square-lucite-award-on-marble;Diamond Carved Square Lucite Award On Marble;C2760A C2760B;ningún servicio lo sirve como producto;https://admin.shopify.com/store/trophy-partner/products?query=PS6373
NO_IMPORTABLE;p-5692-diamond-carved-wave-lucite-award-on-marble;Diamond Carved Wave Lucite Award on Marble;C2761B;ningún servicio lo sirve como producto;https://admin.shopify.com/store/trophy-partner/products?query=PS6374
NO_IMPORTABLE;p-5693-diamond-carved-wave-lucite-award-trophy;Diamond Carved Wave Lucite Award Trophy;C2761A;ningún servicio lo sirve como producto;https://admin.shopify.com/store/trophy-partner/products?query=PS6375
NO_IMPORTABLE;p-5697-digi-color-on-lucite-genuine-walnut-wood-riser-plaque;Digi-color On Lucite Genuine Walnut Wood Riser Plaque;CD488;ningún servicio lo sirve como producto;https://admin.shopify.com/store/trophy-partner/products?query=PS6379
NO_IMPORTABLE;p-5700-full-color-free-standing-lucite-block;Full Color Free Standing Lucite Block;DCC0812A DCC0813A DCC0812B DCC0813B DCC0812C DCC0813C;ningún servicio lo sirve como producto;https://admin.shopify.com/store/trophy-partner/products?query=PS6382
NO_IMPORTABLE;p-5703-double-tower-on-marble-award;Double Tower on Marble Award;C3050;ningún servicio lo sirve como producto;https://admin.shopify.com/store/trophy-partner/products?query=PS6385
NO_IMPORTABLE;p-5717-ebony-plaque-w-gold-swirl-plate;Ebony Plaque w/ Gold Swirl Plate;CD663A CD663B;CD663: sin partes en Product Data (sin stock, con precio);https://admin.shopify.com/store/trophy-partner/products?query=PS6399
NO_IMPORTABLE;p-5718-elegant-clear-vase;Elegant Clear Vase;GI634;ningún servicio lo sirve como producto;https://admin.shopify.com/store/trophy-partner/products?query=PS6400
NO_IMPORTABLE;p-5866-genuine-walnut-barrel-plaque;Genuine Walnut Barrel Plaque;C031BG;ningún servicio lo sirve como producto;https://admin.shopify.com/store/trophy-partner/products?query=PS6548
NO_IMPORTABLE;p-5867-genuine-walnut-barrel-large;Genuine Walnut Barrel Large;C031AG;ningún servicio lo sirve como producto;https://admin.shopify.com/store/trophy-partner/products?query=PS6549
NO_IMPORTABLE;p-5868-genuine-walnut-certificateoverlay-plaque;Genuine Walnut Certificate/Overlay Plaque;C3501CW;ningún servicio lo sirve como producto;https://admin.shopify.com/store/trophy-partner/products?query=PS6550
NO_IMPORTABLE;p-5885-gold-gemstone-brilliance-lucite-peak-award;Gold Gemstone Brilliance Lucite Peak Award;CD603AGO CD603BGO CD603CGO;ningún servicio lo sirve como producto;https://admin.shopify.com/store/trophy-partner/products?query=PS6567
NO_IMPORTABLE;p-5895-gold-optic-crystal-gemstone-award;Gold Optic Crystal Gemstone Award;GI513AGO GI513BGO GI513CGO;ningún servicio lo sirve como producto;https://admin.shopify.com/store/trophy-partner/products?query=PS6577
NO_IMPORTABLE;p-5902-gold-tone-star-paperweight;Gold Tone Star Paperweight;C0557;ningún servicio lo sirve como producto;https://admin.shopify.com/store/trophy-partner/products?query=PS6584
NO_IMPORTABLE;p-5903-gold-vibrant-gemstone-award;Gold Vibrant Gemstone Award;GI512AGO GI512BGO;ningún servicio lo sirve como producto;https://admin.shopify.com/store/trophy-partner/products?query=PS6585
NO_IMPORTABLE;p-5905-gray-art-glass-vase;Gray Art Glass Vase;GI585;ningún servicio lo sirve como producto;https://admin.shopify.com/store/trophy-partner/products?query=PS6587
NO_IMPORTABLE;p-5927-highflying-eagle-head-award-trophy;Highflying Eagle Head Award Trophy;CM224A CM224B CM224C;CM224: sin partes en Product Data (sin stock, con precio);https://admin.shopify.com/store/trophy-partner/products?query=PS6609
NO_IMPORTABLE;p-5937-jade-glass-circle-award;Jade Glass Circle Award;DCGI496A DCGI496B;ningún servicio lo sirve como producto;https://admin.shopify.com/store/trophy-partner/products?query=PS6619
NO_IMPORTABLE;p-5938-jade-glass-crescent-award-with-picture-frame;Jade Glass Crescent Award with Picture Frame;GM454A GM454B GM454C;GM454: sin partes en Product Data (sin stock, con precio);https://admin.shopify.com/store/trophy-partner/products?query=PS6620
NO_IMPORTABLE;p-5941-jade-glass-oblong-octagon-award-trophy;Jade Glass Oblong Octagon Award Trophy;DCGI36;ningún servicio lo sirve como producto;https://admin.shopify.com/store/trophy-partner/products?query=PS6623
NO_IMPORTABLE;p-5942-jade-glass-octagon-on-base-w-digi;Jade Glass Octagon On Base w/ Digi;DCGI35;ningún servicio lo sirve como producto;https://admin.shopify.com/store/trophy-partner/products?query=PS6624
NO_IMPORTABLE;p-5945-jade-glass-slant-peak-award-trophy;Jade Glass Slant Peak Award Trophy;DCGI527A DCGI527B DCGI527C;ningún servicio lo sirve como producto;https://admin.shopify.com/store/trophy-partner/products?query=PS6627
NO_IMPORTABLE;p-5948-jade-glass-tablet-award-plaque;Jade Glass Tablet Award Plaque;DCGM446A DCGM446B DCGM446C;ningún servicio lo sirve como producto;https://admin.shopify.com/store/trophy-partner/products?query=PS6630
NO_IMPORTABLE;p-5964-lasered-lucite-on-bamboo-plaque;Lasered Lucite on Bamboo Plaque;CD665A CD665B;ningún servicio lo sirve como producto;https://admin.shopify.com/store/trophy-partner/products?query=PS6646
NO_IMPORTABLE;p-5965-lasered-lucite-on-mahogany-plaque;Lasered Lucite on Mahogany Plaque;CD664A CD664B;CD664: sin partes en Product Data (sin stock, con precio);https://admin.shopify.com/store/trophy-partner/products?query=PS6647
NO_IMPORTABLE;p-5966-lucite-star-accent-tower-award-on-marble;Lucite Star Accent Tower Award on Marble;CD41A CD41B CD41C;CD41: sin partes en Product Data (sin stock, con precio);https://admin.shopify.com/store/trophy-partner/products?query=PS6648
NO_IMPORTABLE;p-6038-leatherette-rectangle-bottle-opener-keychain;Leatherette Rectangle Bottle Opener Keychain;CM331;ningún servicio lo sirve como producto;https://admin.shopify.com/store/trophy-partner/products?query=PS6720
NO_IMPORTABLE;p-6068-lucite-magnetic-entrapment-with-steel-back;Lucite Magnetic Entrapment with Steel Back;CD883A CD883B;ningún servicio lo sirve como producto;https://admin.shopify.com/store/trophy-partner/products?query=PS6750
NO_IMPORTABLE;p-6069-lucite-magnetic-entrapment-with-engraving;Lucite Magnetic Entrapment with Engraving;CD882A CD882B CD882C;CD882: sin partes en Product Data (sin stock, con precio);https://admin.shopify.com/store/trophy-partner/products?query=PS6751
NO_IMPORTABLE;p-6070-lucite-plaque-w-hangereasel;Lucite Plaque w/ Hanger/Easel;CD420;ningún servicio lo sirve como producto;https://admin.shopify.com/store/trophy-partner/products?query=PS6752
NO_IMPORTABLE;p-6075-mahogany-wood-and-silver-backer-digi;Mahogany Wood and Silver Backer Digi;CD971AM CD971BM;ningún servicio lo sirve como producto;https://admin.shopify.com/store/trophy-partner/products?query=PS6757
NO_IMPORTABLE;p-6091-multi-faceted-clear-crystal-award-with-blue-and-black-base;Multi-Faceted Clear Crystal Award with Blue and Black Base;GM727A GM727B GM727C;GM727: sin partes en Product Data (sin stock, con precio);https://admin.shopify.com/store/trophy-partner/products?query=PS6773
NO_IMPORTABLE;p-6092-multi-tiered-optic-crystal-shield-award;Multi-Tiered Optic Crystal Shield Award;GM679A GM679B GM679C;GM679: sin partes en Product Data (sin stock, con precio);https://admin.shopify.com/store/trophy-partner/products?query=PS6774
NO_IMPORTABLE;p-6094-nile-tower-on-marble-base;Nile Tower On Marble Base;CD313A CD313B;CD313: sin partes en Product Data (sin stock, con precio);https://admin.shopify.com/store/trophy-partner/products?query=PS6776
NO_IMPORTABLE;p-6116-optic-crystal-dome-wedge-award-trophy;Optic Crystal Dome Wedge Award Trophy;GI581A GI581B;GI581: sin partes en Product Data (con stock, con precio);https://admin.shopify.com/store/trophy-partner/products?query=PS6798
NO_IMPORTABLE;p-6158-pearl-edge-scroll-glass-on-black-base;Pearl Edge Scroll Glass on Black Base;GM717A GM717B GM717C;GM717: sin partes en Product Data (sin stock, con precio);https://admin.shopify.com/store/trophy-partner/products?query=PS6840
NO_IMPORTABLE;p-6164-pinstripe-award;Pinstripe Award;CD1028A CD1028B;CD1028: sin partes en Product Data (sin stock, con precio);https://admin.shopify.com/store/trophy-partner/products?query=PS6846
NO_IMPORTABLE;p-6173-premium-horizontal-jade-glass-tablet-with-metal-stand;Premium Horizontal Jade Glass Tablet with Metal Stand;GM669A GM669B GM669C;GM669: sin partes en Product Data (sin stock, con precio);https://admin.shopify.com/store/trophy-partner/products?query=PS6855
NO_IMPORTABLE;p-6193-red-arched-brilliance-award;Red Arched Brilliance Award;CD635R;ningún servicio lo sirve como producto;https://admin.shopify.com/store/trophy-partner/products?query=PS6875
NO_IMPORTABLE;p-6194-red-barrel-plaque-w-marble-mist-small;Red Barrel Plaque w/ Marble Mist Small;C031BR;ningún servicio lo sirve como producto;https://admin.shopify.com/store/trophy-partner/products?query=PS6876
NO_IMPORTABLE;p-6195-red-barrel-plaque-with-marble-mist-plate;Red Barrel Plaque with Marble Mist Plate;C031AR;ningún servicio lo sirve como producto;https://admin.shopify.com/store/trophy-partner/products?query=PS6877
NO_IMPORTABLE;p-6207-red-rectangle-vapor-mist-award;Red Rectangle Vapor Mist Award;CD310AR CD310BR;ningún servicio lo sirve como producto;https://admin.shopify.com/store/trophy-partner/products?query=PS6889
NO_IMPORTABLE;p-6225-rosewood-piano-finish-star-paperweight;Rosewood Piano Finish Star Paperweight;C0627;ningún servicio lo sirve como producto;https://admin.shopify.com/store/trophy-partner/products?query=PS6907
NO_IMPORTABLE;p-6231-round-bamboo-wine-gift-set;Round Bamboo Wine Gift Set;CM423;ningún servicio lo sirve como producto;https://admin.shopify.com/store/trophy-partner/products?query=PS6913
NO_IMPORTABLE;p-6236-sapphire-blue-accent-diamond-on-marble-award;Sapphire Blue Accent Diamond On Marble Award;CD763A CD763B;ningún servicio lo sirve como producto;https://admin.shopify.com/store/trophy-partner/products?query=PS6918
NO_IMPORTABLE;p-6237-sheared-lucite-cylinder-award-trophy;Sheared Lucite Cylinder Award Trophy;C2613;ningún servicio lo sirve como producto;https://admin.shopify.com/store/trophy-partner/products?query=PS6919
NO_IMPORTABLE;p-6261-slant-front-crystal-award-with-compass-medallion;Slant-Front Crystal Award with Compass Medallion;GI582MC;ningún servicio lo sirve como producto;https://admin.shopify.com/store/trophy-partner/products?query=PS6943
NO_IMPORTABLE;p-6262-slant-front-crystal-with-logo-medallion;Slant-Front Crystal with Logo Medallion;GI582YD;ningún servicio lo sirve como producto;https://admin.shopify.com/store/trophy-partner/products?query=PS6944
NO_IMPORTABLE;p-6263-slant-front-crystal-award-with-globe-medallion;Slant-Front Crystal Award with Globe Medallion;GI582MG;ningún servicio lo sirve como producto;https://admin.shopify.com/store/trophy-partner/products?query=PS6945
NO_IMPORTABLE;p-6264-slant-front-crystal-with-lasered-black-disc-logo-medallion;Slant-Front Crystal with Lasered Black Disc Logo Medallion;GI582YL;ningún servicio lo sirve como producto;https://admin.shopify.com/store/trophy-partner/products?query=PS6946
NO_IMPORTABLE;p-6265-slant-front-crystal-award-with-star-medallion;Slant-Front Crystal Award with Star Medallion;GI582MS;ningún servicio lo sirve como producto;https://admin.shopify.com/store/trophy-partner/products?query=PS6947
NO_IMPORTABLE;p-6281-spotlight-lucite-aluminum-lucite-base;Spotlight Lucite & Aluminum Lucite Base;C4952 C4953;ningún servicio lo sirve como producto;https://admin.shopify.com/store/trophy-partner/products?query=PS6963
NO_IMPORTABLE;p-6284-star-gold-trophy-on-rosewood-piano;Star Gold Trophy On Rosewood Piano;C0632;ningún servicio lo sirve como producto;https://admin.shopify.com/store/trophy-partner/products?query=PS6966
NO_IMPORTABLE;p-6285-star-stream-silver-lucite-on-base;Star Stream Silver Lucite On Base;CD859A CD859B CD859C;ningún servicio lo sirve como producto;https://admin.shopify.com/store/trophy-partner/products?query=PS6967
NO_IMPORTABLE;p-6287-stars-silver-trophy-on-rosewood-piano;Stars Silver Trophy On Rosewood Piano;C0633;ningún servicio lo sirve como producto;https://admin.shopify.com/store/trophy-partner/products?query=PS6969
NO_IMPORTABLE;p-6311-thick-beveled-paperweight-award;Thick Beveled Paperweight Award;CD226A DCCD226B CD226B;CD226: sin partes en Product Data (con stock, con precio);https://admin.shopify.com/store/trophy-partner/products?query=PS6993
NO_IMPORTABLE;p-6334-walnut-plaque-with-gold-swirl-plate;Walnut Plaque with Gold Swirl Plate;CD662A CD662B;ningún servicio lo sirve como producto;https://admin.shopify.com/store/trophy-partner/products?query=PS7016
NO_IMPORTABLE;p-6339-white-fluted-vase;White Fluted Vase;GI636W;ningún servicio lo sirve como producto;https://admin.shopify.com/store/trophy-partner/products?query=PS7021
NO_IMPORTABLE;p-6342-white-wood-beveled-edge-block;White Wood Beveled Edge Block;DCCD944A DCCD944B DCCD944C;DCCD944: sin partes en Product Data (sin stock, con precio);https://admin.shopify.com/store/trophy-partner/products?query=PS7024
NO_IMPORTABLE;p-6347-state-shaped-frosted-acrylic-cutout-on-black-plaque;State Shaped Frosted Acrylic Cutout on Black Plaque;CD953;ningún servicio lo sirve como producto;https://admin.shopify.com/store/trophy-partner/products?query=PS8000
NO_IMPORTABLE;p-7116-frosted-lucite-usa-cutout-on-risers-award;Frosted Lucite USA Cutout on Risers Award;CD900USA;sin precio o sin ficha;https://admin.shopify.com/store/trophy-partner/products?query=PS8004
NO_IMPORTABLE;p-7794-1-year-anniversary-service-award-freestanding;1 Year Anniversary Service Award Freestanding;CD929AY1G CD929AY1S;ningún servicio lo sirve como producto;https://admin.shopify.com/store/trophy-partner/products?query=PS8013
NO_IMPORTABLE;p-7795-10-year-anniversary-freestanding-service-award;10 Year Anniversary Freestanding Service Award;CD929BY10G CD929BY10S;ningún servicio lo sirve como producto;https://admin.shopify.com/store/trophy-partner/products?query=PS8014
NO_IMPORTABLE;p-7796-10-year-anniversary-freestanding-trophy;10-Year Anniversary Freestanding Trophy;CD1235BY10 CD1236BY10B CD1236BY10G CD1236BY10R;ningún servicio lo sirve como producto;https://admin.shopify.com/store/trophy-partner/products?query=PS8015
NO_IMPORTABLE;p-7800-15-year-anniversary-freestanding-award;15 Year Anniversary Freestanding Award;CD929BY15G CD929BY15S;ningún servicio lo sirve como producto;https://admin.shopify.com/store/trophy-partner/products?query=PS8027
NO_IMPORTABLE;p-7801-15-year-anniversary-freestanding-trophy;15-Year Anniversary Freestanding Trophy;CD1235BY15 CD1236BY15B CD1236BY15G CD1236BY15R;ningún servicio lo sirve como producto;https://admin.shopify.com/store/trophy-partner/products?query=PS8028
NO_IMPORTABLE;p-7803-1-year-anniversary-freestanding-trophy;1-Year Anniversary Freestanding Trophy;CD1235AY1 CD1236AY1B CD1236AY1G CD1236AY1R;ningún servicio lo sirve como producto;https://admin.shopify.com/store/trophy-partner/products?query=PS8030
NO_IMPORTABLE;p-7804-2-year-anniversary-freestanding;2 Year Anniversary Freestanding;CD929AY2G CD929AY2S;ningún servicio lo sirve como producto;https://admin.shopify.com/store/trophy-partner/products?query=PS8031
NO_IMPORTABLE;p-7806-20-year-anniversary-freestanding-award;20 Year Anniversary Freestanding Award;CD929BY20G CD929BY20S;ningún servicio lo sirve como producto;https://admin.shopify.com/store/trophy-partner/products?query=PS8033
NO_IMPORTABLE;p-7807-20-year-anniversary-freestanding-award-trophy;20-Year Anniversary Freestanding Award Trophy;CD1235BY20 CD1236BY20B CD1236BY20G CD1236BY20R;ningún servicio lo sirve como producto;https://admin.shopify.com/store/trophy-partner/products?query=PS8034
NO_IMPORTABLE;p-7808-25-year-anniversary-freestanding-award;25 Year Anniversary Freestanding Award;CD929BY25G CD929BY25S;ningún servicio lo sirve como producto;https://admin.shopify.com/store/trophy-partner/products?query=PS8035
NO_IMPORTABLE;p-7809-25-year-anniversary-freestanding-trophy;25-Year Anniversary Freestanding Trophy;CD1235BY25 CD1236BY25B CD1236BY25G CD1236BY25R;ningún servicio lo sirve como producto;https://admin.shopify.com/store/trophy-partner/products?query=PS8036
NO_IMPORTABLE;p-7810-2-year-anniversary-freestanding-trophy;2-Year Anniversary Freestanding Trophy;CD1235AY2 CD1236AY2B CD1236AY2G CD1236AY2R;ningún servicio lo sirve como producto;https://admin.shopify.com/store/trophy-partner/products?query=PS8041
NO_IMPORTABLE;p-7811-3-year-anniversary-freestanding-award;3 Year Anniversary Freestanding Award;CD929AY3G CD929AY3S;ningún servicio lo sirve como producto;https://admin.shopify.com/store/trophy-partner/products?query=PS8044
NO_IMPORTABLE;p-7814-30-year-anniversary-freestanding-award;30 Year Anniversary Freestanding Award;CD929BY30G CD929BY30S;ningún servicio lo sirve como producto;https://admin.shopify.com/store/trophy-partner/products?query=PS8051
NO_IMPORTABLE;p-7815-30-year-anniversary-freestanding-trophy;30-Year Anniversary Freestanding Trophy;CD1235BY30 CD1236BY30B CD1236BY30G CD1236BY30R;ningún servicio lo sirve como producto;https://admin.shopify.com/store/trophy-partner/products?query=PS8052
NO_IMPORTABLE;p-7816-35-year-anniversary-freestanding-award;35 Year Anniversary Freestanding Award;CD929BY35G CD929BY35S;ningún servicio lo sirve como producto;https://admin.shopify.com/store/trophy-partner/products?query=PS8053
NO_IMPORTABLE;p-7817-35-year-anniversary-freestanding-trophy;35-Year Anniversary Freestanding Trophy;CD1235BY35 CD1236BY35B CD1236BY35G CD1236BY35R;ningún servicio lo sirve como producto;https://admin.shopify.com/store/trophy-partner/products?query=PS8054
NO_IMPORTABLE;p-7818-3-year-anniversary-freestanding-trophy;3-Year Anniversary Freestanding Trophy;CD1235AY3 CD1236AY3B CD1236AY3G CD1236AY3R;ningún servicio lo sirve como producto;https://admin.shopify.com/store/trophy-partner/products?query=PS8057
NO_IMPORTABLE;p-7819-4-year-anniversary-freestanding;4 Year Anniversary Freestanding;CD929AY4G CD929AY4S;ningún servicio lo sirve como producto;https://admin.shopify.com/store/trophy-partner/products?query=PS8058
NO_IMPORTABLE;p-7820-40-year-anniversary-freestanding-award;40 Year Anniversary Freestanding Award;CD929BY40G CD929BY40S;ningún servicio lo sirve como producto;https://admin.shopify.com/store/trophy-partner/products?query=PS8059
NO_IMPORTABLE;p-7821-40-year-anniversary-freestanding-trophy;40-Year Anniversary Freestanding Trophy;CD1235BY40 CD1236BY40B CD1236BY40G CD1236BY40R;ningún servicio lo sirve como producto;https://admin.shopify.com/store/trophy-partner/products?query=PS8060
NO_IMPORTABLE;p-7822-45-year-anniversary-freestanding-award;45 Year Anniversary Freestanding Award;CD929BY45G CD929BY45S;ningún servicio lo sirve como producto;https://admin.shopify.com/store/trophy-partner/products?query=PS8061
NO_IMPORTABLE;p-7823-45-year-anniversary-freestanding-trophy;45-Year Anniversary Freestanding Trophy;CD1235BY45 CD1236BY45B CD1236BY45G CD1236BY45R;ningún servicio lo sirve como producto;https://admin.shopify.com/store/trophy-partner/products?query=PS8062
NO_IMPORTABLE;p-7824-4-year-anniversary-freestanding-trophy;4-Year Anniversary Freestanding Trophy;CD1235AY4 CD1236AY4B CD1236AY4G CD1236AY4R;ningún servicio lo sirve como producto;https://admin.shopify.com/store/trophy-partner/products?query=PS8063
NO_IMPORTABLE;p-7825-5-year-anniversary-freestanding-award;5 Year Anniversary Freestanding Award;CD929AY5G CD929AY5S;ningún servicio lo sirve como producto;https://admin.shopify.com/store/trophy-partner/products?query=PS8064
NO_IMPORTABLE;p-7826-50-year-anniversary-freestanding-award;50 Year Anniversary Freestanding Award;CD929BY50G CD929BY50S;ningún servicio lo sirve como producto;https://admin.shopify.com/store/trophy-partner/products?query=PS8065
NO_IMPORTABLE;p-7827-50-year-anniversary-freestanding-trophy;50-Year Anniversary Freestanding Trophy;CD1235BY50 CD1236BY50B CD1236BY50G CD1236BY50R;ningún servicio lo sirve como producto;https://admin.shopify.com/store/trophy-partner/products?query=PS8066
NO_IMPORTABLE;p-7828-5-year-anniversary-freestanding-award;5-Year Anniversary Freestanding Award;CD1235AY5 CD1236AY5B CD1236AY5G CD1236AY5R;ningún servicio lo sirve como producto;https://admin.shopify.com/store/trophy-partner/products?query=PS8067
NO_IMPORTABLE;p-7829-a-frame-acrylic-phone-holder-calendar;A Frame Acrylic Phone Holder Calendar;PH15;ningún servicio lo sirve como producto;https://admin.shopify.com/store/trophy-partner/products?query=PS8075
NO_IMPORTABLE;p-7832-acrylic-chandelier-magnetic-stackable-bar;Acrylic Chandelier Magnetic Stackable Bar;CD1210;ningún servicio lo sirve como producto;https://admin.shopify.com/store/trophy-partner/products?query=PS8078
NO_IMPORTABLE;p-7833-a-frame-phone-holder;A-Frame Phone Holder;PH01 PH03A PH03B;ningún servicio lo sirve como producto;https://admin.shopify.com/store/trophy-partner/products?query=PS8084
NO_IMPORTABLE;p-7834-alder-and-acrylic-sculpted-shape-award;Alder and Acrylic Sculpted Shape Award;CD1232 CD1234 CD1233 CD1231;sin precio o sin ficha;https://admin.shopify.com/store/trophy-partner/products?query=PS8085
NO_IMPORTABLE;p-7846-aqua-ceramic-mug;Aqua Ceramic Mug;CM708-755;ningún servicio lo sirve como producto;https://admin.shopify.com/store/trophy-partner/products?query=PS8121
NO_IMPORTABLE;p-7847-arch-acrylic-chandelier-award-topper;Arch Acrylic Chandelier Award Topper;CD1212;ningún servicio lo sirve como producto;https://admin.shopify.com/store/trophy-partner/products?query=PS8129
NO_IMPORTABLE;p-7858-bamboo-plaque-and-frost-acrylic;Bamboo Plaque and Frost Acrylic;CD1092A CD1091A CD1090A CD1092B CD1091B;ningún servicio lo sirve como producto;https://admin.shopify.com/store/trophy-partner/products?query=PS8161
NO_IMPORTABLE;p-7860-beech-wood-business-card-holder;Beech Wood Business Card Holder;CM749B;ningún servicio lo sirve como producto;https://admin.shopify.com/store/trophy-partner/products?query=PS8166
NO_IMPORTABLE;p-7862-beveled-aquus-shield-plaque;Beveled Aquus Shield Plaque;CDUS05A CDUS05B;ningún servicio lo sirve como producto;https://admin.shopify.com/store/trophy-partner/products?query=PS8169
NO_IMPORTABLE;p-7863-beveled-clipped-corner-paperweight;Beveled Clipped Corner Paperweight;GM753A GM753B GM753C;GM753: sin partes en Product Data (con stock, con precio);https://admin.shopify.com/store/trophy-partner/products?query=PS8173
NO_IMPORTABLE;p-7872-black-and-clear-acrylic-beveled-perpetual-plaque;Black and Clear Acrylic Beveled Perpetual Plaque;CD1222;sin precio o sin ficha;https://admin.shopify.com/store/trophy-partner/products?query=PS8197
NO_IMPORTABLE;p-7875-black-ceramic-mug-small;Black Ceramic Mug Small;CM705-05;ningún servicio lo sirve como producto;https://admin.shopify.com/store/trophy-partner/products?query=PS8203
NO_IMPORTABLE;p-7876-black-ceramic-mug-large;Black Ceramic Mug Large;CM704-05 CM707-05 CM708-05 CM706-05;ningún servicio lo sirve como producto;https://admin.shopify.com/store/trophy-partner/products?query=PS8204
NO_IMPORTABLE;p-7879-black-glass-pinnacle-award;Black Glass Pinnacle Award;G0999A G0999B G0999C;ningún servicio lo sirve como producto;https://admin.shopify.com/store/trophy-partner/products?query=PS8214
NO_IMPORTABLE;p-7880-black-glass-arrowhead;Black Glass Arrowhead;G0987A G0987B G0987C;ningún servicio lo sirve como producto;https://admin.shopify.com/store/trophy-partner/products?query=PS8215
NO_IMPORTABLE;p-7884-blown-art-glass-egg-with-black-lasered-plate;Blown Art Glass Egg with Black Lasered Plate;GM683;ningún servicio lo sirve como producto;https://admin.shopify.com/store/trophy-partner/products?query=PS8226
NO_IMPORTABLE;p-7885-blown-glass-bud-vase;Blown Glass Bud Vase;GNS123;ningún servicio lo sirve como producto;https://admin.shopify.com/store/trophy-partner/products?query=PS8227
NO_IMPORTABLE;p-7890-blue-ceramic-mug;Blue Ceramic Mug;CM704-632 CM707-287 CM708-04 CM706-04;ningún servicio lo sirve como producto;https://admin.shopify.com/store/trophy-partner/products?query=PS8243
NO_IMPORTABLE;p-7891-blue-curved-wedge-crystal-award;Blue Curved Wedge Crystal Award;GM834;sin precio o sin ficha;https://admin.shopify.com/store/trophy-partner/products?query=PS8253
NO_IMPORTABLE;p-7902-breakthrough-acrylic-star-award;Breakthrough Acrylic Star Award;CD1214;sin precio o sin ficha;https://admin.shopify.com/store/trophy-partner/products?query=PS8317
NO_IMPORTABLE;p-7905-brown-ceramic-mug;Brown Ceramic Mug;CM705-43;ningún servicio lo sirve como producto;https://admin.shopify.com/store/trophy-partner/products?query=PS8327
NO_IMPORTABLE;p-7907-burgundy-ceramic-mug;Burgundy Ceramic Mug;CM704-43 CM707-209;ningún servicio lo sirve como producto;https://admin.shopify.com/store/trophy-partner/products?query=PS8329
NO_IMPORTABLE;p-7918-clear-acrylic-with-aluminum-alpine-award;Clear Acrylic with Aluminum Alpine Award;CD1104;ningún servicio lo sirve como producto;https://admin.shopify.com/store/trophy-partner/products?query=PS8368
NO_IMPORTABLE;p-7919-clear-and-black-acrylic-alpine-award;Clear and Black Acrylic Alpine Award;CD1105A CD1105B;ningún servicio lo sirve como producto;https://admin.shopify.com/store/trophy-partner/products?query=PS8369
NO_IMPORTABLE;p-7920-clear-angular-vase;Clear Angular Vase;G0989A G0989B;ningún servicio lo sirve como producto;https://admin.shopify.com/store/trophy-partner/products?query=PS8372
NO_IMPORTABLE;p-7921-clear-cascade-carved-acrylic-award;Clear Cascade Carved Acrylic Award;CD1216;sin precio o sin ficha;https://admin.shopify.com/store/trophy-partner/products?query=PS8377
NO_IMPORTABLE;p-7923-clear-crystal-angular-award-with-amber-center;Clear Crystal Angular Award with Amber Center;GI664A GI664B GI664C;GI664: sin partes en Product Data (sin stock, con precio);https://admin.shopify.com/store/trophy-partner/products?query=PS8382
NO_IMPORTABLE;p-7925-clear-crystal-diamond-face-award-with-red-bottom;Clear Crystal Diamond Face Award with Red Bottom;GM749ARE GM749BRE GM749ABL GM749BBL;GM749: sin partes en Product Data (sin stock, con precio);https://admin.shopify.com/store/trophy-partner/products?query=PS8387
NO_IMPORTABLE;p-7933-clear-glass-certificate-display;Clear Glass Certificate Display;CM809;ningún servicio lo sirve como producto;https://admin.shopify.com/store/trophy-partner/products?query=PS8402
NO_IMPORTABLE;p-7939-clear-vase;Clear Vase;G0988A G0988B;G0988: sin partes en Product Data (sin stock, con precio);https://admin.shopify.com/store/trophy-partner/products?query=PS8422
NO_IMPORTABLE;p-7940-clipped-corner-clear-crystal-paperweight;Clipped Corner Clear Crystal Paperweight;GM825A GM825B GM825C;ningún servicio lo sirve como producto;https://admin.shopify.com/store/trophy-partner/products?query=PS8425
NO_IMPORTABLE;p-7941-clipped-corner-laser-edge-award;Clipped Corner Laser Edge Award;CD912AC CD912BC;ningún servicio lo sirve como producto;https://admin.shopify.com/store/trophy-partner/products?query=PS8426
NO_IMPORTABLE;p-7942-coral-ceramic-mug;Coral Ceramic Mug;CM704-3192 CM706-3192;ningún servicio lo sirve como producto;https://admin.shopify.com/store/trophy-partner/products?query=PS8430
NO_IMPORTABLE;p-7955-crystal-golf-ball-and-green-accented-pin-award;Crystal Golf Ball and Green Accented Pin Award;GM671A GM671B GM671C;GM671: sin partes en Product Data (sin stock, con precio);https://admin.shopify.com/store/trophy-partner/products?query=PS8471
NO_IMPORTABLE;p-7957-crystal-pyramid;Crystal Pyramid;GM827A GM827B;GM827: sin partes en Product Data (sin stock, con precio);https://admin.shopify.com/store/trophy-partner/products?query=PS8475
NO_IMPORTABLE;p-7960-crystal-tablet-with-linear-accent;Crystal Tablet with Linear Accent;GM754A GM754B;GM754: sin partes en Product Data (sin stock, con precio);https://admin.shopify.com/store/trophy-partner/products?query=PS8485
NO_IMPORTABLE;p-7970-dark-blue-ceramic-mug;Dark Blue Ceramic Mug;CM704-04;ningún servicio lo sirve como producto;https://admin.shopify.com/store/trophy-partner/products?query=PS8520
NO_IMPORTABLE;p-7971-dark-green-ceramic-mug;Dark Green Ceramic Mug;CM704-11;ningún servicio lo sirve como producto;https://admin.shopify.com/store/trophy-partner/products?query=PS8523
NO_IMPORTABLE;p-7975-diamond-laser-edge-award;Diamond Laser Edge Award;CD912AD CD912BD;ningún servicio lo sirve como producto;https://admin.shopify.com/store/trophy-partner/products?query=PS8542
NO_IMPORTABLE;p-7983-ebony-piano-finish-plaque-with-raised-glass;Ebony Piano Finish Plaque with Raised Glass;G0985A G0985B;G0985: sin partes en Product Data (sin stock, con precio);https://admin.shopify.com/store/trophy-partner/products?query=PS8577
NO_IMPORTABLE;p-7988-faceted-clear-crystal-with-black-crystal-award;Faceted Clear Crystal with Black Crystal Award;GI671A GI671B GI671C;GI671: sin partes en Product Data (sin stock, con precio);https://admin.shopify.com/store/trophy-partner/products?query=PS8594
NO_IMPORTABLE;p-7991-faceted-edge-crystal-paperweight;Faceted Edge Crystal Paperweight;GM826A GM826B;GM826: sin partes en Product Data (con stock, con precio);https://admin.shopify.com/store/trophy-partner/products?query=PS8598
NO_IMPORTABLE;p-7992-floating-lucite-crescent-in-bronze-resin-award;Floating Lucite Crescent in Bronze Resin Award;CD751;ningún servicio lo sirve como producto;https://admin.shopify.com/store/trophy-partner/products?query=PS8600
NO_IMPORTABLE;p-7993-florentine-edge-plate-on-walnut-finish-board;Florentine Edge Plate on Walnut Finish Board;C071AASWF;ningún servicio lo sirve como producto;https://admin.shopify.com/store/trophy-partner/products?query=PS8613
NO_IMPORTABLE;p-8047-gatsby-plaque;Gatsby Plaque;CD1098A CD1098B;ningún servicio lo sirve como producto;https://admin.shopify.com/store/trophy-partner/products?query=PS8744
NO_IMPORTABLE;p-8054-goldsilver-plastic-cup-on-marble-base;Gold/Silver Plastic Cup on Marble Base;CM725A CM725B CM725C;CM725: sin partes en Product Data (sin stock, con precio);https://admin.shopify.com/store/trophy-partner/products?query=PS8797
NO_IMPORTABLE;p-8056-golf-ball-on-green-tablet-award;Golf Ball on Green Tablet Award;CD1051A;CD1051: sin partes en Product Data (sin stock, con precio);https://admin.shopify.com/store/trophy-partner/products?query=PS8799
NO_IMPORTABLE;p-8062-green-cascade-carved-acrylic-award;Green Cascade Carved Acrylic Award;CD1217GN;ningún servicio lo sirve como producto;https://admin.shopify.com/store/trophy-partner/products?query=PS8808
NO_IMPORTABLE;p-8063-green-ceramic-mug-small;Green Ceramic Mug Small;CM705-11;ningún servicio lo sirve como producto;https://admin.shopify.com/store/trophy-partner/products?query=PS8809
NO_IMPORTABLE;p-8064-el-grande-green-ceramic-mug;El Grande Green Ceramic Mug;CM704-1840 CM707-3415 CM708-11;ningún servicio lo sirve como producto;https://admin.shopify.com/store/trophy-partner/products?query=PS8810
NO_IMPORTABLE;p-8068-harvest-carved-acrylic-award;Harvest Carved Acrylic Award;CD1215A CD1215B CD1215C;CD1215: sin partes en Product Data (con stock, sin precio);https://admin.shopify.com/store/trophy-partner/products?query=PS8833
NO_IMPORTABLE;p-8070-interlocking-bent-award;Interlocking Bent Award;CD907B CD907A;CD907: sin partes en Product Data (sin stock, con precio);https://admin.shopify.com/store/trophy-partner/products?query=PS8841
NO_IMPORTABLE;p-8073-jade-glass-rectangle-on-base;Jade Glass Rectangle on Base;G0661A G0661B;G0661: sin partes en Product Data (con stock, con precio);https://admin.shopify.com/store/trophy-partner/products?query=PS8860
NO_IMPORTABLE;p-8076-lavender-ceramic-mug;Lavender Ceramic Mug;CM704-5405;ningún servicio lo sirve como producto;https://admin.shopify.com/store/trophy-partner/products?query=PS8894
NO_IMPORTABLE;p-8092-leatherette-pen;Leatherette Pen;CM356BB CM356BV;CM356BL/CM356BS/CM356DB/CM356GR/CM356LB/CM356PK/CM356RS/CM356RW/CM356TL: sin partes en Product Data (sin stock, sin precio);https://admin.shopify.com/store/trophy-partner/products?query=PS9054
NO_IMPORTABLE;p-8093-leatherette-phone-wallet-with-ring;Leatherette Phone Wallet With Ring;CM375BB;ningún servicio lo sirve como producto;https://admin.shopify.com/store/trophy-partner/products?query=PS9063
NO_IMPORTABLE;p-8107-light-blue-ceramic-mug;Light Blue Ceramic Mug;CM708-632;ningún servicio lo sirve como producto;https://admin.shopify.com/store/trophy-partner/products?query=PS9147
NO_IMPORTABLE;p-8109-magnetic-entrapment-award;Magnetic Entrapment Award;D1036B CD1036C;CD1036: sin partes en Product Data (sin stock, con precio);https://admin.shopify.com/store/trophy-partner/products?query=PS9160
NO_IMPORTABLE;p-8112-maroon-ceramic-mug;Maroon Ceramic Mug;CM708-43;ningún servicio lo sirve como producto;https://admin.shopify.com/store/trophy-partner/products?query=PS9166
NO_IMPORTABLE;p-8115-mustard-ceramic-mug;Mustard Ceramic Mug;CM704-640;ningún servicio lo sirve como producto;https://admin.shopify.com/store/trophy-partner/products?query=PS9187
NO_IMPORTABLE;p-8116-octagon-acrylic-excellence-award;Octagon Acrylic Excellence Award;CD911A CD911B CD911C;CD911: sin partes en Product Data (sin stock, con precio);https://admin.shopify.com/store/trophy-partner/products?query=PS9196
NO_IMPORTABLE;p-8119-optic-crystal-circle-with-silver-star;Optic Crystal Circle with Silver Star;GM626A GM626B;ningún servicio lo sirve como producto;https://admin.shopify.com/store/trophy-partner/products?query=PS9208
NO_IMPORTABLE;p-8126-orange-ceramic-mug;Orange Ceramic Mug;CM707-2956 CM708-2956;ningún servicio lo sirve como producto;https://admin.shopify.com/store/trophy-partner/products?query=PS9252
NO_IMPORTABLE;p-8134-pivoting-bars-award-stacker-bar;Pivoting Bars Award Stacker Bar;CD1220B CD1220C CD1220W;ningún servicio lo sirve como producto;https://admin.shopify.com/store/trophy-partner/products?query=PS9276
NO_IMPORTABLE;p-8135-pivoting-bars-award-with-magnetic-base;Pivoting Bars Award with Magnetic Base;CD1221B CD1221C CD1221W;ningún servicio lo sirve como producto;https://admin.shopify.com/store/trophy-partner/products?query=PS9277
NO_IMPORTABLE;p-8136-plum-ceramic-mug;Plum Ceramic Mug;CM704-1041;ningún servicio lo sirve como producto;https://admin.shopify.com/store/trophy-partner/products?query=PS9279
NO_IMPORTABLE;p-8145-purple-ceramic-mug-small;Purple Ceramic Mug Small;CM705-04;ningún servicio lo sirve como producto;https://admin.shopify.com/store/trophy-partner/products?query=PS9306
NO_IMPORTABLE;p-8146-purple-ceramic-mug-large;Purple Ceramic Mug Large;CM704-2899 CM707-84 CM708-25;ningún servicio lo sirve como producto;https://admin.shopify.com/store/trophy-partner/products?query=PS9307
NO_IMPORTABLE;p-8148-puzzle-crescent-on-base;Puzzle Crescent on Base;GI675;ningún servicio lo sirve como producto;https://admin.shopify.com/store/trophy-partner/products?query=PS9310
NO_IMPORTABLE;p-8150-rectangle-laser-edge-award;Rectangle Laser Edge Award;CD912AR CD912BR;CD912: sin partes en Product Data (sin stock, con precio);https://admin.shopify.com/store/trophy-partner/products?query=PS9321
NO_IMPORTABLE;p-8155-red-ceramic-mug;Red Ceramic Mug;CM704-2904 CM707-199 CM708-3192 CM706-664;ningún servicio lo sirve como producto;https://admin.shopify.com/store/trophy-partner/products?query=PS9331
NO_IMPORTABLE;p-8161-rising-star-award;Rising Star Award;CD1218A CD1218B CD1218C;CD1218: sin partes en Product Data (con stock, sin precio);https://admin.shopify.com/store/trophy-partner/products?query=PS9351
NO_IMPORTABLE;p-8164-rosewood-piano-finish-board-with-raised-glass;Rosewood Piano Finish Board with Raised Glass;G0986A G0986B;G0986: sin partes en Product Data (sin stock, con precio);https://admin.shopify.com/store/trophy-partner/products?query=PS9364
NO_IMPORTABLE;p-8165-round-acrylic-coaster;Round Acrylic Coaster;CD1107A;ningún servicio lo sirve como producto;https://admin.shopify.com/store/trophy-partner/products?query=PS9374
NO_IMPORTABLE;p-8166-round-alder-coaster;Round Alder Coaster;CD1106A;ningún servicio lo sirve como producto;https://admin.shopify.com/store/trophy-partner/products?query=PS9375
NO_IMPORTABLE;p-8167-russet-ceramic-mug;Russet Ceramic Mug;CM704-464;ningún servicio lo sirve como producto;https://admin.shopify.com/store/trophy-partner/products?query=PS9382
NO_IMPORTABLE;p-8176-silver-plated-cup-on-base;Silver Plated Cup on Base;CM812;ningún servicio lo sirve como producto;https://admin.shopify.com/store/trophy-partner/products?query=PS9407
NO_IMPORTABLE;p-8178-silver-star-on-crystal-base-with-silver-plate;Silver Star on Crystal Base with Silver Plate;GM625A GM625B;GM625: sin partes en Product Data (sin stock, con precio);https://admin.shopify.com/store/trophy-partner/products?query=PS9412
NO_IMPORTABLE;p-8181-slant-top-crystal-cylinder-award;Slant Top Crystal Cylinder Award;GM758A GM758B GM75CA;GM758: sin partes en Product Data (sin stock, con precio);https://admin.shopify.com/store/trophy-partner/products?query=PS9434
NO_IMPORTABLE;p-8182-slant-top-vase;Slant Top Vase;G0500A G0500B G0500C;G0500: sin partes en Product Data (sin stock, con precio);https://admin.shopify.com/store/trophy-partner/products?query=PS9435
NO_IMPORTABLE;p-8187-square-acrylic-coaster;Square Acrylic Coaster;CD1107B;ningún servicio lo sirve como producto;https://admin.shopify.com/store/trophy-partner/products?query=PS9468
NO_IMPORTABLE;p-8188-square-alder-coaster;Square Alder Coaster;CD1106B;ningún servicio lo sirve como producto;https://admin.shopify.com/store/trophy-partner/products?query=PS9469
NO_IMPORTABLE;p-8205-teal-ceramic-mug;Teal Ceramic Mug;CM704-755 CM708-579 CM706-755;ningún servicio lo sirve como producto;https://admin.shopify.com/store/trophy-partner/products?query=PS9515
NO_IMPORTABLE;p-8216-vivid-spiral-acrylic-on-marble;Vivid Spiral Acrylic on Marble;CD1007BRD;ningún servicio lo sirve como producto;https://admin.shopify.com/store/trophy-partner/products?query=PS9541
NO_IMPORTABLE;p-8217-walnut-business-card-holder;Walnut Business Card Holder;CM749W;ningún servicio lo sirve como producto;https://admin.shopify.com/store/trophy-partner/products?query=PS9542
NO_IMPORTABLE;p-8224-waterfall-crystal-on-base;Waterfall Crystal on Base;GM752A GM752B GM752C;ningún servicio lo sirve como producto;https://admin.shopify.com/store/trophy-partner/products?query=PS9586
NO_IMPORTABLE;p-8225-white-ceramic-mug;White Ceramic Mug;CM707-02;ningún servicio lo sirve como producto;https://admin.shopify.com/store/trophy-partner/products?query=PS9588
NO_IMPORTABLE;p-8227-yellow-ceramic-mug;Yellow Ceramic Mug;CM708-640;ningún servicio lo sirve como producto;https://admin.shopify.com/store/trophy-partner/products?query=PS9605
NO_IMPORTABLE;p-8658-16-oz-pilsner-glass;16 oz. Pilsner Glass;G0993;ningún servicio lo sirve como producto;https://admin.shopify.com/store/trophy-partner/products?query=PS9621
NO_IMPORTABLE;p-8664-abstract-acrylic-award-with-wood-accent;Abstract Acrylic Award with Wood Accent;CD1254BL CD1254GR CD1254RD;ningún servicio lo sirve como producto;https://admin.shopify.com/store/trophy-partner/products?query=PS9627
NO_IMPORTABLE;p-8665-acrylic-chevron-tower-award;Acrylic Chevron Tower Award;CD1264ABL CD1264AGR CD1264ARD CD1264BBL CD1264BGR CD1264BRD CD1264CBL CD1264CGR CD1264CRD;CD1264: sin partes en Product Data (sin stock, con precio);https://admin.shopify.com/store/trophy-partner/products?query=PS9628
NO_IMPORTABLE;p-8666-acrylic-trinity-tower;Acrylic Trinity Tower;CD1248ABL CD1248AGR CD1248ARD CD1248BBL CD1248BGR CD1248BRD CD1248CBL CD1248CGR CD1248CRD;CD1248: sin partes en Product Data (sin stock, con precio);https://admin.shopify.com/store/trophy-partner/products?query=PS9629
NO_IMPORTABLE;p-8667-black-crystal-triangular-votive-holder;Black Crystal Triangular Votive Holder;G1001BK;ningún servicio lo sirve como producto;https://admin.shopify.com/store/trophy-partner/products?query=PS9630
NO_IMPORTABLE;p-8668-blue-crystal-triangular-votive-holder;Blue Crystal Triangular Votive Holder;G1001BL;ningún servicio lo sirve como producto;https://admin.shopify.com/store/trophy-partner/products?query=PS9631
NO_IMPORTABLE;p-8669-brushed-metal-design-metallic-imprint-ring-award;Brushed Metal Design Metallic Imprint Ring Award;CD1250BLG CD1250BLS CD1250GRG CD1250GRS CD1250RDG CD1250RDS;ningún servicio lo sirve como producto;https://admin.shopify.com/store/trophy-partner/products?query=PS9632
NO_IMPORTABLE;p-8673-faceted-optic-crystal-tower-with-slanted-wood-block-base;Faceted Optic Crystal Tower with Slanted Wood Block Base;GM846A GM846B;GM846: sin partes en Product Data (sin stock, con precio);https://admin.shopify.com/store/trophy-partner/products?query=PS9636
NO_IMPORTABLE;p-8674-large-crystal-triangular-votive-holder;Large Crystal Triangular Votive Holder;G1000;ningún servicio lo sirve como producto;https://admin.shopify.com/store/trophy-partner/products?query=PS9638
NO_IMPORTABLE;p-8676-nouveau-acrylic-award-with-mirror-accent;Nouveau Acrylic Award with Mirror Accent;CD1256ABL CD1256AGR CD1256ARD CD1256CBL CD1256CGR CD1256CRD;CD1256: sin partes en Product Data (sin stock, con precio);https://admin.shopify.com/store/trophy-partner/products?query=PS9640
NO_IMPORTABLE;p-8678-optic-crystal-block-with-stock-color-background;Optic Crystal Block with Stock Color Background;GI842ABL GI842AGR GI842ARD GI842BBL GI842BGR GI842BRD GI842CBL GI842CGR GI842CRD;GI842: sin partes en Product Data (sin stock, con precio);https://admin.shopify.com/store/trophy-partner/products?query=PS9642
NO_IMPORTABLE;p-8679-optic-crystal-diamond-on-base;Optic Crystal Diamond on Base;GI847;ningún servicio lo sirve como producto;https://admin.shopify.com/store/trophy-partner/products?query=PS9643
NO_IMPORTABLE;p-8680-optic-crystal-diamond-tower-award;Optic Crystal Diamond Tower Award;GI839A GI839B GI839C;GI839: sin partes en Product Data (sin stock, con precio);https://admin.shopify.com/store/trophy-partner/products?query=PS9644
NO_IMPORTABLE;p-8681-optic-crystal-rectangle-award-with-full-color;Optic Crystal Rectangle Award with Full Color;GI840AFL GI840ALR GI840ASP GI840BFL GI840BLR GI840BSP GI840CFL GI840CLR GI840CSP;GI840: sin partes en Product Data (sin stock, con precio);https://admin.shopify.com/store/trophy-partner/products?query=PS9645
NO_IMPORTABLE;p-8682-optic-crystal-tower-with-wood-block-base;Optic Crystal Tower with Wood Block Base;GM845A GM845B;GM845: sin partes en Product Data (sin stock, con precio);https://admin.shopify.com/store/trophy-partner/products?query=PS9646
NO_IMPORTABLE;p-8683-optic-crystal-triad-tower;Optic Crystal Triad Tower;GI838A GI838B;GI838: sin partes en Product Data (sin stock, con precio);https://admin.shopify.com/store/trophy-partner/products?query=PS9647
NO_IMPORTABLE;p-8684-optic-crystal-wedge-with-colorful-wave-design;Optic Crystal Wedge with Colorful Wave Design;GI843ABL GI843AGR GI843ARD GI843BBL GI843BGR GI843BRD GI843CBL GI843CGR GI843CRD GI843DBL GI843DGR GI843DRD;GI843: sin partes en Product Data (sin stock, con precio);https://admin.shopify.com/store/trophy-partner/products?query=PS9648
NO_IMPORTABLE;p-8685-rounded-acrylic-highlighter-award;Rounded Acrylic Highlighter Award;CD1252ABG CD1252AOR CD1252APB CD1252BBG CD1252BOR CD1252BPB CD1252CBG CD1252COR CD1252CPB;CD1252: sin partes en Product Data (sin stock, con precio);https://admin.shopify.com/store/trophy-partner/products?query=PS9649
NO_IMPORTABLE;p-8688-sweeping-success-acrylic-award;Sweeping Success Acrylic Award;CD1249ABL CD1249AGR CD1249ARD CD1249BBL CD1249BGR CD1249BRD CD1249CBL CD1249CGR CD1249CRD;CD1249: sin partes en Product Data (sin stock, con precio);https://admin.shopify.com/store/trophy-partner/products?query=PS9652
NO_IMPORTABLE;p-8690-white-crystal-triangular-votive-holder;White Crystal Triangular Votive Holder;G1001WH;ningún servicio lo sirve como producto;https://admin.shopify.com/store/trophy-partner/products?query=PS9654
NO_IMPORTABLE;p-8704-arch-horizon-acrylic-award;Arch Horizon Acrylic Award;CD1200ABL CD1200AGY CD1200ARD CD1200BBL CD1200BGY CD1200BRD CD1200CBL CD1200CGY CD1200CRD;sólo bajo una familia con comodín;https://admin.shopify.com/store/trophy-partner/products?query=PS9918
NO_IMPORTABLE;p-8705-avondale-award-small;Avondale Award Small;CD1102B;ningún servicio lo sirve como producto;https://admin.shopify.com/store/trophy-partner/products?query=PS9941
NO_IMPORTABLE;p-8706-avondale-award-large;Avondale Award Large;CD1102A;ningún servicio lo sirve como producto;https://admin.shopify.com/store/trophy-partner/products?query=PS9942
NO_IMPORTABLE;p-8717-blue-leatherette-phone-easel;Blue Leatherette Phone Easel;CM296BL;ningún servicio lo sirve como producto;https://admin.shopify.com/store/trophy-partner/products?query=PS10094
NO_IMPORTABLE;p-8724-bottle-opener-wine-corkscrew;Bottle Opener & Wine Corkscrew;CM376BS CM376BV CM376CK CM376DB CM376GR CM376LB CM376PK CM376RS CM376RW CM376TL;ningún servicio lo sirve como producto;https://admin.shopify.com/store/trophy-partner/products?query=PS10124
NO_IMPORTABLE;p-8726-cascade-tower-award;Cascade Tower Award;CD1024BL CD1024CL;CD1024: sin partes en Product Data (sin stock, con precio);https://admin.shopify.com/store/trophy-partner/products?query=PS10153
NO_IMPORTABLE;p-8732-clear-acrylic-circle-on-clear-base-award;Clear Acrylic Circle on Clear Base Award;DCCD943A DCCD943B DCCD943C;ningún servicio lo sirve como producto;https://admin.shopify.com/store/trophy-partner/products?query=PS10174
NO_IMPORTABLE;p-8739-crossroads-plaque;Crossroads Plaque;CD1041ABK CD1041ABL CD1041ARD CD1041BBK CD1041BBL CD1041BRD;ningún servicio lo sirve como producto;https://admin.shopify.com/store/trophy-partner/products?query=PS10297
NO_IMPORTABLE;p-8741-crystal-tablet-with-digi-small;Crystal Tablet with Digi Small;GI584BYD;ningún servicio lo sirve como producto;https://admin.shopify.com/store/trophy-partner/products?query=PS10334
NO_IMPORTABLE;p-8742-crystal-tablet-with-digi-large;Crystal Tablet with Digi Large;GI584AYD;ningún servicio lo sirve como producto;https://admin.shopify.com/store/trophy-partner/products?query=PS10335
NO_IMPORTABLE;p-8751-diamond-carved-clear-desktop-tower;Diamond Carved Clear Desktop Tower;C403A;ningún servicio lo sirve como producto;https://admin.shopify.com/store/trophy-partner/products?query=PS10416
NO_IMPORTABLE;p-8752-diamond-carved-clear-tower;Diamond Carved Clear Tower;C403B;ningún servicio lo sirve como producto;https://admin.shopify.com/store/trophy-partner/products?query=PS10418
NO_IMPORTABLE;p-8753-florentia-acrylic-plaque;Florentia Acrylic Plaque;CD973ABL CD973ARD CD973BBL CD973BRD;CD973: sin partes en Product Data (sin stock, con precio);https://admin.shopify.com/store/trophy-partner/products?query=PS10526
NO_IMPORTABLE;p-8764-green-arched-brilliance-award;Green Arched Brilliance Award;CD635GR;ningún servicio lo sirve como producto;https://admin.shopify.com/store/trophy-partner/products?query=PS10753
NO_IMPORTABLE;p-8789-leatherette-dome-top-clock;Leatherette Dome Top Clock;CM298DB CM298LB CM298RW;ningún servicio lo sirve como producto;https://admin.shopify.com/store/trophy-partner/products?query=PS10868
NO_IMPORTABLE;p-8790-leatherette-double-pen-case-with-small;Leatherette Double Pen Case with Small;CM247DB CM247GR CM247LB CM247RW;ningún servicio lo sirve como producto;https://admin.shopify.com/store/trophy-partner/products?query=PS10869
NO_IMPORTABLE;p-8791-leatherette-double-pen-case-with-large;Leatherette Double Pen Case with Large;CM247BS;ningún servicio lo sirve como producto;https://admin.shopify.com/store/trophy-partner/products?query=PS10870
NO_IMPORTABLE;p-8803-leatherette-mug-sleeve-small;Leatherette Mug Sleeve Small;CM287BS;ningún servicio lo sirve como producto;https://admin.shopify.com/store/trophy-partner/products?query=PS10902
NO_IMPORTABLE;p-8809-leatherette-phone-wallet-with-ring;Leatherette Phone Wallet With Ring;CM375BS CM375DB CM375GR CM375LB CM375PK CM375RS CM375RW CM375TL;ningún servicio lo sirve como producto;https://admin.shopify.com/store/trophy-partner/products?query=PS10916
NO_IMPORTABLE;p-8810-leatherette-phone-wallet-small;Leatherette Phone Wallet Small;CM325BL;ningún servicio lo sirve como producto;https://admin.shopify.com/store/trophy-partner/products?query=PS10917
NO_IMPORTABLE;p-8811-leatherette-phone-wallet-large;Leatherette Phone Wallet Large;CM325BS CM325DB CM325GR CM325LB CM325PK CM325RS CM325RW;ningún servicio lo sirve como producto;https://admin.shopify.com/store/trophy-partner/products?query=PS10918
NO_IMPORTABLE;p-8844-pink-leatherette-phone-easel;Pink Leatherette Phone Easel;CM296PK;ningún servicio lo sirve como producto;https://admin.shopify.com/store/trophy-partner/products?query=PS11149
NO_IMPORTABLE;p-8860-rose-leatherette-phone-easel;Rose Leatherette Phone Easel;CM296RS;ningún servicio lo sirve como producto;https://admin.shopify.com/store/trophy-partner/products?query=PS11252
NO_IMPORTABLE;p-8861-rosewood-piano-finish-lucite-barrel-riser-plaque-small;Rosewood Piano Finish Lucite Barrel Riser Plaque Small;CM266BRW;ningún servicio lo sirve como producto;https://admin.shopify.com/store/trophy-partner/products?query=PS11265
NO_IMPORTABLE;p-8862-rosewood-piano-finish-lucite-barrel-riser-plaque-large;Rosewood Piano Finish Lucite Barrel Riser Plaque Large;CM266ARW;ningún servicio lo sirve como producto;https://admin.shopify.com/store/trophy-partner/products?query=PS11266
NO_IMPORTABLE;p-8879-star-gazer-acrylic-award-trophy;Star Gazer Acrylic Award Trophy;CD919AG CD919AS CD919BG CD919BS;ningún servicio lo sirve como producto;https://admin.shopify.com/store/trophy-partner/products?query=PS11378
NO_IMPORTABLE;p-8880-streaming-excellence-on-marble-award;Streaming Excellence on Marble Award;CD1006BL CD1006GR CD1006RD;ningún servicio lo sirve como producto;https://admin.shopify.com/store/trophy-partner/products?query=PS11394
NO_IMPORTABLE;p-8881-sweeping-cosmos-acrylic-with-mirror-accent;Sweeping Cosmos Acrylic with Mirror Accent;CD970RD;ningún servicio lo sirve como producto;https://admin.shopify.com/store/trophy-partner/products?query=PS11397
NO_IMPORTABLE;p-8883-tahoe-drinkware;Tahoe Drinkware;CM814BK CM814BL CM814CR CM814DB CM814GR CM814GY CM814LB CM814LP CM814MR CM814OR CM814PK CM814PU CM814RD CM814TL CM814WH CM814YW;CM814: sin partes en Product Data (con stock, con precio);https://admin.shopify.com/store/trophy-partner/products?query=PS11413
NO_IMPORTABLE;p-8889-taper-edge-award;Taper Edge Award;GM750ABK GM750ABL GM750BBK GM750BBL GM751ABK;GM750 GM751: sin partes en Product Data (sin stock, con precio);https://admin.shopify.com/store/trophy-partner/products?query=PS11419
NO_IMPORTABLE;p-8892-the-noir-glass-dome-on-black-glass-base;The Noir Glass Dome On Black Glass Base;GI306;ningún servicio lo sirve como producto;https://admin.shopify.com/store/trophy-partner/products?query=PS11429
NO_IMPORTABLE;p-8894-turquoise-and-stone-lucite-13-plate-photo-plaque;Turquoise and Stone Lucite 13 Plate Photo Plaque;EP20PKG;ningún servicio lo sirve como producto;https://admin.shopify.com/store/trophy-partner/products?query=PS11442
NO_IMPORTABLE;p-8897-vivid-spiral-acrylic-on-marble;Vivid Spiral Acrylic on Marble;CD1007ARD CD1007ABL CD1007BBL;ningún servicio lo sirve como producto;https://admin.shopify.com/store/trophy-partner/products?query=PS11490
NO_IMPORTABLE;p-8901-water-bottle-carabiner-small;Water Bottle Carabiner Small;CM822BL;ningún servicio lo sirve como producto;https://admin.shopify.com/store/trophy-partner/products?query=PS11522
NO_IMPORTABLE;p-8902-water-bottle-carabiner-large;Water Bottle Carabiner Large;CM822GR CM822OR CM822PU CM822RD;ningún servicio lo sirve como producto;https://admin.shopify.com/store/trophy-partner/products?query=PS11523
NO_IMPORTABLE;p-8903-water-drop-award;Water Drop Award;CD1017ARD CD1017BRD CD1017ABL CD1017BBL CD1017CRD CD1017CBL;ningún servicio lo sirve como producto;https://admin.shopify.com/store/trophy-partner/products?query=PS11524
SIN_IDENTIDAD_PS (migrado sin etiqueta ni ps_product_id);p-5859-full-color-certificate-printing;Full-Color Certificate Printing;;darle su id de PaceSetter;
SIN_IDENTIDAD_PS (migrado sin etiqueta ni ps_product_id);p-6252-silver-steel-funnell;Silver Steel Funnell;;darle su id de PaceSetter;
SIN_IDENTIDAD_PS (migrado sin etiqueta ni ps_product_id);p-7873-black-and-silver-cloisonn-oval-date-bar;Black and Silver Cloisonné Oval Date Bar;;darle su id de PaceSetter;
SIN_IDENTIDAD_PS (migrado sin etiqueta ni ps_product_id);p-8125-optional-certificate-mounting-service;Optional Certificate Mounting Service;;darle su id de PaceSetter;
SIN_IDENTIDAD_PS (migrado sin etiqueta ni ps_product_id);p-8841-optional-aluminum-achievement-bar-includes-free;"Optional Aluminum Achievement Bar 
(Includes FREE";;darle su id de PaceSetter;
